{
	"format_version": "1.8.0",
	"animations": {
		"animation.vileplume.sleep": {
			"loop": true,
			"bones": {
				"body": {
					"rotation": [-7.5, 0, 0],
					"position": [0, -1.25, 0]
				},
				"torso": {
					"rotation": [-7.5, 0, 0]
				},
				"mouth_closed": {
					"position": [0, 0, 0.1]
				},
				"mouth_open": {
					"position": [0, 0, -0.1]
				},
				"eyelid_right": {
					"position": [0, 0, -0.1]
				},
				"eyelid_left": {
					"position": [0, 0, -0.1]
				},
				"flower": {
					"rotation": [-10, 0, 0]
				},
				"arm_left": {
					"rotation": [0, -12.5, 35]
				},
				"arm_right": {
					"rotation": [0, 12.5, -35]
				},
				"leg_right": {
					"rotation": [-40, 0, 0]
				},
				"foot_right": {
					"rotation": [22.5, 0, 0]
				},
				"leg_left": {
					"rotation": [-40, 0, 0]
				},
				"foot_left": {
					"rotation": [22.5, 0, 0]
				}
			}
		},
		"animation.vileplume.faint": {
			"animation_length": 3,
			"bones": {
				"eyelid_left": {
					"position": {
						"0.0": [0, 0, -0.1],
						"0.125": [0, 0, -0.1],
						"0.1667": [0, 0, 0],
						"0.875": [0, 0, 0],
						"0.9167": [0, 0, -0.1]
					}
				},
				"flower": {
					"rotation": {
						"0.0": [10, 0, 0],
						"0.125": [-7.5, 0, 0],
						"0.5417": [-12.5, 0, 0],
						"0.9167": [-20, 0, 0],
						"1.0833": [-20, 0, 0],
						"1.3333": [0, 0, 0],
						"1.75": [-5.0429, -7.4713, 0.6574],
						"2.0": [-7, -4.95712, 0.65426],
						"2.3333": [2.5024, 2.49762, 0.10912],
						"2.7083": [0, -2.5, 0],
						"3.0": [0, 0, 0]
					},
					"position": {
						"0.0": [0, 0, 0],
						"1.0833": [0, 0, 0],
						"1.3333": [0, 0, 0],
						"1.7083": [0, -1.5, 0]
					}
				},
				"arm_left": {
					"rotation": {
						"0.0": [0, 55, 0],
						"0.25": [0, -27.5, 0],
						"0.5": [0, -35, 0],
						"1.3333": [0, 67.5, 0]
					}
				},
				"arm_right": {
					"rotation": {
						"0.0": [0, -45, 0],
						"0.25": [0, 27.5, 0],
						"0.5": [0, 35, 0],
						"1.3333": [0, -82.5, 0]
					}
				},
				"leg_left": {
					"rotation": {
						"0.0": [-7.5, 0, 0],
						"0.125": [12.5, 0, 0],
						"0.3333": [17.35932, 2.24944, -7.15656],
						"0.875": [17.35932, 2.24944, -7.15656],
						"1.0833": [2.35932, 2.24944, -7.15656]
					}
				},
				"foot_left": {
					"rotation": {
						"0.0": [0, 0, 0],
						"0.875": [0, 0, 0],
						"1.0833": [-15, 0, 0]
					}
				},
				"leg_right": {
					"rotation": {
						"0.0": [-7.5, 0, 0],
						"0.3333": [-12.5, 0, 0],
						"0.875": [12.5, 0, 0],
						"1.0833": [2.5, 0, 0]
					}
				},
				"foot_right": {
					"rotation": {
						"0.0": [0, 0, 0],
						"0.875": [0, 0, 0],
						"1.0833": [-15, 0, 0]
					}
				},
				"mouth_closed": {
					"rotation": {
						"0.0": [0, 0, -180],
						"0.125": [0, 0, -180]
					},
					"position": {
						"0.0": [0, 0, 0],
						"0.125": [0, 0, 0],
						"0.1667": [0, 0, 1],
						"1.5": [0, 0, 1],
						"1.5417": [0, 0, 0]
					}
				},
				"mouth_open": {
					"rotation": [0, 0, 0],
					"position": {
						"0.0": [0, 0, 0],
						"0.125": [0, 0, 0],
						"0.1667": [0, 0, -0.1],
						"1.5": [0, 0, -0.1],
						"1.5417": [0, 0, 0]
					}
				},
				"eyelid_right": {
					"position": {
						"0.0": [0, 0, -0.1],
						"0.125": [0, 0, -0.1],
						"0.1667": [0, 0, 0],
						"0.875": [0, 0, 0],
						"0.9167": [0, 0, -0.1]
					}
				},
				"body": {
					"rotation": {
						"0.0": [7.5, 0, 0],
						"0.125": [-12.48848, -0.54094, -2.44081],
						"0.3333": [-17.43745, 1.50179, 4.76968],
						"0.625": [-22.48072, 0.95645, 2.30991],
						"0.875": [-20, 0, 0],
						"1.0833": [15, 0, 0],
						"1.3333": [47.5, 0, 0],
						"1.7083": [0, 0, 0]
					},
					"position": {
						"0.0": [0, 0, 0],
						"0.125": [0, 0, 2],
						"0.3333": [0, 0, 3],
						"0.875": [0, 0, 3],
						"1.3333": [0, 0, -2],
						"1.7083": [0, -9.5, 0],
						"2.5": [0, -9.5, 0]
					}
				},
				"foot_right2": {
					"rotation": {
						"0.0": [0, 0, 0],
						"0.3333": [-10, 0, 0],
						"0.875": [-10, 0, 0],
						"1.0833": [0, 0, 0]
					}
				}
			}
		},
		"animation.vileplume.special_attack": {
			"loop": true,
			"animation_length": 3,
			"bones": {
				"torso": {
					"rotation": {
						"0.0": ["5+(math.sin(q.anim_time*90*2)*1-1)*4", 0, 0],
						"0.55": ["22.5+(math.sin(q.anim_time*90*2)*1-1)*4", 0, 0],
						"1.0": ["(math.sin(q.anim_time*90*2)*1-1)*4", 0, 0],
						"2.5": [-11.58, 0, 0],
						"2.8": ["7.5+(math.sin(q.anim_time*90*2)*1-1)*4", 0, 0],
						"3.0": ["5+(math.sin(q.anim_time*90*2)*1-1)*4", 0, 0]
					},
					"position": {
						"0.0": [0, "0.65-math.sin(q.anim_time*90*2-90)*0.25", "(math.sin(q.anim_time*90*2-90)*1+1)*0.1"],
						"0.55": [0, 1.21, -1.48],
						"1.0": [0, "2.65-math.sin(q.anim_time*90*2-90)*0.25", "-1.7+(math.sin(q.anim_time*90*2-90)*1+1)*0.1"],
						"2.5": [0, 2.08, -1.53],
						"2.8": [0, 1.21, -0.48],
						"3.0": [0, "0.65-math.sin(q.anim_time*90*2-90)*0.25", "(math.sin(q.anim_time*90*2-90)*1+1)*0.1"]
					}
				},
				"arm_left": {
					"rotation": {
						"0.0": [0, 0, "15+(-math.sin(query.anim_time*90*2-10)*1+1)*4"],
						"0.55": [17.5974, 34.21636, "21.1452+(-math.sin(query.anim_time*90*2-10)*1+1)*4"],
						"1.0": [-9.91615, 1.29876, "-35.1127+(-math.sin(query.anim_time*90*2-10)*1+1)*4"],
						"2.5": [-4.25, 8.08, -16.34],
						"2.8": [17.5974, 34.21636, "21.1452+(-math.sin(query.anim_time*90*2-10)*1+1)*4"],
						"3.0": [0, 0, "15+(-math.sin(query.anim_time*90*2-10)*1+1)*4"]
					}
				},
				"arm_right": {
					"rotation": {
						"0.0": [0, 0, "-15-4*(-math.sin(query.anim_time*90*2-10)*1+1)"],
						"0.55": [25.65416, -33.75103, "-24.6009-4*(-math.sin(query.anim_time*90*2-10)*1+1)"],
						"1.0": [-7.5, 0, "35-4*(-math.sin(query.anim_time*90*2-10)*1+1)"],
						"2.5": [-0.67, -6.95, 15.53],
						"2.8": [25.65416, -33.75103, "-24.6009-4*(-math.sin(query.anim_time*90*2-10)*1+1)"],
						"3.0": [0, 0, "-15-4*(-math.sin(query.anim_time*90*2-10)*1+1)"]
					}
				},
				"leg_left": {
					"rotation": {
						"0.0": ["-(math.sin(q.anim_time*90*2)*1-1)*4", 0, 0],
						"0.55": ["-2.5-(math.sin(q.anim_time*90*2)*1-1)*4", 0, 0],
						"1.0": ["22.5-(math.sin(q.anim_time*90*2)*1-1)*4", 0, 0],
						"2.5": ["22.5-(math.sin(q.anim_time*90*2)*1-1)*4", 0, 0],
						"2.8": ["-2.5-(math.sin(q.anim_time*90*2)*1-1)*4", 0, 0],
						"3.0": ["-(math.sin(q.anim_time*90*2)*1-1)*4", 0, 0]
					},
					"position": {
						"0.0": [0, "0.65-math.sin(q.anim_time*90*2-90)*0.25", "(math.sin(q.anim_time*90*2-90)*1+1)*0.1"],
						"0.55": [0, 1.21, -1.48],
						"1.0": [0, "2.65-math.sin(q.anim_time*90*2-90)*0.25", "-1.7+(math.sin(q.anim_time*90*2-90)*1+1)*0.1"],
						"2.5": [0, 2.08, -1.53],
						"2.8": [0, 1.21, -0.48],
						"3.0": [0, "0.65-math.sin(q.anim_time*90*2-90)*0.25", "(math.sin(q.anim_time*90*2-90)*1+1)*0.1"]
					}
				},
				"foot_left": {
					"rotation": {
						"0.0": ["12.5+math.sin(q.anim_time*90*2+90)*4", 0, 2.5],
						"0.55": [34.46431, 6.16519, 1.5155],
						"1.0": ["45+math.sin(q.anim_time*90*2+90)*4", 0, 5],
						"2.5": ["46.1309+math.sin(q.anim_time*90*2+90)*4", 12.33038, 0.531],
						"2.8": [34.46431, 6.16519, 1.5155],
						"3.0": ["12.5+math.sin(q.anim_time*90*2+90)*4", 0, 2.5]
					},
					"position": {
						"0.0": [0, "(math.sin(q.anim_time*90*2-90)*1+1)*0.1", 0],
						"2.5": [0, "(math.sin(q.anim_time*90*2-90)*1+1)*0.1", 0],
						"3.0": [0, "(math.sin(q.anim_time*90*2-90)*1+1)*0.1", 0]
					}
				},
				"foot_left2": {
					"rotation": {
						"0.0": ["-17.5-math.sin(q.anim_time*90*2+90)*4", 0, 0],
						"0.55": ["-30-math.sin(q.anim_time*90*2+90)*4", 0, 0],
						"1.0": ["-45-math.sin(q.anim_time*90*2+90)*4", 0, 0],
						"2.5": ["-45-math.sin(q.anim_time*90*2+90)*4", 0, 0],
						"2.8": ["-40.0883-math.sin(q.anim_time*90*2+90)*4", 1.24674, -1.21933],
						"3.0": ["-17.5-math.sin(q.anim_time*90*2+90)*4", 0, 0]
					}
				},
				"leg_right": {
					"rotation": {
						"0.0": ["-(math.sin(q.anim_time*90*2)*1-1)*4", 0, 0],
						"0.55": ["2.5-(math.sin(q.anim_time*90*2)*1-1)*4", 0, 0],
						"1.0": ["17.5294-(math.sin(q.anim_time*90*2)*1-1)*4", -4.95357, -0.68063],
						"2.5": ["17.5294-(math.sin(q.anim_time*90*2)*1-1)*4", -4.95357, -0.68063],
						"2.8": ["2.5-(math.sin(q.anim_time*90*2)*1-1)*4", 0, 0],
						"3.0": ["-(math.sin(q.anim_time*90*2)*1-1)*4", 0, 0]
					},
					"position": {
						"0.0": [0, "0.65-math.sin(q.anim_time*90*2-90)*0.25", "(math.sin(q.anim_time*90*2-90)*1+1)*0.1"],
						"0.55": [0, 1.21, -1.48],
						"1.0": [0, "2.65-math.sin(q.anim_time*90*2-90)*0.25", "-1.7+(math.sin(q.anim_time*90*2-90)*1+1)*0.1"],
						"2.5": [0, 2.08, -1.53],
						"2.8": [0, 1.21, -0.48],
						"3.0": [0, "0.65-math.sin(q.anim_time*90*2-90)*0.25", "(math.sin(q.anim_time*90*2-90)*1+1)*0.1"]
					}
				},
				"foot_right": {
					"rotation": {
						"0.0": ["12.5+math.sin(q.anim_time*90*2+90)*4", 0, -2.5],
						"0.55": [28.93251, -7.01824, -0.53495],
						"1.0": ["45+math.sin(q.anim_time*90*2+90)*4", 0, -5],
						"2.5": ["45.0673+math.sin(q.anim_time*90*2+90)*4", -14.03648, 1.4301],
						"2.8": [28.93251, -7.01824, -0.53495],
						"3.0": ["12.5+math.sin(q.anim_time*90*2+90)*4", 0, -2.5]
					},
					"position": {
						"0.0": [0, "(math.sin(q.anim_time*90*2-90)*1+1)*0.1", 0],
						"3.0": [0, "(math.sin(q.anim_time*90*2-90)*1+1)*0.1", 0]
					}
				},
				"foot_right2": {
					"rotation": {
						"0.0": ["-17.5-math.sin(q.anim_time*90*2+90)*4", 0, 0],
						"0.55": ["-30-math.sin(q.anim_time*90*2+90)*4", 0, 0],
						"1.0": ["-42.5-math.sin(q.anim_time*90*2+90)*4", 0, 0],
						"2.5": ["-42.5-math.sin(q.anim_time*90*2+90)*4", 0, 0],
						"2.8": ["-40.0883-math.sin(q.anim_time*90*2+90)*4", -1.24674, 1.21933],
						"3.0": ["-17.5-math.sin(q.anim_time*90*2+90)*4", 0, 0]
					}
				},
				"mouth_closed": {
					"position": {
						"0.0": [0, 0, 0],
						"0.8": [0, 0, 0],
						"0.85": [0, 0, 0.1],
						"2.45": [0, 0, 0.1],
						"2.5": [0, 0, 0],
						"3.0": [0, 0, 0]
					}
				},
				"mouth_open": {
					"position": {
						"0.0": [0, 0, 0],
						"0.8": [0, 0, 0],
						"0.85": [0, 0, -0.1],
						"2.45": [0, 0, -0.1],
						"2.5": [0, 0, 0],
						"3.0": [0, 0, 0]
					}
				},
				"eyes": {
					"position": {
						"0.0": [0, 0, 0],
						"0.2": [0, 0, 0],
						"0.25": [0, 0, 0.1],
						"0.7": [0, 0, 0.1],
						"0.75": [0, 0, 0],
						"2.5": [0, 0, 0],
						"2.55": [0, 0, 0.1],
						"2.75": [0, 0, 0.1],
						"2.8": [0, 0, 0]
					}
				},
				"eyelid_right": {
					"rotation": {
						"0.0": [0, 0, 0],
						"0.2": [0, 0, 0],
						"0.25": [0, 0, 22.5],
						"0.7": [0, 0, 22.5],
						"0.75": [0, 0, 0],
						"2.5": [0, 0, 0],
						"2.55": [0, 0, 0],
						"2.75": [0, 0, 0],
						"2.8": [0, 0, 0]
					},
					"position": {
						"0.0": [0, 0, 0],
						"0.2": [0, 0, 0],
						"0.25": [0, 0, -0.2],
						"0.7": [0, 0, -0.2],
						"0.75": [0, 0, 0],
						"2.5": [0, 0, 0],
						"2.55": [0, 0, -0.2],
						"2.75": [0, 0, -0.2],
						"2.8": [0, 0, 0]
					}
				},
				"eyelid_left": {
					"rotation": {
						"0.0": [0, 0, 0],
						"0.2": [0, 0, 0],
						"0.25": [0, 0, -15],
						"0.7": [0, 0, -15],
						"0.75": [0, 0, 0],
						"2.5": [0, 0, 0],
						"2.55": [0, 0, 0],
						"2.75": [0, 0, 0],
						"2.8": [0, 0, 0]
					},
					"position": {
						"0.0": [0, 0, 0],
						"0.2": [0, 0, 0],
						"0.25": [0, 0, -0.2],
						"0.7": [0, 0, -0.2],
						"0.75": [0, 0, 0],
						"2.5": [0, 0, 0],
						"2.55": [0, 0, -0.2],
						"2.75": [0, 0, -0.2],
						"2.8": [0, 0, 0]
					}
				},
				"flower": {
					"rotation": {
						"0.0": [0, 0, 0],
						"0.55": [12.5, 0, 0],
						"0.95": [-15, 0, 0],
						"1.2": [-5, 0, 0],
						"2.5": [-5, 0, 0],
						"2.7": [-12.5, 0, 0],
						"2.9": [5, 0, 0],
						"3.0": [0, 0, 0]
					}
				},
				"body": {
					"position": {
						"0.0": [0, 0, 0],
						"0.55": [0, 0, 1.5],
						"1.0": [0, 0, 0]
					}
				}
			}
		},
		"animation.vileplume.ground_run": {
			"loop": true,
			"bones": {
				"torso": {
					"rotation": [
						"-math.clamp(math.sin(query.anim_time*90*4+20)*12,0,40)-math.clamp(math.sin(query.anim_time*90*4+20+180)*12,0,40)+7.5",
						"math.clamp(math.sin(query.anim_time*90*4*2+45)*2,-2,0)-math.clamp(math.sin(query.anim_time*90*4*2+45+180)*0.5,-2,0)",
						"math.sin(query.anim_time*90*4+20)*1"
					],
					"position": [0, "math.sin(query.anim_time*90*8+60)*0.1", 0]
				},
				"leaf_front_right": {
					"rotation": ["-math.clamp(math.sin(query.anim_time*90*4*2)*10,0,40)-math.clamp(math.sin(query.anim_time*90*4*2+180)*15,0,40)+5", 0, 0]
				},
				"leaf_front_left": {
					"rotation": ["-math.clamp(math.sin(query.anim_time*90*4*2+10)*10,0,40)-math.clamp(math.sin(query.anim_time*90*4*2+10+180)*15,0,40)+5", 0, 0]
				},
				"leg_right": {
					"rotation": [
						"math.clamp(math.sin(-query.anim_time*90*4-45+180)*25,0,25)+math.clamp(math.sin(-query.anim_time*90*4-45+180)*10,-25,0)-15*(math.clamp(math.sin(-query.anim_time*90*4+30+180)*1,-1,-0.5)*1+0.5)",
						0,
						"-math.clamp(math.sin(query.anim_time*90*4+180)*0.7,0.1,0.6)-math.clamp(math.sin(-query.anim_time*90*4+180)*0.7,0.1,0.6)+0.2"
					],
					"position": [
						0,
						"math.clamp(math.sin(query.anim_time*90*4+90+180)*1,-0.5,0)+math.clamp(math.sin(query.anim_time*90*4+150+180)*1,0,0.5)+2*(math.clamp(math.sin(-query.anim_time*90*4-20+180)*1,-1,-0.7)*1+0.7)",
						"-0.5-math.clamp(math.sin(query.anim_time*90*4+45+180)*2,-2,1.5)"
					]
				},
				"foot_right": {
					"rotation": [
						"math.clamp(math.sin(-query.anim_time*90*4-45+180)*5,-20,0)+math.clamp(math.sin(query.anim_time*90*4+110+180)*5,-5,-0.5)",
						0,
						"-math.clamp(math.sin(q.anim_time*90*4-90+180)*5,0,50)"
					]
				},
				"leg_left": {
					"rotation": [
						"math.clamp(math.sin(-query.anim_time*90*4-45)*25,0,25)+math.clamp(math.sin(-query.anim_time*90*4-45)*10,-25,0)-15*(math.clamp(math.sin(-query.anim_time*90*4+30)*1,-1,-0.5)*1+0.5)",
						0,
						"-math.clamp(math.sin(query.anim_time*90*4)*0.7,0.1,0.6)-math.clamp(math.sin(-query.anim_time*90*4+180)*0.7,0.1,0.6)+0.2"
					],
					"position": [
						0,
						"math.clamp(math.sin(query.anim_time*90*4+90)*1,-0.5,0)+math.clamp(math.sin(query.anim_time*90*4+150)*1,0,0.5)+2*(math.clamp(math.sin(-query.anim_time*90*4-20)*1,-1,-0.7)*1+0.7)",
						"-0.5-math.clamp(math.sin(query.anim_time*90*4+45)*2,-2,1.5)"
					]
				},
				"foot_left": {
					"rotation": [
						"math.clamp(math.sin(-query.anim_time*90*4-45)*5,-20,0)+math.clamp(math.sin(query.anim_time*90*4+110)*5,-5,-0.5)",
						0,
						"math.clamp(math.sin(q.anim_time*90*4-90)*5,0,50)"
					]
				},
				"leaf_front_right2": {
					"rotation": [0, 0, "-math.sin(query.anim_time*90*4*2-60)*2-math.clamp(math.sin(query.anim_time*90*4*2-60)*1,0,4)"]
				},
				"leaf_front_left2": {
					"rotation": [0, 0, "math.sin(query.anim_time*90*4*2-60)*2+math.clamp(math.sin(query.anim_time*90*4*2-60)*1,0,4)"]
				},
				"leaf_right": {
					"rotation": [0, 0, "5-math.sin(query.anim_time*90*4*2-60)*1-math.clamp(math.sin(query.anim_time*90*4*2-60)*2,0,4)"]
				},
				"leaf_right2": {
					"rotation": [0, 0, "-math.sin(query.anim_time*90*4*2-60)*2-math.clamp(math.sin(query.anim_time*90*4*2-60)*2,0,4)"]
				},
				"leaf_right3": {
					"rotation": [0, 0, "-math.sin(query.anim_time*90*4*2-60)*2-math.clamp(math.sin(query.anim_time*90*4*2-60)*1,0,4)"]
				},
				"leaf_left": {
					"rotation": [0, 0, "math.sin(query.anim_time*90*4*2-60+180)*4+math.clamp(math.sin(query.anim_time*90*4*2-60+180)*2,0,4)"]
				},
				"leaf_left2": {
					"rotation": [0, 0, "math.sin(query.anim_time*90*4*2-40+180)*2+math.clamp(math.sin(query.anim_time*90*4*2-60+180)*3,0,4)"]
				},
				"leaf_left3": {
					"rotation": [0, 0, "math.sin(query.anim_time*90*4*2-20+180)*4+math.clamp(math.sin(query.anim_time*90*4*2-60+180)*4,0,4)"]
				},
				"leaf_back": {
					"rotation": ["math.sin(query.anim_time*90*4*2-60)*4+math.clamp(math.sin(query.anim_time*90*4*2-60)*2,0,4)+10", 0, 0]
				},
				"leaf_back2": {
					"rotation": [0, 0, "math.sin(query.anim_time*90*4*2-60)*2+math.clamp(math.sin(query.anim_time*90*4*2-60)*1,0,4)"]
				},
				"arm_right": {
					"rotation": [0, "-5-math.sin(query.anim_time*90*4+45+180*0)*20", "(math.sin(query.anim_time*90*4*2+45)*1+1)*-10"]
				},
				"arm_left": {
					"rotation": [0, "5+math.sin(query.anim_time*90*4+45+180)*20", "(math.sin(query.anim_time*90*4*2+45)*1+1)*10"]
				},
				"drool": {
					"rotation": [0, 0, "math.sin(q.anim_time*90*4+20)*10"],
					"scale": [1, "1+math.sin(q.anim_time*90*4*2+180)*0.2", 1]
				},
				"flower": {
					"rotation": ["-7.5+math.clamp(math.sin(query.anim_time*90*4-20)*8,0,40)+math.clamp(math.sin(query.anim_time*90*4-20+180)*8,0,40)", 0, 0]
				},
				"foot_left2": {
					"rotation": ["-math.clamp(math.sin(q.anim_time*90*4+60+180)*20,0,20)", 0, 0]
				},
				"foot_right2": {
					"rotation": ["-math.clamp(math.sin(q.anim_time*90*4+60)*20,0,20)", 0, 0]
				},
				"body": {
					"position": [
						0,
						"1.75-math.clamp(math.sin(-query.anim_time*90*4+45/2)*1,0,1)-math.clamp(math.sin(-query.anim_time*90*4+45/2+180)*1,0,1)-4.6+math.clamp(math.sin(-query.anim_time*90*4+45/2-50)*3,2.2,3)+math.clamp(math.sin(-query.anim_time*90*4+45/2-50+180)*3,2.2,3)",
						"-math.clamp(math.sin(query.anim_time*90*4)*0.7,0.1,0.6)-math.clamp(math.sin(-query.anim_time*90*4)*0.7,0.1,0.6)+0.2"
					]
				}
			}
		},
		"animation.vileplume.ground_walk": {
			"loop": true,
			"bones": {
				"leg_right": {
					"rotation": ["4+math.clamp(math.sin(q.anim_time*90*4+45+180)*20,0,20)-math.clamp(-math.sin(q.anim_time*90*4+60+180)*30,0,30)", 0, 0],
					"position": [
						0,
						"3.15-1*(-math.clamp(math.sin(query.anim_time*90*2+50+90)*1.7,1,1.4)+math.clamp(math.sin(-query.anim_time*90*4-90)*0.25,0,0.25)-math.clamp(math.sin(query.anim_time*90*2+50+180+90)*1.7,1,1.4)+math.clamp(math.sin(-query.anim_time*90*2-60-50+90)*3.2,2.5,3)+math.clamp(math.sin(-query.anim_time*90*2-60-50+180+90)*3.2,2.5,3))",
						"math.clamp(math.sin(query.anim_time*90*4+45+180)*2,-2,1.5)"
					]
				},
				"foot_right": {
					"rotation": [
						"16+20-math.clamp(math.sin(q.anim_time*90*2+90)*20,10,20)-math.clamp(-math.sin(q.anim_time*90*2+90)*20,10,20)",
						"-math.clamp(math.sin(q.anim_time*90*2-45+90)*10,0,10)-math.clamp(math.sin(q.anim_time*90*2-45-90)*10,0,10)",
						"-7.5+math.clamp(math.sin(q.anim_time*90*4-55+180)*7.5,0,20)+math.clamp(math.sin(q.anim_time*90*4-55)*7.5,0,20)"
					]
				},
				"leg_left": {
					"rotation": ["4+math.clamp(math.sin(q.anim_time*90*4+45)*20,0,20)-math.clamp(-math.sin(q.anim_time*90*4+60)*30,0,30)", 0, 0],
					"position": [
						0,
						"3.15-1*(-math.clamp(math.sin(query.anim_time*90*2+50)*1.7,1,1.4)+math.clamp(math.sin(-query.anim_time*90*4+90)*0.25,0,0.25)-math.clamp(math.sin(query.anim_time*90*2+50+180)*1.7,1,1.4)+math.clamp(math.sin(-query.anim_time*90*2-60-50)*3.2,2.5,3)+math.clamp(math.sin(-query.anim_time*90*2-60-50+180)*3.2,2.5,3))",
						"math.clamp(math.sin(query.anim_time*90*4+45)*2,-2,1.5)"
					]
				},
				"foot_left": {
					"rotation": [
						"16+20-math.clamp(math.sin(q.anim_time*90*2)*20,10,20)-math.clamp(-math.sin(q.anim_time*90*2)*20,10,20)",
						"math.clamp(math.sin(q.anim_time*90*2-45)*10,0,10)+math.clamp(math.sin(q.anim_time*90*2-45+180)*10,0,10)",
						"7.5-math.clamp(math.sin(q.anim_time*90*4-55+180)*7.5,0,20)-math.clamp(math.sin(q.anim_time*90*4-55)*7.5,0,20)"
					]
				},
				"arm_right": {
					"rotation": [0, "-10*(math.sin(query.anim_time*90*4+90+180)*1+1)", "-10*(math.sin(query.anim_time*90*4*2+45)*1+1)"]
				},
				"arm_left": {
					"rotation": [0, "(math.sin(query.anim_time*90*4+90)*1+1)*10", "(math.sin(query.anim_time*90*4*2+45)*1+1)*10"]
				},
				"flower": {
					"rotation": ["-7.5+math.clamp(math.sin(query.anim_time*90*4-20)*6,0,40)+math.clamp(math.sin(query.anim_time*90*4-20+180)*6,0,40)", 0, 0]
				},
				"foot_left2": {
					"rotation": ["-5-math.clamp(math.sin(q.anim_time*90*4+90-40+180*0)*35,-5,35)+math.clamp(math.sin(q.anim_time*90*4-10+180*0)*20,-30,0)", 0, 0]
				},
				"foot_right2": {
					"rotation": ["-5-math.clamp(math.sin(q.anim_time*90*4+90-40+180)*35,-5,35)+math.clamp(math.sin(q.anim_time*90*4-10+180)*20,-30,0)", 0, 0]
				},
				"body": {
					"rotation": [
						"math.clamp(math.sin(query.anim_time*180*4/2+20)*2,0.2,2)+math.clamp(-math.sin(query.anim_time*180*4/2+20)*2,0.2,2)+1",
						"math.sin(query.anim_time*90*4+20)*2",
						"math.sin(query.anim_time*90*4)*0.2"
					],
					"position": [
						0,
						"-2.8-math.clamp(math.sin(-query.anim_time*90*4)*1,0,1)-math.clamp(math.sin(-query.anim_time*90*4+180)*1,0,1)+math.clamp(math.sin(query.anim_time*90*4-50)*2.9,2.2,4)+math.clamp(math.sin(query.anim_time*90*4-50+180)*2.9,2.2,4)",
						"-math.clamp(math.sin(query.anim_time*90*4)*0.7,0.1,0.6)-math.clamp(math.sin(-query.anim_time*90*4)*0.7,0.1,0.6)+0.2"
					]
				}
			}
		},
		"animation.vileplume.idle": {
			"loop": true,
			"bones": {
				"torso": {
					"rotation": ["5+(math.sin(q.anim_time*90*2)*1-1)*4", 0, 0],
					"position": [0, "0.65-math.sin(q.anim_time*90*2-90)*0.25", "(math.sin(q.anim_time*90*2-90)*1+1)*0.2"]
				},
				"flower": {
					"rotation": ["-2.5*(math.sin(q.anim_time*90*2+90)*1+1)", 0, 0]
				},
				"arm_left": {
					"rotation": [0, 0, "15+(-math.sin(query.anim_time*90*2-10)*1+1)*4"]
				},
				"arm_right": {
					"rotation": [0, 0, "-15-4*(-math.sin(query.anim_time*90*2-10)*1+1)"]
				},
				"leg_left": {
					"rotation": [5, 0, 0],
					"position": ["-(math.sin(q.anim_time*90*2-90)*1+1)*0.03", "0.65-math.sin(q.anim_time*90*2-90)*0.25", "(math.sin(q.anim_time*90*2-90)*1+1)*0.2"]
				},
				"foot_left": {
					"rotation": ["12.5+math.sin(q.anim_time*90*2+90)*4", 0, 2.5],
					"position": [0, "(math.sin(q.anim_time*90*2-90)*1+1)*0.1", 0]
				},
				"foot_left2": {
					"rotation": ["-17.5-math.sin(q.anim_time*90*2+90)*4", 0, 0]
				},
				"leg_right": {
					"rotation": [5, 0, 0],
					"position": ["(math.sin(q.anim_time*90*2-90)*1+1)*0.03", "0.65-math.sin(q.anim_time*90*2-90)*0.25", "(math.sin(q.anim_time*90*2-90)*1+1)*0.12"]
				},
				"foot_right": {
					"rotation": ["12.5+math.sin(q.anim_time*90*2+90)*4", 0, -2.5],
					"position": [0, "(math.sin(q.anim_time*90*2-90)*1+1)*0.1", 0]
				},
				"foot_right2": {
					"rotation": ["-17.5-math.sin(q.anim_time*90*2+90)*4", 0, 0]
				}
			}
		},
		"animation.vileplume.blink": {
			"animation_length": 0.16667,
			"bones": {
				"eyelid_right": {
					"position": {
						"0.0": [0, 0, -0.1],
						"0.125": [0, 0, -0.1],
						"0.1667": [0, 0, 0]
					}
				},
				"eyelid_left": {
					"position": {
						"0.0": [0, 0, -0.1],
						"0.125": [0, 0, -0.1],
						"0.1667": [0, 0, 0]
					}
				}
			}
		}
	}
}