{
	"format_version": "1.8.0",
	"animations": {
		"animation.grovyle.ground_idle": {
			"loop": true,
			"bones": {
				"torso": {
					"rotation": ["20+Math.cos((query.anim_time + 1) * 240) * 5", -17.22575, -3.13388],
					"position": [0, "math.clamp(math.sin(q.anim_time*240*2)*0.4,-0.4,0.4)", 0]
				},
				"tail_left": {
					"rotation": [-20, 10, 0]
				},
				"tail_left2": {
					"rotation": [-10, 0, 0]
				},
				"tail_right": {
					"rotation": [-20, -10, 0]
				},
				"tail_right2": {
					"rotation": [-10, 0, 0]
				},
				"leaf": {
					"rotation": [7.5, 0, 0]
				},
				"arm_left": {
					"rotation": [0, 12.5, "35+math.clamp(math.sin(q.anim_time*240*1)*5,-10,5)"],
					"position": [0, "math.clamp(math.sin(q.anim_time*240*2)*0.4,-0.4,0.4)", 0]
				},
				"arm_left2": {
					"rotation": [0, 60, 0]
				},
				"hand_left": {
					"rotation": [0, 0, 30]
				},
				"finger_left": {
					"rotation": [0, 7.5, 0]
				},
				"finger_left2": {
					"rotation": [0, 0, 30]
				},
				"finger_left3": {
					"rotation": [0, -5, 0]
				},
				"finger_left4": {
					"rotation": [0, 0, 30]
				},
				"arm_right": {
					"rotation": [0, -12.5, "-35+math.clamp(math.sin(q.anim_time*240*1)*5,-10,5)"],
					"position": [0, "math.clamp(math.sin(q.anim_time*240*2)*0.4,-0.4,0.4)", 0]
				},
				"arm_right2": {
					"rotation": [0, -60, 0]
				},
				"hand_right": {
					"rotation": [0, 0, -30]
				},
				"finger_right": {
					"rotation": [0, -7.5, 0]
				},
				"finger_right2": {
					"rotation": [0, 0, -30]
				},
				"finger_right3": {
					"rotation": [0, 7.5, 0]
				},
				"finger_right4": {
					"rotation": [0, 0, -30]
				},
				"leg_left": {
					"rotation": [-10, 0, 0]
				},
				"foot_left": {
					"rotation": [10, 0, 0]
				},
				"leg_right": {
					"rotation": [-10, 0, 0]
				},
				"foot_right": {
					"rotation": [10, 0, 0]
				},
				"body": {
					"position": [0, "-math.clamp(math.sin(q.anim_time*240*1)*0.2,-0.6,0.6)", 0]
				},
				"neck": {
					"rotation": ["15+Math.cos((query.anim_time +0.8) * 240) * 5", 20, 0]
				},
				"head": {
					"rotation": ["-22.5193+Math.cos((query.anim_time + 1.0) * 240) * -5", -2.30959, 0.95723]
				},
				"leg_left2": {
					"position": [0, "math.clamp(math.sin(q.anim_time*240*1)*0.2,-0.6,0.6)", 0]
				},
				"leg_right2": {
					"position": [0, "math.clamp(math.sin(q.anim_time*240*1)*0.2,-0.6,0.6)", 0]
				}
			}
		},
		"animation.grovyle.ground_walk": {
			"loop": true,
			"animation_length": 0.75,
			"bones": {
				"body": {
					"position": [0, 0, 0]
				},
				"torso": {
					"rotation": ["27.5+Math.cos((query.anim_time + 0.25) * 120*4) * 5", 0, 0],
					"position": {
						"0.0": [0, 0, 0],
						"0.0417": [0, 0.08, 0],
						"0.0833": [0, 0.38, 0],
						"0.1667": [0, 0.5, 0],
						"0.25": [0, 0.38, 0],
						"0.3333": [0, 0.08, 0],
						"0.375": [0, 0, 0],
						"0.4167": [0, 0.08, 0],
						"0.5": [0, 0.38, 0],
						"0.5833": [0, 0.5, 0],
						"0.6667": [0, 0.38, 0],
						"0.7083": [0, 0.08, 0],
						"0.75": [0, 0, 0]
					}
				},
				"tail_left": {
					"rotation": [-20.6469, 14.0761, -5.23619]
				},
				"tail_left2": {
					"rotation": [-15, 0, 0]
				},
				"tail_right": {
					"rotation": [-20.28356, -9.39129, 3.45118]
				},
				"tail_right2": {
					"rotation": [-12.5, 0, 0]
				},
				"neck": {
					"rotation": ["5+Math.cos((query.anim_time + 0.5) * 120*4) * 5", 0, 0]
				},
				"head": {
					"rotation": ["-25+Math.cos((query.anim_time + 0.5) * 120*4) * -5", 0, 0]
				},
				"arm_left": {
					"rotation": [36.3206, "55.0339+Math.cos((query.anim_time + 0.1) * 120*4) * -10", 41.8938]
				},
				"arm_left2": {
					"rotation": [0, 37.5, "-42.5+Math.cos((query.anim_time + 0.2) * 120*4) * -10"]
				},
				"hand_left": {
					"rotation": [0, 0, 32.5]
				},
				"finger_left2": {
					"rotation": [0, 0, 35]
				},
				"finger_left4": {
					"rotation": [0, 0, 30]
				},
				"arm_right": {
					"rotation": [36.3206, "-55.0339+Math.cos((query.anim_time + 0.1) * 120*4) * 10", -41.8938]
				},
				"arm_right2": {
					"rotation": [0, -37.5, "42.5+Math.cos((query.anim_time + 0.2) * 120*4) * 10"]
				},
				"hand_right": {
					"rotation": [0, 0, -32.5]
				},
				"finger_right2": {
					"rotation": [0, 0, -35]
				},
				"finger_right4": {
					"rotation": [0, 0, -30]
				},
				"leg_left": {
					"rotation": {
						"0.0": [-27.5, 0, 0],
						"0.125": [-12.5, 0, 0],
						"0.25": [0, 0, 0],
						"0.375": [17.5, 0, 0],
						"0.5": [-27.5, 0, 0],
						"0.625": [-60, 0, 0],
						"0.75": [-27.5, 0, 0]
					}
				},
				"leg_left2": {
					"rotation": {
						"0.0": [-10, 0, 0],
						"0.125": [10, 0, 0],
						"0.25": [15, 0, 0],
						"0.375": [10, 0, 0],
						"0.5": [52.5, 0, 0],
						"0.625": [17.5, 0, 0],
						"0.7083": [-20.83, 0, 0],
						"0.75": [-10, 0, 0]
					}
				},
				"foot_left": {
					"rotation": {
						"0.0": [35, 0, 0],
						"0.125": [5, 0, 0],
						"0.25": [-2.5, 0, 0],
						"0.375": [2.5, 0, 0],
						"0.5": [7.5, 0, 0],
						"0.625": [32.5, 0, 0],
						"0.75": [35, 0, 0]
					}
				},
				"leg_right": {
					"rotation": {
						"0.0": [17.5, 0, 0],
						"0.125": [-27.5, 0, 0],
						"0.25": [-60, 0, 0],
						"0.375": [-27.5, 0, 0],
						"0.5": [-12.5, 0, 0],
						"0.625": [0, 0, 0],
						"0.75": [17.5, 0, 0]
					}
				},
				"leg_right2": {
					"rotation": {
						"0.0": [10, 0, 0],
						"0.125": [52.5, 0, 0],
						"0.25": [17.5, 0, 0],
						"0.3333": [-20.83, 0, 0],
						"0.375": [-10, 0, 0],
						"0.5": [10, 0, 0],
						"0.625": [15, 0, 0],
						"0.75": [10, 0, 0]
					}
				},
				"foot_right": {
					"rotation": {
						"0.0": [10, 0, 0],
						"0.125": [7.5, 0, 0],
						"0.25": [32.5, 0, 0],
						"0.375": [35, 0, 0],
						"0.5": [15, 0, 0],
						"0.625": [10, 0, 0],
						"0.75": [10, 0, 0]
					}
				}
			}
		},
		"animation.grovyle.ground_run": {
			"loop": true,
			"animation_length": 0.5,
			"bones": {
				"body": {
					"position": {
						"0.0": [0, 0.75, 0],
						"0.0417": [0, 0.54, 0],
						"0.0833": [0, -0.17, 0],
						"0.125": [0, -0.25, 0],
						"0.1667": [0, -0.17, 0],
						"0.2083": [0, 0.54, 0],
						"0.25": [0, 0.75, 0],
						"0.2917": [0, 0.54, 0],
						"0.3333": [0, -0.17, 0],
						"0.375": [0, -0.25, 0],
						"0.4167": [0, -0.17, 0],
						"0.4583": [0, 0.54, 0],
						"0.5": [0, 0.75, 0]
					}
				},
				"torso": {
					"rotation": ["55+Math.cos((query.anim_time + 0.7) * 360*4) * 3", 0, 0]
				},
				"tail_left": {
					"rotation": ["-47.5+Math.cos((query.anim_time + 0) * 360*4) * 5", 0, 0]
				},
				"tail_left2": {
					"rotation": ["-10+Math.cos((query.anim_time - 0.3) * 360*4) * 5", 0, 0]
				},
				"tail_right": {
					"rotation": ["-47.5+Math.cos((query.anim_time + 0) * 360*4) * 5", 0, 0]
				},
				"tail_right2": {
					"rotation": ["-10+Math.cos((query.anim_time - 0.3) * 360*4) * 5", 0, 0]
				},
				"neck": {
					"rotation": ["20+Math.cos((query.anim_time + 0.55) * 360*4) * 3", 0, 0]
				},
				"head": {
					"rotation": [-67.5, 0, 0]
				},
				"leaf3": {
					"rotation": ["17.5+Math.cos((query.anim_time + 0) * 360*4) * 5", 0, 0]
				},
				"leaf4": {
					"rotation": ["20+Math.cos((query.anim_time - 0.1) * 360*4) * 5", 0, 0]
				},
				"leaf5": {
					"rotation": ["17.5+Math.cos((query.anim_time - 0.3) * 360*4) * 5", 0, 0]
				},
				"arm_left": {
					"rotation": [54.16472, 49.1827, 61.34213],
					"position": [0, "Math.cos((query.anim_time + 0.2) * 360*4) * 0.2", "Math.cos((query.anim_time + 0.2) * 360*4) * 0.2"]
				},
				"arm_left2": {
					"rotation": [-30, 0, "-82.5+Math.cos((query.anim_time + 0.4) * 360*4) * 5"]
				},
				"hand_left": {
					"rotation": [0, 0, 60]
				},
				"finger_left2": {
					"rotation": [0, 0, 30]
				},
				"finger_left4": {
					"rotation": [0, 0, 40]
				},
				"arm_right": {
					"rotation": [54.16472, -49.1827, -61.34213],
					"position": [0, "Math.cos((query.anim_time + 0.2) * 360*4) * 0.2", "Math.cos((query.anim_time + 0.2) * 360*4) * 0.2"]
				},
				"arm_right2": {
					"rotation": [-30, 0, "82.5+Math.cos((query.anim_time + 0.4) * 360*4) * -5"]
				},
				"hand_right": {
					"rotation": [0, 0, -60]
				},
				"finger_right2": {
					"rotation": [0, 0, -30]
				},
				"finger_right4": {
					"rotation": [0, 0, -40]
				},
				"leg_left": {
					"rotation": {
						"0.0": [-60, 0, 0],
						"0.0833": [-2.5, 0, 0],
						"0.1667": [22.5, 0, 0],
						"0.25": [37.5, 0, 0],
						"0.3333": [45, 0, 0],
						"0.4167": [-7.5, 0, 0],
						"0.5": [-60, 0, 0]
					}
				},
				"leg_left2": {
					"rotation": {
						"0.0": [0, 0, 0],
						"0.0833": [7.5, 0, 0],
						"0.1667": [2.5, 0, 0],
						"0.25": [15, 0, 0],
						"0.3333": [22.5, 0, 0],
						"0.4167": [52.5, 0, 0],
						"0.5": [0, 0, 0]
					}
				},
				"foot_left": {
					"rotation": {
						"0.0": [31.93764, 8.08504, -9.95862],
						"0.0833": [4.43764, 8.08504, -9.95862],
						"0.1667": [9.43764, 8.08504, -9.95862],
						"0.25": [51.93764, 8.08504, -9.95862],
						"0.3333": [69.43764, 8.08504, -9.95862],
						"0.4167": [4.43764, 8.08504, -9.95862],
						"0.5": [31.93764, 8.08504, -9.95862]
					}
				},
				"leg_right": {
					"rotation": {
						"0.0": [37.5, 0, 0],
						"0.0833": [45, 0, 0],
						"0.1667": [-7.5, 0, 0],
						"0.25": [-57.5, 0, 0],
						"0.3333": [-2.5, 0, 0],
						"0.4167": [22.5, 0, 0],
						"0.5": [37.5, 0, 0]
					}
				},
				"leg_right2": {
					"rotation": {
						"0.0": [15, 0, 0],
						"0.0833": [22.5, 0, 0],
						"0.1667": [52.5, 0, 0],
						"0.25": [0, 0, 0],
						"0.3333": [7.5, 0, 0],
						"0.4167": [2.5, 0, 0],
						"0.5": [15, 0, 0]
					}
				},
				"foot_right": {
					"rotation": {
						"0.0": [51.93764, -8.08504, 9.95862],
						"0.0833": [69.43764, -8.08504, 9.95862],
						"0.1667": [4.43764, -8.08504, 9.95862],
						"0.25": [31.93764, -8.08504, 9.95862],
						"0.3333": [4.43764, -8.08504, 9.95862],
						"0.4167": [9.43764, -8.08504, 9.95862],
						"0.5": [51.93764, -8.08504, 9.95862]
					}
				}
			}
		},
		"animation.grovyle.sleep": {
			"loop": true,
			"bones": {
				"body": {
					"rotation": [-76.72537, 19.50645, 4.50432],
					"position": [0, -8, 0]
				},
				"torso": {
					"rotation": ["-10+Math.cos((query.anim_time- 0.2) * 90) * 2", 10, 0]
				},
				"tail_left": {
					"rotation": [92.5, 0, 0]
				},
				"tail_left2": {
					"rotation": [-5, 0, 0]
				},
				"tail_right": {
					"rotation": [92.5, 0, 0]
				},
				"tail_right2": {
					"rotation": [0, 0, 0]
				},
				"neck": {
					"rotation": [35, 0, 0]
				},
				"head": {
					"rotation": ["Math.cos((query.anim_time) * 90) * 5", -40, 0]
				},
				"leaf": {
					"rotation": ["-14.2691+Math.cos((query.anim_time) * 90) * -5", -31.54355, 28.58026]
				},
				"leaf3": {
					"rotation": [0, 0, -10]
				},
				"leaf4": {
					"rotation": [0, 0, -7.5]
				},
				"jaw": {
					"rotation": ["10+Math.cos((query.anim_time-0.3) * 90) * 5", 0, 0]
				},
				"eyelid_left": {
					"position": [0.25, 0, 0]
				},
				"eyelid_right": {
					"position": [-0.25, 0, 0]
				},
				"arm_left": {
					"rotation": [-44.99202, -52.19049, -68.7099]
				},
				"arm_left2": {
					"rotation": [21.82514, 53.74769, "145.9776+Math.cos((query.anim_time) * 90) * 5"]
				},
				"hand_left": {
					"rotation": [0, 0, 35]
				},
				"finger_left2": {
					"rotation": [0, 0, 62.5]
				},
				"finger_left4": {
					"rotation": [0, 0, 72.5]
				},
				"arm_right": {
					"rotation": [-32.77126, -68.69404, -21.05302]
				},
				"arm_right2": {
					"rotation": [0, 0, -100]
				},
				"finger_right": {
					"rotation": [0, 0, -27.5]
				},
				"finger_right2": {
					"rotation": [0, 0, -20]
				},
				"finger_right3": {
					"rotation": [2.5, 0, -27.5]
				},
				"finger_right4": {
					"rotation": [0, 0, -7.5]
				},
				"leg_left": {
					"rotation": [0, -47.5, 0]
				},
				"leg_left2": {
					"rotation": [0, -25, 0]
				},
				"leg_right": {
					"rotation": [-22.5, 0, 30]
				},
				"leg_right2": {
					"rotation": [40, 0, 0]
				},
				"foot_right": {
					"rotation": [62.5, 0, 0]
				}
			}
		},
		"animation.grovyle.faint": {
			"loop": true,
			"animation_length": 3,
			"bones": {
				"body": {
					"rotation": {
						"0.0": [0, 0, 0],
						"1.0417": [0, 0, 0],
						"1.25": [9.17, 0, 0],
						"1.375": [17.5, 0, 0],
						"1.5": [30, 0, 0],
						"1.5417": [37.5, 0, 0],
						"1.6667": [75, 0, 0],
						"1.7083": [66.25, 0, 0],
						"1.75": [62.5, 0, 0],
						"1.7917": [66.25, 0, 0],
						"1.8333": [75, 0, 0]
					},
					"position": {
						"0.0": [0, 0, 0],
						"0.25": [0, 0, 6.25],
						"0.375": [0, 0, 7.75],
						"0.7083": [0, 0, 9.13],
						"1.1667": [0, 0, 9.75],
						"1.3333": [0, -0.75, 6.5],
						"1.4167": [0, -1.33, 4.06],
						"1.5": [0, -2.52, 2.61],
						"1.5417": [0, -3.43, 1.7],
						"1.5833": [0, -4.84, 0.79],
						"1.6667": [0, -9.75, -0.25],
						"1.7083": [0, -8.5, 0.25],
						"1.75": [0, -8.25, 0.75],
						"1.7917": [0, -8.5, 0.25],
						"1.8333": [0, -9.75, -0.25]
					}
				},
				"torso": {
					"rotation": {
						"0.0": [12.5, 0, 0],
						"0.1667": [30, 0, 0],
						"0.375": [24.25, 0, 0],
						"0.5417": [13.25, 0, 0],
						"0.75": [-5.5, 0, 0],
						"0.875": [-13.25, 0, 0],
						"1.0417": [-20.75, 0, 0],
						"1.125": [-20.21, 0, 0],
						"1.2917": [-18.12, 0, 0],
						"1.4583": [-12.62, 0, 0],
						"1.5833": [5.75, 0, 0],
						"1.625": [11.33, 0, 0],
						"1.7083": [15.25, 0, 0],
						"1.7917": [13.5, 0, 0],
						"1.875": [7.75, 0, 0],
						"1.9167": [13.08, 0, 0],
						"1.9583": [14.67, 0, 0],
						"2.0417": [13.25, 0, 0]
					}
				},
				"tail_left": {
					"rotation": {
						"0.0": [0, 0, 0],
						"0.375": [52.74765, 15.7627, 19.65736],
						"1.0833": [-4.75235, 15.7627, 19.65736],
						"1.5833": [-37.25235, 15.7627, 19.65736],
						"1.7083": [90.24765, 15.7627, 19.65736],
						"1.7917": [50.24765, 15.7627, 19.65736],
						"1.9583": [82.42301, 16.89437, 27.38372]
					}
				},
				"tail_left2": {
					"rotation": {
						"0.0": [0, 0, 0],
						"0.4583": [30, 0, 0],
						"1.1667": [-10, 0, 0],
						"1.6667": [-32.5, 0, 0],
						"1.75": [25, 0, 0],
						"1.8333": [2.5, 0, 0],
						"2.0": [25, 0, 0]
					}
				},
				"tail_right": {
					"rotation": {
						"0.0": [0, 0, 0],
						"0.375": [50.43131, 6.40865, 7.69263],
						"1.0833": [-4.58543, 4.17229, -21.28543],
						"1.5833": [-40.21153, -25.53211, -11.30873],
						"1.7083": [84.06104, -14.62948, 3.63995],
						"1.7917": [48.06209, -5.91852, -8.11745],
						"1.9583": [82.42301, -16.89437, -27.38372]
					}
				},
				"tail_right2": {
					"rotation": {
						"0.0": [0, 0, 0],
						"0.4583": [30, 0, 0],
						"1.1667": [-10, 0, 0],
						"1.6667": [-32.5, 0, 0],
						"1.75": [25, 0, 0],
						"1.8333": [2.5, 0, 0],
						"2.0": [25, 0, 0]
					}
				},
				"neck": {
					"rotation": {
						"0.0": [17.5, 0, 0],
						"0.7083": [17.5, 0, 0],
						"0.7917": [1.25, 0, 0],
						"0.875": [-14, 0, 0],
						"0.9583": [-25.5, 0, 0],
						"1.125": [-28.5, 0, 0],
						"1.2917": [-25.71, 0, 0],
						"1.4167": [-17, 0, 0],
						"1.5833": [-7.5, 0, 0],
						"1.7083": [17.5, 0, 0],
						"1.7917": [-0.85, 0, 0],
						"1.875": [12.8, 0, 0],
						"2.0": [16.3, 0, 0]
					}
				},
				"head": {
					"rotation": {
						"0.0": [-22.5, 0, 0],
						"0.125": [-11.23694, 3.31066, 0.37533],
						"0.2083": [5.76729, 12.89477, 2.16934],
						"0.3333": [15.35952, 19.59551, 3.85666],
						"0.4583": [23.78207, 22.90223, 5.34324],
						"0.6667": [26.60402, 24.08976, 5.8675],
						"0.9167": [-1.35053, 24.08976, 5.8675],
						"1.2083": [-19.64598, 24.08976, 5.8675],
						"1.5833": [-30.89598, 24.08976, 5.8675],
						"1.6667": [-65.81533, 3.71144, -4.02116],
						"1.8333": [-78.31533, 3.71144, -4.02116],
						"1.9167": [-75.81775, -3.56055, -5.85764]
					}
				},
				"leaf": {
					"rotation": {
						"0.0": [0, 0, 0],
						"0.6667": [17.5, 0, 0],
						"1.625": [-15, 0, 0],
						"2.0": [-20, 0, 0]
					}
				},
				"leaf2": {
					"rotation": {
						"0.0": [0, 0, 0],
						"0.7083": [10, 0, 0]
					}
				},
				"leaf3": {
					"rotation": [15, 0, 0]
				},
				"leaf4": {
					"rotation": [5, 0, 0]
				},
				"jaw": {
					"rotation": {
						"0.0": [0, 0, 0],
						"0.1667": [22.5, 0, 0],
						"0.4583": [0, 0, 0],
						"0.7917": [0, 0, 0],
						"0.9167": [34.29, 0, 0],
						"1.0833": [45, 0, 0],
						"1.3333": [34.29, 0, 0],
						"1.5417": [0, 0, 0]
					}
				},
				"eyelid_left": {
					"position": {
						"0.0": [0, 0, 0],
						"0.0417": [0.25, 0, 0]
					}
				},
				"eyelid_right": {
					"position": {
						"0.0": [0, 0, 0],
						"0.0417": [-0.25, 0, 0]
					}
				},
				"arm_left": {
					"rotation": {
						"0.0": [24.12788, 13.38562, 22.98581],
						"0.0833": [-20.08764, 6.07937, -9.62737],
						"0.2917": [-71.44948, 49.9725, -63.72113],
						"0.625": [-61.77177, 39.13523, -46.28008],
						"0.9167": [-37.8063, -5.90704, 7.17912],
						"1.375": [-29.26768, -25.72389, -23.02139],
						"1.625": [-29.26768, -25.72389, -23.02139],
						"1.7083": [-64.00436, 26.82409, 1.2039],
						"1.7917": [-66.69676, 8.60961, -7.51674],
						"1.875": [-66.05446, 15.48273, -4.44535]
					}
				},
				"arm_left2": {
					"rotation": {
						"0.0": [0, 50, 15],
						"0.125": [0, 36.25, 15],
						"0.3333": [0, 75, 15],
						"0.6667": [0, 65, 15],
						"1.0": [0, 30, 15],
						"1.4583": [-16.10211, 25.65891, -18.69007],
						"1.6667": [-16.10211, 25.65891, -18.69007],
						"1.75": [-12.45891, 27.51235, -10.56145],
						"1.8333": [-17.23442, 24.94169, -21.33914],
						"1.9167": [-13.71217, 26.94622, -13.30005]
					}
				},
				"finger_left": {
					"rotation": [0, 0, 37.5]
				},
				"finger_left2": {
					"rotation": [0, 0, 30]
				},
				"finger_left3": {
					"rotation": [0, 0, 47.5]
				},
				"finger_left4": {
					"rotation": [0, 0, 27.5]
				},
				"arm_right": {
					"rotation": {
						"0.0": [24.12788, -13.38562, -22.98581],
						"0.0833": [-10.11532, -18.44426, -34.80386],
						"0.2917": [-12.46552, -73.89649, 31.74171],
						"0.625": [5.72823, -39.13523, 46.28008],
						"0.9167": [-37.8063, 5.90704, -7.17912],
						"1.375": [-29.26768, 25.72389, 23.02139],
						"1.625": [-29.26768, 25.72389, 23.02139],
						"1.7083": [-64.00436, -26.82409, -1.2039],
						"1.7917": [-66.69676, -8.60961, 7.51674],
						"1.875": [-66.05446, -15.48273, 4.44535]
					}
				},
				"arm_right2": {
					"rotation": {
						"0.0": [0, -50, -15],
						"0.125": [0, -36.25, -15],
						"0.3333": [0, -75, -15],
						"0.6667": [0, -65, -15],
						"1.0": [0, -30, -15],
						"1.4583": [-16.10211, -25.65891, 18.69007],
						"1.6667": [-16.10211, -25.65891, 18.69007],
						"1.75": [-12.45891, -27.51235, 10.56145],
						"1.8333": [-17.23442, -24.94169, 21.33914],
						"1.9167": [-13.71217, -26.94622, 13.30005]
					}
				},
				"finger_right": {
					"rotation": [0, 0, -37.5]
				},
				"finger_right2": {
					"rotation": [0, 0, -30]
				},
				"finger_right3": {
					"rotation": [0, 0, -47.5]
				},
				"finger_right4": {
					"rotation": [0, 0, -27.5]
				},
				"leg_left": {
					"rotation": {
						"0.0": [0, 0, 0],
						"0.5833": [-15, 0, 0],
						"1.4583": [-15, 0, 0],
						"1.625": [17.5, 0, 0],
						"1.75": [-5, 0, 0],
						"1.875": [3.25, 0, 0],
						"2.0417": [-10, 0, 0]
					}
				},
				"leg_left2": {
					"rotation": {
						"0.0": [0, 0, 0],
						"0.5833": [-15, 0, 0],
						"0.9583": [-6.75, 0, 0],
						"1.3333": [35, 0, 0],
						"1.5833": [35, 0, 0],
						"1.6667": [-7.5, 0, 0],
						"1.7917": [20, 0, 0],
						"1.9167": [-5, 0, 0]
					}
				},
				"foot_left": {
					"rotation": {
						"0.0": [0, 0, 0],
						"0.5833": [22.5, 0, 0],
						"1.0": [20.25, 0, 0],
						"1.3333": [-2.5, 0, 0],
						"2.0417": [82.5, 0, 0]
					}
				},
				"toe_left": {
					"rotation": {
						"0.0": [0, 0, 0],
						"1.0": [0, 0, 0],
						"1.3333": [-15, 0, 0]
					}
				},
				"toe_left3": {
					"rotation": {
						"0.0": [0, 0, 0],
						"1.0": [0, 0, 0],
						"1.3333": [-12.5, 0, 0]
					}
				},
				"leg_right": {
					"rotation": {
						"1.4583": [-15, 0, 0],
						"1.625": [17.5, 0, 0],
						"1.75": [-5, 0, 0],
						"1.875": [3.25, 0, 0],
						"2.0417": [-10, 0, 0]
					}
				},
				"leg_right2": {
					"rotation": {
						"0.9583": [-6.75, 0, 0],
						"1.3333": [35, 0, 0],
						"1.5833": [35, 0, 0],
						"1.6667": [-7.5, 0, 0],
						"1.7917": [20, 0, 0],
						"1.9167": [-5, 0, 0]
					}
				},
				"foot_right": {
					"rotation": {
						"0.5833": [22.5, 0, 0],
						"1.0": [20.25, 0, 0],
						"1.3333": [-2.5, 0, 0],
						"2.0417": [82.5, 0, 0]
					}
				}
			}
		},
		"animation.grovyle.blink": {
			"animation_length": 0.16667,
			"bones": {
				"eyelid_left": {
					"position": {
						"0.0": [0.1, 0, 0],
						"0.125": [0.1, 0, 0],
						"0.1667": [0, 0, 0]
					}
				},
				"eyelid_right": {
					"position": {
						"0.0": [-0.1, 0, 0],
						"0.125": [-0.1, 0, 0],
						"0.1667": [0, 0, 0]
					}
				}
			}
		},
		"animation.grovyle.cry": {
			"animation_length": 2.83333,
			"bones": {
				"neck": {
					"rotation": {
						"0.0": {
							"post": [0, 0, 0],
							"lerp_mode": "catmullrom"
						},
						"0.4167": {
							"post": [22.5, 0, 0],
							"lerp_mode": "catmullrom"
						},
						"1.5833": {
							"post": [22.5, 0, 0],
							"lerp_mode": "catmullrom"
						},
						"2.0833": {
							"post": [0, 0, 0],
							"lerp_mode": "catmullrom"
						}
					}
				},
				"head": {
					"rotation": {
						"0.0": {
							"post": [0, 0, 0],
							"lerp_mode": "catmullrom"
						},
						"0.4167": {
							"post": [-45, 0, 0],
							"lerp_mode": "catmullrom"
						},
						"0.6667": {
							"post": [-45, -7.5, 5],
							"lerp_mode": "catmullrom"
						},
						"0.8333": {
							"post": [-44.33, 0.55, 0],
							"lerp_mode": "catmullrom"
						},
						"1.0833": {
							"post": [-45, -7.5, 5],
							"lerp_mode": "catmullrom"
						},
						"1.5833": {
							"post": [-30, 0, 0],
							"lerp_mode": "catmullrom"
						},
						"2.0833": {
							"post": [0, 0, 0],
							"lerp_mode": "catmullrom"
						}
					}
				},
				"jaw": {
					"rotation": {
						"0.0": {
							"post": [0, 0, 0],
							"lerp_mode": "catmullrom"
						},
						"0.4167": {
							"post": [0, 0, 0],
							"lerp_mode": "catmullrom"
						},
						"0.6667": {
							"post": [30, 0, 0],
							"lerp_mode": "catmullrom"
						},
						"1.25": {
							"post": [30, 0, 0],
							"lerp_mode": "catmullrom"
						},
						"1.5": {
							"post": [0, 0, 0],
							"lerp_mode": "catmullrom"
						}
					}
				},
				"torso": {
					"rotation": {
						"0.0": {
							"post": [0, 0, 0],
							"lerp_mode": "catmullrom"
						},
						"0.4167": {
							"post": [12.5, 0, 0],
							"lerp_mode": "catmullrom"
						},
						"1.5": {
							"post": [12.5, 0, 0],
							"lerp_mode": "catmullrom"
						},
						"2.3333": {
							"post": [0, 0, 0],
							"lerp_mode": "catmullrom"
						}
					}
				}
			},
			"sound_effects": {
				"0.4167": {
					"effect": "pokemon.grovyle.cry"
				}
			}
		}
	}
}