{
	"format_version": "1.8.0",
	"animations": {
		"animation.gabite.ground_idle": {
			"loop": true,
			"animation_length": 2,
			"bones": {
				"neck2": {
					"rotation": ["10+math.sin(q.anim_time*90*2-90)*1", 0, 0]
				},
				"arm_left": {
					"rotation": [3.31914, 14.63639, 40.42638]
				},
				"arm_left2": {
					"rotation": [1.81693, "19.9207+math.sin(q.anim_time*90*2+90)*2", 5.3191]
				},
				"arm_left3": {
					"rotation": [20, "41.0455-math.sin(q.anim_time*90*2-180)*6", "25.979-math.sin(q.anim_time*90*2-180)*2"]
				},
				"arm_right": {
					"rotation": [3.31914, -14.6364, -40.4264]
				},
				"arm_right2": {
					"rotation": [1.81693, "-19.9207-math.sin(q.anim_time*90*2+90)*2", -5.3191]
				},
				"arm_right3": {
					"rotation": [20, "-41.0455+math.sin(q.anim_time*90*2-180)*6", "-25.979+math.sin(q.anim_time*90*2-180)*2"]
				},
				"head": {
					"rotation": ["-5+math.sin(q.anim_time*90*2-180)*2", 0, 0]
				},
				"leg_left": {
					"rotation": [0, -12.5, 0]
				},
				"leg_right": {
					"rotation": [0, 12.5, 0]
				},
				"torso": {
					"rotation": ["5+math.sin(q.anim_time*90*2)*1", 0, 0]
				},
				"tail2": {
					"rotation": [5, 0, "math.sin(q.anim_time*90*2+0)*6"]
				},
				"tail3": {
					"rotation": [0, 0, "0+math.sin(q.anim_time*90*2-90)*6"]
				},
				"tail4": {
					"rotation": [2.5, 0, "0+math.sin(q.anim_time*90*2-90)*6"]
				},
				"tail": {
					"rotation": ["-10+math.sin(q.anim_time*90*4)*1", "-math.sin(q.anim_time*90*2+90)*2", "math.sin(q.anim_time*90*2+90)*3"]
				}
			}
		},
		"animation.gabite.ground_walk": {
			"loop": true,
			"animation_length": 2,
			"bones": {
				"neck2": {
					"rotation": ["15-(math.sin(q.anim_time*90*8-90)*2)", "math.sin(q.anim_time*90*4-95)*3", 0]
				},
				"arm_left": {
					"rotation": [-12.5, 10, 27.5]
				},
				"arm_left2": {
					"rotation": [-20, "40-(math.sin(q.anim_time*90*8-95)*2)", 0]
				},
				"arm_left3": {
					"rotation": ["30.6423+(math.sin(q.anim_time*90*8-135)*1)", 54.46865, "16.0524-(math.sin(q.anim_time*90*8-135)*3)"]
				},
				"arm_right": {
					"rotation": [-12.5, -10, -27.5]
				},
				"arm_right2": {
					"rotation": [-20, "-40+(math.sin(q.anim_time*90*8-95)*2)", 0]
				},
				"arm_right3": {
					"rotation": ["30.6423-(math.sin(q.anim_time*90*8-135)*1)", -54.46865, "-16.0524+(math.sin(q.anim_time*90*8-135)*3)"]
				},
				"head": {
					"rotation": ["-35-(math.sin(q.anim_time*90*8-180)*2)", "math.cos(q.anim_time*90*4-65)*8", 0]
				},
				"leg_left": {
					"rotation": ["math.sin(q.anim_time*90*4-155)*30", -12.5, 0],
					"position": [0, "math.clamp(-math.sin(q.anim_time*90*4-45)*2,0,180)", "-math.cos(q.anim_time*90*4-65)*2"]
				},
				"leg_right": {
					"rotation": ["-math.sin(q.anim_time*90*4-155)*30", 12.5, 0],
					"position": [0, "math.clamp(math.sin(q.anim_time*90*4-45)*2,0,180)", "math.cos(q.anim_time*90*4-65)*2"]
				},
				"torso": {
					"rotation": ["42.5-(math.sin(q.anim_time*90*8-45)*1)", "0-math.cos(q.anim_time*90*4-25)*2", "0-math.sin(q.anim_time*90*4-25)*5"],
					"position": [0, 1, 0]
				},
				"tail2": {
					"rotation": [0, 0, "math.sin(q.anim_time*90*4+0)*12"]
				},
				"tail3": {
					"rotation": [5, 0, "math.sin(q.anim_time*90*4-90)*12"]
				},
				"tail4": {
					"rotation": [5, 0, "math.sin(q.anim_time*90*4-90)*15"]
				},
				"body": {
					"position": [0, "math.abs(math.sin(q.anim_time*90*4-90)*0.5)", 0]
				},
				"jaw": {
					"rotation": ["10+(math.sin(q.anim_time*90*8-45)*2)", 0, 0]
				},
				"tail": {
					"rotation": ["-20+math.sin(q.anim_time*90*8)*2", "0-math.sin(q.anim_time*90*4+90)*2", "0+math.sin(q.anim_time*90*4+90)*3"]
				},
				"leg_left2": {
					"rotation": ["math.clamp(-math.sin(q.anim_time*90*4-45)*30,0,90)", 0, 0]
				},
				"foot_left": {
					"rotation": ["math.clamp(math.sin(q.anim_time*90*4+25)*20,-180,5)", 0, 0]
				},
				"leg_right2": {
					"rotation": ["math.clamp(math.sin(q.anim_time*90*4-45)*30,0,90)", 0, 0]
				},
				"foot_right": {
					"rotation": ["math.clamp(-math.sin(q.anim_time*90*4+25)*20,-180,5)", 0, 0]
				}
			}
		},
		"animation.gabite.battle_idle": {
			"loop": true,
			"animation_length": 2,
			"bones": {
				"neck2": {
					"rotation": ["4.9771+math.sin(q.anim_time*90*2-90)*1", 5.0087, -0.08724]
				},
				"arm_left": {
					"rotation": [-1.64489, -12.44093, 25.63076]
				},
				"arm_left2": {
					"rotation": [28.56609, "52.3069+math.sin(q.anim_time*90*2+90)*2", 5.13201]
				},
				"arm_left3": {
					"rotation": [18.76733, "61.8807-math.sin(q.anim_time*90*2-180)*6", "13.2311-math.sin(q.anim_time*90*2-180)*2"]
				},
				"arm_right": {
					"rotation": [-2.59686, -7.27477, -17.50517]
				},
				"arm_right2": {
					"rotation": [1.71714, "-32.4625-math.sin(q.anim_time*90*2+90)*2", 1.97954]
				},
				"arm_right3": {
					"rotation": [15.46489, "-56.7478+math.sin(q.anim_time*90*2-180)*2", "-11.0616+math.sin(q.anim_time*90*2-180)*2"]
				},
				"head": {
					"rotation": ["1.0031+math.sin(q.anim_time*90*2-180)*2", 15.22969, -7.07539]
				},
				"leg_left": {
					"rotation": [3.77485, -22.69913, -10.34156]
				},
				"leg_right": {
					"rotation": [0, 32.5, 0]
				},
				"torso": {
					"rotation": ["15+math.sin(q.anim_time*90*2)*1", 0, 0]
				},
				"tail2": {
					"rotation": [17.5, 0, "0+math.sin(q.anim_time*90*2+0)*6"]
				},
				"tail3": {
					"rotation": [12.5, 0, "math.sin(q.anim_time*90*2-90)*6"]
				},
				"tail4": {
					"rotation": [12.5, 0, "0+math.sin(q.anim_time*90*2-90)*6"]
				},
				"tail": {
					"rotation": ["-15+math.sin(q.anim_time*90*4)*1", "-math.sin(q.anim_time*90*2+90)*2", "math.sin(q.anim_time*90*2+90)*3"]
				},
				"body": {
					"rotation": [0, -20, 0],
					"position": [0.5, 0, 1]
				},
				"leg_left2": {
					"rotation": [0, 0, 2.5]
				},
				"foot_left": {
					"rotation": [0.1, 4.76804, 5.99299],
					"position": [0, -0.08, 0]
				},
				"leg_right2": {
					"rotation": [-25, 0, 0],
					"position": [0, 0, -1]
				},
				"foot_right": {
					"rotation": [25, 0, 0],
					"position": [0, 0.3, 0]
				}
			}
		},
		"animation.gabite.blink": {
			"animation_length": 0.1667,
			"bones": {
				"eyelid_left": {
					"position": {
						"0.0": [0.1, 0, 0],
						"0.125": [0.1, 0, 0],
						"0.1667": [0, 0, 0]
					}
				},
				"eyelid_right": {
					"position": {
						"0.0": [-0.1, 0, 0],
						"0.125": [-0.1, 0, 0],
						"0.1667": [0, 0, 0]
					}
				}
			}
		},
		"animation.gabite.pose": {
			"loop": true,
			"bones": {
				"neck": {
					"rotation": [0, 17.5, 0]
				},
				"neck2": {
					"rotation": [27.5, 0, 0]
				},
				"arm_left": {
					"rotation": [0, 0, 32.5]
				},
				"arm_left3": {
					"rotation": [0, 80, 0]
				},
				"hand_left": {
					"rotation": [0, 0, 0]
				},
				"arm_right": {
					"rotation": [21.64934, 3.18913, -21.41635]
				},
				"arm_right3": {
					"rotation": [0, -57.5, 0]
				},
				"hand_right": {
					"rotation": [0, 0, 0]
				},
				"head": {
					"rotation": [-12.5, 17.5, 0]
				},
				"jaw": {
					"rotation": [30, 0, 0]
				},
				"leg_left": {
					"rotation": [-17.5, -25, 0]
				},
				"foot_left": {
					"rotation": [20, 0, 0]
				},
				"leg_right": {
					"rotation": [-17.5, 25, 0]
				},
				"foot_right": {
					"rotation": [20, 0, 0]
				}
			}
		},
		"animation.gabite.cry": {
			"animation_length": 1.5,
			"bones": {
				"neck": {
					"rotation": {
						"0.0": [0, 0, 0],
						"0.25": [10, 0, 0],
						"1.25": [10, 0, 0],
						"1.5": [0, 0, 0]
					}
				},
				"head": {
					"rotation": {
						"0.0": [0, 0, 0],
						"0.25": [-15, 0, 0],
						"1.25": [-15, 0, 0],
						"1.5": [0, 0, 0]
					}
				},
				"jaw": {
					"rotation": {
						"0.0": [0, 0, 0],
						"0.25": [25, 0, 0],
						"1.25": [25, 0, 0],
						"1.5": [0, 0, 0]
					}
				}
			}
		}
	}
}