{
	"format_version": "1.8.0",
	"animations": {
		"animation.oddish.ground_walk": {
			"loop": true,
			"bones": {
				"torso": {
					"rotation": [
						"-math.clamp(math.sin(query.anim_time*90*4+20)*12,0,40)-math.clamp(math.sin(query.anim_time*90*4+20+180)*12,0,40)+7.5",
						"math.clamp(math.sin(query.anim_time*90*4*2+45)*2,-2,0)-math.clamp(math.sin(query.anim_time*90*4*2+45+180)*0.5,-2,0)",
						"math.sin(query.anim_time*90*4+20)*1"
					]
				},
				"leaf_center": {
					"rotation": ["-math.clamp(math.sin(query.anim_time*90*4)*12,0,40)-math.clamp(math.sin(query.anim_time*90*4+180)*12,0,40)", 0, 0]
				},
				"leaf_front_right": {
					"rotation": ["-math.clamp(math.sin(query.anim_time*90*4+10)*12,0,40)-math.clamp(math.sin(query.anim_time*90*4+10+180)*12,0,40)", 0, 0]
				},
				"leaf_front_left": {
					"rotation": ["-math.clamp(math.sin(query.anim_time*90*4+10)*12,0,40)-math.clamp(math.sin(query.anim_time*90*4+10+180)*12,0,40)", 0, 0]
				},
				"leaf_back_right": {
					"rotation": ["-math.clamp(math.sin(query.anim_time*90*4-15)*14,0,40)-math.clamp(math.sin(query.anim_time*90*4-15+180)*14,0,40)", 0, 0]
				},
				"leaf_back_left": {
					"rotation": ["-math.clamp(math.sin(query.anim_time*90*4-5)*14,0,40)-math.clamp(math.sin(query.anim_time*90*4-5+180)*14,0,40)", 0, 0]
				},
				"leg_right": {
					"rotation": [
						"math.clamp(math.sin(-query.anim_time*90*4-45+180)*25,0,25)+math.clamp(math.sin(-query.anim_time*90*4-45+180)*10,-25,0)-15*(math.clamp(math.sin(-query.anim_time*90*4+30+180)*1,-1,-0.5)*1+0.5)",
						0,
						"-math.clamp(math.sin(query.anim_time*90*4+180)*0.7,0.1,0.6)-math.clamp(math.sin(-query.anim_time*90*4+180)*0.7,0.1,0.6)+0.2"
					],
					"position": [
						0,
						"0.25+math.clamp(math.sin(query.anim_time*90*4+90+180)*1,-0.5,0)+math.clamp(math.sin(query.anim_time*90*4+150+180)*1,0,0.5)+2*(math.clamp(math.sin(-query.anim_time*90*4-20+180)*1,-1,-0.7)*1+0.7)",
						"-0.5-math.clamp(math.sin(query.anim_time*90*4+45+180)*2,-2,1.5)"
					]
				},
				"foot_right": {
					"rotation": [
						"math.clamp(math.sin(-query.anim_time*90*4-45+180)*5,-20,0)+math.clamp(math.sin(query.anim_time*90*4+110+180)*5,-5,-0.5)",
						0,
						"-math.clamp(math.sin(q.anim_time*90*4+90)*2,0,2)"
					]
				},
				"leg_left": {
					"rotation": [
						"math.clamp(math.sin(-query.anim_time*90*4-45)*25,0,25)+math.clamp(math.sin(-query.anim_time*90*4-45)*10,-25,0)-15*(math.clamp(math.sin(-query.anim_time*90*4+30)*1,-1,-0.5)*1+0.5)",
						0,
						"-math.clamp(math.sin(query.anim_time*90*4)*0.7,0.1,0.6)-math.clamp(math.sin(-query.anim_time*90*4+180)*0.7,0.1,0.6)+0.2"
					],
					"position": [
						0,
						"0.25+math.clamp(math.sin(query.anim_time*90*4+90)*1,-0.5,0)+math.clamp(math.sin(query.anim_time*90*4+150)*1,0,0.5)+2*(math.clamp(math.sin(-query.anim_time*90*4-20)*1,-1,-0.7)*1+0.7)",
						"-0.5-math.clamp(math.sin(query.anim_time*90*4+45)*2,-2,1.5)"
					]
				},
				"foot_left": {
					"rotation": [
						"math.clamp(math.sin(-query.anim_time*90*4-45)*5,-20,0)+math.clamp(math.sin(query.anim_time*90*4+110)*5,-5,-0.5)",
						0,
						"math.clamp(math.sin(q.anim_time*90*4+90+180)*2,0,2)"
					]
				},
				"leaf_center2": {
					"rotation": ["-math.clamp(math.sin(query.anim_time*90*4-30)*12,0,40)-math.clamp(math.sin(query.anim_time*90*4+150)*12,0,40)", 0, 0]
				},
				"leaf_front_left2": {
					"rotation": ["-math.clamp(math.sin(query.anim_time*90*4-20)*8,0,40)-math.clamp(math.sin(query.anim_time*90*4+160)*12,0,40)", 0, 0]
				},
				"leaf_front_right2": {
					"rotation": ["-math.clamp(math.sin(query.anim_time*90*4-20)*8,0,40)-math.clamp(math.sin(query.anim_time*90*4+160)*12,0,40)", 0, 0]
				},
				"leaf_back_right2": {
					"rotation": ["-math.clamp(math.sin(query.anim_time*90*4-25)*10,0,40)-math.clamp(math.sin(query.anim_time*90*4+145)*12,0,40)", 0, 0]
				},
				"leaf_back_left2": {
					"rotation": ["-math.clamp(math.sin(query.anim_time*90*4-25)*10,0,40)-math.clamp(math.sin(query.anim_time*90*4+145)*12,0,40)", 0, 0]
				},
				"body": {
					"position": [
						0,
						"1.25-math.clamp(math.sin(-query.anim_time*90*4+45/2)*1,0,1)-math.clamp(math.sin(-query.anim_time*90*4+45/2+180)*1,0,1)-4.6+math.clamp(math.sin(-query.anim_time*90*4+45/2-50)*3,2.2,3)+math.clamp(math.sin(-query.anim_time*90*4+45/2-50+180)*3,2.2,3)",
						"-math.clamp(math.sin(query.anim_time*90*4)*0.7,0.1,0.6)-math.clamp(math.sin(-query.anim_time*90*4)*0.7,0.1,0.6)+0.2"
					]
				},
				"foot_right2": {
					"rotation": ["-math.clamp(math.sin(q.anim_time*90*4+90)*15,0,15)", 0, 0]
				},
				"foot_left2": {
					"rotation": ["-math.clamp(math.sin(q.anim_time*90*4-90)*15,0,15)", 0, 0]
				}
			}
		},
		"animation.oddish.ground_idle": {
			"loop": true,
			"bones": {
				"torso": {
					"rotation": [0, 0, "0.5*math.clamp(math.sin(q.anim_time*90*2),-2,2)+math.sin(q.anim_time*90*2)"],
					"position": ["math.sin(q.anim_time*90*2)*0.1+math.sin(q.anim_time*90*2+180)*0.01", "-0.25-math.sin(q.anim_time*90*4-90)*0.1", 0]
				},
				"leaf_center": {
					"rotation": [0, 0, "math.sin(query.anim_time*90*2-40)*4"]
				},
				"leaf_front_right": {
					"rotation": [0, 0, "math.sin(query.anim_time*90*2-20)*4+math.clamp(math.sin(query.anim_time*90*2-20)*2,-2,0)"]
				},
				"leaf_front_left": {
					"rotation": [0, 0, "math.sin(query.anim_time*90*2-60)*4+math.clamp(math.sin(query.anim_time*90*2-60)*2,0,4)"]
				},
				"leaf_back_right": {
					"rotation": [0, 0, "math.sin(query.anim_time*90*2-10)*4"]
				},
				"leaf_back_left": {
					"rotation": [0, 0, "math.sin(query.anim_time*90*2-50)*4"]
				}
			}
		},
		"animation.oddish.special_attack": {
			"loop": true,
			"animation_length": 3,
			"bones": {
				"torso": {
					"rotation": {
						"0.0": [0, 0, "0.5*math.clamp(math.sin(q.anim_time*90*2),-2,2)+math.sin(q.anim_time*90*2)"],
						"0.4": [17.5, 0, "0+0.5*math.clamp(math.sin(q.anim_time*90*2),-2,2)+math.sin(q.anim_time*90*2)"],
						"0.65": [22.5, 0, "0+0.5*math.clamp(math.sin(q.anim_time*90*2),-2,2)+math.sin(q.anim_time*90*2)"],
						"0.9": [-5, 0, "0.5*math.clamp(math.sin(q.anim_time*90*2),-2,2)+math.sin(q.anim_time*90*2)"],
						"1.05": [-10, 0, "0.5*math.clamp(math.sin(q.anim_time*90*2),-2,2)+math.sin(q.anim_time*90*2)"],
						"1.2": [-5, 0, "0.5*math.clamp(math.sin(q.anim_time*90*2),-2,2)+math.sin(q.anim_time*90*2)"],
						"1.35": [-10, 0, "0.5*math.clamp(math.sin(q.anim_time*90*2),-2,2)+math.sin(q.anim_time*90*2)"],
						"1.5": [-5, 0, "0.5*math.clamp(math.sin(q.anim_time*90*2),-2,2)+math.sin(q.anim_time*90*2)"],
						"1.65": [-10, 0, "0.5*math.clamp(math.sin(q.anim_time*90*2),-2,2)+math.sin(q.anim_time*90*2)"],
						"1.8": [-5, 0, "0.5*math.clamp(math.sin(q.anim_time*90*2),-2,2)+math.sin(q.anim_time*90*2)"],
						"1.95": [-10, 0, "0.5*math.clamp(math.sin(q.anim_time*90*2),-2,2)+math.sin(q.anim_time*90*2)"],
						"2.1": [-5, 0, "0.5*math.clamp(math.sin(q.anim_time*90*2),-2,2)+math.sin(q.anim_time*90*2)"],
						"2.25": [-10, 0, "0.5*math.clamp(math.sin(q.anim_time*90*2),-2,2)+math.sin(q.anim_time*90*2)"],
						"2.4": [-5, 0, "0.5*math.clamp(math.sin(q.anim_time*90*2),-2,2)+math.sin(q.anim_time*90*2)"],
						"2.7": [17.5, 0, "0+0.5*math.clamp(math.sin(q.anim_time*90*2),-2,2)+math.sin(q.anim_time*90*2)"],
						"3.0": [0, 0, "0.5*math.clamp(math.sin(q.anim_time*90*2),-2,2)+math.sin(q.anim_time*90*2)"]
					},
					"position": {
						"0.0": ["math.sin(q.anim_time*90*2)*0.1+math.sin(q.anim_time*90*2+180)*0.01", "-math.sin(q.anim_time*90*4-90)*0.1", 0],
						"0.4": ["math.sin(q.anim_time*90*2)*0.1+math.sin(q.anim_time*90*2+180)*0.01", "-0.55-math.sin(q.anim_time*90*4-90)*0.1", -1.3],
						"0.65": ["math.sin(q.anim_time*90*2)*0.1+math.sin(q.anim_time*90*2+180)*0.01", "-0.65-math.sin(q.anim_time*90*4-90)*0.1", -1.6],
						"0.9": ["math.sin(q.anim_time*90*2)*0.1+math.sin(q.anim_time*90*2+180)*0.01", "0.25-math.sin(q.anim_time*90*4-90)*0.1", -0.5],
						"1.05": ["math.sin(q.anim_time*90*2)*0.1+math.sin(q.anim_time*90*2+180)*0.01", "0.25-math.sin(q.anim_time*90*4-90)*0.1", -0.2],
						"1.2": ["math.sin(q.anim_time*90*2)*0.1+math.sin(q.anim_time*90*2+180)*0.01", "0.25-math.sin(q.anim_time*90*4-90)*0.1", -0.5],
						"1.35": ["math.sin(q.anim_time*90*2)*0.1+math.sin(q.anim_time*90*2+180)*0.01", "0.25-math.sin(q.anim_time*90*4-90)*0.1", -0.2],
						"1.5": ["math.sin(q.anim_time*90*2)*0.1+math.sin(q.anim_time*90*2+180)*0.01", "0.25-math.sin(q.anim_time*90*4-90)*0.1", -0.5],
						"1.65": ["math.sin(q.anim_time*90*2)*0.1+math.sin(q.anim_time*90*2+180)*0.01", "0.25-math.sin(q.anim_time*90*4-90)*0.1", -0.2],
						"1.8": ["math.sin(q.anim_time*90*2)*0.1+math.sin(q.anim_time*90*2+180)*0.01", "0.25-math.sin(q.anim_time*90*4-90)*0.1", -0.5],
						"1.95": ["math.sin(q.anim_time*90*2)*0.1+math.sin(q.anim_time*90*2+180)*0.01", "0.25-math.sin(q.anim_time*90*4-90)*0.1", -0.2],
						"2.1": ["math.sin(q.anim_time*90*2)*0.1+math.sin(q.anim_time*90*2+180)*0.01", "0.25-math.sin(q.anim_time*90*4-90)*0.1", -0.5],
						"2.25": ["math.sin(q.anim_time*90*2)*0.1+math.sin(q.anim_time*90*2+180)*0.01", "0.25-math.sin(q.anim_time*90*4-90)*0.1", -0.2],
						"2.4": ["math.sin(q.anim_time*90*2)*0.1+math.sin(q.anim_time*90*2+180)*0.01", "0.25-math.sin(q.anim_time*90*4-90)*0.1", -0.5],
						"2.7": ["math.sin(q.anim_time*90*2)*0.1+math.sin(q.anim_time*90*2+180)*0.01", "-0.55-math.sin(q.anim_time*90*4-90)*0.1", -1.3],
						"3.0": ["math.sin(q.anim_time*90*2)*0.1+math.sin(q.anim_time*90*2+180)*0.01", "-math.sin(q.anim_time*90*4-90)*0.1", 0]
					}
				},
				"leaf_center": {
					"rotation": {
						"0.0": [0, 0, 0],
						"0.4": [10, 0, 0],
						"0.55": [15, 0, 0],
						"0.85": [17.5, 0, 0],
						"1.0": [10, 0, 0],
						"1.15": [0, 0, 0],
						"1.35": [5, 0, 0],
						"1.55": [0, 0, 0],
						"2.4": [0, 0, 0],
						"2.8": [10, 0, 0],
						"3.0": [0, 0, 0]
					},
					"position": {
						"0.0": [0, 0, 0],
						"3.0": [0, 0, 0]
					}
				},
				"leaf_front_right": {
					"rotation": {
						"0.0": [0, 0, 0],
						"0.4": [10, 0, 0],
						"0.55": [15, 0, 0],
						"0.85": [7.5, 0, 0],
						"1.0": [0, 0, 0],
						"1.15": [-2.5, 0, 0],
						"1.35": [10, 0, 0],
						"1.55": [-2.5, 0, 0],
						"2.4": [-2.5, 0, 0],
						"2.8": [10, 0, 0],
						"3.0": [0, 0, 0]
					},
					"position": {
						"0.0": [0, 0, 0],
						"3.0": [0, 0, 0]
					}
				},
				"leaf_front_left": {
					"rotation": {
						"0.0": [0, 0, 0],
						"0.4": [17.5, 0, 0],
						"0.55": [20, 0, 0],
						"0.85": [10, 0, 0],
						"1.0": [5, 0, 0],
						"1.15": [-2.5, 0, 0],
						"1.35": [5, 0, 0],
						"1.55": [-2.5, 0, 0],
						"2.4": [-2.5, 0, 0],
						"2.8": [17.5, 0, 0],
						"3.0": [0, 0, 0]
					},
					"position": {
						"0.0": [0, 0, 0],
						"3.0": [0, 0, 0]
					}
				},
				"leaf_back_right": {
					"rotation": {
						"0.0": [0, 0, 0],
						"0.4": [7.5, 0, 0],
						"0.55": [12.5, 0, 0],
						"0.85": [7.5, 0, 0],
						"1.0": [2.5, 0, 0],
						"1.15": [-5, 0, 0],
						"1.35": [2.5, 0, 0],
						"1.55": [-5, 0, 0],
						"2.4": [-5, 0, 0],
						"2.8": [7.5, 0, 0],
						"3.0": [0, 0, 0]
					},
					"position": {
						"0.0": [0, 0, 0],
						"3.0": [0, 0, 0]
					}
				},
				"leaf_back_left": {
					"rotation": {
						"0.0": [0, 0, 0],
						"0.4": [7.5, 0, 0],
						"0.55": [10, 0, 0],
						"0.85": [2.5, 0, 0],
						"1.0": [-2.5, 0, 0],
						"1.15": [-10, 0, 0],
						"1.35": [-2.5, 0, 0],
						"1.55": [-10, 0, 0],
						"2.4": [-10, 0, 0],
						"2.8": [7.5, 0, 0],
						"3.0": [0, 0, 0]
					},
					"position": {
						"0.0": [0, 0, 0],
						"3.0": [0, 0, 0]
					}
				},
				"leg_right": {
					"rotation": {
						"0.0": [0, 0, "-0.5*math.clamp(math.sin(q.anim_time*90*2),-2,2)-math.sin(q.anim_time*90*2)"],
						"0.9": [5, 0, "-0.5*math.clamp(math.sin(q.anim_time*90*2),-2,2)-math.sin(q.anim_time*90*2)"],
						"1.05": [10, 0, "-0.5*math.clamp(math.sin(q.anim_time*90*2),-2,2)-math.sin(q.anim_time*90*2)"],
						"1.2": [5, 0, "-0.5*math.clamp(math.sin(q.anim_time*90*2),-2,2)-math.sin(q.anim_time*90*2)"],
						"1.35": [10, 0, "-0.5*math.clamp(math.sin(q.anim_time*90*2),-2,2)-math.sin(q.anim_time*90*2)"],
						"1.5": [5, 0, "-0.5*math.clamp(math.sin(q.anim_time*90*2),-2,2)-math.sin(q.anim_time*90*2)"],
						"1.65": [10, 0, "-0.5*math.clamp(math.sin(q.anim_time*90*2),-2,2)-math.sin(q.anim_time*90*2)"],
						"1.8": [5, 0, "-0.5*math.clamp(math.sin(q.anim_time*90*2),-2,2)-math.sin(q.anim_time*90*2)"],
						"1.95": [10, 0, "-0.5*math.clamp(math.sin(q.anim_time*90*2),-2,2)-math.sin(q.anim_time*90*2)"],
						"2.1": [5, 0, "-0.5*math.clamp(math.sin(q.anim_time*90*2),-2,2)-math.sin(q.anim_time*90*2)"],
						"2.25": [10, 0, "-0.5*math.clamp(math.sin(q.anim_time*90*2),-2,2)-math.sin(q.anim_time*90*2)"],
						"2.4": [5, 0, "-0.5*math.clamp(math.sin(q.anim_time*90*2),-2,2)-math.sin(q.anim_time*90*2)"],
						"3.0": [0, 0, "-0.5*math.clamp(math.sin(q.anim_time*90*2),-2,2)-math.sin(q.anim_time*90*2)"]
					},
					"position": {
						"0.0": [
							0,
							"-math.sin(q.anim_time*90*2)*0.1-math.sin(q.anim_time*90*2+120)*0.1-math.sin(q.anim_time*90*4+90)*0.1+math.sin(q.anim_time*90*2+90)*0.09-math.sin(q.anim_time*90*4-90)*0.01",
							0
						],
						"0.65": [0, 0, 0],
						"3.0": [
							0,
							"-math.sin(q.anim_time*90*2)*0.1-math.sin(q.anim_time*90*2+120)*0.1-math.sin(q.anim_time*90*4+90)*0.1+math.sin(q.anim_time*90*2+90)*0.09-math.sin(q.anim_time*90*4-90)*0.01",
							0
						]
					}
				},
				"leg_left": {
					"rotation": {
						"0.0": [0, 0, "-0.5*math.clamp(math.sin(q.anim_time*90*2),-2,2)-math.sin(q.anim_time*90*2)"],
						"0.9": [5, 0, "-0.5*math.clamp(math.sin(q.anim_time*90*2),-2,2)-math.sin(q.anim_time*90*2)"],
						"1.05": [10, 0, "-0.5*math.clamp(math.sin(q.anim_time*90*2),-2,2)-math.sin(q.anim_time*90*2)"],
						"1.2": [5, 0, "-0.5*math.clamp(math.sin(q.anim_time*90*2),-2,2)-math.sin(q.anim_time*90*2)"],
						"1.35": [10, 0, "-0.5*math.clamp(math.sin(q.anim_time*90*2),-2,2)-math.sin(q.anim_time*90*2)"],
						"1.5": [5, 0, "-0.5*math.clamp(math.sin(q.anim_time*90*2),-2,2)-math.sin(q.anim_time*90*2)"],
						"1.65": [10, 0, "-0.5*math.clamp(math.sin(q.anim_time*90*2),-2,2)-math.sin(q.anim_time*90*2)"],
						"1.8": [5, 0, "-0.5*math.clamp(math.sin(q.anim_time*90*2),-2,2)-math.sin(q.anim_time*90*2)"],
						"1.95": [10, 0, "-0.5*math.clamp(math.sin(q.anim_time*90*2),-2,2)-math.sin(q.anim_time*90*2)"],
						"2.1": [5, 0, "-0.5*math.clamp(math.sin(q.anim_time*90*2),-2,2)-math.sin(q.anim_time*90*2)"],
						"2.25": [10, 0, "-0.5*math.clamp(math.sin(q.anim_time*90*2),-2,2)-math.sin(q.anim_time*90*2)"],
						"2.4": [5, 0, "-0.5*math.clamp(math.sin(q.anim_time*90*2),-2,2)-math.sin(q.anim_time*90*2)"],
						"3.0": [0, 0, "-0.5*math.clamp(math.sin(q.anim_time*90*2),-2,2)-math.sin(q.anim_time*90*2)"]
					},
					"position": {
						"0.0": [
							0,
							"-math.sin(q.anim_time*90*2+180)*0.1-math.sin(q.anim_time*90*2-60)*0.1+math.sin(q.anim_time*90*4-90)*0.1+math.sin(q.anim_time*90*2-90)*0.09-math.sin(q.anim_time*90*4-90)*0.01",
							0
						],
						"0.65": [0, 0, 0],
						"3.0": [
							0,
							"-math.sin(q.anim_time*90*2+180)*0.1-math.sin(q.anim_time*90*2-60)*0.1+math.sin(q.anim_time*90*4-90)*0.1+math.sin(q.anim_time*90*2-90)*0.09-math.sin(q.anim_time*90*4-90)*0.01",
							0
						]
					}
				},
				"mouth_closed": {
					"position": {
						"0.8": [0, 0, 0],
						"0.85": [0, 0, 0.1],
						"2.45": [0, 0, 0.1],
						"2.5": [0, 0, 0]
					}
				},
				"eyelid_right": {
					"position": {
						"0.05": [0, 0, 0],
						"0.1": [0, 0, -0.1],
						"0.5": [0, 0, -0.1],
						"0.55": [0, 0, 0],
						"2.5": [0, 0, 0],
						"2.55": [0, 0, -0.1],
						"2.8": [0, 0, -0.1],
						"2.85": [0, 0, 0]
					}
				},
				"eyelid_left": {
					"position": {
						"0.05": [0, 0, 0],
						"0.1": [0, 0, -0.1],
						"0.5": [0, 0, -0.1],
						"0.55": [0, 0, 0],
						"2.5": [0, 0, 0],
						"2.55": [0, 0, -0.1],
						"2.8": [0, 0, -0.1],
						"2.85": [0, 0, 0]
					}
				},
				"leaf_center2": {
					"rotation": {
						"0.0": [0, 0, 0],
						"0.4": [30, 0, 0],
						"0.55": [30, 0, 0],
						"0.85": [27.5, 0, 0],
						"1.0": [15, 0, 0],
						"1.15": [0, 0, 0],
						"1.35": [5, 0, 0],
						"1.55": [0, 0, 0],
						"2.4": [0, 0, 0],
						"2.8": [30, 0, 0],
						"3.0": [0, 0, 0]
					},
					"position": {
						"0.0": [0, 0, 0],
						"3.0": [0, 0, 0]
					}
				},
				"leaf_front_right2": {
					"rotation": {
						"0.0": [0, 0, 0],
						"0.4": [15, 0, 0],
						"0.55": [20, 0, 0],
						"0.85": [5, 0, 0],
						"1.0": [0, 0, 0],
						"1.15": [-5, 0, 0],
						"1.35": [2.5, 0, 0],
						"1.55": [-5, 0, 0],
						"2.4": [-5, 0, 0],
						"2.8": [15, 0, 0],
						"3.0": [0, 0, 0]
					},
					"position": {
						"0.0": [0, 0, 0],
						"3.0": [0, 0, 0]
					}
				},
				"leaf_front_left2": {
					"rotation": {
						"0.0": [0, 0, 0],
						"0.4": [15, 0, 0],
						"0.55": [20, 0, 0],
						"0.85": [10, 0, 0],
						"1.0": [0, 0, 0],
						"1.15": [-2.5, 0, 0],
						"1.35": [10, 0, 0],
						"1.55": [-2.5, 0, 0],
						"2.4": [-2.5, 0, 0],
						"2.8": [15, 0, 0],
						"3.0": [0, 0, 0]
					},
					"position": {
						"0.0": [0, 0, 0],
						"3.0": [0, 0, 0]
					}
				},
				"leaf_back_right2": {
					"rotation": {
						"0.0": [0, 0, 0],
						"0.4": [10, 0, 0],
						"0.55": [15, 0, 0],
						"0.85": [5, 0, 0],
						"1.0": [2.5, 0, 0],
						"1.15": [-2.5, 0, 0],
						"1.35": [5, 0, 0],
						"1.55": [-2.5, 0, 0],
						"2.8": [10, 0, 0],
						"3.0": [0, 0, 0]
					},
					"position": {
						"0.0": [0, 0, 0],
						"3.0": [0, 0, 0]
					}
				},
				"leaf_back_left2": {
					"rotation": {
						"0.0": [0, 0, 0],
						"0.4": [10, 0, 0],
						"0.55": [15, 0, 0],
						"0.85": [10, 0, 0],
						"1.0": [-2.5, 0, 0],
						"1.15": [-7.5, 0, 0],
						"1.35": [2.5, 0, 0],
						"1.55": [-7.5, 0, 0],
						"2.4": [-7.5, 0, 0],
						"2.8": [10, 0, 0],
						"3.0": [0, 0, 0]
					},
					"position": {
						"0.0": [0, 0, 0],
						"3.0": [0, 0, 0]
					}
				},
				"foot_right": {
					"rotation": {
						"0.0": [0, 0, 0],
						"0.4": [0, 0, 0],
						"0.65": [-5, 0, 0],
						"0.9": [22.5, 0, 0],
						"1.05": [22.5, 0, 0],
						"1.2": [22.5, 0, 0],
						"1.35": [22.5, 0, 0],
						"1.5": [22.5, 0, 0],
						"1.65": [22.5, 0, 0],
						"1.8": [22.5, 0, 0],
						"1.95": [22.5, 0, 0],
						"2.1": [22.5, 0, 0],
						"2.25": [22.5, 0, 0],
						"2.4": [22.5, 0, 0],
						"2.7": [-2.5, 0, 0],
						"3.0": [0, 0, 0]
					},
					"position": {
						"0.0": [0, 0, 0],
						"0.9": [0, 0, 0],
						"1.05": [0, 0, 0],
						"1.2": [0, 0, 0],
						"1.35": [0, 0, 0],
						"1.5": [0, 0, 0],
						"1.65": [0, 0, 0],
						"1.8": [0, 0, 0],
						"1.95": [0, 0, 0],
						"2.1": [0, 0, 0],
						"2.25": [0, 0, 0],
						"2.4": [0, 0, 0],
						"3.0": [0, 0, 0]
					}
				},
				"foot_left": {
					"rotation": {
						"0.0": [0, 0, 0],
						"0.4": [0, 0, 0],
						"0.65": [-5, 0, 0],
						"0.9": [22.5, 0, 0],
						"1.05": [22.5, 0, 0],
						"1.2": [22.5, 0, 0],
						"1.35": [22.5, 0, 0],
						"1.5": [22.5, 0, 0],
						"1.65": [22.5, 0, 0],
						"1.8": [22.5, 0, 0],
						"1.95": [22.5, 0, 0],
						"2.1": [22.5, 0, 0],
						"2.25": [22.5, 0, 0],
						"2.4": [22.5, 0, 0],
						"2.7": [-2.5, 0, 0],
						"3.0": [0, 0, 0]
					},
					"position": {
						"0.0": [0, 0, 0],
						"0.9": [0, 0, 0],
						"1.05": [0, 0, 0],
						"1.2": [0, 0, 0],
						"1.35": [0, 0, 0],
						"1.5": [0, 0, 0],
						"1.65": [0, 0, 0],
						"1.8": [0, 0, 0],
						"1.95": [0, 0, 0],
						"2.1": [0, 0, 0],
						"2.25": [0, 0, 0],
						"2.4": [0, 0, 0],
						"3.0": [0, 0, 0]
					}
				},
				"body": {
					"position": {
						"0.0": [0, 0, 0],
						"0.65": [0, 0, 0],
						"0.9": [0, 0.5, -0.75],
						"2.3": [0, 0.5, -0.75],
						"2.6": [0, 0, 0]
					}
				},
				"mouth_open": {
					"position": {
						"0.8": [0, 0, 0],
						"0.85": [0, 0, -0.1],
						"2.45": [0, 0, -0.1],
						"2.5": [0, 0, 0]
					}
				},
				"foot_right2": {
					"rotation": {
						"0.0": [0, 0, 0],
						"0.65": [0, 0, 0],
						"0.9": [-27.5, 0, 0],
						"2.4": [-27.5, 0, 0],
						"2.6": [0, 0, 0]
					}
				},
				"foot_left2": {
					"rotation": {
						"0.0": [0, 0, 0],
						"0.65": [0, 0, 0],
						"0.9": [-25, 0, 0],
						"2.4": [-25, 0, 0],
						"2.6": [0, 0, 0]
					}
				}
			}
		},
		"animation.oddish.faint": {
			"loop": true,
			"animation_length": 3,
			"bones": {
				"leaf_center": {
					"rotation": {
						"0.0": [0, 0, "math.sin(query.anim_time*90*2-40)*4"],
						"0.1": [52.12268, 3.63258, "-3.4758+math.sin(query.anim_time*90*2-40)*4"],
						"0.4": [25.23941, 2.36119, "-10.3047+math.sin(query.anim_time*90*2-40)*4"],
						"0.55": [25.23941, 2.36119, "-10.3047+math.sin(query.anim_time*90*2-40)*4"],
						"0.65": [62.32386, 6.08474, "-12.5994+math.sin(query.anim_time*90*2-40)*4"],
						"0.75": [30.34459, 0.89923, "-11.1955+math.sin(query.anim_time*90*2-40)*4"],
						"0.8": [40.3003, 0, "-10.6168+math.sin(query.anim_time*90*2-40)*4"],
						"0.9": [40.3003, 0, "-10.6168+math.sin(query.anim_time*90*2-40)*4"],
						"1.25": [-42.1997, 0, -10.6168],
						"1.35": [-32.1997, 0, -10.6168]
					}
				},
				"leaf_front_right": {
					"rotation": {
						"0.0": [0, 0, "math.sin(query.anim_time*90*2-20)*4+math.clamp(math.sin(query.anim_time*90*2-20)*2,-2,0)"],
						"0.1": [43.46248, 5.0853, "-9.511+math.sin(query.anim_time*90*2-20)*4+math.clamp(math.sin(query.anim_time*90*2-20)*2,-2,0)"],
						"0.4": [3.46248, 5.0853, "-9.511+math.sin(query.anim_time*90*2-20)*4+math.clamp(math.sin(query.anim_time*90*2-20)*2,-2,0)"],
						"0.65": [35.96248, 5.0853, "-9.511+math.sin(query.anim_time*90*2-20)*4+math.clamp(math.sin(query.anim_time*90*2-20)*2,-2,0)"],
						"0.75": [13.46248, 5.0853, "-9.511+math.sin(query.anim_time*90*2-20)*4+math.clamp(math.sin(query.anim_time*90*2-20)*2,-2,0)"],
						"0.8": [29.12128, 7.27635, "-8.1386+math.sin(query.anim_time*90*2-20)*4+math.clamp(math.sin(query.anim_time*90*2-20)*2,-2,0)"],
						"0.9": [29.12128, 7.27635, "-8.1386+math.sin(query.anim_time*90*2-20)*4+math.clamp(math.sin(query.anim_time*90*2-20)*2,-2,0)"],
						"1.25": [-52.06457, -38.3663, -21.3787],
						"1.35": [-42.53104, -25.63341, -33.5788]
					}
				},
				"leaf_front_left": {
					"rotation": {
						"0.0": [0, 0, "math.sin(query.anim_time*90*2-60)*4+math.clamp(math.sin(query.anim_time*90*2-60)*2,0,4)"],
						"0.1": [52.5, 0, "math.sin(query.anim_time*90*2-60)*4+math.clamp(math.sin(query.anim_time*90*2-60)*2,0,4)"],
						"0.4": [7.5, 0, "math.sin(query.anim_time*90*2-60)*4+math.clamp(math.sin(query.anim_time*90*2-60)*2,0,4)"],
						"0.65": [47.5, 0, "math.sin(query.anim_time*90*2-60)*4+math.clamp(math.sin(query.anim_time*90*2-60)*2,0,4)"],
						"0.75": [25, 0, "0+math.sin(query.anim_time*90*2-60)*4+math.clamp(math.sin(query.anim_time*90*2-60)*2,0,4)"],
						"0.8": [31.16833, -4.30534, "-2.7985+math.sin(query.anim_time*90*2-60)*4+math.clamp(math.sin(query.anim_time*90*2-60)*2,0,4)"],
						"0.9": [31.16833, -4.30534, "-2.7985+math.sin(query.anim_time*90*2-60)*4+math.clamp(math.sin(query.anim_time*90*2-60)*2,0,4)"],
						"0.95": [19.59264, -0.73489, 4.10282],
						"1.25": [-47.261, 27.89606, 7.4743],
						"1.35": [-37.54809, 28.25601, 17.2681]
					}
				},
				"leaf_back_right": {
					"rotation": {
						"0.0": [0, 0, "math.sin(query.anim_time*90*2-10)*4"],
						"0.1": [40, 0, "-12.5+math.sin(query.anim_time*90*2-10)*4"],
						"0.4": [2.51197, 12.48825, "-13.043+math.sin(query.anim_time*90*2-10)*4"],
						"0.65": [47.51197, 12.48825, "-13.043+math.sin(query.anim_time*90*2-10)*4"],
						"0.75": [38.83095, 22.46138, "-5.3858+math.sin(query.anim_time*90*2-10)*4"],
						"0.8": [51.52186, 20.82815, "-3.6023+math.sin(query.anim_time*90*2-10)*4"],
						"0.9": [51.52186, 20.82815, "-3.6023+math.sin(query.anim_time*90*2-10)*4"],
						"1.05": [14.84, 13.83, -5.05],
						"1.25": [-39.90597, 4.48845, -7.0639],
						"1.35": [-29.84453, 6.33545, -8.7499]
					}
				},
				"leaf_back_left": {
					"rotation": {
						"0.0": [0, 0, "math.sin(query.anim_time*90*2-50)*4"],
						"0.1": [42.35753, -5.35971, "6.6483+math.sin(query.anim_time*90*2-50)*4"],
						"0.4": [-5.14247, -5.35971, "6.6483+math.sin(query.anim_time*90*2-50)*4"],
						"0.65": [47.35753, -5.35971, "6.6483+math.sin(query.anim_time*90*2-50)*4"],
						"0.75": [47.53101, -12.44663, "-0.4135+math.sin(query.anim_time*90*2-50)*4"],
						"0.8": [55.77964, -17.30706, "-6.1602+math.sin(query.anim_time*90*2-50)*4"],
						"0.9": [55.78881, -17.2211, "-6.2282+math.sin(query.anim_time*90*2-50)*4"],
						"0.95": [46.22254, -15.91073, -3.47635],
						"1.05": [19.59, -13.29, -4.83],
						"1.25": [-34.5176, -8.03833, -6.4651],
						"1.35": [-22.0176, -8.03833, -6.4651]
					}
				},
				"leg_right": {
					"rotation": {
						"0.0": [-17.5, 0, "0-0.5*math.clamp(math.sin(q.anim_time*90*2),-2,2)-math.sin(q.anim_time*90*2)"],
						"0.1": [47.26773, -0.67889, "32.5677-0.5*math.clamp(math.sin(q.anim_time*90*2),-2,2)-math.sin(q.anim_time*90*2)"],
						"0.4": [-12.73227, -0.67889, "32.5677-0.5*math.clamp(math.sin(q.anim_time*90*2),-2,2)-math.sin(q.anim_time*90*2)"],
						"0.9": [-36.94815, -8.28086, "22.6061-0.5*math.clamp(math.sin(q.anim_time*90*2),-2,2)-math.sin(q.anim_time*90*2)"],
						"1.05": [-41.94815, -8.28086, "22.6061-0.5*math.clamp(math.sin(q.anim_time*90*2),-2,2)-math.sin(q.anim_time*90*2)"],
						"1.2": [-41.94815, -8.28086, "22.6061-0.5*math.clamp(math.sin(q.anim_time*90*2),-2,2)-math.sin(q.anim_time*90*2)"],
						"1.4": [36.89008, -1.19423, "6.5395-0.5*math.clamp(math.sin(q.anim_time*90*2),-2,2)-math.sin(q.anim_time*90*2)"],
						"1.5": [21.89008, -1.19423, "6.5395-0.5*math.clamp(math.sin(q.anim_time*90*2),-2,2)-math.sin(q.anim_time*90*2)"],
						"1.6": [36.89008, -1.19423, 6.5395]
					},
					"position": [0, 0.25, 0]
				},
				"leg_left": {
					"rotation": {
						"0.0": [-17.5, 0, "0-0.5*math.clamp(math.sin(q.anim_time*90*2),-2,2)-math.sin(q.anim_time*90*2)"],
						"0.1": [47.28303, 0.75695, "-37.4192-0.5*math.clamp(math.sin(q.anim_time*90*2),-2,2)-math.sin(q.anim_time*90*2)"],
						"0.25": [47.28303, 0.75695, "-37.4192-0.5*math.clamp(math.sin(q.anim_time*90*2),-2,2)-math.sin(q.anim_time*90*2)"],
						"0.4": [-0.21697, 0.75695, "-37.4192-0.5*math.clamp(math.sin(q.anim_time*90*2),-2,2)-math.sin(q.anim_time*90*2)"],
						"0.9": [-29.77626, 0.75497, "-4.9166-0.5*math.clamp(math.sin(q.anim_time*90*2),-2,2)-math.sin(q.anim_time*90*2)"],
						"1.05": [-34.77626, 0.75497, "-4.9166-0.5*math.clamp(math.sin(q.anim_time*90*2),-2,2)-math.sin(q.anim_time*90*2)"],
						"1.2": [-29.77626, 0.75497, "-4.9166-0.5*math.clamp(math.sin(q.anim_time*90*2),-2,2)-math.sin(q.anim_time*90*2)"],
						"1.4": [42.72374, 0.75497, "-4.9166-0.5*math.clamp(math.sin(q.anim_time*90*2),-2,2)-math.sin(q.anim_time*90*2)"],
						"1.5": [27.72374, 0.75497, "-4.9166-0.5*math.clamp(math.sin(q.anim_time*90*2),-2,2)-math.sin(q.anim_time*90*2)"],
						"1.6": [35.22374, 0.75497, -4.9166]
					},
					"position": [0, 0.25, 0]
				},
				"mouth_closed": {
					"position": {
						"0.0": [0, 0, 0],
						"0.05": [0, 0, 0],
						"0.1": [0, 0, 0.1],
						"0.95": [0, 0, 0.1],
						"1.0": [0, 0, 0]
					}
				},
				"eyelid_right": {
					"position": {
						"0.0": [0, 0, -0.1],
						"0.05": [0, 0, 0],
						"0.7": [0, 0, 0],
						"0.75": [0, 0, -0.1]
					}
				},
				"foot_right": {
					"rotation": {
						"0.0": [0, 0, 0],
						"0.05": [35, 0, 0],
						"0.5": [15, 0, 0]
					}
				},
				"foot_left": {
					"rotation": {
						"0.0": [0, 0, 0],
						"0.05": [32.5, 0, 0],
						"0.5": [10, 0, 0],
						"0.8": [10, 0, 0]
					}
				},
				"eyelid_left": {
					"position": {
						"0.0": [0, 0, -0.1],
						"0.05": [0, 0, 0],
						"0.7": [0, 0, 0],
						"0.75": [0, 0, -0.1]
					}
				},
				"leaf_center2": {
					"rotation": {
						"0.0": [0, 0, 0],
						"0.2": [44.57909, 0, 0],
						"0.45": [12.16749, 0, 0],
						"0.6": [37.09205, 0, 0],
						"0.7": [37.09205, 0, 0],
						"0.75": [40.13849, 0, 0]
					}
				},
				"leaf_front_right2": {
					"rotation": {
						"0.0": [2.5, 0, 0],
						"0.15": [25, 0, 0],
						"0.5": [-5, 0, 0],
						"0.75": [37.5, 0, 0],
						"0.8": [20, 0, 0],
						"0.9": [20, 0, 0],
						"1.25": [42.5, 0, 0],
						"1.5": [40, 0, 0]
					}
				},
				"leaf_front_left2": {
					"rotation": {
						"0.0": [0, 0, 0],
						"0.1": [22.5, 0, 0],
						"0.5": [-7.5, 0, 0],
						"0.65": [40, 0, 0],
						"0.75": [27.5, 0, 0],
						"0.8": [20, 0, 0],
						"0.9": [20, 0, 0],
						"1.25": [32.5, 0, 0],
						"2.65": [32.5, 0, 0]
					}
				},
				"leaf_back_right2": {
					"rotation": {
						"0.0": [0, 0, 0],
						"0.1": [40, 0, 0],
						"0.5": [-17.5, 0, 0],
						"0.75": [22.5, 0, 0],
						"0.8": [10, 0, 0],
						"0.9": [10, 0, 0],
						"1.25": [40, 0, 0]
					}
				},
				"leaf_back_left2": {
					"rotation": {
						"0.0": [0, 0, 0],
						"0.1": [25, 0, 0],
						"0.5": [-17.5, 0, 0],
						"0.75": [10, 0, 0],
						"0.8": [7.5, 0, 0],
						"0.9": [7.5, 0, 0],
						"0.95": [9.45, 0, 0],
						"1.05": [20.86, 0, 0],
						"1.25": [35, 0, 0],
						"1.35": [32.5, 0, 0],
						"2.1": [32.5, 0, 0]
					}
				},
				"body": {
					"rotation": {
						"0.0": [17.5, 0, "0+0.5*math.clamp(math.sin(q.anim_time*90*2),-2,2)+math.sin(q.anim_time*90*2)"],
						"0.1": [-20.63323, -13.93387, "5.1844+0.5*math.clamp(math.sin(q.anim_time*90*2),-2,2)+math.sin(q.anim_time*90*2)"],
						"0.25": [-43.22506, 9.45319, "-8.6005+0.5*math.clamp(math.sin(q.anim_time*90*2),-2,2)+math.sin(q.anim_time*90*2)"],
						"0.55": [-72.49868, 0.27373, "-0.0758+0.5*math.clamp(math.sin(q.anim_time*90*2),-2,2)+math.sin(q.anim_time*90*2)"],
						"0.7": [-129.53048, 6.67973, "7.6212+0.5*math.clamp(math.sin(q.anim_time*90*2),-2,2)+math.sin(q.anim_time*90*2)"],
						"0.8": [-142.49868, 0.27373, "-0.0758+0.5*math.clamp(math.sin(q.anim_time*90*2),-2,2)+math.sin(q.anim_time*90*2)"],
						"0.9": [-142.49868, 0.27373, "-0.0758+0.5*math.clamp(math.sin(q.anim_time*90*2),-2,2)+math.sin(q.anim_time*90*2)"],
						"1.25": [-82.49868, 0.27373, "-0.0758+0.5*math.clamp(math.sin(q.anim_time*90*2),-2,2)+math.sin(q.anim_time*90*2)"],
						"1.35": ["-89.9987-0.5*math.clamp(math.sin(q.anim_time*90*2),-2,2)+math.sin(q.anim_time*90*2)", 0.27373, -0.0758]
					},
					"position": {
						"0.0": ["math.sin(q.anim_time*90*2)*0.1+math.sin(q.anim_time*90*2+180)*0.01", "-0.55-math.sin(q.anim_time*90*4-90)*0.1", -0.3],
						"0.1": ["math.sin(q.anim_time*90*2)*0.1+math.sin(q.anim_time*90*2+180)*0.01", "3.45-math.sin(q.anim_time*90*4-90)*0.1", 1.7],
						"0.25": ["math.sin(q.anim_time*90*2)*0.1+math.sin(q.anim_time*90*2+180)*0.01", "3.85-math.sin(q.anim_time*90*4-90)*0.1", 2.7],
						"0.55": ["math.sin(q.anim_time*90*2)*0.1+math.sin(q.anim_time*90*2+180)*0.01", "2.85-math.sin(q.anim_time*90*4-90)*0.1", 2.7],
						"0.7": ["math.sin(q.anim_time*90*2)*0.1+math.sin(q.anim_time*90*2+180)*0.01", -2.15, 3.7],
						"1.35": [0.01, -2.65, 3.7]
					}
				},
				"mouth_open": {
					"position": {
						"0.0": [0, 0, 0],
						"0.05": [0, 0, 0],
						"0.1": [0, 0, -0.1],
						"0.95": [0, 0, -0.1],
						"1.0": [0, 0, 0]
					}
				}
			}
		},
		"animation.oddish.sleep": {
			"loop": true,
			"bones": {
				"body": {
					"rotation": [-22.5, 0, 0],
					"position": [0, -1.75, 0.5]
				},
				"mouth_closed": {
					"position": [0, 0, 0.1]
				},
				"mouth_open": {
					"position": [0, 0, -0.1]
				},
				"eyelid_right": {
					"position": [0, 0, -0.1]
				},
				"eyelid_left": {
					"position": [0, 0, -0.1]
				},
				"leaf_center": {
					"rotation": [-40, 0, 0]
				},
				"leaf_front_right": {
					"rotation": [-40, 0, 0]
				},
				"leaf_front_left": {
					"rotation": [-40, 0, 0]
				},
				"leaf_back_right": {
					"rotation": [-40, 0, 0]
				},
				"leaf_back_left": {
					"rotation": [-40, 0, 0]
				},
				"leg_right": {
					"rotation": [-31.60659, 7.99365, 12.73415]
				},
				"foot_right": {
					"rotation": [12.5, 0, 0],
					"position": [0, -0.25, -1]
				},
				"leg_left": {
					"rotation": [-31.60659, -7.99365, -12.73415],
					"position": [0, 0, -1]
				},
				"foot_left": {
					"rotation": [12.5, 0, 0],
					"position": [0, 0.25, 0]
				}
			}
		},
		"animation.oddish.blink": {
			"animation_length": 0.16667,
			"bones": {
				"eyelid_right": {
					"position": {
						"0.0": [0, 0, -0.1],
						"0.125": [0, 0, -0.1],
						"0.1667": [0, 0, 0]
					}
				},
				"eyelid_left": {
					"position": {
						"0.0": [0, 0, -0.1],
						"0.125": [0, 0, -0.1],
						"0.1667": [0, 0, 0]
					}
				}
			}
		}
	}
}