{
	"format_version": "1.8.0",
	"animations": {
		"animation.tentacool.render": {
			"loop": true,
			"bones": {
				"body": {
					"rotation": [-9.85108, -1.72794, -24.85108]
				},
				"torso": {
					"rotation": [0.87038, 4.92385, 10.03742]
				},
				"flap_left": {
					"rotation": [0, 0, -5]
				},
				"tentacle_left": {
					"rotation": [119.12306, -68.52886, -113.13665]
				},
				"tentacle_left_2": {
					"rotation": [-40, 0, 0]
				},
				"tentacle_left_3": {
					"rotation": [-45, 0, 0]
				},
				"tentacle_left_4": {
					"rotation": [-55, 0, 0]
				},
				"tentacle_left_5": {
					"rotation": [-44.58682, 8.17773, 5.77509]
				},
				"tentacle_right": {
					"rotation": [-8.66744, 6.48146, 21.57041]
				},
				"tentacle_right_2": {
					"rotation": [-30, 0, 0]
				},
				"tentacle_right_3": {
					"rotation": [-30, 0, 0]
				},
				"tentacle_right_4": {
					"rotation": [-25, 0, 0]
				},
				"tentacle_right_5": {
					"rotation": [42.06341, 6.73717, -7.40702]
				}
			}
		},
		"animation.tentacool.water_idle": {
			"loop": true,
			"bones": {
				"body": {
					"rotation": [5, 0, 0],
					"position": [0, "-0.2*(math.sin(q.anim_time*90*1.5-60)*4+1)", 0]
				},
				"torso": {
					"rotation": ["-1+1*math.sin(q.anim_time*90*1.5-40)*4+1", 0, 0]
				},
				"flap_left": {
					"rotation": [0, 0, "-1.8*math.sin(q.anim_time*90*1.5-80)*4+1"]
				},
				"flap_right": {
					"rotation": [0, 0, "1.8*math.sin(q.anim_time*90*1.5-80)*4+1"]
				},
				"flap_back": {
					"rotation": ["1.8*math.sin(q.anim_time*90*1.5-80)*4+1", 0, 0]
				},
				"tentacle_left": {
					"rotation": ["10-10*math.clamp(math.sin(q.anim_time*90*1.5)*1+1,0,10)", -15, 0]
				},
				"tentacle_left_2": {
					"rotation": ["-10*math.clamp(math.sin(q.anim_time*90*1.5-20)*1+0,0,10)", 0, 0]
				},
				"tentacle_left_3": {
					"rotation": ["-10*math.clamp(math.sin(q.anim_time*90*1.5-40)*1+0,0,10)", 0, 0]
				},
				"tentacle_left_4": {
					"rotation": ["-10*math.clamp(math.sin(q.anim_time*90*1.5-60)*1+0,0,10)", 0, 0]
				},
				"tentacle_left_5": {
					"rotation": ["-10*math.sin(q.anim_time*90*1.5-80)", 0, 0]
				},
				"tentacle_right": {
					"rotation": ["10-10*math.clamp(math.sin(q.anim_time*90*1.5)*1+1,0,10)", 15, 0]
				},
				"tentacle_right_2": {
					"rotation": ["-10*math.clamp(math.sin(q.anim_time*90*1.5-20)*1+0,0,10)", 0, 0]
				},
				"tentacle_right_3": {
					"rotation": ["-10*math.clamp(math.sin(q.anim_time*90*1.5-40)*1+0,0,10)", 0, 0]
				},
				"tentacle_right_4": {
					"rotation": ["-10*math.clamp(math.sin(q.anim_time*90*1.5-60)*1+0,0,10)", 0, 0]
				},
				"tentacle_right_5": {
					"rotation": ["-10*math.sin(q.anim_time*90*1.5-80)", 0, 0]
				}
			}
		},
		"animation.tentacool.water_swim": {
			"loop": true,
			"bones": {
				"body": {
					"rotation": [35, "1-1*(math.sin(q.anim_time*90*4-40)*4+1)", 0],
					"position": [0, "-0.1*(math.sin(q.anim_time*90*2-40)*4+1)", 0]
				},
				"torso": {
					"rotation": ["-10+1*math.sin(q.anim_time*90*2-40)*4+1", 0, 0]
				},
				"flap_left": {
					"rotation": [0, 0, "-1.8*math.sin(q.anim_time*90*2-60)*4+1"]
				},
				"flap_right": {
					"rotation": [0, 0, "1.8*math.sin(q.anim_time*90*2-60)*4+1"]
				},
				"flap_back": {
					"rotation": ["1.8*math.sin(q.anim_time*90*4-60)*2+1", 0, 0]
				},
				"tentacle_left": {
					"rotation": ["25-10*math.clamp(math.sin(q.anim_time*90*4)*1+1,0,10)", -10, 0]
				},
				"tentacle_left_2": {
					"rotation": ["-10*math.clamp(math.sin(q.anim_time*90*4-20)*1+0,0,10)", 0, 0]
				},
				"tentacle_left_3": {
					"rotation": ["-10*math.clamp(math.sin(q.anim_time*90*4-40)*1+0,0,10)", 0, 0]
				},
				"tentacle_left_4": {
					"rotation": ["-10*math.clamp(math.sin(q.anim_time*90*4-60)*1+0,0,10)", 0, 0]
				},
				"tentacle_left_5": {
					"rotation": ["-10*math.sin(q.anim_time*90*4-80)", 0, 0]
				},
				"tentacle_right": {
					"rotation": ["25-10*math.clamp(math.sin(q.anim_time*90*4-160)*1+1,0,10)", 10, 0]
				},
				"tentacle_right_2": {
					"rotation": ["-10*math.clamp(math.sin(q.anim_time*90*4-180)*1+0,0,10)", 0, 0]
				},
				"tentacle_right_3": {
					"rotation": ["-10*math.clamp(math.sin(q.anim_time*90*4-200)*1+0,0,10)", 0, 0]
				},
				"tentacle_right_4": {
					"rotation": ["-10*math.clamp(math.sin(q.anim_time*90*4-220)*1+0,0,10)", 0, 0]
				},
				"tentacle_right_5": {
					"rotation": ["-10*math.sin(q.anim_time*90*4-240)", 0, 0]
				}
			}
		},
		"animation.tentacool.water_sleep": {
			"loop": true,
			"bones": {
				"body": {
					"rotation": [5, 0, 0],
					"position": [0, "-0.15*(math.sin(q.anim_time*90*1-60)*4+1)", 0]
				},
				"torso": {
					"rotation": ["14+0.5*math.sin(q.anim_time*90*1-40)*4+1", 0, 0]
				},
				"flap_left": {
					"rotation": [0, 0, "-1.8*math.sin(q.anim_time*90*1-80)*4+1"]
				},
				"flap_right": {
					"rotation": [0, 0, "1.8*math.sin(q.anim_time*90*1-80)*4+1"]
				},
				"flap_back": {
					"rotation": ["-15+1.8*math.sin(q.anim_time*90*1-80)*4+1", 0, 0]
				},
				"tentacle_left": {
					"rotation": ["8-8*math.clamp(math.sin(q.anim_time*90*1)*1+1,0,8)", -15, 0]
				},
				"tentacle_left_2": {
					"rotation": ["-8*math.clamp(math.sin(q.anim_time*90*1-20)*1+0,0,8)", 0, 0]
				},
				"tentacle_left_3": {
					"rotation": ["-8*math.clamp(math.sin(q.anim_time*90*1-40)*1+0,0,8)", 0, 0]
				},
				"tentacle_left_4": {
					"rotation": ["-8*math.clamp(math.sin(q.anim_time*90*1-60)*1+0,0,8)", 0, 0]
				},
				"tentacle_left_5": {
					"rotation": ["-8*math.sin(q.anim_time*90*1-80)", 0, 0]
				},
				"tentacle_right": {
					"rotation": ["8-8*math.clamp(math.sin(q.anim_time*90*1)*1+1,0,8)", 15, 0]
				},
				"tentacle_right_2": {
					"rotation": ["-8*math.clamp(math.sin(q.anim_time*90*1-20)*1+0,0,8)", 0, 0]
				},
				"tentacle_right_3": {
					"rotation": ["-8*math.clamp(math.sin(q.anim_time*90*1-40)*1+0,0,8)", 0, 0]
				},
				"tentacle_right_4": {
					"rotation": ["-8*math.clamp(math.sin(q.anim_time*90*1-60)*1+0,0,8)", 0, 0]
				},
				"tentacle_right_5": {
					"rotation": ["-8*math.sin(q.anim_time*90*1-80)", 0, 0]
				},
				"eyelid_left": {
					"position": [0, 0, -0.1]
				},
				"eyelid_right": {
					"position": [0, 0, -0.1]
				}
			}
		},
		"animation.tentacool.ground_idle": {
			"loop": true,
			"bones": {
				"body": {
					"position": [0, "-8.5-0.25*(math.sin(q.anim_time*90*1.5-40)*2)", 0]
				},
				"torso": {
					"rotation": ["5+0.5*math.sin(q.anim_time*90*1.5-40)*2", 0, 0]
				},
				"flap_left": {
					"rotation": [0, 0, "-1.8*math.sin(q.anim_time*90*1.5-60)*2"]
				},
				"flap_right": {
					"rotation": [0, 0, "1.8*math.sin(q.anim_time*90*1.5-60)*2"]
				},
				"flap_back": {
					"rotation": ["1.8*math.sin(q.anim_time*90*1.5-60)*2", 0, 0]
				},
				"tentacle_left": {
					"rotation": ["40+1.5*math.sin(q.anim_time*90*1.5-40)*2", -7.5, -6.5]
				},
				"tentacle_left_2": {
					"rotation": ["-20-1*math.sin(q.anim_time*90*1.5-40)*2", 0, 0]
				},
				"tentacle_left_3": {
					"rotation": ["-30-1*math.sin(q.anim_time*90*1.5-40)*2", 0, 0]
				},
				"tentacle_left_4": {
					"rotation": ["-40-1*math.sin(q.anim_time*90*1.5-40)*2", 0, 0]
				},
				"tentacle_left_5": {
					"rotation": ["-40+1.5*math.sin(q.anim_time*90*1.5-40)*2", -6, 5]
				},
				"tentacle_right": {
					"rotation": ["40+1.5*math.sin(q.anim_time*90*1.5-40)*2", 7.5, 6.5]
				},
				"tentacle_right_2": {
					"rotation": ["-20-1*math.sin(q.anim_time*90*1.5-40)*2", 0, 0]
				},
				"tentacle_right_3": {
					"rotation": ["-30-1*math.sin(q.anim_time*90*1.5-40)*2", 0, 0]
				},
				"tentacle_right_4": {
					"rotation": ["-40-1*math.sin(q.anim_time*90*1.5-40)*2", 0, 0]
				},
				"tentacle_right_5": {
					"rotation": ["-40+1.5*math.sin(q.anim_time*90*1.5-40)*2", 6, -5]
				}
			}
		},
		"animation.tentacool.ground_sleep": {
			"loop": true,
			"bones": {
				"body": {
					"rotation": [-25, 0, 0],
					"position": [0, -21, 0]
				},
				"torso": {
					"rotation": ["12+0.5*math.sin(q.anim_time*90*1-40)*4+1", 0, 0]
				},
				"eyelid_left": {
					"position": [0, 0, -0.1]
				},
				"eyelid_right": {
					"position": [0, 0, -0.1]
				},
				"flap_left": {
					"rotation": [0, 0, "-20+0.5*math.sin(q.anim_time*90*1-40)*4+1"]
				},
				"flap_right": {
					"rotation": [0, 0, "20-0.5*math.sin(q.anim_time*90*1-40)*4+1"]
				},
				"flap_back": {
					"rotation": ["37.5-0.8*math.sin(q.anim_time*90*1-40)*4+1", 0, 0]
				},
				"tentacle_left": {
					"rotation": [-5, -5.5, -47.25]
				},
				"tentacle_left_2": {
					"rotation": [-37.5, 0, 0]
				},
				"tentacle_left_3": {
					"rotation": [-10, 0, 0]
				},
				"tentacle_left_4": {
					"rotation": [-7.5, 0, 0]
				},
				"tentacle_left_5": {
					"rotation": [-2.75, -2, 15]
				},
				"tentacle_right": {
					"rotation": [-5, 5.5, 47.25]
				},
				"tentacle_right_2": {
					"rotation": [-37.5, 0, 0]
				},
				"tentacle_right_3": {
					"rotation": [-10, 0, 0]
				},
				"tentacle_right_4": {
					"rotation": [-7.5, 0, 0]
				},
				"tentacle_right_5": {
					"rotation": [-2.75, 2, -15]
				}
			}
		},
		"animation.tentacool.blink": {
			"animation_length": 0.16667,
			"bones": {
				"eyelid_right": {
					"position": {
						"0.0": [0, 0, -0.1],
						"0.125": [0, 0, -0.1],
						"0.1667": [0, 0, 0]
					}
				},
				"eyelid_left": {
					"position": {
						"0.0": [0, 0, -0.1],
						"0.125": [0, 0, -0.1],
						"0.1667": [0, 0, 0]
					}
				}
			}
		}
	}
}