{
	"format_version": "1.8.0",
	"animations": {
		"animation.yanma.ground_idle": {
			"loop": true,
			"bones": {
				"body": {
					"position": [0, 6, 0]
				},
				"leg_right1": {
					"rotation": [0, 0, -40]
				},
				"leg_joint_right1": {
					"rotation": [-5, -30, -35]
				},
				"leg_right2": {
					"rotation": [0, 15, -45]
				},
				"leg_joint_right2": {
					"rotation": [10, -45, -40]
				},
				"leg_right3": {
					"rotation": [0, 30, -50]
				},
				"leg_joint_right3": {
					"rotation": [30, -60, -50]
				},
				"leg_left1": {
					"rotation": [0, 0, 40]
				},
				"leg_joint_left1": {
					"rotation": [-5, 30, 35]
				},
				"leg_left2": {
					"rotation": [0, -15, 45]
				},
				"leg_joint_left2": {
					"rotation": [10, 45, 40]
				},
				"leg_left3": {
					"rotation": [0, -30, 50]
				},
				"leg_joint_left3": {
					"rotation": [30, 60, 50]
				},
				"tail1": {
					"rotation": [-5, 0, 0]
				},
				"tail2": {
					"rotation": [5, 0, 0]
				},
				"tail3": {
					"rotation": [5, 0, 0]
				},
				"tail_end": {
					"rotation": [5, 0, 0]
				}
			}
		}
	}
}