{
	"format_version": "1.8.0",
	"animations": {
		"animation.clamperl.ground_idle": {
			"loop": true,
			"bones": {
				"scallop_top": {
					"rotation": ["-45 + 2.5*math.sin(q.anim_time*1.5*90)", 0, 0]
				},
				"flesh_front_left": {
					"rotation": ["1.5*math.sin(q.anim_time*1.5*90+45)", 22.5, "22.5 + math.sin(q.anim_time*1.5*90-45)"]
				},
				"flesh_front_right": {
					"rotation": ["1.5*math.sin(q.anim_time*1.5*90+45)", -22.5, "-22.5 + math.sin(q.anim_time*1.5*90-45)"]
				},
				"flesh_back_left": {
					"rotation": ["1.5*math.sin(q.anim_time*1.5*90+45)", -22.5, "22.5 + math.sin(q.anim_time*1.5*90-45)"]
				},
				"flesh_back_right": {
					"rotation": ["1.5*math.sin(q.anim_time*1.5*90+45)", 22.5, "-22.5 + math.sin(q.anim_time*1.5*90-45)"]
				},
				"flesh_mid_left": {
					"rotation": ["1.5*math.sin(q.anim_time*1.5*90+45)", 0, "22.5 + math.sin(q.anim_time*1.5*90-45)"]
				},
				"flesh_mid_right": {
					"rotation": ["1.5*math.sin(q.anim_time*1.5*90+45)", 0, "-22.5 + math.sin(q.anim_time*1.5*90-45)"]
				},
				"body": {
					"rotation": ["1*math.sin(q.anim_time*90*1.5+90)", 0, "1*math.sin(q.anim_time*90*1.5)"]
				},
				"head": {
					"rotation": ["1.5*math.sin(q.anim_time*1.5*90+45)", 0, "math.sin(q.anim_time*1.5*90-45)"]
				}
			}
		},
		"animation.clamperl.portrait": {
			"loop": true,
			"bones": {
				"scallop_top": {
					"rotation": ["-45 + 2.5*math.sin(q.anim_time*1.5*90)", 0, 0]
				},
				"flesh_front_left": {
					"rotation": ["1.5*math.sin(q.anim_time*1.5*90+45)", 22.5, "22.5 + math.sin(q.anim_time*1.5*90-45)"],
					"position": [0, -3, 0]
				},
				"flesh_front_right": {
					"rotation": ["1.5*math.sin(q.anim_time*1.5*90+45)", -22.5, "-22.5 + math.sin(q.anim_time*1.5*90-45)"],
					"position": [0, -3, 0]
				},
				"flesh_back_left": {
					"rotation": ["1.5*math.sin(q.anim_time*1.5*90+45)", -22.5, "22.5 + math.sin(q.anim_time*1.5*90-45)"]
				},
				"flesh_back_right": {
					"rotation": ["1.5*math.sin(q.anim_time*1.5*90+45)", 22.5, "-22.5 + math.sin(q.anim_time*1.5*90-45)"]
				},
				"flesh_mid_left": {
					"rotation": ["1.5*math.sin(q.anim_time*1.5*90+45)", 0, "22.5 + math.sin(q.anim_time*1.5*90-45)"]
				},
				"flesh_mid_right": {
					"rotation": ["1.5*math.sin(q.anim_time*1.5*90+45)", 0, "-22.5 + math.sin(q.anim_time*1.5*90-45)"]
				},
				"body": {
					"rotation": ["1.5*math.sin(q.anim_time*90*1.5+90)", 0, "1.5*math.sin(q.anim_time*90*1.5)"]
				},
				"head": {
					"rotation": ["1.5*math.sin(q.anim_time*1.5*90+45)", 0, "math.sin(q.anim_time*1.5*90-45)"]
				}
			}
		},
		"animation.clamperl.water_idle": {
			"loop": true,
			"bones": {
				"body": {
					"rotation": [5, 0, "1.5*math.sin(q.anim_time*90*1.5)"]
				},
				"scallop_bottom": {
					"rotation": ["7.5-1.5*math.sin(q.anim_time*1.5*90+45)", 0, 0]
				},
				"flesh_front_left": {
					"rotation": ["1.5*math.sin(q.anim_time*1.5*90+45)", 22.5, "22.5 + math.sin(q.anim_time*1.5*90-45)"]
				},
				"flesh_front_right": {
					"rotation": ["1.5*math.sin(q.anim_time*1.5*90+45)", -22.5, "-22.5 + math.sin(q.anim_time*1.5*90-45)"]
				},
				"flesh_back_left": {
					"rotation": ["1.5*math.sin(q.anim_time*1.5*90+45)", -22.5, "22.5 + math.sin(q.anim_time*1.5*90-45)"]
				},
				"flesh_back_right": {
					"rotation": ["1.5*math.sin(q.anim_time*1.5*90+45)", 22.5, "-22.5 + math.sin(q.anim_time*1.5*90-45)"]
				},
				"flesh_mid_left": {
					"rotation": ["1.5*math.sin(q.anim_time*1.5*90+45)", 0, "22.5 + math.sin(q.anim_time*1.5*90-45)"]
				},
				"flesh_mid_right": {
					"rotation": ["1.5*math.sin(q.anim_time*1.5*90+45)", 0, "-22.5 + math.sin(q.anim_time*1.5*90-45)"]
				},
				"head": {
					"rotation": ["-12.5+1.5*math.sin(q.anim_time*1.5*90+45)", 0, "0+math.sin(q.anim_time*1.5*90-45)"]
				},
				"scallop_top": {
					"rotation": ["-32.5 + 2.5*math.sin(q.anim_time*1.5*90+90)", 0, 0]
				}
			}
		},
		"animation.clamperl.water_swim": {
			"loop": true,
			"animation_length": 0.79167,
			"bones": {
				"body": {
					"rotation": [0, 180, 0],
					"position": {
						"0.0": [0, 0, 0.3],
						"0.2917": [0, 0, 3.5],
						"0.3333": [0, 0, 3.34],
						"0.4167": [0, 0, -1.95],
						"0.4583": [0, 0, -2.15],
						"0.5833": [0, 0, -1.7],
						"0.6667": [0, 0, -1.33],
						"0.7917": [0, 0, 0.3]
					}
				},
				"scallop_bottom": {
					"rotation": {
						"0.0": [0, 0, 0],
						"0.125": [4.17, 0, 0],
						"0.2083": [5, 0, 0],
						"0.2917": [4.23, 0, 0],
						"0.4167": [-4.86, 0, 0],
						"0.5": [-6, 0, 0],
						"0.625": [-5.17, 0, 0],
						"0.7917": [0, 0, 0]
					}
				},
				"flesh_mid_left": {
					"rotation": [0, 2.5, 0]
				},
				"head": {
					"rotation": {
						"0.0": [-2, 0, 0],
						"0.125": [-2.5, 0, 0],
						"0.25": [0, 0, 0],
						"0.3333": [4, 0, 0],
						"0.375": [5, 0, 0],
						"0.4167": [4, 0, 0],
						"0.5": [0, 0, 0],
						"0.6667": [-2.5, 0, 0],
						"0.7917": [-2, 0, 0]
					}
				},
				"scallop_top": {
					"rotation": {
						"0.0": [0, 0, 0],
						"0.125": [-4.17, 0, 0],
						"0.25": [-5, 0, 0],
						"0.3333": [-1.62, 0, 0],
						"0.4167": [4.5, 0, 0],
						"0.5": [6, 0, 0],
						"0.625": [5, 0, 0],
						"0.7917": [0, 0, 0]
					}
				},
				"flesh": {
					"rotation": {
						"0.0": [-2, 0, 0],
						"0.125": [-2.5, 0, 0],
						"0.25": [0, 0, 0],
						"0.3333": [4, 0, 0],
						"0.375": [5, 0, 0],
						"0.4167": [4, 0, 0],
						"0.5": [0, 0, 0],
						"0.6667": [-2.5, 0, 0],
						"0.7917": [-2, 0, 0]
					}
				}
			}
		},
		"animation.clamperl.ground_walk": {
			"loop": true,
			"animation_length": 0.75,
			"bones": {
				"body": {
					"rotation": {
						"0.0": [0, 0, 0],
						"0.0833": [-1, 0, 0],
						"0.2083": [-8.57, 0, 0],
						"0.2917": [-10, 0, 0],
						"0.375": [-8, 0, 0],
						"0.4583": [8, 0, 0],
						"0.5": [10, 0, 0],
						"0.5417": [8.82, 0, 0],
						"0.625": [0, 0, 0],
						"0.6667": [0, 0, 0],
						"0.75": [0, 0, 0]
					},
					"position": {
						"0.0": [0, 0, 1],
						"0.1667": [0, 0.93, "0.25+1*2"],
						"0.25": [0, 1.1, "1.5*2"],
						"0.3333": [0, 1.5, "1.5*2"],
						"0.5": [0, 1.35, "-0.25+0.5*2"],
						"0.5417": [0, 1, "-0.5+0.25*2"],
						"0.75": [0, 0, 1]
					}
				},
				"flesh": {
					"rotation": {
						"0.0": [0, 0, 0],
						"0.0833": ["1.88/2", 0, 0],
						"0.1667": ["7.5/2", 0, 0],
						"0.3333": ["-6/2", 0, 0],
						"0.4583": ["-17.5/2", 0, 0],
						"0.5833": ["4.1/2", 0, 0],
						"0.6667": ["7/2", 0, 0],
						"0.75": [0, 0, 0]
					}
				},
				"head": {
					"rotation": {
						"0.0": [0, 0, 0],
						"0.0833": [1.88, 0, 0],
						"0.1667": [7.5, 0, 0],
						"0.3333": [-6, 0, 0],
						"0.4583": [-17.5, 0, 0],
						"0.5833": [4.1, 0, 0],
						"0.6667": [7, 0, 0],
						"0.75": [0, 0, 0]
					}
				},
				"scallop_top": {
					"rotation": {
						"0.0": [0, 0, 0],
						"0.0833": [1.88, 0, 0],
						"0.1667": [7.5, 0, 0],
						"0.3333": [-6, 0, 0],
						"0.4583": [-17.5, 0, 0],
						"0.5833": [4.1, 0, 0],
						"0.6667": [7, 0, 0],
						"0.75": [0, 0, 0]
					}
				}
			}
		}
	},
	"geckolib_format_version": 2
}