{
	"format_version": "1.8.0",
	"animations": {
		"animation.natu.ground_idle": {
			"loop": true,
			"bones": {
				"torso": {
					"rotation": ["0.25*(math.sin(q.anim_time*90*4-90)*1+1)", 0, 0],
					"position": [0, "-0.05*(math.sin(q.anim_time*90*4-90)*1+1)", 0]
				},
				"wing_right": {
					"rotation": [30, "85+0.5*(math.sin(q.anim_time*90*4-90)*1+1)", -60]
				},
				"wing_left": {
					"rotation": [30, "-85-0.5*(math.sin(q.anim_time*90*4-90)*1+1)", 60]
				},
				"feather": {
					"rotation": ["-0.25*(math.sin(q.anim_time*90*4-90)*1+1)", 0, 0]
				},
				"tail": {
					"rotation": ["-1*(math.sin(q.anim_time*90*4-90)*1+1)", 0, 0]
				},
				"feather2": {
					"rotation": ["-7.5-0.25*(math.sin(q.anim_time*90*4-90)*1+1)", 0, 0]
				}
			}
		},
		"animation.natu.sleep": {
			"loop": true,
			"bones": {
				"torso": {
					"position": [0, -1.2, 0]
				},
				"eyelid_right": {
					"position": [-0.1, 0, -0.1]
				},
				"eyelid_left": {
					"position": [0.1, 0, -0.1]
				},
				"wing_right": {
					"rotation": [5, 90, -85],
					"position": [-0.1, 0, -1]
				},
				"wing_left": {
					"rotation": [5, -90, 85],
					"position": [0.1, 0, -1]
				}
			}
		},
		"animation.natu.blink": {
			"animation_length": 0.1667,
			"bones": {
				"eyelid_right": {
					"position": {
						"0.0": [-0.1, 0, -0.1],
						"0.125": [-0.1, 0, -0.1],
						"0.1667": [0, 0, 0]
					}
				},
				"eyelid_left": {
					"position": {
						"0.0": [0.1, 0, -0.1],
						"0.125": [0.1, 0, -0.1],
						"0.1667": [0, 0, 0]
					}
				}
			}
		}
	}
}