{
	"format_version": "1.8.0",
	"animations": {
		"animation.rhydon.ground_idle": {
			"loop": true,
			"bones": {
				"jaw": {
					"rotation": [0, 0, 0]
				},
				"leftarm": {
					"rotation": [45, -10, 45]
				},
				"lefthand": {
					"rotation": [0, 22.5, 0]
				},
				"rightarm": {
					"rotation": [45, 10, -45]
				},
				"righthand": {
					"rotation": [0, -22.5, 0]
				},
				"tail": {
					"rotation": [9, 0, 0]
				},
				"tail2": {
					"rotation": [22.5, 0, 0]
				},
				"tail3": {
					"rotation": [-26.5, 0, 0]
				},
				"tail4": {
					"rotation": [-29.5, 0, 0]
				}
			}
		}
	}
}