{
	"format_version": "1.8.0",
	"animations": {
		"animation.poke_ball.open": {
			"animation_length": 0.5,
			"bones": {
				"bottom": {
					"rotation": {
						"0.0": [0, 0, 0],
						"0.0833": [-5, 0, 0],
						"0.1667": [50, 0, 0],
						"0.2083": [55, 0, 0],
						"0.4167": [35, 0, 0]
					}
				},
				"lid": {
					"rotation": {
						"0.0": [0, 0, 0],
						"0.0833": [5, 0, 0],
						"0.1667": [-100, 0, 0],
						"0.2083": [-105, 0, 0],
						"0.4167": [-70, 0, 0]
					}
				},
				"ball": {
					"rotation": {
						"0.0": [0, 0, 0],
						"0.0833": [15, 0, 0],
						"0.1667": [-10, 0, 0],
						"0.3333": [22.5, 0, 0]
					},
					"position": {
						"0.0833": [0, 0, 0],
						"0.125": [0, -0.1, 0],
						"0.1667": [0, 0.1, 0],
						"0.2083": [0, 0, 0]
					}
				}
			}
		},
		"animation.poke_ball.open_idle": {
			"loop": true,
			"bones": {
				"bottom": {
					"rotation": [35, 0, 0]
				},
				"lid": {
					"rotation": ["-70+math.sin(q.anim_time*90*10)*0.6+math.sin(q.anim_time*90*1)*3", 0, 0]
				},
				"ball": {
					"rotation": ["22.5-math.sin(q.anim_time*90*10)*0.4-math.sin(q.anim_time*90*1)*2", 0, "0-math.sin(q.anim_time*90*2)*0.5"],
					"position": [0, "math.sin(q.anim_time*90*2-60)*0.1", 0]
				}
			}
		},
		"animation.poke_ball.shut": {
			"animation_length": 0.5,
			"bones": {
				"bottom": {
					"rotation": {
						"0.0": {
							"post": [35, 0, 0],
							"lerp_mode": "catmullrom"
						},
						"0.0833": {
							"post": [40, 0, 0],
							"lerp_mode": "catmullrom"
						},
						"0.1667": {
							"post": [-5, 0, 0],
							"lerp_mode": "catmullrom"
						},
						"0.2083": [0, 0, 0]
					}
				},
				"lid": {
					"rotation": {
						"0.0": {
							"post": [-70, 0, 0],
							"lerp_mode": "catmullrom"
						},
						"0.0833": {
							"post": [-80, 0, 0],
							"lerp_mode": "catmullrom"
						},
						"0.1667": {
							"post": [2.5, 0, 0],
							"lerp_mode": "catmullrom"
						},
						"0.2083": [0, 0, 0]
					}
				},
				"ball": {
					"rotation": {
						"0.0": {
							"post": [22.5, 0, 0],
							"lerp_mode": "catmullrom"
						},
						"0.125": {
							"post": [0, 0, 0],
							"lerp_mode": "catmullrom"
						},
						"0.2083": {
							"post": [0, 0, -2.5],
							"lerp_mode": "catmullrom"
						},
						"0.2917": {
							"post": [0, 0, 2.5],
							"lerp_mode": "catmullrom"
						},
						"0.4167": {
							"post": [0, 0, 0],
							"lerp_mode": "catmullrom"
						},
						"0.5": {
							"post": [0, 0, 0],
							"lerp_mode": "catmullrom"
						}
					},
					"position": {
						"0.0": [0, 0, 0],
						"0.1667": [0, 0, 0],
						"0.2083": [0, -0.1, 0],
						"0.25": [0, 0.1, 0],
						"0.2917": [0, -0.1, 0],
						"0.3333": [0, 0.1, 0],
						"0.375": [0, 0, 0]
					}
				}
			}
		},
		"animation.poke_ball.shut_idle": {
			"loop": true,
			"bones": {
				"bottom": {
					"rotation": ["math.sin(q.anim_time*90*0.5)*0.4", 0, "math.cos(q.anim_time*90*0.5)*0.2"]
				},
				"lid": {
					"rotation": [0, 0, 0]
				}
			}
		},
		"animation.poke_ball.bounce": {
			"animation_length": 1,
			"bones": {
				"bottom": {
					"rotation": {
						"0.0": {
							"post": [0, 0, 0],
							"lerp_mode": "catmullrom"
						},
						"0.0417": {
							"post": [5.00232, -2.48336, 3.67327],
							"lerp_mode": "catmullrom"
						},
						"0.0833": {
							"post": [0, 0, -2.5],
							"lerp_mode": "catmullrom"
						},
						"0.25": {
							"post": [0, 1.6, -9],
							"lerp_mode": "catmullrom"
						},
						"0.4583": {
							"post": [0, 2.5, -9],
							"lerp_mode": "catmullrom"
						},
						"0.5417": {
							"post": [0, -2.1, 0],
							"lerp_mode": "catmullrom"
						},
						"0.625": {
							"post": [0, -3.1, 5],
							"lerp_mode": "catmullrom"
						},
						"0.75": {
							"post": [0, -2, 2.1],
							"lerp_mode": "catmullrom"
						},
						"0.7917": {
							"post": [0, -1.9, 0],
							"lerp_mode": "catmullrom"
						},
						"0.9167": {
							"post": [0, -0.3, 0.6],
							"lerp_mode": "catmullrom"
						},
						"1.0": {
							"post": [0, 0, 0],
							"lerp_mode": "catmullrom"
						}
					},
					"position": {
						"0.0417": [0, 0, 0],
						"0.0833": [0, -0.5, 0],
						"0.125": [0, 1.5, 0],
						"0.1667": [0, 3.25, 0],
						"0.25": {
							"pre": [0, 3.5, 0],
							"post": [0, 3.5, 0],
							"lerp_mode": "catmullrom"
						},
						"0.3333": {
							"post": [0, 2.75, 0],
							"lerp_mode": "catmullrom"
						},
						"0.4167": {
							"post": [0, 1.19, 0],
							"lerp_mode": "catmullrom"
						},
						"0.5": {
							"post": [0, -0.25, 0],
							"lerp_mode": "catmullrom"
						},
						"0.5833": {
							"post": [0, 1, 0],
							"lerp_mode": "catmullrom"
						},
						"0.7083": {
							"post": [0, 0.67, 0],
							"lerp_mode": "catmullrom"
						},
						"0.7917": {
							"post": [0, 0, 0],
							"lerp_mode": "catmullrom"
						},
						"0.875": {
							"post": [0, 0.2, 0],
							"lerp_mode": "catmullrom"
						},
						"1.0": [0, 0, 0]
					}
				},
				"lid": {
					"rotation": {
						"0.0": [0, 0, 0],
						"0.0417": [0, 0, 0],
						"0.4583": [0, 0, 0],
						"0.5417": [2.5, 0, 0],
						"0.6667": [0, 0, 0],
						"0.8333": [0, 0, 0]
					},
					"position": {
						"0.0": [0, 0, 0],
						"0.0417": [0, -0.25, 0],
						"0.0833": [0, -0.5, 0],
						"0.2083": [0, 0, 0]
					}
				}
			}
		},
		"animation.poke_ball.bob1": {
			"animation_length": 1,
			"bones": {
				"bottom": {
					"rotation": {
						"0.0": ["math.sin(q.anim_time*90*12)*15", 0, "-math.sin(q.anim_time*90*8)*10"],
						"0.6667": ["math.sin(q.anim_time*90*15)*2", 0, "-math.sin(q.anim_time*90*8)*2"],
						"0.875": [0, 0, 0]
					}
				}
			}
		},
		"animation.poke_ball.bob2": {
			"animation_length": 1,
			"bones": {
				"bottom": {
					"rotation": {
						"0.0": ["math.sin(q.anim_time*90*12)*15", 0, "math.sin(q.anim_time*90*8)*10"],
						"0.6667": ["math.sin(q.anim_time*90*15)*2", 0, "math.sin(q.anim_time*90*8)*2"],
						"0.875": [0, 0, 0]
					}
				}
			}
		},
		"animation.poke_ball.bob3": {
			"animation_length": 1,
			"bones": {
				"bottom": {
					"rotation": {
						"0.0": [0, 0, 0],
						"0.0833": ["math.cos(q.anim_time*90*10-60)*1", "math.sin(q.anim_time*90*10-60)*2", "-math.sin(q.anim_time*90*10-60)*14"],
						"0.5": [0, "math.sin(q.anim_time*90*10-60)*1", "-math.sin(q.anim_time*90*10-60)*6"],
						"0.75": [0, "math.sin(q.anim_time*90*10-60)*1", "-math.sin(q.anim_time*90*10-60)*1"],
						"0.9583": [0, 0, 0]
					},
					"position": {
						"0.0": ["-math.sin(q.anim_time*90*10)*0.5", 0, 0],
						"0.6667": [0, 0, 0]
					}
				}
			}
		},
		"animation.poke_ball.bob4": {
			"animation_length": 1,
			"bones": {
				"bottom": {
					"rotation": {
						"0.0": [0, 0, 0],
						"0.0833": ["math.cos(q.anim_time*90*10-60)*1", "-math.sin(q.anim_time*90*10-60)*2", "math.sin(q.anim_time*90*10-60)*14"],
						"0.5": [0, "-math.sin(q.anim_time*90*10-60)*1", "math.sin(q.anim_time*90*10-60)*6"],
						"0.75": [0, "-math.sin(q.anim_time*90*10-60)*1", "math.sin(q.anim_time*90*10-60)*1"],
						"0.9583": [0, 0, 0]
					},
					"position": {
						"0.0": ["math.sin(q.anim_time*90*10)*0.5", 0, 0],
						"0.6667": [0, 0, 0]
					}
				}
			}
		},
		"animation.poke_ball.bob5": {
			"animation_length": 1,
			"bones": {
				"bottom": {
					"rotation": {
						"0.0417": {
							"pre": [0, 0, 0],
							"post": [0, 0, 0],
							"lerp_mode": "catmullrom"
						},
						"0.125": {
							"post": [10.00933, 2.462, 0.43439],
							"lerp_mode": "catmullrom"
						},
						"0.25": {
							"post": [-2.5, 0, 0],
							"lerp_mode": "catmullrom"
						},
						"0.2917": {
							"post": [-5, 0, 0],
							"lerp_mode": "catmullrom"
						},
						"0.375": {
							"post": [-7.5, 0, 0],
							"lerp_mode": "catmullrom"
						},
						"0.4583": {
							"post": [-14.98637, 0.64686, 2.41492],
							"lerp_mode": "catmullrom"
						},
						"0.5": {
							"post": [0, 0, 0],
							"lerp_mode": "catmullrom"
						},
						"0.5833": {
							"post": [4.99527, 0.21782, -2.4905],
							"lerp_mode": "catmullrom"
						},
						"0.7083": {
							"post": [-1, 0, 0],
							"lerp_mode": "catmullrom"
						},
						"0.9583": {
							"post": [0, 0, 0],
							"lerp_mode": "catmullrom"
						}
					},
					"position": {
						"0.0833": [0, 0, 0],
						"0.1667": {
							"pre": [0, 3, 0],
							"post": [0, 3, 0],
							"lerp_mode": "catmullrom"
						},
						"0.25": {
							"post": [0, 4.5, 0],
							"lerp_mode": "catmullrom"
						},
						"0.3333": {
							"post": [0, 4, 0],
							"lerp_mode": "catmullrom"
						},
						"0.4167": {
							"post": [0, 1.75, 0],
							"lerp_mode": "catmullrom"
						},
						"0.4583": [0, 0, 0],
						"0.5": [0, -0.1, 0],
						"0.5417": [0, 0.1, 0],
						"0.5833": [0, -0.1, 0],
						"0.625": [0, 0.1, 0],
						"0.6667": [0, -0.1, 0],
						"0.75": [0, 0, 0]
					}
				}
			}
		},
		"animation.poke_ball.bob6": {
			"animation_length": 1,
			"bones": {
				"bottom": {
					"rotation": {
						"0.0": {
							"post": [0, 0, 0],
							"lerp_mode": "catmullrom"
						},
						"0.0417": {
							"post": [0, 0, -11.1],
							"lerp_mode": "catmullrom"
						},
						"0.125": {
							"post": [0, 0, -2.5],
							"lerp_mode": "catmullrom"
						},
						"0.25": {
							"post": [0, 0, 10],
							"lerp_mode": "catmullrom"
						},
						"0.3333": {
							"post": [0, 0, 15],
							"lerp_mode": "catmullrom"
						},
						"0.4167": {
							"post": [0, 0, 13.2],
							"lerp_mode": "catmullrom"
						},
						"0.4583": {
							"post": [0, 0, 1.4],
							"lerp_mode": "catmullrom"
						},
						"0.5833": {
							"post": [0, 0, -5.5],
							"lerp_mode": "catmullrom"
						},
						"0.6667": {
							"post": [0, 0, 0.3],
							"lerp_mode": "catmullrom"
						},
						"0.7917": {
							"post": [0, 0, -0.5],
							"lerp_mode": "catmullrom"
						},
						"0.9583": {
							"post": [0, 0, 0],
							"lerp_mode": "catmullrom"
						}
					},
					"position": {
						"0.0833": [0, 0, 0],
						"0.1667": {
							"pre": [0, 3, 0],
							"post": [0, 3, 0],
							"lerp_mode": "catmullrom"
						},
						"0.25": {
							"post": [0, 4.5, 0],
							"lerp_mode": "catmullrom"
						},
						"0.3333": {
							"post": [0, 4, 0],
							"lerp_mode": "catmullrom"
						},
						"0.4167": {
							"post": [0, 1.75, 0],
							"lerp_mode": "catmullrom"
						},
						"0.4583": [0, 0, 0],
						"0.5": [0, -0.1, 0],
						"0.5417": [0, 0.1, 0],
						"0.5833": [0, -0.1, 0],
						"0.625": [0, 0.1, 0],
						"0.6667": [0, -0.1, 0],
						"0.75": [0, 0, 0]
					}
				},
				"ball": {
					"rotation": {
						"0.0": [0, 0, 0],
						"0.375": [0, 4, 0],
						"0.5833": [0, 0, 0]
					}
				}
			}
		},
		"animation.poke_ball.critical": {
			"animation_length": 1,
			"bones": {
				"bottom": {
					"rotation": {
						"0.0": [0, 0, 0],
						"0.0417": [0, "math.sin(q.anim_time*90*10)*3", "math.sin(q.anim_time*90*30-90)*2"],
						"0.7083": [0, "math.sin(q.anim_time*90*10)*1", "math.sin(q.anim_time*90*10-90)*0.4"],
						"0.9167": [0, 0, 0]
					},
					"position": {
						"0.0": ["math.sin(q.anim_time*90*40)*1.5", "math.sin(q.anim_time*90*80)*0.2", 0],
						"0.4167": ["math.sin(q.anim_time*90*20)*0.3", "math.sin(q.anim_time*90*40)*0.1", 0],
						"0.75": [0, 0, 0]
					}
				}
			}
		},
		"animation.poke_ball.throw": {
			"loop": true,
			"animation_length": 4,
			"bones": {
				"bottom": {
					"rotation": ["-(q.anim_time - 0.38) * 720", 0, 0],
					"position": [0, "4 + Math.Sin((q.anim_time + 0.5) * 720) * 4", "Math.Sin((q.anim_time - 0.1275) * 720) * 4"]
				},
				"ball": {
					"rotation": [0, 0, "-math.sin(q.anim_time*90*1)*10-math.sin(q.anim_time*90*20)*3"]
				}
			}
		},
		"animation.poke_ball.throw_horizontal": {
			"loop": true,
			"animation_length": 2,
			"bones": {
				"bottom": {
					"rotation": [0, "(q.anim_time - 0.38) * 720", 0]
				},
				"ball": {
					"rotation": [0, "math.sin(q.anim_time*90*1)*8", "math.sin(q.anim_time*90*2-60)*8+math.sin(q.anim_time*90*8)*2"],
					"position": ["-math.sin(q.anim_time*90*2)*1", "math.sin(q.anim_time*90*8)*0.1", 0]
				}
			}
		},
		"animation.poke_ball.throw_beast": {
			"loop": true,
			"animation_length": 4,
			"bones": {
				"bottom": {
					"scale": [1, 1, "1+math.sin(q.anim_time*90*1)*0.1"]
				},
				"ball": {
					"rotation": [0, 0, "(q.anim_time - 0.38) * 720"],
					"position": ["math.sin(q.anim_time*90*1)*1", "math.sin(q.anim_time*90*2)*0.5", "math.sin(q.anim_time*90*20)*0.1"],
					"scale": 1
				}
			}
		},
		"animation.poke_ball.throw_ace": {
			"loop": true,
			"animation_length": 2,
			"bones": {
				"bottom": {
					"rotation": [0, "(q.anim_time - 0.38) * (1440+720)", 0],
					"scale": ["1.1+math.sin(q.anim_time*90*2)*0.1", 0.9, "1.1+math.sin(q.anim_time*90*2)*0.1"]
				},
				"ball": {
					"rotation": [0, "math.sin(q.anim_time*90*1)*8", "math.sin(q.anim_time*90*2-60)*8+math.sin(q.anim_time*90*8)*2"],
					"position": ["-math.sin(q.anim_time*90*2)*1", "math.cos(q.anim_time*90*2)*0.1", 0]
				}
			}
		},
		"animation.poke_ball.break": {
			"animation_length": 1,
			"bones": {
				"ball": {
					"rotation": {
						"0.0": [0, 0, 0],
						"0.3333": [0, -15, 0],
						"0.4583": [0, -15, 0]
					}
				},
				"bottom": {
					"rotation": {
						"0.0": {
							"post": [0, 0, 0],
							"lerp_mode": "catmullrom"
						},
						"0.0417": {
							"post": [10.00933, 2.462, 0.43439],
							"lerp_mode": "catmullrom"
						},
						"0.0833": {
							"post": [-2.5, 0, 0],
							"lerp_mode": "catmullrom"
						},
						"0.2083": {
							"post": [1.2, 0, 0],
							"lerp_mode": "catmullrom"
						},
						"0.3333": {
							"post": [-2.18637, 0.64686, 2.41492],
							"lerp_mode": "catmullrom"
						},
						"0.375": {
							"post": [0, 0, 0],
							"lerp_mode": "catmullrom"
						},
						"0.4583": {
							"post": [-0.86335, -0.04043, -0.15093],
							"lerp_mode": "catmullrom"
						},
						"0.5417": {
							"post": [0, 0, 0],
							"lerp_mode": "catmullrom"
						},
						"0.6667": {
							"post": [0.5, 0.00297, 0.01109],
							"lerp_mode": "catmullrom"
						},
						"0.7917": {
							"post": [0.2, 0, 0],
							"lerp_mode": "catmullrom"
						},
						"1.0": {
							"post": [0, 0, 0],
							"lerp_mode": "catmullrom"
						}
					},
					"position": {
						"0.0": [0, 0, 0],
						"0.0417": [0, 0, 0],
						"0.0833": {
							"pre": [0, 1, 0],
							"post": [0, 1, 0],
							"lerp_mode": "catmullrom"
						},
						"0.1667": {
							"post": [0, 1.7, 0],
							"lerp_mode": "catmullrom"
						},
						"0.25": {
							"post": [0, 0.55, 0],
							"lerp_mode": "catmullrom"
						},
						"0.2917": [0, 0, 0],
						"0.3333": [0, -0.1, 0],
						"0.375": [0, 0.1, 0],
						"0.4167": [0, -0.1, 0],
						"0.4583": [0, 0, 0]
					}
				},
				"lid": {
					"rotation": {
						"0.0": [0, 0, 0],
						"0.0417": [2, 0, 0],
						"0.125": [-163, 0, -9],
						"0.2917": [-142.06462, -15.59097, 16.16746],
						"0.375": {
							"pre": [-173.66608, -1.87837, 16.30697],
							"post": [-173.66608, -1.87837, 16.30697],
							"lerp_mode": "catmullrom"
						},
						"0.625": {
							"post": [-150.60076, -1.11104, 19.38321],
							"lerp_mode": "catmullrom"
						},
						"0.7917": {
							"post": [-153.28391, -1.57451, 20.44204],
							"lerp_mode": "catmullrom"
						},
						"0.9583": [-154.20104, -1.23272, 20.47764]
					},
					"position": {
						"0.0417": [0, 0, 0],
						"0.0833": [0, 0, 0],
						"0.1667": [0, 0, 0],
						"0.2917": [0, -0.3, 0.2]
					}
				}
			}
		},
		"animation.poke_ball.capture": {
			"animation_length": 0.75,
			"bones": {
				"bottom": {
					"rotation": {
						"0.0": [0, 0, 0],
						"0.0417": ["-2+math.sin(q.anim_time*90*2)*10", 0, 0],
						"0.0833": ["1.5+math.sin(q.anim_time*90*16)*2", 0, 0],
						"0.2917": ["-0.2+math.sin(q.anim_time*90*6)*0.2", 0, 0],
						"0.4583": [0, 0, 0]
					},
					"position": [0, 0, 0]
				},
				"lid": {
					"rotation": {
						"0.0": {
							"post": [0, 0, 0],
							"lerp_mode": "catmullrom"
						},
						"0.0417": {
							"post": [3.5, 0, 0],
							"lerp_mode": "catmullrom"
						},
						"0.0833": {
							"post": [0.2, 0, 0],
							"lerp_mode": "catmullrom"
						},
						"0.1667": {
							"post": [0.1, 0, 0],
							"lerp_mode": "catmullrom"
						},
						"0.2917": {
							"post": [0, 0, 0],
							"lerp_mode": "catmullrom"
						}
					}
				}
			}
		}
	}
}