{
	"format_version": "1.8.0",
	"animations": {
		"animation.kangaskhan.ground_idle": {
			"loop": true,
			"bones": {
				"tail": {
					"rotation": [-15, 0, 0]
				},
				"tail2": {
					"rotation": [13.5, 0, 0]
				},
				"leftarm": {
					"rotation": [15, -10, 55]
				},
				"leftforearm": {
					"rotation": [0, 60, 0]
				},
				"rightarm": {
					"rotation": [15, 10, -55]
				},
				"rightforearm": {
					"rotation": [0, -60, 0]
				},
				"leftear": {
					"rotation": [0, 0, -15]
				},
				"rightear": {
					"rotation": [0, 0, 15]
				},
				"headbaby": {
					"rotation": [5, 0, 0]
				},
				"leftarmbaby": {
					"rotation": [0, 60, 0]
				},
				"rightarmbaby": {
					"rotation": [0, -60, 0]
				}
			}
		},
		"animation.kangaskhan.blink": {
			"animation_length": 0.16667,
			"bones": {
				"eyelid_left": {
					"position": {
						"0.0": [0.1, 0, 0],
						"0.125": [0.1, 0, 0],
						"0.1667": [0, 0, 0]
					}
				},
				"eyelid_right": {
					"position": {
						"0.0": [-0.1, 0, 0],
						"0.125": [-0.1, 0, 0],
						"0.1667": [0, 0, 0]
					}
				}
			}
		},
		"animation.kangaskhan.blink2": {
			"loop": true,
			"bones": {
				"eyelid_left2": {
					"position": [0.1, 0, 0]
				},
				"eyelid_right2": {
					"position": [-0.1, 0, 0]
				}
			}
		}
	}
}