{
	"format_version": "1.8.0",
	"animations": {
		"animation.exploud.idle": {
			"loop": true,
			"bones": {
				"mouth": {
					"position": [0, 0, 0]
				},
				"jaw": {
					"position": [0, 0, 0]
				},
				"arm_left": {
					"rotation": [4.62934, 24.59477, 11.00966]
				},
				"hand_left": {
					"rotation": [0, 0, 47.5]
				},
				"finger_left": {
					"rotation": [0, 17.5, 0]
				},
				"finger_left2": {
					"rotation": [0, 0, 37.5]
				},
				"finger_left3": {
					"rotation": [0, 0, 7.5]
				},
				"finger_left4": {
					"rotation": [0, 0, 42.5]
				},
				"finger_left5": {
					"rotation": [-4.11405, -22.1399, 10.8052]
				},
				"finger_left6": {
					"rotation": [0, 0, 50]
				},
				"arm_right": {
					"rotation": [4.62934, -24.59477, -11.00966]
				},
				"hand_right": {
					"rotation": [0, 0, -47.5]
				},
				"finger_right": {
					"rotation": [0, -17.5, 0]
				},
				"finger_right2": {
					"rotation": [0, 0, -37.5]
				},
				"finger_right3": {
					"rotation": [0, 0, -7.5]
				},
				"finger_right4": {
					"rotation": [0, 0, -42.5]
				},
				"finger_right5": {
					"rotation": [-4.11405, 22.13991, -10.80524]
				},
				"finger_right6": {
					"rotation": [0, 0, -50]
				}
			}
		}
	},
	"geckolib_format_version": 2
}