{
	"format_version": "1.8.0",
	"animations": {
		"animation.samurott.blink": {
			"animation_length": 0.1667,
			"bones": {
				"eyelid_left": {
					"position": {
						"0.0": [0.1, 0, -0.1],
						"0.12": [0.1, 0, -0.1],
						"0.16": [0, 0, 0]
					}
				},
				"eyelid_right": {
					"position": {
						"0.0": [-0.1, 0, -0.1],
						"0.12": [-0.1, 0, -0.1],
						"0.16": [0, 0, 0]
					}
				}
			}
		},
		"animation.samurott.ground_idle": {
			"loop": true,
			"bones": {
				"torso": {
					"rotation": [2.5, 5, 0],
					"position": [0, "Math.cos((query.anim_time+0.2) * 90 * 2) * 0.2", 0]
				},
				"chest": {
					"rotation": [-5, -5, 0]
				},
				"neck": {
					"rotation": ["12.5+Math.cos((query.anim_time-0.1) * 90 * 2) * -1", 0, 0]
				},
				"neck2": {
					"rotation": ["2.5374+Math.cos((query.anim_time-0.3) * 90 * 2) * -2", 4.92385, 0.87038]
				},
				"head": {
					"rotation": ["-9.7958+Math.cos((query.anim_time-0.4) * 90 * 2) * 2", -10.30343, 0.16117]
				},
				"muzzle_ruff_back_right": {
					"rotation": [0, 0, "12.5+Math.cos((query.anim_time-0.4) * 90 * 2) * -2"]
				},
				"muzzle_ruff_back_right2": {
					"rotation": [0, 0, "-22.5+Math.cos((query.anim_time-0.6) * 90 * 2) * -2"]
				},
				"muzzle_ruff_back_left": {
					"rotation": [0, 0, "-12.5+Math.cos((query.anim_time-0.4) * 90 * 2) * 2"]
				},
				"muzzle_ruff_back_left2": {
					"rotation": [0, 0, "22.5+Math.cos((query.anim_time-0.6) * 90 * 2) * 2"]
				},
				"muzzle_ruff_front_right": {
					"rotation": [0, 0, "-7.5+Math.cos((query.anim_time-0.6) * 90 * 2) * 2"]
				},
				"muzzle_ruff_front_left": {
					"rotation": [0, 0, "7.5+Math.cos((query.anim_time-0.6) * 90 * 2) * -2"]
				},
				"leg_front_right": {
					"rotation": [0, -42.5, 0],
					"position": [-0.5, "Math.cos((query.anim_time+0.2) * 90 * 2) * -0.2", 0]
				},
				"leg_front_left": {
					"rotation": [0, 42.5, 0],
					"position": [0.5, "Math.cos((query.anim_time+0.2) * 90 * 2) * -0.2", 0]
				},
				"tail2": {
					"rotation": ["25+Math.cos((query.anim_time-0.5) * 90 * 2) * 3", 0, 0]
				},
				"leg_back_right": {
					"rotation": [5, 12.5, 0]
				},
				"leg_back_left": {
					"rotation": [5, -12.5, 0]
				}
			}
		},
		"animation.samurott.ground_walk": {
			"loop": true,
			"animation_length": 1.5,
			"bones": {
				"body": {
					"position": [0, -1, 0]
				},
				"torso": {
					"rotation": ["Math.cos((query.anim_time-0.2) * 90 * (2+2/3)*2) * 1", 0, "Math.cos((query.anim_time) * 90 * (2+2/3)*1) * 2"],
					"position": [0, "Math.cos((query.anim_time) * 90 * (2+2/3)*2) * 0.3", 0]
				},
				"chest": {
					"rotation": ["Math.cos((query.anim_time-0.5) * 90 * (2+2/3)*2) * -1", 0, 0]
				},
				"neck": {
					"rotation": ["10+Math.cos((query.anim_time-0.7) * 90 * (2+2/3)*2) * -2", 0, 0]
				},
				"neck2": {
					"rotation": ["12.5+Math.cos((query.anim_time-0.8) * 90 * (2+2/3)*2) * -2", 0, 0]
				},
				"head": {
					"rotation": ["-17.5+Math.cos((query.anim_time-0.6) * 90 * (2+2/3)*2) * 3", 0, 0]
				},
				"muzzle_ruff_back_right": {
					"rotation": [0, -5, "10+Math.cos((query.anim_time-0.8) * 90 * (2+2/3)*2) * -3"]
				},
				"muzzle_ruff_back_right2": {
					"rotation": [0, 0, "-15+Math.cos((query.anim_time-0.9) * 90 * (2+2/3)*2) * -3"]
				},
				"muzzle_ruff_back_left": {
					"rotation": [0, 5, "-10+Math.cos((query.anim_time-0.8) * 90 * (2+2/3)*2) * 3"]
				},
				"muzzle_ruff_back_left2": {
					"rotation": [0, 0, "15+Math.cos((query.anim_time-0.9) * 90 * (2+2/3)*2) * 3"]
				},
				"muzzle_ruff_front_right": {
					"rotation": [0, 7.5, "Math.cos((query.anim_time-0.8) * 90 * (2+2/3)*2) * 3"]
				},
				"muzzle_ruff_front_left": {
					"rotation": [0, -7.5, "-(Math.cos((query.anim_time-0.8) * 90 * (2+2/3)*2) * 3)"]
				},
				"leg_front_right": {
					"rotation": {
						"0.0": [15.59, -7.16, 3.28],
						"0.2083": [16.85613, -6.60796, 7.24074],
						"0.375": [6.11138, -9.29013, 17.1717],
						"0.4583": [-13.40324, -15.73423, 26.44424],
						"0.6667": [-38.92056, -23.71975, 31.16208],
						"0.75": [-44.67719, -25.80044, 26.24764],
						"0.875": [-39.23174, -33.64308, 17.28622],
						"1.0833": [-8.64807, -22.91276, 3.81397],
						"1.4167": [15.08453, -7.38542, 1.69038],
						"1.5": [15.59, -7.16, 3.28]
					},
					"position": [0, "Math.cos((query.anim_time) * 90 * (2+2/3)*2) * -0.3", 0]
				},
				"leg_front_right2": {
					"rotation": {
						"0.0": [-1.86, 0.24, 2.77],
						"0.2917": [-4.88206, 1.08089, 12.45392],
						"0.5": [-10.33379, 3.17065, 20.40773],
						"0.75": [-15, 0, 0],
						"0.9167": [-11.25, 0, 0],
						"1.0833": [-2.5, 0, 0],
						"1.4167": [-1, 0, 0],
						"1.5": [-1.86, 0.24, 2.77]
					}
				},
				"leg_front_right3": {
					"rotation": {
						"0.0": [-0.44, 0, 1.67],
						"0.2917": [-2, 0, 7.5],
						"0.5": [-10.46147, -0.18993, 3.73204],
						"0.75": [-15, 0, 0],
						"0.9583": [-11.25, 0, 0],
						"1.0833": [-2.5, 0, 0],
						"1.4167": [0, 0, 0],
						"1.5": [-0.44, 0, 1.67]
					}
				},
				"thumb_front_right": {
					"rotation": [173.92739, -11.81099, 85.75199]
				},
				"leg_front_left": {
					"rotation": {
						"0.0": [-44.67719, 25.80044, -26.24764],
						"0.125": [-39.23174, 33.64308, -17.28622],
						"0.3333": [-8.64807, 22.91276, -3.81397],
						"0.6667": [15.08453, 7.38542, -1.69038],
						"0.9583": [16.85613, 6.60796, -7.24074],
						"1.125": [6.11138, 9.29013, -17.1717],
						"1.2083": [-13.40324, 15.73423, -26.44424],
						"1.4167": [-38.92056, 23.71975, -31.16208],
						"1.5": [-44.67719, 25.80044, -26.24764]
					},
					"position": [0, "Math.cos((query.anim_time) * 90 * (2+2/3)*2) * -0.3", 0]
				},
				"leg_front_left2": {
					"rotation": {
						"0.0": [-15, 0, 0],
						"0.1667": [-11.25, 0, 0],
						"0.3333": [-2.5, 0, 0],
						"0.6667": [-1, 0, 0],
						"1.0417": [-4.88206, -1.08089, -12.45392],
						"1.25": [-10.33379, -3.17065, -20.40773],
						"1.5": [-15, 0, 0]
					}
				},
				"leg_front_left3": {
					"rotation": {
						"0.0": [-15, 0, 0],
						"0.2083": [-11.25, 0, 0],
						"0.3333": [-2.5, 0, 0],
						"0.6667": [0, 0, 0],
						"1.0417": [-2, 0, -7.5],
						"1.25": [-10.46147, 0.18993, -3.73204],
						"1.5": [-15, 0, 0]
					}
				},
				"thumb_front_left": {
					"rotation": [173.92739, 11.81099, -85.75199]
				},
				"tail2": {
					"rotation": ["27.5+(Math.cos((query.anim_time-0.8) * 90 * (2+2/3)*2) * 3)", 0, 0]
				},
				"leg_back_right": {
					"rotation": {
						"0.0": [-9.67719, -25.80044, 26.24764],
						"0.125": [-6.23174, -33.64308, 17.28622],
						"0.3333": [4.35193, -22.91276, 3.81397],
						"0.6667": [31.08453, -7.38542, 1.69038],
						"0.75": [33.59, -7.16, 3.28],
						"0.9583": [34.85613, -6.60796, 7.24074],
						"1.125": [24.11138, -9.29013, 17.1717],
						"1.2083": [9.59676, -15.73423, 26.44424],
						"1.4167": [-5.92056, -23.71975, 31.16208],
						"1.5": [-9.67719, -25.80044, 26.24764]
					}
				},
				"leg_back_right2": {
					"rotation": {
						"0.0": [-15, 0, 0],
						"0.1667": [-11.25, 0, 0],
						"0.3333": [-2.5, 0, 0],
						"0.6667": [-1, 0, 0],
						"0.75": [-1.86, 0.24, 2.77],
						"1.0417": [-4.88206, 1.08089, 12.45392],
						"1.25": [-10.33379, 3.17065, 20.40773],
						"1.5": [-15, 0, 0]
					}
				},
				"leg_back_right3": {
					"rotation": {
						"0.0": [-15, 0, 0],
						"0.2083": [-11.25, 0, 0],
						"0.3333": [-2.5, 0, 0],
						"0.6667": [0, 0, 0],
						"0.75": [-0.44, 0, 1.67],
						"1.0417": [-2, 0, 7.5],
						"1.25": [-10.46147, -0.18993, 3.73204],
						"1.5": [-15, 0, 0]
					}
				},
				"leg_back_left": {
					"rotation": {
						"0.0": [29.59, 7.16, -3.28],
						"0.2083": [30.85613, 6.60796, -7.24074],
						"0.375": [20.11138, 9.29013, -17.1717],
						"0.4583": [5.59676, 15.73423, -26.44424],
						"0.6667": [-9.92056, 23.71975, -31.16208],
						"0.75": [-13.67719, 25.80044, -26.24764],
						"0.875": [-10.23174, 33.64308, -17.28622],
						"1.0833": [0.35193, 22.91276, -3.81397],
						"1.4167": [27.08453, 7.38542, -1.69038],
						"1.5": [29.59, 7.16, -3.28]
					}
				},
				"leg_back_left2": {
					"rotation": {
						"0.0": [-1.86, -0.24, -2.77],
						"0.2917": [-4.88206, -1.08089, -12.45392],
						"0.5": [-10.33379, -3.17065, -20.40773],
						"0.75": [-15, 0, 0],
						"0.9167": [-11.25, 0, 0],
						"1.0833": [-2.5, 0, 0],
						"1.4167": [-1, 0, 0],
						"1.5": [-1.86, -0.24, -2.77]
					}
				},
				"leg_back_left3": {
					"rotation": {
						"0.0": [-0.44, 0, -1.67],
						"0.2917": [-2, 0, -7.5],
						"0.5": [-10.46147, 0.18993, -3.73204],
						"0.75": [-15, 0, 0],
						"0.9583": [-11.25, 0, 0],
						"1.0833": [-2.5, 0, 0],
						"1.4167": [0, 0, 0],
						"1.5": [-0.44, 0, -1.67]
					}
				}
			}
		},
		"animation.samurott.sleep": {
			"loop": true,
			"bones": {
				"body": {
					"rotation": [0, 0, -90],
					"position": [0, -9, 0]
				},
				"torso": {
					"rotation": [0, 0, 10]
				},
				"chest": {
					"rotation": [0, "Math.cos((query.anim_time-0.1) * 90 * 1) * 2", 0]
				},
				"neck": {
					"rotation": [14.29987, 2.04138, "-17.5576+Math.cos((query.anim_time+0.2) * 90 * 1) * 2"]
				},
				"neck2": {
					"rotation": [27.5, 0, 0]
				},
				"head": {
					"rotation": [10.26138, "11.3868+Math.cos((query.anim_time+0.2) * 90 * 1) * -2", -7.5875]
				},
				"eyelid_right": {
					"position": [-0.1, 0, -0.2]
				},
				"eyelid_left": {
					"position": [0.1, 0, -0.2]
				},
				"helmet_front": {
					"rotation": [0, -2.5, 0]
				},
				"muzzle_ruff_back_right": {
					"rotation": [-6.31274, "-31.9472+Math.cos((query.anim_time+0.2) * 90 * 1) * 2", 11.80868]
				},
				"muzzle_ruff_back_right2": {
					"rotation": [0, 0, -22.5]
				},
				"muzzle_ruff_back_left": {
					"rotation": [-279.30562, "-61.0124+Math.cos((query.anim_time) * 90 * 1) * 2", 296.30161]
				},
				"muzzle_ruff_back_left2": {
					"rotation": [-2.26708, -7.15102, 17.64168]
				},
				"muzzle_ruff_front_right": {
					"rotation": [-262.68712, -82.03901, 266.78792]
				},
				"muzzle_ruff_front_left": {
					"rotation": [0, "-40+Math.cos((query.anim_time+0.2) * 90 * 1) * 2", 0]
				},
				"leg_front_right": {
					"rotation": [0, 0, "-32.5+Math.cos((query.anim_time-0.2) * 90 * 1) * -2"]
				},
				"leg_front_right2": {
					"rotation": [0, 0, -17.5]
				},
				"leg_front_right3": {
					"rotation": [0, 0, -20]
				},
				"leg_front_left": {
					"rotation": [-25, 0, 40]
				},
				"leg_front_left2": {
					"rotation": [-12.5, 0, "22.5+Math.cos((query.anim_time-0.2) * 90 * 1) * -4"]
				},
				"leg_front_left3": {
					"rotation": [-37.5, 0, 45]
				},
				"tail": {
					"rotation": [-20, 0, 35]
				},
				"leg_back_right": {
					"rotation": [17.5, 0, -27.5]
				},
				"leg_back_right2": {
					"rotation": [0, 0, -10]
				},
				"leg_back_left": {
					"rotation": [0, 0, 47.5]
				},
				"leg_back_left2": {
					"rotation": [0, 0, 22.5]
				},
				"leg_back_left3": {
					"rotation": [0, 0, 25]
				}
			}
		},
		"animation.samurott.cry": {
			"animation_length": 2,
			"bones": {
				"neck2": {
					"rotation": {
						"0.0": [0, 0, 0],
						"0.0833": [7, 0, 0],
						"0.1667": [-2, 0, 0],
						"0.25": [-3.5, 0, 0],
						"1.0833": [-3.5, 0, 0],
						"1.25": [0, 0, 0]
					}
				},
				"head": {
					"rotation": {
						"0.0": [0, 0, 0],
						"0.0833": [6, 0, 0],
						"0.125": [5.5, 0, 0],
						"0.25": [-5, 0, 0],
						"0.375": [-7.5, 0, 0],
						"1.125": [-7.5, 0, 0],
						"1.25": [0, 0, 0]
					}
				},
				"jaw": {
					"rotation": {
						"0.0": [0, 0, 0],
						"0.0833": [0, 0, 0],
						"0.25": [20, 0, 0],
						"1.0417": [20, 0, 0],
						"1.25": [0, 0, 0]
					}
				}
			},
			"sound_effects": {
				"0.0": {
					"effect": "pokemon.samurott.cry"
				}
			}
		}
	},
	"geckolib_format_version": 2
}