{
	"format_version": "1.8.0",
	"animations": {
		"animation.pineco.ground_walk": {
			"loop": true,
			"animation_length": 2,
			"bones": {
				"row1_scale1_left": {
					"rotation": [-55, 0, 0]
				},
				"row1_scale1_right": {
					"rotation": [-55, 0, 0]
				},
				"row2_scale3_right": {
					"rotation": ["-35+Math.sin((query.anim_time-0.1) * 90 * 8) * -5", 0, 0]
				},
				"row2_scale1_left": {
					"rotation": ["35+Math.sin((query.anim_time-0.1) * 90 * 8) * 5", 0, 0]
				},
				"row2_scale1_right": {
					"rotation": ["35+Math.sin((query.anim_time-0.1) * 90 * 8) * 5", 0, 0]
				},
				"row2_scale3_left": {
					"rotation": ["-35+Math.sin((query.anim_time-0.1) * 90 * 8) * -5", 0, 0]
				},
				"row1_scale2_left": {
					"rotation": ["-35+Math.sin((query.anim_time-0.1) * 90 * 8) * 5", 0, 0]
				},
				"row1_scale2_right": {
					"rotation": ["-35+Math.sin((query.anim_time-0.1) * 90 * 8) * 5", 0, 0]
				},
				"row1_scale3_left": {
					"rotation": ["35+Math.sin((query.anim_time-0.1) * 90 * 8) * 5", 0, 0]
				},
				"row1_scale3_right": {
					"rotation": ["35+Math.sin((query.anim_time-0.1) * 90 * 8) * 5", 0, 0]
				},
				"row2_scale_back": {
					"rotation": ["-35+Math.sin((query.anim_time-0.1) * 90 * 8) * -5", 0, 0]
				},
				"row2_scale_front": {
					"rotation": ["35+Math.sin((query.anim_time-0.1) * 90 * 8) * 5", 0, 0]
				},
				"row2_scale2_left": {
					"rotation": ["35+Math.sin((query.anim_time-0.1) * 90 * 8) * 5", 0, 0]
				},
				"row2_scale2_right": {
					"rotation": ["35+Math.sin((query.anim_time-0.1) * 90 * 8) * 5", 0, 0]
				},
				"row3_scale1_left": {
					"rotation": ["-35+Math.sin((query.anim_time-0.1) * 90 * 8) * -5", 0, 0]
				},
				"row3_scale1_right": {
					"rotation": ["-35+Math.sin((query.anim_time-0.1) * 90 * 8) * -5", 0, 0]
				},
				"row3_scale4_left": {
					"rotation": ["35+Math.sin((query.anim_time-0.1) * 90 * 8) * 5", 0, 0]
				},
				"row3_scale4_right": {
					"rotation": ["35+Math.sin((query.anim_time-0.1) * 90 * 8) * 5", 0, 0]
				},
				"row3_scale2_left": {
					"rotation": ["-35+Math.sin((query.anim_time-0.1) * 90 * 8) * -5", 0, 0]
				},
				"row3_scale3_right": {
					"rotation": ["35+Math.sin((query.anim_time-0.1) * 90 * 8) * 5", 0, 0]
				},
				"row3_scale2_right": {
					"rotation": ["-35+Math.sin((query.anim_time-0.1) * 90 * 8) * -5", 0, 0]
				},
				"row3_scale3_left": {
					"rotation": ["35+Math.sin((query.anim_time-0.1) * 90 * 8) * 5", 0, 0]
				},
				"pineco": {
					"rotation": ["10+Math.sin((query.anim_time+0.2) * 90 * 4) * 10", 0, 0],
					"position": {
						"0.0": [0, 0, 0],
						"0.0833": [0, 3.75, 0],
						"0.1667": [0, 4.75, 0],
						"0.25": [0, 5, 0],
						"0.3333": [0, 4.75, 0],
						"0.4167": [0, 3.75, 0],
						"0.5": [0, 0, 0],
						"0.5833": [0, 3.75, 0],
						"0.6667": [0, 4.75, 0],
						"0.75": [0, 5, 0],
						"0.8333": [0, 4.75, 0],
						"0.9167": [0, 3.75, 0],
						"1.0": [0, 0, 0],
						"1.0833": [0, 3.75, 0],
						"1.1667": [0, 4.75, 0],
						"1.25": [0, 5, 0],
						"1.3333": [0, 4.75, 0],
						"1.4167": [0, 3.75, 0],
						"1.5": [0, 0, 0],
						"1.5833": [0, 3.75, 0],
						"1.6667": [0, 4.75, 0],
						"1.75": [0, 5, 0],
						"1.8333": [0, 4.75, 0],
						"1.9167": [0, 3.75, 0],
						"2.0": [0, 0, 0]
					}
				}
			}
		},
		"animation.pineco.ground_idle": {
			"loop": true,
			"bones": {
				"pineco": {
					"rotation": ["Math.cos((query.anim_time) * 90 * 2) * 10", 0, "Math.sin((query.anim_time) * 90 * 2) * 6"]
				},
				"row1_scale1_left": {
					"rotation": [-55, 0, 0]
				},
				"row1_scale2_left": {
					"rotation": [-35, 0, 0]
				},
				"row1_scale3_left": {
					"rotation": [35, 0, 0]
				},
				"row1_scale1_right": {
					"rotation": [-55, 0, 0]
				},
				"row1_scale2_right": {
					"rotation": [-35, 0, 0]
				},
				"row1_scale3_right": {
					"rotation": [35, 0, 0]
				},
				"row2_scale1_left": {
					"rotation": [35, 0, 0]
				},
				"row2_scale2_left": {
					"rotation": [35, 0, 0]
				},
				"row2_scale3_left": {
					"rotation": [-35, 0, 0]
				},
				"row2_scale1_right": {
					"rotation": [35, 0, 0]
				},
				"row2_scale2_right": {
					"rotation": [35, 0, 0]
				},
				"row2_scale3_right": {
					"rotation": [-35, 0, 0]
				},
				"row2_scale_back": {
					"rotation": [-35, 0, 0]
				},
				"row2_scale_front": {
					"rotation": [35, 0, 0]
				},
				"row3_scale1_left": {
					"rotation": [-35, 0, 0]
				},
				"row3_scale2_left": {
					"rotation": [-35, 0, 0]
				},
				"row3_scale3_left": {
					"rotation": [35, 0, 0]
				},
				"row3_scale4_left": {
					"rotation": [35, 0, 0]
				},
				"row3_scale1_right": {
					"rotation": [-35, 0, 0]
				},
				"row3_scale2_right": {
					"rotation": [-35, 0, 0]
				},
				"row3_scale3_right": {
					"rotation": [35, 0, 0]
				},
				"row3_scale4_right": {
					"rotation": [35, 0, 0]
				}
			}
		},
		"animation.pineco.sleep": {
			"loop": true,
			"bones": {
				"pineco": {
					"rotation": ["Math.cos((query.anim_time) * 90 * 1) * 10", 0, 0]
				},
				"row1_scale1_left": {
					"rotation": [40, 0, 0]
				},
				"row1_scale2_left": {
					"rotation": [40, 0, 0]
				},
				"row1_scale3_left": {
					"rotation": [-40, 0, 0]
				},
				"row1_scale1_right": {
					"rotation": [40, 0, 0]
				},
				"row1_scale2_right": {
					"rotation": [40, 0, 0]
				},
				"row1_scale3_right": {
					"rotation": [-40, 0, 0]
				},
				"row2_scale1_left": {
					"rotation": [60, 0, 0]
				},
				"row2_scale2_left": {
					"rotation": [60, 0, 0]
				},
				"row2_scale3_left": {
					"rotation": [-60, 0, 0]
				},
				"row2_scale1_right": {
					"rotation": [60, 0, 0]
				},
				"row2_scale2_right": {
					"rotation": [60, 0, 0]
				},
				"row2_scale3_right": {
					"rotation": [-60, 0, 0]
				},
				"row2_scale_back": {
					"rotation": [-60, 0, 0]
				},
				"row2_scale_front": {
					"rotation": [60, 0, 0]
				},
				"row3_scale1_left": {
					"rotation": [-60, 0, 0]
				},
				"row3_scale2_left": {
					"rotation": [-60, 0, 0]
				},
				"row3_scale3_left": {
					"rotation": [60, 0, 0]
				},
				"row3_scale4_left": {
					"rotation": [60, 0, 0]
				},
				"row3_scale1_right": {
					"rotation": [-60, 0, 0]
				},
				"row3_scale2_right": {
					"rotation": [-60, 0, 0]
				},
				"row3_scale3_right": {
					"rotation": [60, 0, 0]
				},
				"row3_scale4_right": {
					"rotation": [60, 0, 0]
				},
				"body": {
					"rotation": [0, 0, 67.5]
				},
				"eyelid_left": {
					"position": [0, -0.1, 0]
				},
				"eyelid_right": {
					"position": [0, -0.1, 0]
				}
			}
		},
		"animation.pineco.faint": {
			"loop": true,
			"animation_length": 3,
			"bones": {
				"row1_scale1_left": {
					"rotation": {
						"0.0": [-55, 0, 0],
						"2.0417": [-55, 0, 0],
						"2.2917": [50, 0, 0]
					}
				},
				"row1_scale2_left": {
					"rotation": {
						"0.0": [-35, 0, 0],
						"2.0417": [-35, 0, 0],
						"2.2917": [50, 0, 0]
					}
				},
				"row1_scale3_left": {
					"rotation": {
						"0.0": [35, 0, 0],
						"2.0417": [35, 0, 0],
						"2.2917": [-50, 0, 0]
					}
				},
				"row1_scale1_right": {
					"rotation": {
						"0.0": [-55, 0, 0],
						"2.0417": [-55, 0, 0],
						"2.2917": [50, 0, 0]
					}
				},
				"row1_scale2_right": {
					"rotation": {
						"0.0": [-35, 0, 0],
						"2.0417": [-35, 0, 0],
						"2.2917": [50, 0, 0]
					}
				},
				"row1_scale3_right": {
					"rotation": {
						"0.0": [35, 0, 0],
						"2.0417": [35, 0, 0],
						"2.2917": [-50, 0, 0]
					}
				},
				"row2_scale1_left": {
					"rotation": {
						"0.0": [35, 0, 0],
						"2.0417": [35, 0, 0],
						"2.2917": [60, 0, 0]
					}
				},
				"row2_scale2_left": {
					"rotation": {
						"0.0": [35, 0, 0],
						"2.0417": [35, 0, 0],
						"2.2917": [60, 0, 0]
					}
				},
				"row2_scale3_left": {
					"rotation": {
						"0.0": [-35, 0, 0],
						"2.0417": [-35, 0, 0],
						"2.2917": [-60, 0, 0]
					}
				},
				"row2_scale1_right": {
					"rotation": {
						"0.0": [35, 0, 0],
						"2.0417": [35, 0, 0],
						"2.2917": [60, 0, 0]
					}
				},
				"row2_scale2_right": {
					"rotation": {
						"0.0": [35, 0, 0],
						"2.0417": [35, 0, 0],
						"2.2917": [60, 0, 0]
					}
				},
				"row2_scale3_right": {
					"rotation": {
						"0.0": [-35, 0, 0],
						"2.0417": [-35, 0, 0],
						"2.2917": [-60, 0, 0]
					}
				},
				"row2_scale_back": {
					"rotation": {
						"0.0": [-35, 0, 0],
						"2.0417": [-35, 0, 0],
						"2.2917": [-60, 0, 0]
					}
				},
				"row2_scale_front": {
					"rotation": {
						"0.0": [35, 0, 0],
						"2.0417": [35, 0, 0],
						"2.2917": [60, 0, 0]
					}
				},
				"row3_scale1_left": {
					"rotation": {
						"0.0": [-35, 0, 0],
						"2.0417": [-35, 0, 0],
						"2.2917": [-60, 0, 0]
					}
				},
				"row3_scale2_left": {
					"rotation": {
						"0.0": [-35, 0, 0],
						"2.0417": [-35, 0, 0],
						"2.2917": [-60, 0, 0]
					}
				},
				"row3_scale3_left": {
					"rotation": {
						"0.0": [35, 0, 0],
						"2.0417": [35, 0, 0],
						"2.2917": [70, 0, 0]
					}
				},
				"row3_scale4_left": {
					"rotation": {
						"0.0": [35, 0, 0],
						"2.0417": [35, 0, 0],
						"2.2917": [70, 0, 0]
					}
				},
				"row3_scale1_right": {
					"rotation": {
						"0.0": [-35, 0, 0],
						"2.0417": [-35, 0, 0],
						"2.2917": [-60, 0, 0]
					}
				},
				"row3_scale2_right": {
					"rotation": {
						"0.0": [-35, 0, 0],
						"2.0417": [-35, 0, 0],
						"2.2917": [-60, 0, 0]
					}
				},
				"row3_scale3_right": {
					"rotation": {
						"0.0": [35, 0, 0],
						"2.0417": [35, 0, 0],
						"2.2917": [70, 0, 0]
					}
				},
				"row3_scale4_right": {
					"rotation": {
						"0.0": [35, 0, 0],
						"2.0417": [35, 0, 0],
						"2.2917": [70, 0, 0]
					}
				},
				"body": {
					"rotation": {
						"0.0": [0, 0, 0],
						"0.1667": [14, -123.33, 0],
						"0.3333": [17, -184.16, 0],
						"0.4583": [19, -212.75, 0],
						"0.5833": [12, -220.5, 0],
						"0.75": [4, -103.75, 0],
						"0.9583": [-2, -2.81, 0],
						"1.25": [-8, 42.5, 0],
						"1.5": [-20.06508, -14.05189, 3.80875],
						"1.6667": [-34.38247, -28.69557, 4.62081],
						"1.7917": [-53.62051, -39.67833, 5.22986],
						"1.9583": [-89.63762, -41.89681, 5.40638],
						"2.0833": [-143.16042, -44.8548, 5.64174],
						"2.1667": [-75.66042, -44.8548, 5.64174],
						"2.25": [-58.16042, -44.8548, 5.64174],
						"2.3333": [-50.66042, -44.8548, 5.64174],
						"2.4167": [-54.41042, -44.8548, 5.64174],
						"2.5": [-83.16042, -44.8548, 5.64174],
						"2.5833": [-78.16042, -44.8548, 5.64174]
					},
					"position": {
						"0.0": [0, 0.3, 0],
						"0.0833": [0, 5.55, 3],
						"0.1667": [0, 7.05, 4.75],
						"0.25": [0, 7.55, 5.5],
						"0.3333": [0, 7.05, 6],
						"0.4167": [0, 5.55, 6],
						"0.5": [0, 0.3, 6],
						"0.5417": [0, 0.05, 6],
						"0.5833": [0, 0.3, 6],
						"0.6667": [0, 7.05, 5],
						"0.75": [0, 9.55, 2],
						"0.9167": [0, 10.55, -1.5],
						"1.0833": [0, 9.55, -2.75],
						"1.1667": [0, 7.05, -3.25],
						"1.25": [0, 0.3, -3],
						"1.2917": [0, 0.05, -3],
						"1.3333": [0, 0.3, -3],
						"1.4167": [0, 12.05, -2],
						"1.5": [0, 14.55, -1.25],
						"1.7083": [0, 16.55, -1.25],
						"1.9167": [0, 14.55, -1.25],
						"2.0": [0, 12.05, -1.25],
						"2.0833": [0, 0.3, -1.25],
						"2.1667": [0, 6.3, -1.25],
						"2.25": [0, 7.3, -1.25],
						"2.3333": [0, 6.3, -1.25],
						"2.4167": [0, 0.3, -1.25]
					}
				},
				"eyelid_left": {
					"position": {
						"0.0": [0, -0.1, 0],
						"1.375": [0, -0.1, 0],
						"1.4167": [0, 0, 0],
						"1.9167": [0, 0, 0],
						"1.9583": [0, -0.1, 0]
					}
				},
				"eyelid_right": {
					"position": {
						"0.0": [0, -0.1, 0],
						"1.375": [0, -0.1, 0],
						"1.4167": [0, 0, 0],
						"1.9167": [0, 0, 0],
						"1.9583": [0, -0.1, 0]
					}
				}
			}
		},
		"animation.pineco.blink": {
			"animation_length": 0.20833,
			"bones": {
				"eyelid_left": {
					"position": {
						"0.0": [0, -0.25, 0],
						"0.1667": [0, -0.25, 0],
						"0.2083": [0, 0, 0]
					}
				},
				"eyelid_right": {
					"position": {
						"0.0": [0, -0.25, 0],
						"0.1667": [0, -0.25, 0],
						"0.2083": [0, 0, 0]
					}
				}
			}
		}
	}
}