{
	"format_version": "1.8.0",
	"animations": {
		"animation.mimejr.ground_idle": {
			"loop": true,
			"bones": {
				"arm_right": {
					"rotation": [0, 0, -15]
				},
				"arm_right2": {
					"rotation": [0, 0, 10]
				},
				"hand_right": {
					"rotation": [0, 0, 5]
				},
				"arm_left": {
					"rotation": [0, 0, 15]
				},
				"arm_left2": {
					"rotation": [0, 0, -10]
				},
				"hand_left": {
					"rotation": [0, 0, -5]
				}
			}
		},
		"animation.mimejr.blink": {
			"animation_length": 0.16667,
			"bones": {
				"eyelid_right": {
					"position": {
						"0.0": [0, 0, -0.1],
						"0.125": [0, 0, -0.1],
						"0.1667": [0, 0, 0]
					}
				},
				"eyelid_left": {
					"position": {
						"0.0": [0, 0, -0.1],
						"0.125": [0, 0, -0.1],
						"0.1667": [0, 0, 0]
					}
				}
			}
		}
	}
}