{
	"format_version": "1.8.0",
	"animations": {
		"animation.moltres.ground_idle": {
			"loop": true,
			"bones": {
				"torso": {
					"rotation": [30, 0, 0]
				},
				"neck": {
					"rotation": [10, 0, 0]
				},
				"head": {
					"rotation": [-30, 0, 0]
				},
				"tail": {
					"rotation": [-45, 0, 0]
				},
				"leftwing": {
					"rotation": [90, 0, -90],
					"position": [0, -9, -0.5]
				},
				"leftwing2": {
					"rotation": [0, 175, 0]
				},
				"rightwing": {
					"rotation": [90, 0, 90],
					"position": [0, -9, -0.5]
				},
				"rightwing2": {
					"rotation": [0, -175, 0]
				},
				"leftleg": {
					"rotation": [15, 0, 0]
				},
				"leftknee2": {
					"rotation": [-30, 0, 0]
				},
				"leftfoot": {
					"rotation": [15, 0, 0]
				},
				"rightleg": {
					"rotation": [15, 0, 0]
				},
				"rightknee2": {
					"rotation": [-30, 0, 0]
				},
				"rightfoot": {
					"rotation": [15, 0, 0]
				}
			}
		},
		"animation.moltres.air_idle": {
			"loop": true,
			"bones": {
				"body": {
					"rotation": [45, 0, 0]
				},
				"neck": {
					"rotation": [7.5, 0, 0]
				},
				"head": {
					"rotation": [-45, 0, 0]
				},
				"tail": {
					"rotation": [-60, 0, 0]
				},
				"leftwing": {
					"rotation": [15, -30, -15]
				},
				"leftwing2": {
					"rotation": [0, 15, 0]
				},
				"rightwing": {
					"rotation": [15, 30, 15]
				},
				"rightwing2": {
					"rotation": [0, -15, 0]
				},
				"rightleg": {
					"rotation": [-15, 0, 0]
				},
				"rightknee2": {
					"rotation": [-45, 0, 0]
				},
				"rightfoot": {
					"rotation": [30, 0, 0]
				},
				"leftleg": {
					"rotation": [-15, 0, 0]
				},
				"leftknee2": {
					"rotation": [-45, 0, 0]
				},
				"leftfoot": {
					"rotation": [30, 0, 0]
				}
			}
		},
		"animation.moltres.air_fly": {
			"loop": true,
			"bones": {
				"body": {
					"rotation": [75, 0, 0]
				},
				"neck": {
					"rotation": [7.5, 0, 0]
				},
				"head": {
					"rotation": [-75, 0, 0]
				},
				"tail": {
					"rotation": [-75, 0, 0]
				},
				"leftwing": {
					"rotation": [5, -15, 0]
				},
				"leftwing2": {
					"rotation": [0, 15, 0]
				},
				"rightwing": {
					"rotation": [5, 15, 0]
				},
				"rightwing2": {
					"rotation": [0, -15, 0]
				},
				"rightleg": {
					"rotation": [-15, 0, 0]
				},
				"rightknee2": {
					"rotation": [-75, 0, 0]
				},
				"rightfoot": {
					"rotation": [30, 0, 0]
				},
				"leftleg": {
					"rotation": [-15, 0, 0]
				},
				"leftknee2": {
					"rotation": [-75, 0, 0]
				},
				"leftfoot": {
					"rotation": [30, 0, 0]
				}
			}
		}
	}
}