{
	"format_version": "1.8.0",
	"animations": {
		"animation.misdreavus.ground_idle": {
			"loop": true,
			"animation_length": 3.125,
			"bones": {
				"hair_back_outer_left": {
					"rotation": ["4*(math.sin(q.anim_time*90*1.2)*1)+4*(math.sin(q.anim_time*90*1)*1)", 0, 0]
				},
				"hair_back_outer_left3": {
					"rotation": ["3*(math.sin(q.anim_time*90*2)*1)+4*(math.sin(q.anim_time*90*1)*1)", 0, 45]
				},
				"hair_back_inner_left": {
					"rotation": ["6*(math.sin(q.anim_time*90*1.3)*1)+4*(math.sin(q.anim_time*90*1)*1)", 0, 0]
				},
				"hair_back_inner_left3": {
					"rotation": ["6*(math.sin(q.anim_time*90*2)*1)+4*(math.sin(q.anim_time*90*1)*1)", 0, 45]
				},
				"hair_back_middle": {
					"rotation": ["6*(math.sin(q.anim_time*90*1.4)*1)+4*(math.sin(q.anim_time*90*1)*1)", 0, 0]
				},
				"hair_back_middle3": {
					"rotation": ["9*(math.sin(q.anim_time*90*2)*1)+4*(math.sin(q.anim_time*90*1)*1)", 0, 0]
				},
				"torso": {
					"rotation": ["27.5+0.03*(math.sin(q.anim_time*90*2)*1)+4*(math.sin(q.anim_time*90*1)*1)", 0, 0]
				},
				"necklace": {
					"rotation": [-20, 0, 0],
					"position": [0, 0, 0.1]
				},
				"flap_front": {
					"rotation": ["-20+4*(math.sin(q.anim_time*90*1.2)*1)+4*(math.sin(q.anim_time*90*1)*1)", 0, 0]
				},
				"flap_right": {
					"rotation": [0, 0, "25-4*(math.sin(q.anim_time*90*1.2)*1)-4*(math.sin(q.anim_time*90*1)*1)"]
				},
				"flap_left": {
					"rotation": [0, 0, "-25+4*(math.sin(q.anim_time*90*1.2)*1)+4*(math.sin(q.anim_time*90*1)*1)"]
				},
				"flap_back": {
					"rotation": ["30-4*(math.sin(q.anim_time*90*1.2)*1)-4*(math.sin(q.anim_time*90*1)*1)", 0, 0]
				},
				"head": {
					"rotation": [5, 0, 0]
				},
				"body": {
					"position": [0, "0.3*(math.sin(q.anim_time*90*1.5+45)*1+1)", 0]
				},
				"hair_front_right2": {
					"rotation": ["1*(math.sin(q.anim_time*90*2)*1)+4*(math.sin(q.anim_time*90*1)*1)", 0, 0]
				},
				"hair_front_right3": {
					"rotation": ["4*(math.sin(q.anim_time*90*2)*1)+4*(math.sin(q.anim_time*90*1)*1)", 0, 0]
				},
				"hair_back_outer_right": {
					"rotation": ["4*(math.sin(q.anim_time*90*1.2)*1)+4*(math.sin(q.anim_time*90*1)*1)", 0, 0]
				},
				"hair_back_inner_right": {
					"rotation": ["6*(math.sin(q.anim_time*90*1.3)*1)+4*(math.sin(q.anim_time*90*1)*1)", 0, 0]
				},
				"hair_front_left2": {
					"rotation": ["1*(math.sin(q.anim_time*90*2)*1)+4*(math.sin(q.anim_time*90*1)*1)", 0, 0]
				},
				"hair_front_left3": {
					"rotation": ["4*(math.sin(q.anim_time*90*2)*1)+4*(math.sin(q.anim_time*90*1)*1)", 0, 0]
				}
			}
		},
		"animation.misdreavus.ground_walk": {
			"loop": true,
			"bones": {
				"hair_back_outer_left": {
					"rotation": ["4*(math.sin(q.anim_time*90*1.2)*1)+4*(math.sin(q.anim_time*90*4)*1)", 0, 0]
				},
				"hair_back_outer_left3": {
					"rotation": ["3*(math.sin(q.anim_time*90*2)*1)+4*(math.sin(q.anim_time*90*4)*1)", 0, 45]
				},
				"hair_back_inner_left": {
					"rotation": ["6*(math.sin(q.anim_time*90*1.3)*1)+4*(math.sin(q.anim_time*90*4)*1)", 0, 0]
				},
				"hair_back_inner_left3": {
					"rotation": ["6*(math.sin(q.anim_time*90*2)*1)+4*(math.sin(q.anim_time*90*4)*1)", 0, 45]
				},
				"hair_back_middle": {
					"rotation": ["6*(math.sin(q.anim_time*90*1.4)*1)+4*(math.sin(q.anim_time*90*4)*1)", 0, 0]
				},
				"hair_back_middle3": {
					"rotation": ["9*(math.sin(q.anim_time*90*2)*1)+4*(math.sin(q.anim_time*90*4)*1)", 0, 0]
				},
				"torso": {
					"rotation": ["37.5+0.03*(math.sin(q.anim_time*90*2)*1)+4*(math.sin(q.anim_time*90*3)*1)", 0, 0]
				},
				"necklace": {
					"rotation": [-20, 0, 0],
					"position": [0, 0, 0.1]
				},
				"flap_front": {
					"rotation": ["-20+4*(math.sin(q.anim_time*90*1.2)*1)+4*(math.sin(q.anim_time*90*4)*1)", 0, 0]
				},
				"flap_right": {
					"rotation": [0, 0, "25-4*(math.sin(q.anim_time*90*1.2)*1)-4*(math.sin(q.anim_time*90*4)*1)"]
				},
				"flap_left": {
					"rotation": [0, 0, "-25+4*(math.sin(q.anim_time*90*1.2)*1)+4*(math.sin(q.anim_time*90*4)*1)"]
				},
				"flap_back": {
					"rotation": ["30-4*(math.sin(q.anim_time*90*1.2)*1)-4*(math.sin(q.anim_time*90*4)*1)", 0, 0]
				},
				"head": {
					"rotation": [5, 0, 0]
				},
				"body": {
					"position": [0, "0.3*(math.sin(q.anim_time*90*3+45)*1+1)", 0]
				},
				"hair_front_right2": {
					"rotation": ["1*(math.sin(q.anim_time*90*2)*1)+4*(math.sin(q.anim_time*90*4)*1)", 0, 0]
				},
				"hair_front_right3": {
					"rotation": ["4*(math.sin(q.anim_time*90*2)*1)+4*(math.sin(q.anim_time*90*4)*1)", 0, 0]
				},
				"hair_back_outer_right": {
					"rotation": ["4*(math.sin(q.anim_time*90*1.2)*1)+4*(math.sin(q.anim_time*90*4)*1)", 0, 0]
				},
				"hair_back_inner_right": {
					"rotation": ["6*(math.sin(q.anim_time*90*1.3)*1)+4*(math.sin(q.anim_time*90*4)*1)", 0, 0]
				},
				"hair_front_left2": {
					"rotation": ["1*(math.sin(q.anim_time*90*2)*1)+4*(math.sin(q.anim_time*90*4)*1)", 0, 0]
				},
				"hair_front_left3": {
					"rotation": ["4*(math.sin(q.anim_time*90*2)*1)+4*(math.sin(q.anim_time*90*4)*1)", 0, 0]
				}
			}
		},
		"animation.misdreavus.blink": {
			"animation_length": 0.16667,
			"bones": {
				"eyelid_right": {
					"position": {
						"0.0": [-0.1, 0, -0.1],
						"0.125": [-0.1, 0, -0.1],
						"0.1667": [0, 0, 0]
					}
				},
				"eyelid_left": {
					"position": {
						"0.0": [0.1, 0, -0.1],
						"0.125": [0.1, 0, -0.1],
						"0.1667": [0, 0, 0]
					}
				}
			}
		}
	}
}