{
	"format_version": "1.8.0",
	"animations": {
		"animation.nidoranm.sleep": {
			"loop": true,
			"bones": {
				"whisker_top_left": {
					"rotation": [0, -5, 0]
				},
				"whisker_bottom_left": {
					"rotation": [0, -5, 0]
				},
				"whisker_top_right": {
					"rotation": [0, 5, 0]
				},
				"whisker_bottom_right": {
					"rotation": [0, 5, 0]
				},
				"foot_right": {
					"rotation": [30.38126, 8.64917, 5.03837]
				},
				"foot_left": {
					"rotation": [35.1027, -4.09405, -2.87277]
				},
				"body": {
					"rotation": [5, 0, 0],
					"position": [0, -1.25, 0]
				},
				"head": {
					"rotation": [11.76875, 9.05672, 13.0643]
				},
				"eyelid_left": {
					"rotation": [0, 0, 0],
					"position": [0.1, 0, 0]
				},
				"eyelid_right": {
					"rotation": [0, 0, 0],
					"position": [-0.1, 0, 0]
				},
				"ear_left": {
					"rotation": [0, 0, 20]
				},
				"ear_right": {
					"rotation": [0, 0, -20]
				},
				"leg_front_left": {
					"rotation": [-70.49383, -8.74266, 2.17013],
					"position": [0, -0.75, 0]
				},
				"leg_front_right": {
					"rotation": [-79.25626, 25.70532, -12.06935],
					"position": [0, -0.75, 0]
				},
				"leg_back_left": {
					"rotation": [51.31693, 0.21715, -13.33393]
				},
				"leg_back_right": {
					"rotation": [55.65356, -4.46977, 24.63614]
				}
			}
		}
	}
}