{
	"format_version": "1.8.0",
	"animations": {
		"animation.metagross.ground_idle": {
			"loop": true,
			"bones": {
				"body": {
					"position": [0, -10, 0]
				},
				"leg_front_left": {
					"rotation": ["-26.5651+1*math.sin(q.anim_time*90*0.5-60)", "37.7612+2*math.sin(q.anim_time*90*0.5-60)", "-39.2315+2*math.sin(q.anim_time*90*0.5-60)"],
					"position": [0, "0.2*math.sin(q.anim_time*90*0.5-60)", 0]
				},
				"leg_front_left2": {
					"rotation": [0, 0, "17.5-2*math.sin(q.anim_time*90*0.5-60)"],
					"position": [0, "0.2*math.sin(q.anim_time*90*0.5-60)", "0.2*math.sin(q.anim_time*90*0.5-60)"]
				},
				"leg_back_left": {
					"rotation": ["28.2491-1*math.sin(q.anim_time*90*0.5-60)", -36.6102, "-42.0174+2*math.sin(q.anim_time*90*0.5-60)"],
					"position": [0, "0.3*math.sin(q.anim_time*90*0.5-90)", 0]
				},
				"leg_back_left2": {
					"rotation": [0, 0, "20-1*math.sin(q.anim_time*90*0.5-60)"],
					"position": [0, "0.2*math.cos(q.anim_time*90*0.5-60)", 0]
				},
				"leg_front_right": {
					"rotation": ["-26.5651+1*math.sin(q.anim_time*90*0.5-60)", "-37.7612-2*math.sin(q.anim_time*90*0.5-60)", "39.2315-2*math.sin(q.anim_time*90*0.5-60)"],
					"position": [0, "0.2*math.sin(q.anim_time*90*0.5-60)", 0]
				},
				"leg_front_right2": {
					"rotation": [0, 0, "-17.5+2*math.sin(q.anim_time*90*0.5-60)"],
					"position": [0, "0.2*math.sin(q.anim_time*90*0.5-60)", "0.2*math.sin(q.anim_time*90*0.5-60)"]
				},
				"leg_back_right": {
					"rotation": ["28.2491-1*math.sin(q.anim_time*90*0.5-60)", 36.6102, "42.0174-2*math.sin(q.anim_time*90*0.5-60)"],
					"position": [0, "0.3*math.sin(q.anim_time*90*0.5-90)", 0]
				},
				"leg_back_right2": {
					"rotation": [0, 0, "-20+1*math.sin(q.anim_time*90*0.5-60)"],
					"position": [0, "0.2*math.cos(q.anim_time*90*0.5-60)", 0]
				},
				"hand_front_left": {
					"rotation": [0, 0, 15]
				},
				"hand_back_left": {
					"rotation": [0, 0, 12.5]
				},
				"hand_front_right": {
					"rotation": [0, 0, -12.5]
				},
				"hand_back_right": {
					"rotation": [0, 0, -12.5]
				},
				"torso": {
					"rotation": ["2+1*math.sin(q.anim_time*90*0.5)", 0, 0],
					"position": [0, "0.2*math.sin(q.anim_time*90*0.5-60)", 0]
				}
			}
		},
		"animation.metagross.ground_walk": {
			"loop": true,
			"animation_length": 4,
			"bones": {
				"body": {
					"position": {
						"0.0": [0, -10, 0],
						"0.0417": [0, -10.4, 0],
						"0.0833": [0, -9.2, 0],
						"0.125": [0, -9.77, 0],
						"0.2083": [0, -9.28, 0],
						"0.2917": [0, -10, 0],
						"0.3333": [0, -9.5, 0],
						"0.5417": [0, -10.2, 0],
						"0.7083": [0, -10, 0],
						"1.0": [0, -10, 0],
						"1.0417": [0, -10.4, 0],
						"1.0833": [0, -9.2, 0],
						"1.125": [0, -9.77, 0],
						"1.2083": [0, -9.28, 0],
						"1.2917": [0, -10, 0],
						"1.3333": [0, -9.5, 0],
						"1.5417": [0, -10.2, 0],
						"1.7083": [0, -10, 0],
						"2.0": [0, -10, 0],
						"2.0417": [0, -10.4, 0],
						"2.0833": [0, -9.2, 0],
						"2.125": [0, -9.77, 0],
						"2.2083": [0, -9.28, 0],
						"2.2917": [0, -10, 0],
						"2.3333": [0, -9.5, 0],
						"2.5417": [0, -10.2, 0],
						"2.7083": [0, -10, 0],
						"3.0": [0, -10, 0],
						"3.0417": [0, -10.4, 0],
						"3.0833": [0, -9.2, 0],
						"3.125": [0, -9.77, 0],
						"3.2083": [0, -9.28, 0],
						"3.2917": [0, -10, 0],
						"3.3333": [0, -9.5, 0],
						"3.5417": [0, -10.2, 0],
						"3.7083": [0, -10, 0],
						"4.0": [0, -10, 0]
					}
				},
				"leg_front_left": {
					"rotation": {
						"0.0": [-40.89343, 48.59034, -49.10657],
						"1.0": {
							"pre": [-1.1069, 3.29701, -38.44965],
							"post": [-1.1069, 3.29701, -38.44965],
							"lerp_mode": "catmullrom"
						},
						"1.5": {
							"post": [2.39495, 7.06695, -49.58069],
							"lerp_mode": "catmullrom"
						},
						"1.75": {
							"post": [-34.38636, 14.41912, -60.38699],
							"lerp_mode": "catmullrom"
						},
						"1.9583": [-46.55209, 14.09264, -69.41851],
						"2.0": [-40.89343, 48.59034, -49.10657],
						"3.0": {
							"pre": [-1.1069, 3.29701, -38.44965],
							"post": [-1.1069, 3.29701, -38.44965],
							"lerp_mode": "catmullrom"
						},
						"3.5": {
							"post": [2.39495, 7.06695, -49.58069],
							"lerp_mode": "catmullrom"
						},
						"3.75": {
							"post": [-34.38636, 14.41912, -60.38699],
							"lerp_mode": "catmullrom"
						},
						"3.9583": [-46.55209, 14.09264, -69.41851],
						"4.0": [-40.89343, 48.59034, -49.10657]
					},
					"position": {
						"0.0": {
							"post": [0, 0, 0],
							"lerp_mode": "catmullrom"
						},
						"0.0833": {
							"post": [0, -0.51, 0],
							"lerp_mode": "catmullrom"
						},
						"0.25": {
							"post": [0, 0.05, 0],
							"lerp_mode": "catmullrom"
						},
						"0.4167": {
							"post": [0, -0.48, 0],
							"lerp_mode": "catmullrom"
						},
						"1.0": {
							"post": [0, 0, 0],
							"lerp_mode": "catmullrom"
						},
						"1.5417": {
							"post": [0, 1, 0],
							"lerp_mode": "catmullrom"
						},
						"2.0": {
							"post": [0, 0, 0],
							"lerp_mode": "catmullrom"
						},
						"2.0833": {
							"post": [0, -0.51, 0],
							"lerp_mode": "catmullrom"
						},
						"2.25": {
							"post": [0, 0.05, 0],
							"lerp_mode": "catmullrom"
						},
						"2.4167": {
							"post": [0, -0.48, 0],
							"lerp_mode": "catmullrom"
						},
						"3.0": {
							"post": [0, 0, 0],
							"lerp_mode": "catmullrom"
						},
						"3.5417": {
							"post": [0, 1, 0],
							"lerp_mode": "catmullrom"
						},
						"4.0": {
							"post": [0, 0, 0],
							"lerp_mode": "catmullrom"
						}
					}
				},
				"leg_front_left2": {
					"rotation": {
						"0.0": {
							"post": [0, 0, 15],
							"lerp_mode": "catmullrom"
						},
						"1.0": {
							"post": [-0.66393, 0.08095, 33.79065],
							"lerp_mode": "catmullrom"
						},
						"1.3333": {
							"post": [7.57788, -0.06957, 39.75811],
							"lerp_mode": "catmullrom"
						},
						"1.9583": {
							"post": [5.37459, -0.12213, 38.78017],
							"lerp_mode": "catmullrom"
						},
						"2.0": {
							"post": [0, 0, 15],
							"lerp_mode": "catmullrom"
						},
						"3.0": {
							"post": [-0.66393, 0.08095, 33.79065],
							"lerp_mode": "catmullrom"
						},
						"3.3333": {
							"post": [7.57788, -0.06957, 39.75811],
							"lerp_mode": "catmullrom"
						},
						"3.9583": {
							"post": [5.37459, -0.12213, 38.78017],
							"lerp_mode": "catmullrom"
						},
						"4.0": {
							"post": [0, 0, 15],
							"lerp_mode": "catmullrom"
						}
					},
					"position": {
						"0.0": [0, 0, 0],
						"1.0": [0, 0, 0],
						"2.0": [0, 0, 0],
						"3.0": [0, 0, 0],
						"4.0": [0, 0, 0]
					}
				},
				"leg_back_left": {
					"rotation": {
						"0.0": [41.71, -48.16, -49.47],
						"0.0833": {
							"pre": [45.08598, -52.00035, -50.53254],
							"post": [45.08598, -52.00035, -50.53254],
							"lerp_mode": "catmullrom"
						},
						"0.4583": {
							"post": [59.58439, -33.18813, -64.52906],
							"lerp_mode": "catmullrom"
						},
						"1.0": [12.8317, -15.93548, -56.12294],
						"1.0833": [4.58212, -5.94388, -37.73803],
						"2.0833": {
							"pre": [45.08598, -52.00035, -50.53254],
							"post": [45.08598, -52.00035, -50.53254],
							"lerp_mode": "catmullrom"
						},
						"2.4583": {
							"post": [59.58439, -33.18813, -64.52906],
							"lerp_mode": "catmullrom"
						},
						"3.0": [12.8317, -15.93548, -56.12294],
						"3.0833": [4.58212, -5.94388, -37.73803],
						"4.0": [41.71, -48.16, -49.47]
					},
					"position": {
						"0.0": {
							"post": [0, -0.05, 0],
							"lerp_mode": "catmullrom"
						},
						"0.0833": {
							"post": [0, 0, 0],
							"lerp_mode": "catmullrom"
						},
						"0.625": {
							"post": [0, 1, 0],
							"lerp_mode": "catmullrom"
						},
						"1.0833": {
							"post": [0, 0, 0],
							"lerp_mode": "catmullrom"
						},
						"1.1667": {
							"post": [0, -0.51, 0],
							"lerp_mode": "catmullrom"
						},
						"1.3333": {
							"post": [0, 0.05, 0],
							"lerp_mode": "catmullrom"
						},
						"1.5": {
							"post": [0, -0.48, 0],
							"lerp_mode": "catmullrom"
						},
						"2.0833": {
							"post": [0, 0, 0],
							"lerp_mode": "catmullrom"
						},
						"2.625": {
							"post": [0, 1, 0],
							"lerp_mode": "catmullrom"
						},
						"3.0833": {
							"post": [0, 0, 0],
							"lerp_mode": "catmullrom"
						},
						"3.1667": {
							"post": [0, -0.51, 0],
							"lerp_mode": "catmullrom"
						},
						"3.3333": {
							"post": [0, 0.05, 0],
							"lerp_mode": "catmullrom"
						},
						"3.5": {
							"post": [0, -0.48, 0],
							"lerp_mode": "catmullrom"
						},
						"4.0": {
							"post": [0, -0.05, 0],
							"lerp_mode": "catmullrom"
						}
					}
				},
				"leg_back_left2": {
					"rotation": {
						"0.0": {
							"post": [-0.14, -0.13, 15.38],
							"lerp_mode": "catmullrom"
						},
						"0.0833": {
							"post": [-0.14198, -0.13884, 14.18542],
							"lerp_mode": "catmullrom"
						},
						"0.5417": {
							"post": [-1.49204, 0.9357, 38.67217],
							"lerp_mode": "catmullrom"
						},
						"1.0": {
							"post": [0.37459, -0.12213, 38.78017],
							"lerp_mode": "catmullrom"
						},
						"1.0833": {
							"post": [0, 0, 37.5],
							"lerp_mode": "catmullrom"
						},
						"2.0833": {
							"post": [-0.14198, -0.13884, 14.18542],
							"lerp_mode": "catmullrom"
						},
						"2.5417": {
							"post": [-1.49204, 0.9357, 38.67217],
							"lerp_mode": "catmullrom"
						},
						"3.0": {
							"post": [0.37459, -0.12213, 38.78017],
							"lerp_mode": "catmullrom"
						},
						"3.0833": {
							"post": [0, 0, 37.5],
							"lerp_mode": "catmullrom"
						},
						"4.0": {
							"post": [-0.14, -0.13, 15.38],
							"lerp_mode": "catmullrom"
						}
					},
					"position": {
						"0.0": [0, 0, 0],
						"0.0833": [0, 0, 0],
						"1.0833": [0, 0, 0],
						"2.0833": [0, 0, 0],
						"3.0833": [0, 0, 0],
						"4.0": [0, 0, 0]
					}
				},
				"leg_front_right": {
					"rotation": {
						"0.0": {
							"post": [-1.1069, -3.29701, 38.44965],
							"lerp_mode": "catmullrom"
						},
						"0.5": {
							"post": [2.39495, -7.06695, 49.58069],
							"lerp_mode": "catmullrom"
						},
						"0.75": {
							"post": [-34.38636, -14.41912, 60.38699],
							"lerp_mode": "catmullrom"
						},
						"0.9583": [-46.55209, -14.09264, 69.41851],
						"1.0": [-40.89343, -48.59034, 49.10657],
						"2.0": {
							"pre": [-1.1069, -3.29701, 38.44965],
							"post": [-1.1069, -3.29701, 38.44965],
							"lerp_mode": "catmullrom"
						},
						"2.5": {
							"post": [2.39495, -7.06695, 49.58069],
							"lerp_mode": "catmullrom"
						},
						"2.75": {
							"post": [-34.38636, -14.41912, 60.38699],
							"lerp_mode": "catmullrom"
						},
						"2.9583": [-46.55209, -14.09264, 69.41851],
						"3.0": {
							"pre": [-40.89343, -48.59034, 49.10657],
							"post": [-40.89343, -48.59034, 49.10657],
							"lerp_mode": "catmullrom"
						},
						"4.0": {
							"post": [-1.1069, -3.29701, 38.44965],
							"lerp_mode": "catmullrom"
						}
					},
					"position": {
						"0.0": {
							"post": [0, 0, 0],
							"lerp_mode": "catmullrom"
						},
						"0.5417": {
							"post": [0, 1, 0],
							"lerp_mode": "catmullrom"
						},
						"1.0": {
							"post": [0, 0, 0],
							"lerp_mode": "catmullrom"
						},
						"1.0833": {
							"post": [0, -0.51, 0],
							"lerp_mode": "catmullrom"
						},
						"1.25": {
							"post": [0, 0.05, 0],
							"lerp_mode": "catmullrom"
						},
						"1.4167": {
							"post": [0, -0.48, 0],
							"lerp_mode": "catmullrom"
						},
						"2.0": {
							"post": [0, 0, 0],
							"lerp_mode": "catmullrom"
						},
						"2.5417": {
							"post": [0, 1, 0],
							"lerp_mode": "catmullrom"
						},
						"3.0": {
							"post": [0, 0, 0],
							"lerp_mode": "catmullrom"
						},
						"3.0833": {
							"post": [0, -0.51, 0],
							"lerp_mode": "catmullrom"
						},
						"3.25": {
							"post": [0, 0.05, 0],
							"lerp_mode": "catmullrom"
						},
						"3.4167": {
							"post": [0, -0.48, 0],
							"lerp_mode": "catmullrom"
						},
						"4.0": {
							"post": [0, 0, 0],
							"lerp_mode": "catmullrom"
						}
					}
				},
				"leg_front_right2": {
					"rotation": {
						"0.0": {
							"post": [-0.66393, -0.08095, -33.79065],
							"lerp_mode": "catmullrom"
						},
						"0.3333": {
							"post": [7.57788, 0.06957, -39.75811],
							"lerp_mode": "catmullrom"
						},
						"0.9583": {
							"post": [5.37459, 0.12213, -38.78017],
							"lerp_mode": "catmullrom"
						},
						"1.0": {
							"post": [0, 0, -15],
							"lerp_mode": "catmullrom"
						},
						"2.0": {
							"post": [-0.66393, -0.08095, -33.79065],
							"lerp_mode": "catmullrom"
						},
						"2.3333": {
							"post": [7.57788, 0.06957, -39.75811],
							"lerp_mode": "catmullrom"
						},
						"2.9583": {
							"post": [5.37459, 0.12213, -38.78017],
							"lerp_mode": "catmullrom"
						},
						"3.0": {
							"post": [0, 0, -15],
							"lerp_mode": "catmullrom"
						},
						"4.0": {
							"post": [-0.66393, -0.08095, -33.79065],
							"lerp_mode": "catmullrom"
						}
					},
					"position": {
						"0.0": [0, 0, 0],
						"1.0": [0, 0, 0],
						"2.0": [0, 0, 0],
						"3.0": [0, 0, 0],
						"4.0": [0, 0, 0]
					}
				},
				"leg_back_right": {
					"rotation": {
						"0.0": [12.8317, 15.93548, 56.12294],
						"0.0833": [4.58212, 5.94388, 37.73803],
						"1.0833": {
							"pre": [45.08598, 52.00035, 50.53254],
							"post": [45.08598, 52.00035, 50.53254],
							"lerp_mode": "catmullrom"
						},
						"1.4583": {
							"post": [59.58439, 33.18813, 64.52906],
							"lerp_mode": "catmullrom"
						},
						"2.0": [12.8317, 15.93548, 56.12294],
						"2.0833": [4.58212, 5.94388, 37.73803],
						"3.0833": {
							"pre": [45.08598, 52.00035, 50.53254],
							"post": [45.08598, 52.00035, 50.53254],
							"lerp_mode": "catmullrom"
						},
						"3.4583": {
							"post": [59.58439, 33.18813, 64.52906],
							"lerp_mode": "catmullrom"
						},
						"4.0": [12.8317, 15.93548, 56.12294]
					},
					"position": {
						"0.0": {
							"post": [0, 0.15, 0],
							"lerp_mode": "catmullrom"
						},
						"0.0833": {
							"post": [0, 0, 0],
							"lerp_mode": "catmullrom"
						},
						"0.1667": {
							"post": [0, -0.51, 0],
							"lerp_mode": "catmullrom"
						},
						"0.3333": {
							"post": [0, 0.05, 0],
							"lerp_mode": "catmullrom"
						},
						"0.5": {
							"post": [0, -0.48, 0],
							"lerp_mode": "catmullrom"
						},
						"1.0833": {
							"post": [0, 0, 0],
							"lerp_mode": "catmullrom"
						},
						"1.625": {
							"post": [0, 1, 0],
							"lerp_mode": "catmullrom"
						},
						"2.0833": {
							"post": [0, 0, 0],
							"lerp_mode": "catmullrom"
						},
						"2.1667": {
							"post": [0, -0.51, 0],
							"lerp_mode": "catmullrom"
						},
						"2.3333": {
							"post": [0, 0.05, 0],
							"lerp_mode": "catmullrom"
						},
						"2.5": {
							"post": [0, -0.48, 0],
							"lerp_mode": "catmullrom"
						},
						"3.0833": {
							"post": [0, 0, 0],
							"lerp_mode": "catmullrom"
						},
						"3.625": {
							"post": [0, 1, 0],
							"lerp_mode": "catmullrom"
						},
						"4.0": {
							"post": [0, 0.15, 0],
							"lerp_mode": "catmullrom"
						}
					}
				},
				"leg_back_right2": {
					"rotation": {
						"0.0": {
							"post": [0.37459, 0.12213, -38.78017],
							"lerp_mode": "catmullrom"
						},
						"0.0833": {
							"post": [0, 0, -37.5],
							"lerp_mode": "catmullrom"
						},
						"1.0833": {
							"post": [-0.14198, 0.13884, -14.18542],
							"lerp_mode": "catmullrom"
						},
						"1.5417": {
							"post": [-1.49204, -0.9357, -38.67217],
							"lerp_mode": "catmullrom"
						},
						"2.0": {
							"post": [0.37459, 0.12213, -38.78017],
							"lerp_mode": "catmullrom"
						},
						"2.0833": {
							"post": [0, 0, -37.5],
							"lerp_mode": "catmullrom"
						},
						"3.0833": {
							"post": [-0.14198, 0.13884, -14.18542],
							"lerp_mode": "catmullrom"
						},
						"3.5417": {
							"post": [-1.49204, -0.9357, -38.67217],
							"lerp_mode": "catmullrom"
						},
						"4.0": {
							"post": [0.37459, 0.12213, -38.78017],
							"lerp_mode": "catmullrom"
						}
					},
					"position": {
						"0.0": [0, 0, 0],
						"0.0833": [0, 0, 0],
						"1.0833": [0, 0, 0],
						"2.0833": [0, 0, 0],
						"3.0833": [0, 0, 0],
						"4.0": [0, 0, 0]
					}
				},
				"hand_front_left": {
					"rotation": {
						"0.0": {
							"post": [0, 0, 15],
							"lerp_mode": "catmullrom"
						},
						"0.9583": {
							"post": [0, 0, 5.71],
							"lerp_mode": "catmullrom"
						},
						"1.1667": {
							"post": [0, 0, 5],
							"lerp_mode": "catmullrom"
						},
						"2.0": {
							"post": [0, 0, 15],
							"lerp_mode": "catmullrom"
						},
						"3.0": {
							"post": [0, 0, 5.55],
							"lerp_mode": "catmullrom"
						},
						"3.1667": {
							"post": [0, 0, 5],
							"lerp_mode": "catmullrom"
						},
						"4.0": {
							"post": [0, 0, 15],
							"lerp_mode": "catmullrom"
						}
					}
				},
				"hand_back_left": {
					"rotation": [0, 0, 12.5]
				},
				"hand_front_right": {
					"rotation": {
						"0.0": {
							"post": [0, 0, -5.71],
							"lerp_mode": "catmullrom"
						},
						"0.1667": {
							"post": [0, 0, -5],
							"lerp_mode": "catmullrom"
						},
						"1.0": {
							"post": [0, 0, -15],
							"lerp_mode": "catmullrom"
						},
						"2.0": {
							"post": [0, 0, -5.71],
							"lerp_mode": "catmullrom"
						},
						"2.1667": {
							"post": [0, 0, -5],
							"lerp_mode": "catmullrom"
						},
						"3.0": {
							"post": [0, 0, -15],
							"lerp_mode": "catmullrom"
						},
						"4.0": {
							"post": [0, 0, -5.55],
							"lerp_mode": "catmullrom"
						}
					}
				},
				"hand_back_right": {
					"rotation": [0, 0, -12.5]
				},
				"torso": {
					"rotation": [
						"2-1*math.sin(q.anim_time*90*4-60)-0.5*math.sin(q.anim_time*90*8-60)",
						"2*math.cos(q.anim_time*90*2-60)",
						"-1*math.cos(q.anim_time*90*4-60)"
					],
					"position": [0, "-0.2-1*math.sin(q.anim_time*90*4-20)-0.3*math.sin(q.anim_time*90*8-20)", "-0.2*math.sin(q.anim_time*90*4-90)"]
				}
			}
		},
		"animation.metagross.battle_idle": {
			"loop": true,
			"bones": {
				"body": {
					"position": [0, -10, 0]
				},
				"leg_front_left": {
					"rotation": ["-11.2662+0.5*math.sin(q.anim_time*90*1-60)", "19.7747+2*math.sin(q.anim_time*90*1-60)", "-32.1577+2*math.sin(q.anim_time*90*1-60)"],
					"position": [0, "1+0.3*math.sin(q.anim_time*90*1-60)", 0]
				},
				"leg_front_left2": {
					"rotation": [0, 0, "22.5-2*math.sin(q.anim_time*90*1-60)"],
					"position": [0, "0.2*math.sin(q.anim_time*90*1-60)", "0.2*math.sin(q.anim_time*90*1-60)"]
				},
				"leg_back_left": {
					"rotation": ["20.9752-1*math.sin(q.anim_time*90*1-60)", -40.92948, "-30.4338+2*math.sin(q.anim_time*90*1-60)"],
					"position": [0, "1.5+0.3*math.sin(q.anim_time*90*1-90)", 0]
				},
				"leg_back_left2": {
					"rotation": [0, 0, "10-1*math.sin(q.anim_time*90*1-60)"],
					"position": [0, "0.2*math.cos(q.anim_time*90*1-60)", 0]
				},
				"leg_front_right": {
					"rotation": ["-11.2662+0.5*math.sin(q.anim_time*90*1-60)", "-19.7747-2*math.sin(q.anim_time*90*1-60)", "32.1577-2*math.sin(q.anim_time*90*1-60)"],
					"position": [0, "1+0.3*math.sin(q.anim_time*90*1-60)", 0]
				},
				"leg_front_right2": {
					"rotation": [0, 0, "-22.5+2*math.sin(q.anim_time*90*1-60)"],
					"position": [0, "0.2*math.sin(q.anim_time*90*1-60)", "0.2*math.sin(q.anim_time*90*1-60)"]
				},
				"leg_back_right": {
					"rotation": ["20.9752-1*math.sin(q.anim_time*90*1-60)", 40.55098, "31.6554-2*math.sin(q.anim_time*90*1-60)"],
					"position": [0, "1.5+0.3*math.sin(q.anim_time*90*1-90)", 0]
				},
				"leg_back_right2": {
					"rotation": [0, 0, "-12.5+1*math.sin(q.anim_time*90*1-60)"],
					"position": [0, "0.2*math.cos(q.anim_time*90*1-60)", 0]
				},
				"hand_front_left": {
					"rotation": [0, 0, 10]
				},
				"hand_back_left": {
					"rotation": [0, 0, 12.5]
				},
				"hand_front_right": {
					"rotation": [0, 0, -7.5]
				},
				"hand_back_right": {
					"rotation": [0, 0, -12.5]
				},
				"torso": {
					"rotation": ["9+1*math.sin(q.anim_time*90*1)", "0.2*math.cos(q.anim_time*90*1)", "0.2*math.sin(q.anim_time*90*2)"],
					"position": [0, "1.2+0.2*math.sin(q.anim_time*90*1-60)", 1.25]
				}
			}
		},
		"animation.metagross.blink": {
			"animation_length": 0.16667,
			"bones": {
				"eye_open_left": {
					"position": {
						"0.0": [0, 0, 0.1],
						"0.125": [0, 0, 0.1],
						"0.1667": [0, 0, 0]
					}
				},
				"eye_closed_left": {
					"position": {
						"0.0": [0, 0, -0.1],
						"0.125": [0, 0, -0.1],
						"0.1667": [0, 0, 0]
					}
				},
				"eye_open_right": {
					"position": {
						"0.0": [0, 0, 0.1],
						"0.125": [0, 0, 0.1],
						"0.1667": [0, 0, 0]
					}
				},
				"eye_closed_right": {
					"position": {
						"0.0": [0, 0, -0.1],
						"0.125": [0, 0, -0.1],
						"0.1667": [0, 0, 0]
					}
				}
			}
		},
		"animation.metagross.air_idle": {
			"loop": true,
			"bones": {
				"body": {
					"rotation": ["1*math.sin(q.anim_time*90*1-60)", 0, "0.2*math.cos(q.anim_time*90*1-60)"],
					"position": [0, "-10+0.6*math.cos(q.anim_time*90*1-210)", 0]
				},
				"leg_front_left": {
					"rotation": [-22.5, 0, -90],
					"position": [-0.5, -3.9, 0]
				},
				"leg_front_left2": {
					"position": [-1.5, 0, 0]
				},
				"leg_back_left": {
					"rotation": [22.5, 0, -90],
					"position": [-0.5, -3.85, -0.3]
				},
				"leg_back_left2": {
					"position": [-1.6, 0, 0]
				},
				"leg_front_right": {
					"rotation": [-22.5, 0, 90],
					"position": [0.5, -3.9, 0]
				},
				"leg_front_right2": {
					"position": [1.5, 0, 0]
				},
				"leg_back_right": {
					"rotation": [22.5, 0, 90],
					"position": [0.5, -3.85, -0.3]
				},
				"leg_back_right2": {
					"position": [1.6, 0, 0]
				}
			}
		},
		"animation.metagross.air_fly": {
			"loop": true,
			"bones": {
				"body": {
					"rotation": ["1*math.sin(q.anim_time*90*2-60)", 0, "0.2*math.cos(q.anim_time*90*3-60)"],
					"position": [0, "-10+0.6*math.cos(q.anim_time*90*1-210)", "1*math.cos(q.anim_time*90*2-210)"]
				},
				"leg_front_left": {
					"rotation": [-22.5, 0, -90],
					"position": [-0.5, -3.9, 0]
				},
				"leg_front_left2": {
					"position": [-1.5, 0, 0]
				},
				"leg_back_left": {
					"rotation": [22.5, 0, -90],
					"position": [-0.5, -3.85, -0.3]
				},
				"leg_back_left2": {
					"position": [-1.6, 0, 0]
				},
				"leg_front_right": {
					"rotation": [-22.5, 0, 90],
					"position": [0.5, -3.9, 0]
				},
				"leg_front_right2": {
					"position": [1.5, 0, 0]
				},
				"leg_back_right": {
					"rotation": [22.5, 0, 90],
					"position": [0.5, -3.85, -0.3]
				},
				"leg_back_right2": {
					"position": [1.6, 0, 0]
				}
			}
		},
		"animation.metagross.cry": {
			"animation_length": 2.25,
			"bones": {
				"body": {
					"position": {
						"0.0": [0, 0, 0],
						"0.8333": [0, "0.1*math.sin(q.anim_time*90*50)", 0],
						"1.625": [0, 0, 0]
					}
				},
				"torso": {
					"rotation": {
						"0.0": {
							"post": [0, 0, 0],
							"lerp_mode": "catmullrom"
						},
						"0.125": {
							"post": [2.5, 0, 0],
							"lerp_mode": "catmullrom"
						},
						"0.2917": {
							"post": [0, 0, 0],
							"lerp_mode": "catmullrom"
						},
						"0.4167": {
							"post": [2, 0, 0],
							"lerp_mode": "catmullrom"
						},
						"1.125": {
							"post": [-3, 0, 0],
							"lerp_mode": "catmullrom"
						},
						"1.5833": {
							"post": [-3, 0, 0],
							"lerp_mode": "catmullrom"
						},
						"1.8333": {
							"post": [1, 0, 0],
							"lerp_mode": "catmullrom"
						},
						"2.1667": {
							"post": [0, 0, 0],
							"lerp_mode": "catmullrom"
						}
					}
				},
				"mouth": {
					"position": {
						"0.0": [0, 0, 0],
						"0.0833": [0, 0, 0],
						"0.125": [0, 0, -0.1],
						"2.0": [0, 0, -0.1],
						"2.0417": [0, 0, 0]
					}
				}
			},
			"sound_effects": {
				"0.125": {
					"effect": "pokemon.metagross.cry"
				}
			}
		},
		"animation.metagross.sleep": {
			"loop": true,
			"bones": {
				"body": {
					"position": [0, -16.25, 0]
				},
				"torso": {
					"rotation": [0, 0, "0.2*math.cos(q.anim_time*90*2-60)"],
					"position": [0, "0.1*math.sin(q.anim_time*90*0.2-60)", 0]
				},
				"eye_open_left": {
					"position": [0, 0, 0.1]
				},
				"eye_closed_left": {
					"position": [0, 0, -0.1]
				},
				"eye_open_right": {
					"position": [0, 0, 0.1]
				},
				"eye_closed_right": {
					"position": [0, 0, -0.1]
				},
				"leg_front_left": {
					"rotation": [-20.94102, 8.42106, -69.05898]
				},
				"leg_front_left2": {
					"rotation": [0, 0, 50]
				},
				"hand_front_left": {
					"rotation": [0, 0, 17.5]
				},
				"leg_back_left": {
					"rotation": [22.01816, -4.75113, -78.42482]
				},
				"leg_back_left2": {
					"rotation": [0, 0, 62.5]
				},
				"hand_back_left": {
					"rotation": [0, 0, 15]
				},
				"leg_front_right": {
					"rotation": [-20.94102, -8.42106, 69.05898]
				},
				"leg_front_right2": {
					"rotation": [0, 0, -50]
				},
				"hand_front_right": {
					"rotation": [0, 0, -17.5]
				},
				"leg_back_right": {
					"rotation": [22.01816, 4.75113, 78.42482]
				},
				"leg_back_right2": {
					"rotation": [0, 0, -62.5]
				},
				"hand_back_right": {
					"rotation": [0, 0, -15]
				}
			}
		},
		"animation.metagross.walkspeedtest": {
			"loop": true,
			"bones": {
				"metagross": {
					"position": [0, 0, "-q.anim_time*90*0.2"]
				}
			}
		}
	}
}