{
	"format_version": "1.8.0",
	"animations": {
		"animation.kadabra.test": {
			"loop": true,
			"bones": {
				"head": {
					"rotation": [0, 0, 0]
				},
				"arm_right": {
					"rotation": [0, 0, -57.5]
				},
				"arm_right2": {
					"rotation": [-67.5, 0, 0]
				},
				"hand_right": {
					"rotation": [0, 20, -37.5]
				},
				"finger_index_right": {
					"rotation": [0, 0, -15]
				},
				"finger_index_right2": {
					"rotation": [0, 0, -70]
				},
				"finger_pinky_right": {
					"rotation": [0, 0, -22.5]
				},
				"finger_pinky_right2": {
					"rotation": [0, 0, -70]
				},
				"thumb_right": {
					"rotation": [-62.49526, -2.49048, -0.21803]
				},
				"thumb_right2": {
					"rotation": [-7.5, 0, 0]
				},
				"spoon": {
					"rotation": [7.5, -5, 0],
					"position": [0, 0.25, 0]
				},
				"spoon2": {
					"rotation": [-2.5, 0, 0]
				},
				"shoulder_left": {
					"rotation": [-4.98107, -0.43523, -4.98107]
				},
				"arm_left": {
					"rotation": [-33.12598, -10.51794, 76.79286]
				},
				"arm_left2": {
					"rotation": [-80, 0, 0]
				},
				"hand_left": {
					"rotation": [0, 42.5, 0]
				},
				"finger_index_left": {
					"rotation": [0, 0, -52.5]
				},
				"finger_index_left2": {
					"rotation": [0, 0, 22.5]
				},
				"finger_pinky_left": {
					"rotation": [0, 0, -47.5]
				},
				"finger_pinky_left2": {
					"rotation": [0, 0, 20]
				},
				"thumb_left": {
					"rotation": [-62.5, 0, 0]
				},
				"thumb_left2": {
					"rotation": [22.5, 0, 0]
				}
			}
		},
		"animation.kadabra.battle_idle": {
			"loop": true,
			"bones": {
				"body": {
					"position": [0, "0 - (0/1) + math.abs(math.sin(((query.anim_time) - (1/2)) * 90 * 2) * (0/1))", 0]
				},
				"torso": {
					"rotation": [0, "0 - math.sin(((query.anim_time) - (0.25/2)) * 90 * 2) * 2", 0]
				},
				"head": {
					"rotation": ["0 - (0 * 1.5)", "math.sin(((query.anim_time) - (0.5/2)) * 90 * 2) * (2 * 1.5)", 0],
					"position": [0, 0, "0 - (0 / 10)"]
				},
				"arm_left": {
					"rotation": [-22.5, "0 - math.sin(((query.anim_time) - (0.5/2)) * 90 * 2) * 2", "0 - 0"]
				},
				"arm_left2": {
					"rotation": [-43, "math.clamp(math.sin(((query.anim_time) + (0.75/2)) * 90 * 2) * 2, 0, 2)", 0]
				},
				"arm_right": {
					"rotation": [-22.5, 0, 22.5]
				},
				"arm_right2": {
					"rotation": [-65.5, "- math.clamp(math.sin(((query.anim_time) - (0.75/2)) * 90 * 2) * 2, 0, 2)", 0]
				},
				"torso2": {
					"rotation": [0, "0 - math.sin(((query.anim_time) - (0.5/2)) * 90 * 2) * 2", 0]
				},
				"leg_left": {
					"rotation": [
						"0 -math.sin((query.anim_time) * 90 * 2) * 0",
						0,
						"0 - 0 + (math.clamp((math.sin(((query.anim_time - (1.75 / 2))) * 180 * 2) * 1) - math.clamp((math.sin(((query.anim_time - (1.75 / 2))) * 90 * 2) * 2), 0, 1), 0, 1)) * 0"
					],
					"position": [0, "math.clamp(math.sin(((query.anim_time) + (1/2)) * 90 * 2) * 0, 0, 0)", 0]
				},
				"leg_left2": {
					"rotation": ["0 - math.clamp(math.sin(((query.anim_time) - (0.75/2)) * 90 * 2) * 0, -0, 0)", 0, 0]
				},
				"leg_right": {
					"rotation": [
						"math.sin((query.anim_time) * 90 * 2) * 0",
						0,
						"0 - (math.clamp((math.sin(((query.anim_time + (0.25 / 2))) * 180 * 2) * 1) - math.clamp((math.sin(((query.anim_time + (0.25 / 2))) * 90 * 2) * 2), 0, 1), 0, 1)) * 0"
					],
					"position": [0, "math.clamp(math.sin(((query.anim_time) - (1/2)) * 90 * 2) * 0, 0, 0)", 0]
				},
				"leg_right2": {
					"rotation": ["math.clamp(math.sin(((query.anim_time) - (0.75/2)) * 90 * 2) * 0, 0, 0)", 0, 0]
				},
				"foot_left": {
					"rotation": ["0 - math.clamp(math.sin(((query.anim_time) - (0.75/2)) * 90 * 2) * 0, -0, 0)", 0, 0]
				},
				"foot_right": {
					"rotation": ["math.clamp(math.sin(((query.anim_time) - (0.75/2)) * 90 * 2) * 0, 0, 0)", 0, 0]
				},
				"hand_right": {
					"rotation": [0, 90, 0]
				},
				"hand_left": {
					"rotation": [0, -22.5, 0]
				},
				"tail": {
					"rotation": [0, "4*(math.sin(q.anim_time*55*3)*1)+3*(math.sin(q.anim_time*55*3/2)*1)", 0]
				},
				"tail2": {
					"rotation": [0, "6*(math.sin(q.anim_time*55*3-55)*1)+3*(math.sin(q.anim_time*55*3/2-55)*1)", 0]
				},
				"tail3": {
					"rotation": [0, "6*(math.sin(q.anim_time*55*3-55)*1)+3*(math.sin(q.anim_time*55*3/2-55)*1)", 0]
				},
				"finger_index_right": {
					"rotation": [0, 0, -23.5]
				},
				"finger_index_right2": {
					"rotation": [10, 0, -79.5]
				},
				"finger_pinky_right": {
					"rotation": [0, 0, -24.5]
				},
				"finger_pinky_right2": {
					"rotation": [-5, 0, -82]
				},
				"thumb_right": {
					"rotation": [-71, 0, 0]
				},
				"thumb_right2": {
					"rotation": [-10, 0, 0]
				},
				"finger_index_left": {
					"rotation": [0, 0, -67.5]
				},
				"finger_index_left2": {
					"rotation": [0, 0, 45]
				},
				"finger_pinky_left": {
					"rotation": [31.7091, -23.7835, -50.2998]
				},
				"finger_pinky_left2": {
					"rotation": [0, 0, 45]
				},
				"thumb_left": {
					"rotation": [-67.5, 0, 0]
				},
				"thumb_left2": {
					"rotation": [45, 0, 0]
				},
				"shoulder_right": {
					"rotation": [0, 0, -30]
				},
				"shoulder_left": {
					"rotation": [0, 0, 20]
				}
			}
		},
		"animation.kadabra.ground_idle": {
			"loop": true,
			"bones": {
				"torso": {
					"rotation": [-2.5, 0, 0]
				},
				"chest": {
					"rotation": [5, 0, 0]
				},
				"head": {
					"rotation": [5, 0, 0]
				},
				"arm_right": {
					"rotation": [0, 0, -72.5]
				},
				"arm_right2": {
					"rotation": [-27.47766, -1.15408, -2.21783]
				},
				"hand_right": {
					"rotation": [6.12304, 20.45152, -8.97835]
				},
				"finger_index_right": {
					"rotation": [0, 0, -10]
				},
				"finger_index_right2": {
					"rotation": [0, 0, -57.5]
				},
				"finger_pinky_right": {
					"rotation": [0, 0, -17.5]
				},
				"finger_pinky_right2": {
					"rotation": [0, 0, -67.5]
				},
				"thumb_right": {
					"rotation": [-60, 0, 0]
				},
				"thumb_right2": {
					"rotation": [-10, 0, 0]
				},
				"spoon": {
					"rotation": [5, 0, 0]
				},
				"spoon2": {
					"rotation": [-2.5, 0, 0]
				},
				"arm_left": {
					"rotation": [0, 0, 72.5]
				},
				"arm_left2": {
					"rotation": [-27.47766, 1.15408, 2.21783]
				},
				"hand_left": {
					"rotation": [5.75291, 4.41865, 11.56972]
				},
				"finger_index_left": {
					"rotation": [0, 0, -10]
				},
				"finger_index_left2": {
					"rotation": [0, 0, 20]
				},
				"finger_pinky_left": {
					"rotation": [0, 0, 2.5]
				},
				"finger_pinky_left2": {
					"rotation": [0, 0, 30]
				},
				"thumb_left": {
					"rotation": [-30, 0, 0]
				},
				"thumb_left2": {
					"rotation": [37.5, 0, 0]
				}
			}
		},
		"animation.kadabra.blink": {
			"animation_length": 0.16667,
			"bones": {
				"eyelid_left": {
					"position": {
						"0.0": [0.1, 0, -0.1],
						"0.125": {"pre": [0.1, 0, -0.1], "post": [0.1, 0, -0.1]},
						"0.1667": {"pre": [0.1, 0, -0.1], "post": [0, 0, 0]}
					}
				},
				"eyelid_right": {
					"position": {
						"0.0": [-0.1, 0, -0.1],
						"0.125": {"pre": [-0.1, 0, -0.1], "post": [-0.1, 0, -0.1]},
						"0.1667": {"pre": [-0.1, 0, -0.1], "post": [0, 0, 0]}
					}
				}
			}
		},
		"animation.kadabra.cry": {
			"animation_length": 1,
			"bones": {
				"head": {
					"rotation": {
						"0.0": {
							"post": [0, 0, 0],
							"lerp_mode": "catmullrom"
						},
						"0.25": {
							"post": [-7.5, 0, 0],
							"lerp_mode": "catmullrom"
						},
						"0.6667": {
							"post": [-7.5, 0, 0],
							"lerp_mode": "catmullrom"
						},
						"0.9167": {
							"post": [0, 0, 0],
							"lerp_mode": "catmullrom"
						}
					}
				},
				"jaw": {
					"rotation": {
						"0.0": {
							"post": [0, 0, 0],
							"lerp_mode": "catmullrom"
						},
						"0.25": {
							"post": [40, 0, 0],
							"lerp_mode": "catmullrom"
						},
						"0.6667": {
							"post": [40, 0, 0],
							"lerp_mode": "catmullrom"
						},
						"0.9167": {
							"post": [0, 0, 0],
							"lerp_mode": "catmullrom"
						}
					}
				}
			}
		}
	}
}