{
	"format_version": "1.8.0",
	"animations": {
		"animation.phanpy.ground_idle": {
			"loop": true,
			"bones": {
				"tail": {
					"rotation": [17.5, 0, 0]
				},
				"head": {
					"rotation": [7.5, 0, 0]
				},
				"trunk": {
					"rotation": [-5, 0, 0]
				},
				"trunk2": {
					"rotation": [-17.5, 0, 0]
				},
				"ear_left": {
					"rotation": [0, 0, 32.5]
				},
				"ear_left2": {
					"rotation": [0, 0, 20]
				},
				"ear_right": {
					"rotation": [0, 0, -32.5]
				},
				"ear_right2": {
					"rotation": [0, 0, -20]
				}
			}
		},
		"animation.phanpy.blink": {
			"animation_length": 0.1667,
			"bones": {
				"eyelid_left": {
					"position": {
						"0.0": [0.1, 0, 0],
						"0.125": [0.1, 0, 0],
						"0.1667": [0, 0, 0]
					}
				},
				"eyelid_right": {
					"position": {
						"0.0": [-0.1, 0, 0],
						"0.125": [-0.1, 0, 0],
						"0.1667": [0, 0, 0]
					}
				}
			}
		},
		"animation.phanpy.cry": {
			"animation_length": 1.5,
			"bones": {
				"neck": {
					"rotation": {
						"0.0": [0, 0, 0],
						"0.25": [10, 0, 0],
						"1.25": [10, 0, 0],
						"1.5": [0, 0, 0]
					}
				},
				"mouth": {
					"position": {
						"0.0": [0, 0, 0],
						"0.25": [0, -2, 0],
						"1.25": [0, -2, 0],
						"1.5": [0, 0, 0]
					}
				},
				"mouth2": {
					"position": {
						"0.0": [0, 0, 0],
						"0.25": [0, -5, 0],
						"1.25": [0, -5, 0],
						"1.5": [0, 0, 0]
					}
				},
				"jaw": {
					"position": {
						"0.0": [0, 0, 0],
						"0.25": [0, -3, 0],
						"1.25": [0, -3, 0],
						"1.5": [0, 0, 0]
					}
				},
				"head2": {
					"rotation": {
						"0.0": [0, 0, 0],
						"0.25": [-15, 0, 0],
						"1.25": [-15, 0, 0],
						"1.5": [0, 0, 0]
					}
				},
				"mouth_closed2": {
					"position": {
						"0.25": [0, 0, -0.1],
						"0.3333": [0, 0, 0],
						"1.1667": [0, 0, 0],
						"1.25": [0, 0, -0.1]
					}
				},
				"mouth_open2": {
					"position": {
						"0.0": [0, 0, 0.1],
						"0.25": [0, 0, 0],
						"1.25": [0, 0, 0],
						"1.5": [0, 0, 0.1]
					}
				},
				"head3": {
					"rotation": {
						"0.0": [0, 0, 0],
						"0.25": [-15, 0, 0],
						"1.25": [-15, 0, 0],
						"1.5": [0, 0, 0]
					}
				},
				"mouth_closed3": {
					"position": {
						"0.25": [0, 0, -0.1],
						"0.3333": [0, 0, 0],
						"1.1667": [0, 0, 0],
						"1.25": [0, 0, -0.1]
					}
				},
				"mouth_open3": {
					"position": {
						"0.0": [0, 0, 0.1],
						"0.25": [0, 0, 0],
						"1.25": [0, 0, 0],
						"1.5": [0, 0, 0.1]
					}
				},
				"head": {
					"rotation": {
						"0.0": [0, 0, 0],
						"0.25": [-15, 0, 0],
						"1.25": [-15, 0, 0],
						"1.5": [0, 0, 0]
					}
				},
				"mouth_closed": {
					"position": {
						"0.25": [0, 0, 0],
						"0.3333": [0, 0.1, 0],
						"1.1667": [0, 0.1, 0],
						"1.25": [0, 0, 0]
					}
				},
				"mouth_open": {
					"position": {
						"0.0": [0, 0, 0],
						"0.25": [0, -0.1, 0],
						"1.25": [0, -0.1, 0],
						"1.5": [0, 0, 0]
					}
				}
			}
		}
	}
}