{
	"format_version": "1.8.0",
	"animations": {
		"animation.ambipom.ground_idle": {
			"loop": true,
			"animation_length": 2.66667,
			"bones": {
				"torso": {
					"rotation": ["17.5+math.sin(q.anim_time*90*3+0)*1.5", "math.sin(q.anim_time*90*1.5+0)*3", "math.sin(q.anim_time*90*1.5+0)*4"],
					"position": [0, -0.15, 0]
				},
				"upper_torso": {
					"rotation": ["-12.5+math.sin(q.anim_time*90*3-30)*2", "math.sin(q.anim_time*90*1.5-25+180)*2", "math.sin(q.anim_time*90*1.5-30+180)*2.5"]
				},
				"left_upper_arm": {
					"rotation": [59.46428, "17.6981+math.sin(q.anim_time*90*1.5-70-90)*2", "63.7956+math.sin(q.anim_time*90*1.5-70-90)*4"],
					"position": [0, 0, -0.5]
				},
				"left_lower_arm": {
					"rotation": [0, "32.5+math.sin(q.anim_time*90*1.5-100-90)*4", 0]
				},
				"right_upper_arm": {
					"rotation": [59.46428, "-17.6981+math.sin(q.anim_time*90*1.5-70-90)*2", "-63.7956+math.sin(q.anim_time*90*1.5-70-90)*4"],
					"position": [0, 0, -0.5]
				},
				"right_lower_arm": {
					"rotation": [0, "-32.5+math.sin(q.anim_time*90*1.5-100-90)*4", 0]
				},
				"neck": {
					"rotation": ["-5+math.sin(q.anim_time*90*3-60)*1", "0+math.sin(q.anim_time*90*1.5-50+180)*1", "0+math.sin(q.anim_time*90*1.5-60+180)*1"]
				},
				"head": {
					"rotation": ["math.sin(q.anim_time*90*3-90)*3", "0+math.sin(q.anim_time*90*1.5-75+180)*3", "0+math.sin(q.anim_time*90*1.5-90+180)*2.5"]
				},
				"left_ear": {
					"rotation": ["math.sin(q.anim_time*90*3-110)*3", "0+math.sin(q.anim_time*90*1.5-100+180)*3", "0+math.sin(q.anim_time*90*1.5-125+180)*1.5"]
				},
				"right_ear": {
					"rotation": ["math.sin(q.anim_time*90*3-110)*3", "0+math.sin(q.anim_time*90*1.5-100+180)*3", "0+math.sin(q.anim_time*90*1.5-125+180)*1.5"]
				},
				"bangs": {
					"rotation": ["0+math.sin(q.anim_time*90*3-120+180)*5", 0, "0+math.sin(q.anim_time*90*1.5-120+180)*1.5"]
				},
				"tail_left": {
					"rotation": ["-15+math.sin(q.anim_time*90*3-30)*0.5", "17.5+math.sin(q.anim_time*90*1.5-0)*2.5", "0+math.sin(q.anim_time*90*1.5+115+180)*3"]
				},
				"tail_left2": {
					"rotation": ["30.451+math.sin(q.anim_time*90*3-60)*1", "10.9677+math.sin(q.anim_time*90*1.5-25)*4", "11.4579+math.sin(q.anim_time*90*1.5+140+90)*5"]
				},
				"tail_left3": {
					"rotation": ["27.7322+math.sin(q.anim_time*90*3-90)*1", "-11.3236+math.sin(q.anim_time*90*1.5-50)*4", "5.511+math.sin(q.anim_time*90*1.5+165)*5"]
				},
				"tail_left4": {
					"rotation": ["22.3815+math.sin(q.anim_time*90*3-120)*1", "-11.9595+math.sin(q.anim_time*90*1.5-75)*3", "3.4321+math.sin(q.anim_time*90*1.5+190)*5"]
				},
				"tail_left5": {
					"rotation": [
						"19.6439+math.sin(q.anim_time*90*3-150)*1.5",
						"-9.5006+math.sin(q.anim_time*90*1.5-100)*2.5",
						"5.0045+math.sin(q.anim_time*90*1.5+165+90)*3"
					]
				},
				"tail_hand_left": {
					"rotation": ["7.5+math.sin(q.anim_time*90*3-180)*2", "0+math.sin(q.anim_time*90*1.5-125)*5", "10+math.sin(q.anim_time*90*1.5+140+180)*10"]
				},
				"left_middle_finger": {
					"rotation": ["15+math.sin(q.anim_time*90*3-210)*4", "0+math.sin(q.anim_time*90*1.5-150)*5", 0]
				},
				"left_middle_finger2": {
					"rotation": ["10+math.sin(q.anim_time*90*3-240)*5", "0+math.sin(q.anim_time*90*1.5-175)*3", 0]
				},
				"left_middle_finger_tip": {
					"rotation": ["5+math.sin(q.anim_time*90*3-270)*2", "0+math.sin(q.anim_time*90*1.5-200)*1.5", 0]
				},
				"left_outer_finger": {
					"rotation": ["15+math.sin(q.anim_time*90*3-210)*4", "-60+math.sin(q.anim_time*90*1.5-150)*5", 0]
				},
				"left_outer_finger2": {
					"rotation": ["10+math.sin(q.anim_time*90*3-240)*5", "0+math.sin(q.anim_time*90*1.5-175)*3", 0]
				},
				"left_outer_finger_tip": {
					"rotation": ["5+math.sin(q.anim_time*90*3-270)*2", "0+math.sin(q.anim_time*90*1.5-200)*1.5", 0]
				},
				"left_inner_finger": {
					"rotation": ["15+math.sin(q.anim_time*90*3-210)*4", "60+math.sin(q.anim_time*90*1.5-150)*5", 0]
				},
				"left_inner_finger2": {
					"rotation": ["10+math.sin(q.anim_time*90*3-240)*5", "0+math.sin(q.anim_time*90*1.5-175)*3", 0]
				},
				"left_inner_finger_tip": {
					"rotation": ["5+math.sin(q.anim_time*90*3-270)*2", "0+math.sin(q.anim_time*90*1.5-200)*1.5", 0]
				},
				"left_tail_tuft": {
					"rotation": ["7.5+math.sin(q.anim_time*90*3-190)*2", "0+math.sin(q.anim_time*90*1.5-135)*5", "5+math.sin(q.anim_time*90*1.5+130+180)*10"]
				},
				"tail_right": {
					"rotation": ["-15+math.sin(q.anim_time*90*3-40)*0.5", "-17.5+math.sin(q.anim_time*90*1.5-10)*2.5", "0+math.sin(q.anim_time*90*1.5+105+180)*3"]
				},
				"tail_right2": {
					"rotation": ["30.451+math.sin(q.anim_time*90*3-70)*1", "-10.9677+math.sin(q.anim_time*90*1.5-35)*4", "-11.4579+math.sin(q.anim_time*90*1.5+130+90)*5"]
				},
				"tail_right3": {
					"rotation": ["27.7322+math.sin(q.anim_time*90*3-100)*1", "11.3236+math.sin(q.anim_time*90*1.5-60)*4", "-5.511+math.sin(q.anim_time*90*1.5+155)*5"]
				},
				"tail_right4": {
					"rotation": ["22.3815+math.sin(q.anim_time*90*3-130)*1", "11.9595+math.sin(q.anim_time*90*1.5-85)*3", "-3.4321+math.sin(q.anim_time*90*1.5+180)*5"]
				},
				"tail_right5": {
					"rotation": [
						"19.6439+math.sin(q.anim_time*90*3-160)*1.5",
						"9.5006+math.sin(q.anim_time*90*1.5-110)*2.5",
						"-5.0045+math.sin(q.anim_time*90*1.5+155+90)*3"
					]
				},
				"tail_hand_right": {
					"rotation": ["7.5+math.sin(q.anim_time*90*3-190)*2", "0+math.sin(q.anim_time*90*1.5-135)*5", "-10+math.sin(q.anim_time*90*1.5+130+180)*10"]
				},
				"right_middle_finger": {
					"rotation": ["15+math.sin(q.anim_time*90*3-220)*4", "0+math.sin(q.anim_time*90*1.5-160)*5", 0]
				},
				"right_middle_finger2": {
					"rotation": ["10+math.sin(q.anim_time*90*3-250)*5", "0+math.sin(q.anim_time*90*1.5-185)*3", 0]
				},
				"right_middle_finger_tip": {
					"rotation": ["5+math.sin(q.anim_time*90*3-280)*2", "0+math.sin(q.anim_time*90*1.5-210)*1.5", 0]
				},
				"right_outer_finger": {
					"rotation": ["15+math.sin(q.anim_time*90*3-220)*4", "60+math.sin(q.anim_time*90*1.5-160)*5", 0]
				},
				"right_outer_finger2": {
					"rotation": ["10+math.sin(q.anim_time*90*3-250)*5", "0+math.sin(q.anim_time*90*1.5-185)*3", 0]
				},
				"right_outer_finger_tip": {
					"rotation": ["5+math.sin(q.anim_time*90*3-280)*2", "0+math.sin(q.anim_time*90*1.5-210)*1.5", 0]
				},
				"right_inner_finger": {
					"rotation": ["15+math.sin(q.anim_time*90*3-220)*4", "-60+math.sin(q.anim_time*90*1.5-160)*5", 0]
				},
				"right_inner_finger2": {
					"rotation": ["10+math.sin(q.anim_time*90*3-250)*5", "0+math.sin(q.anim_time*90*1.5-185)*3", 0]
				},
				"right_inner_finger_tip": {
					"rotation": ["5+math.sin(q.anim_time*90*3-280)*2", "0+math.sin(q.anim_time*90*1.5-210)*1.5", 0]
				},
				"right_tail_tuft": {
					"rotation": ["7.5+math.sin(q.anim_time*90*3-200)*2", "0+math.sin(q.anim_time*90*1.5-145)*5", "-5+math.sin(q.anim_time*90*1.5+120+180)*10"]
				},
				"left_butt_tuft": {
					"rotation": ["0+math.sin(q.anim_time*90*3-30)*1", 0, "-10+math.sin(q.anim_time*90*1.5-60)*2.5"]
				},
				"right_butt_tuft": {
					"rotation": ["0+math.sin(q.anim_time*90*3-30)*1", 0, "10+math.sin(q.anim_time*90*1.5-60)*2.5"]
				},
				"left_upper_leg": {
					"rotation": [-27.0299, -39.3721, 0.16138]
				},
				"left_lower_leg": {
					"rotation": [37.5, 0, 0]
				},
				"left_foot": {
					"rotation": [-10.03742, 4.9238, -0.8704]
				},
				"right_upper_leg": {
					"rotation": [-27.0299, 39.3721, -0.16138]
				},
				"right_lower_leg": {
					"rotation": [37.5, 0, 0]
				},
				"right_foot": {
					"rotation": [-10.03742, -4.9238, 0.8704]
				},
				"body": {
					"position": [0, -1.25, 0]
				},
				"left_hair_tuft": {
					"rotation": ["2.5+math.sin(q.anim_time*90*3-120)*5", 0, "1.5+math.sin(q.anim_time*90*1.5-120+180)*6"]
				},
				"left_hair_tuft_tip": {
					"rotation": ["0+math.sin(q.anim_time*90*3-150)*2.5", 0, "2.5+math.sin(q.anim_time*90*1.5-120+180)*8"]
				},
				"right_hair_tuft": {
					"rotation": ["2.5+math.sin(q.anim_time*90*3-120)*5", 0, "-1.5+math.sin(q.anim_time*90*1.5-120+180)*6"]
				},
				"right_hair_tuft_tip": {
					"rotation": ["0+math.sin(q.anim_time*90*3-150)*2.5", 0, "-2.5+math.sin(q.anim_time*90*1.5-120+180)*8"]
				},
				"left_hand": {
					"rotation": [0, "0+math.sin(q.anim_time*90*1.5-130-90)*2", 0]
				},
				"right_hand": {
					"rotation": [0, "0+math.sin(q.anim_time*90*1.5-130-90)*2", 0]
				}
			}
		},
		"animation.ambipom.ground_walk": {
			"loop": true,
			"animation_length": 4,
			"bones": {
				"torso": {
					"rotation": ["17.5+math.sin(q.anim_time*90*6+0)*3", "0+math.sin(q.anim_time*90*3+180)*10", "math.sin(q.anim_time*90*3+0)*10"],
					"position": ["0+math.sin(q.anim_time*90*3+180)*0.5", "-0.15+math.clamp(math.sin(query.anim_time*90*6*1-130)*0.4,-0.4,0)", 0]
				},
				"upper_torso": {
					"rotation": ["-10+math.sin(q.anim_time*90*6-20+180)*1.5", "0+math.sin(q.anim_time*90*3-20)*3", "0+math.sin(q.anim_time*90*3-30+180)*5"]
				},
				"left_upper_arm": {
					"rotation": [59.08325, "19.8472+math.sin(q.anim_time*90*3-50+180)*7.5", "62.4627+math.sin(q.anim_time*90*3-50+180)*10"],
					"position": [0, 0, -0.5]
				},
				"left_lower_arm": {
					"rotation": [0, "25+math.sin(q.anim_time*90*3-80+180)*10", 0]
				},
				"right_upper_arm": {
					"rotation": [59.08325, "-19.8472+math.sin(q.anim_time*90*3-50+180)*7.5", "-62.4627+math.sin(q.anim_time*90*3-50+180)*10"],
					"position": [0, 0, -0.5]
				},
				"right_lower_arm": {
					"rotation": [0, "-25+math.sin(q.anim_time*90*3-80+180)*10", 0]
				},
				"neck": {
					"rotation": ["-5+math.sin(q.anim_time*90*6-40)*1", "0+math.sin(q.anim_time*90*3-40)*1", "0+math.sin(q.anim_time*90*3-60+180)*2"]
				},
				"head": {
					"rotation": ["-2.5+math.sin(q.anim_time*90*6-60)*3", "0+math.sin(q.anim_time*90*3-60)*3", "0+math.sin(q.anim_time*90*3-90+180)*3"]
				},
				"left_ear": {
					"rotation": ["0+math.sin(q.anim_time*90*6-60)*3", "0+math.sin(q.anim_time*90*3-60)*2", "0+math.sin(q.anim_time*90*6-60)*1.5"]
				},
				"right_ear": {
					"rotation": ["0+math.sin(q.anim_time*90*6-60)*3", "0+math.sin(q.anim_time*90*3-60)*2", "0+math.sin(q.anim_time*90*6-60+180)*1.5"]
				},
				"bangs": {
					"rotation": ["-2.5+math.sin(q.anim_time*90*6-80)*7.5", 0, "math.sin(q.anim_time*90*3-120+180)*2"]
				},
				"tail_left": {
					"rotation": [
						"-14.5673+math.sin(q.anim_time*90*6-20+180)*7.5",
						"4.7581+math.sin(q.anim_time*90*3-25+180)*7.5",
						"0.2635+math.sin(q.anim_time*90*3+15+180)*5"
					]
				},
				"tail_left2": {
					"rotation": ["30.451+math.sin(q.anim_time*90*6-40)*5", "10.9677+math.sin(q.anim_time*90*3-50+180)*10", "11.4579+math.sin(q.anim_time*90*3+40+180)*3"]
				},
				"tail_left3": {
					"rotation": ["27.2518+math.sin(q.anim_time*90*6-60)*2", "-6.848+math.sin(q.anim_time*90*3-75+180)*12.5", "7.7919+math.sin(q.anim_time*90*3+65)*5"]
				},
				"tail_left4": {
					"rotation": ["22.5935+math.sin(q.anim_time*90*6-80)*2.5", "-6.3914+math.sin(q.anim_time*90*3-100+180)*10", "2.9409+math.sin(q.anim_time*90*3+90)*7.5"]
				},
				"tail_left5": {
					"rotation": ["20.1268+math.sin(q.anim_time*90*6-100)*3", "-8.681+math.sin(q.anim_time*90*3-125+180)*10", "2.5938+math.sin(q.anim_time*90*3+115)*7.5"]
				},
				"tail_hand_left": {
					"rotation": ["7.5+math.sin(q.anim_time*90*6-120)*3", "0+math.sin(q.anim_time*90*3-150+180)*10", "10+math.sin(q.anim_time*90*3+140)*10"]
				},
				"left_middle_finger": {
					"rotation": ["15+math.sin(q.anim_time*90*6-140)*3", "0+math.sin(q.anim_time*90*3-175+180)*7.5", 0]
				},
				"left_middle_finger2": {
					"rotation": ["5+math.sin(q.anim_time*90*6-160)*2", "0+math.sin(q.anim_time*90*3-200+180)*5", 0]
				},
				"left_middle_finger_tip": {
					"rotation": ["5+math.sin(q.anim_time*90*6-180)*3", 0, 0]
				},
				"left_outer_finger": {
					"rotation": ["15+math.sin(q.anim_time*90*6-140)*3", "-60+math.sin(q.anim_time*90*3-175+180)*7.5", 0]
				},
				"left_outer_finger2": {
					"rotation": ["5+math.sin(q.anim_time*90*6-160)*2", "0+math.sin(q.anim_time*90*3-200+180)*5", 0]
				},
				"left_outer_finger_tip": {
					"rotation": ["5+math.sin(q.anim_time*90*6-180)*3", 0, 0]
				},
				"left_inner_finger": {
					"rotation": ["15+math.sin(q.anim_time*90*6-140)*3", "60+math.sin(q.anim_time*90*3-175+180)*7.5", 0]
				},
				"left_inner_finger2": {
					"rotation": ["5+math.sin(q.anim_time*90*6-160)*2", "0+math.sin(q.anim_time*90*3-200+180)*5", 0]
				},
				"left_inner_finger_tip": {
					"rotation": ["5+math.sin(q.anim_time*90*6-180)*3", 0, 0]
				},
				"left_tail_tuft": {
					"rotation": ["7.5+math.sin(q.anim_time*90*6-130)*4", "0+math.sin(q.anim_time*90*3-160+180)*12.5", "10+math.sin(q.anim_time*90*3+150)*12.5"]
				},
				"tail_right": {
					"rotation": [
						"-13.1129+math.sin(q.anim_time*90*6-20+180)*7.5",
						"-5.247+math.sin(q.anim_time*90*3-35+180)*7.5",
						"-3.1141+math.sin(q.anim_time*90*3+5+180)*5"
					]
				},
				"tail_right2": {
					"rotation": ["30.451+math.sin(q.anim_time*90*6-40)*5", "-10.9677+math.sin(q.anim_time*90*3-60+180)*10", "-11.4579+math.sin(q.anim_time*90*3+30+180)*3"]
				},
				"tail_right3": {
					"rotation": ["27.2518+math.sin(q.anim_time*90*6-60)*2", "6.848+math.sin(q.anim_time*90*3-85+180)*12.5", "-7.7919+math.sin(q.anim_time*90*3+55)*5"]
				},
				"tail_right4": {
					"rotation": ["22.5935+math.sin(q.anim_time*90*6-80)*2.5", "6.3914+math.sin(q.anim_time*90*3-110+180)*10", "-2.9409+math.sin(q.anim_time*90*3+80)*7.5"]
				},
				"tail_right5": {
					"rotation": ["20.1268+math.sin(q.anim_time*90*6-100)*3", "8.681+math.sin(q.anim_time*90*3-135+180)*10", "-2.5938+math.sin(q.anim_time*90*3+105)*7.5"]
				},
				"tail_hand_right": {
					"rotation": ["7.5+math.sin(q.anim_time*90*6-120)*3", "0+math.sin(q.anim_time*90*3-160+180)*10", "-10+math.sin(q.anim_time*90*3+1340)*10"]
				},
				"right_middle_finger": {
					"rotation": ["15+math.sin(q.anim_time*90*6-140)*3", "0+math.sin(q.anim_time*90*3-185+180)*7.5", 0]
				},
				"right_middle_finger2": {
					"rotation": ["5+math.sin(q.anim_time*90*6-160)*2", "0+math.sin(q.anim_time*90*3-210+180)*5", 0]
				},
				"right_middle_finger_tip": {
					"rotation": ["5+math.sin(q.anim_time*90*6-180)*3", 0, 0]
				},
				"right_outer_finger": {
					"rotation": ["15+math.sin(q.anim_time*90*6-140)*3", "60+math.sin(q.anim_time*90*3-185+180)*7.5", 0]
				},
				"right_outer_finger2": {
					"rotation": ["5+math.sin(q.anim_time*90*6-160)*2", "0+math.sin(q.anim_time*90*3-210+180)*5", 0]
				},
				"right_outer_finger_tip": {
					"rotation": ["5+math.sin(q.anim_time*90*6-180)*3", 0, 0]
				},
				"right_inner_finger": {
					"rotation": ["15+math.sin(q.anim_time*90*6-140)*3", "-60+math.sin(q.anim_time*90*3-185+180)*7.5", 0]
				},
				"right_inner_finger2": {
					"rotation": ["5+math.sin(q.anim_time*90*6-160)*2", "0+math.sin(q.anim_time*90*3-210+180)*5", 0]
				},
				"right_inner_finger_tip": {
					"rotation": ["5+math.sin(q.anim_time*90*6-180)*3", 0, 0]
				},
				"right_tail_tuft": {
					"rotation": ["7.5+math.sin(q.anim_time*90*6-130)*4", "0+math.sin(q.anim_time*90*3-170+180)*12.5", "-10+math.sin(q.anim_time*90*3+140)*12.5"]
				},
				"left_butt_tuft": {
					"rotation": [
						"-2.5+math.sin(q.anim_time*90*6-20+180)*4.5",
						"0+math.sin(q.anim_time*90*3-40+180)*5.5",
						"-10+math.sin(q.anim_time*90*3+15+180)*10+math.sin(q.anim_time*90*6-20+180)*2.5"
					]
				},
				"right_butt_tuft": {
					"rotation": [
						"-2.5+math.sin(q.anim_time*90*6-20+180)*4.5",
						"0+math.sin(q.anim_time*90*3-40+180)*5.5",
						"10+math.sin(q.anim_time*90*3+5+180)*10+math.sin(q.anim_time*90*6-20+180)*2.5"
					]
				},
				"left_upper_leg": {
					"rotation": [
						"-27.0299+math.clamp(math.sin(query.anim_time*90*3*1+0)*35.5,-35,0)+math.clamp(math.sin(query.anim_time*90*3*1+0)*22.5,0,22)",
						"-27.3721+math.sin(q.anim_time*90*3+10)*10",
						"0.1614+math.clamp(math.sin(query.anim_time*90*3*1+10)*7.5,-7.5,0)"
					],
					"position": [0, "0+math.clamp(math.sin(query.anim_time*90*3*1+220)*0.75,-0.1,0.75)", "0+math.sin(q.anim_time*90*3-75)*0.3"]
				},
				"left_lower_leg": {
					"rotation": ["37.5+math.clamp(math.sin(query.anim_time*90*3*1-450)*25.5,-5,25)+math.clamp(math.sin(query.anim_time*90*3*1-450)*10.5,-10,10)", 0, 0]
				},
				"left_foot": {
					"rotation": ["-10.0374+math.clamp(math.sin(query.anim_time*90*3*1-40)*15.5,-10,15)", 4.9238, -0.8704]
				},
				"right_upper_leg": {
					"rotation": [
						"-27.0299+math.clamp(math.sin(query.anim_time*90*3*1+180)*35.5,-35,0)+math.clamp(math.sin(query.anim_time*90*3*1+180)*22.5,0,22)",
						"27.3721+math.sin(q.anim_time*90*3+10)*10",
						"-0.1614+math.clamp(math.sin(query.anim_time*90*3*1+10)*7.5,-0,7.5)"
					],
					"position": [0, "0+math.clamp(math.sin(query.anim_time*90*3*1+220+180)*0.75,-0.1,0.75)", "0+math.sin(q.anim_time*90*3-75+180)*0.3"]
				},
				"right_lower_leg": {
					"rotation": [
						"37.5+math.clamp(math.sin(query.anim_time*90*3*1-450+180)*25.5,-5,25)+math.clamp(math.sin(query.anim_time*90*3*1-450+180)*10.5,-10,10)",
						0,
						0
					]
				},
				"right_foot": {
					"rotation": ["-10.0374+math.clamp(math.sin(query.anim_time*90*3*1-40+180)*15.5,-10,15)", -4.9238, 0.8704]
				},
				"body": {
					"rotation": [0, "0+math.sin(q.anim_time*90*3+0)*10", 0],
					"position": [0, "-1.25+math.clamp(math.sin(query.anim_time*90*6*1-50)*0.5,-0,0.5)+math.clamp(math.sin(query.anim_time*90*6*1-120)*0.5,-0,0.5)", 0]
				},
				"left_hair_tuft": {
					"rotation": ["2.5+math.sin(q.anim_time*90*6-80)*5", 0, "1.5+math.sin(q.anim_time*90*3-120+180)*7.5"]
				},
				"left_hair_tuft_tip": {
					"rotation": ["0+math.sin(q.anim_time*90*6-100)*2.5", 0, "2.5+math.sin(q.anim_time*90*3-150+180)*10"]
				},
				"right_hair_tuft": {
					"rotation": ["2.5+math.sin(q.anim_time*90*6-80)*5", 0, "-1.5+math.sin(q.anim_time*90*3-120+180)*7.5"]
				},
				"right_hair_tuft_tip": {
					"rotation": ["0+math.sin(q.anim_time*90*6-100)*2.5", 0, "-2.5+math.sin(q.anim_time*90*3-150+180)*10"]
				},
				"left_hand": {
					"rotation": [0, "0+math.sin(q.anim_time*90*3-120+180)*5", 0]
				},
				"right_hand": {
					"rotation": [0, "0+math.sin(q.anim_time*90*3-120+180)*5", 0]
				},
				"left_toes": {
					"rotation": ["0+math.clamp(math.sin(query.anim_time*90*3*1-30+180)*50.5,-50,10)", 0, 0]
				},
				"right_toes": {
					"rotation": ["0+math.clamp(math.sin(query.anim_time*90*3*1-30)*50.5,-50,10)", 0, 0]
				}
			}
		},
		"animation.ambipom.battle_idle": {
			"loop": true,
			"animation_length": 4,
			"bones": {
				"torso": {
					"rotation": ["17.5+math.sin(q.anim_time*90*4+10)*4", 0, 0],
					"position": [0, "-0.15+math.sin(q.anim_time*90*4+200)*0.15", 0]
				},
				"upper_torso": {
					"rotation": ["-7.5+math.sin(q.anim_time*90*4+35)*1.5", 0, "0+math.sin(q.anim_time*90*2+100)*1.5"]
				},
				"left_upper_arm": {
					"rotation": [
						"25.7288+math.clamp(math.sin(query.anim_time*90*2*1+200)*30,-10,10)+math.sin(q.anim_time*90*4+00)*20",
						"24.6636+math.sin(q.anim_time*90*4-20)*30",
						"41.2565+math.sin(q.anim_time*90*4+50)*10"
					]
				},
				"left_lower_arm": {
					"rotation": [0, "35+math.sin(q.anim_time*90*4-20)*30", 0]
				},
				"right_upper_arm": {
					"rotation": [
						"25.7288+math.clamp(math.sin(query.anim_time*90*2*1+200+180)*30,-10,10)+math.sin(q.anim_time*90*4+00)*20",
						"-24.6636+math.sin(q.anim_time*90*4-20+180)*30",
						"-41.2565+math.sin(q.anim_time*90*4+50+180)*10"
					]
				},
				"right_lower_arm": {
					"rotation": [0, "-35+math.sin(q.anim_time*90*4-20+180)*30", 0]
				},
				"neck": {
					"rotation": ["-5+math.sin(q.anim_time*90*4+60)*2", 0, 0]
				},
				"head": {
					"rotation": ["-2.5+math.sin(q.anim_time*90*4+90)*1.5", 0, "0+math.sin(q.anim_time*90*2+135)*2.5"]
				},
				"left_ear": {
					"rotation": ["0+math.sin(q.anim_time*90*4+110+180)*2.5", "0+math.sin(q.anim_time*90*4+120+180)*5", 0]
				},
				"right_ear": {
					"rotation": ["0+math.sin(q.anim_time*90*4+110+180)*2.5", "0+math.sin(q.anim_time*90*4+120)*5", 0]
				},
				"bangs": {
					"rotation": ["0+math.sin(q.anim_time*90*4+120)*5", 0, 0]
				},
				"tail_left": {
					"rotation": ["-17.5+math.sin(q.anim_time*90*4+180)*2.5", "17.5+math.sin(q.anim_time*90*2+120)*7.5", 0]
				},
				"tail_left2": {
					"rotation": ["30.451+math.sin(q.anim_time*90*4+150)*1.5", "10.9677+math.sin(q.anim_time*90*2+150)*3", 11.4579]
				},
				"tail_left3": {
					"rotation": ["27.2518+math.sin(q.anim_time*90*4+120)*1.5", "-6.848+math.sin(q.anim_time*90*2+180)*5", 7.7919]
				},
				"tail_left4": {
					"rotation": ["22.9206+math.sin(q.anim_time*90*4+90)*1.5", "-11.0516+math.sin(q.anim_time*90*2+210)*5", "1.0994+math.sin(q.anim_time*90*2+240)*5"]
				},
				"tail_left5": {
					"rotation": ["20.2614+math.sin(q.anim_time*90*4+60)*2.5", -11.0583, "1.8085+math.sin(q.anim_time*90*2+270)*2.5"]
				},
				"tail_hand_left": {
					"rotation": ["7.5+math.sin(q.anim_time*90*4+30)*2.5", 0, "10+math.sin(q.anim_time*90*2+300)*2.5"]
				},
				"left_middle_finger": {
					"rotation": ["15+math.sin(q.anim_time*90*4+350)*10", 0, 0]
				},
				"left_middle_finger2": {
					"rotation": ["05+math.sin(q.anim_time*90*4+360)*5", 0, 0]
				},
				"left_middle_finger_tip": {
					"rotation": ["5+math.sin(q.anim_time*90*4+370)*2.5", 0, 0]
				},
				"left_outer_finger": {
					"rotation": ["15+math.sin(q.anim_time*90*4+360)*10", -60, 0]
				},
				"left_outer_finger2": {
					"rotation": ["5+math.sin(q.anim_time*90*4+370)*5", 0, 0]
				},
				"left_outer_finger_tip": {
					"rotation": ["5+math.sin(q.anim_time*90*4+380)*2.5", 0, 0]
				},
				"left_inner_finger": {
					"rotation": ["15+math.sin(q.anim_time*90*4+360)*10", 60, 0]
				},
				"left_inner_finger2": {
					"rotation": ["05+math.sin(q.anim_time*90*4+370)*5", 0, 0]
				},
				"left_inner_finger_tip": {
					"rotation": ["5+math.sin(q.anim_time*90*4+380)*2.5", 0, 0]
				},
				"left_tail_tuft": {
					"rotation": ["7.5+math.sin(q.anim_time*90*4+20)*7.5", 0, 5]
				},
				"tail_right": {
					"rotation": ["-17.5+math.sin(q.anim_time*90*4+170)*2.5", "-17.5+math.sin(q.anim_time*90*2+110)*2.5", 0]
				},
				"tail_right2": {
					"rotation": ["30.451+math.sin(q.anim_time*90*4+140)*1.5", "-10.9677+math.sin(q.anim_time*90*2+140)*3", -11.4579]
				},
				"tail_right3": {
					"rotation": ["27.2518+math.sin(q.anim_time*90*4+110)*1.5", "6.848+math.sin(q.anim_time*90*2+170)*5", -7.7919]
				},
				"tail_right4": {
					"rotation": ["22.9206+math.sin(q.anim_time*90*4+80)*1.5", "11.0516+math.sin(q.anim_time*90*2+200)*5", "-1.0994+math.sin(q.anim_time*90*2+230)*5"]
				},
				"tail_right5": {
					"rotation": ["20.2614+math.sin(q.anim_time*90*4+50)*2.5", 11.0583, "-1.8085+math.sin(q.anim_time*90*2+260)*2.5"]
				},
				"tail_hand_right": {
					"rotation": ["7.5+math.sin(q.anim_time*90*4+20)*2.5", 0, "-10+math.sin(q.anim_time*90*2+290)*2.5"]
				},
				"right_middle_finger": {
					"rotation": ["15+math.sin(q.anim_time*90*4+340)*10", 0, 0]
				},
				"right_middle_finger2": {
					"rotation": ["05+math.sin(q.anim_time*90*4+350)*5", 0, 0]
				},
				"right_middle_finger_tip": {
					"rotation": ["5+math.sin(q.anim_time*90*4+360)*2.5", 0, 0]
				},
				"right_outer_finger": {
					"rotation": ["15+math.sin(q.anim_time*90*4+350)*10", 60, 0]
				},
				"right_outer_finger2": {
					"rotation": ["5+math.sin(q.anim_time*90*4+360)*5", 0, 0]
				},
				"right_outer_finger_tip": {
					"rotation": ["5+math.sin(q.anim_time*90*4+370)*2.5", 0, 0]
				},
				"right_inner_finger": {
					"rotation": ["15+math.sin(q.anim_time*90*4+350)*10", -60, 0]
				},
				"right_inner_finger2": {
					"rotation": ["05+math.sin(q.anim_time*90*4+360)*5", 0, 0]
				},
				"right_inner_finger_tip": {
					"rotation": ["5+math.sin(q.anim_time*90*4+370)*2.5", 0, 0]
				},
				"right_tail_tuft": {
					"rotation": ["7.5+math.sin(q.anim_time*90*4+10)*7.5", 0, -5]
				},
				"left_butt_tuft": {
					"rotation": [0, "0+math.sin(q.anim_time*90*4+30+180)*2.5", "-10+math.sin(q.anim_time*90*4+170+180)*5"]
				},
				"right_butt_tuft": {
					"rotation": [0, "0+math.sin(q.anim_time*90*4+30)*2.5", "10+math.sin(q.anim_time*90*4+170)*5"]
				},
				"left_upper_leg": {
					"rotation": ["-27.0299+math.clamp(math.sin(query.anim_time*90*4*1+200)*7.5,-7.5,00)", -39.3721, 0.16138]
				},
				"left_lower_leg": {
					"rotation": [
						"37.5+math.clamp(math.sin(query.anim_time*90*4*1+200+180)*7.5,-0,7.5)",
						0,
						"0+math.clamp(math.sin(query.anim_time*90*4*1+200+180)*7.5,-0,7.5)"
					]
				},
				"left_foot": {
					"rotation": [-10.03742, "4.9238+math.clamp(math.sin(query.anim_time*90*4*1+200)*3.5,-3.5,0)", "-0.8704+math.clamp(math.sin(query.anim_time*90*4*1+200)*5,-5,0)"]
				},
				"right_upper_leg": {
					"rotation": ["-27.0299+math.clamp(math.sin(query.anim_time*90*4*1+200)*7.5,-7.5,00)", 39.3721, -0.16138]
				},
				"right_lower_leg": {
					"rotation": ["37.5+math.clamp(math.sin(query.anim_time*90*4*1+200+180)*7.5,-0,7.5)", 0, "0+math.clamp(math.sin(query.anim_time*90*4*1+200)*7.5,-7.5,0)"]
				},
				"right_foot": {
					"rotation": [
						-10.04,
						"-4.9238+math.clamp(math.sin(query.anim_time*90*4*1+200+180)*3.5,-0.0,3.5)",
						"0.8704+math.clamp(math.sin(query.anim_time*90*4*1+200+180)*5,-0,5)"
					]
				},
				"body": {
					"position": [
						0,
						"-1.25+math.clamp(math.sin(query.anim_time*90*4*1+200)*0.5,-0.5,0)",
						"0+math.clamp(math.sin(query.anim_time*90*4*1+200+180)*0.5,-0,0.5)"
					]
				},
				"left_hair_tuft": {
					"rotation": ["2.5+math.sin(q.anim_time*90*4+105+180)*7.5", 0, "1.5+math.sin(q.anim_time*90*4+120+180)*2.5"]
				},
				"left_hair_tuft_tip": {
					"rotation": [0, 0, "2.5+math.sin(q.anim_time*90*4+140+180)*5"]
				},
				"right_hair_tuft": {
					"rotation": ["2.5+math.sin(q.anim_time*90*4+135+180)*7.5", 0, "-1.5+math.sin(q.anim_time*90*4+120)*2.5"]
				},
				"right_hair_tuft_tip": {
					"rotation": [0, 0, "-2.5+math.sin(q.anim_time*90*4+140)*5"]
				}
			}
		},
		"animation.ambipom.sleep": {
			"loop": true,
			"animation_length": 4,
			"bones": {
				"body": {
					"rotation": [-80, 0, 0],
					"position": [0, 1.5, -16]
				},
				"left_upper_leg": {
					"rotation": [0, 0, 15]
				},
				"left_foot": {
					"rotation": [22.5, 0, 0]
				},
				"left_toes": {
					"rotation": [12.5, 0, 0]
				},
				"right_upper_leg": {
					"rotation": [-33.75708, 18.85485, -22.6214],
					"position": [0.25, 0, 0]
				},
				"right_lower_leg": {
					"rotation": [37.5, 0, 0]
				},
				"right_foot": {
					"rotation": [5, -12.5, 0]
				},
				"right_toes": {
					"rotation": [12.5, 0, 0]
				},
				"torso": {
					"rotation": ["2.5+math.sin(q.anim_time*90*1+0)*1.5", 0, 0]
				},
				"upper_torso": {
					"rotation": ["10+math.sin(q.anim_time*90*1+20+180)*2.5", 0, 0]
				},
				"left_upper_arm": {
					"rotation": ["-81.3449+math.sin(q.anim_time*90*1+20+180)*1.5", "-25.6565+math.sin(q.anim_time*90*1+20)*1", -39.2016],
					"position": [-0.5, 0, 1]
				},
				"left_lower_arm": {
					"rotation": [-11.39559, "77.2537+math.sin(q.anim_time*90*1-10)*1", "-11.3399+math.sin(q.anim_time*90*1-10)*1"],
					"position": [0, 0, 0]
				},
				"left_hand": {
					"rotation": [0, 12.5, 0]
				},
				"right_upper_arm": {
					"rotation": ["-81.3449+math.sin(q.anim_time*90*1+20+180)*1.5", "25.6565+math.sin(q.anim_time*90*1+20+180)*1", 39.2016],
					"position": [0.5, 0, 1]
				},
				"right_lower_arm": {
					"rotation": [-11.39559, "-77.2537+math.sin(q.anim_time*90*1-10+180)*1", "11.3399+math.sin(q.anim_time*90*1-10+180)*1"]
				},
				"right_hand": {
					"rotation": [0, -12.5, 0]
				},
				"neck": {
					"rotation": ["10+math.sin(q.anim_time*90*1-30)*1", 0, 0]
				},
				"head": {
					"rotation": ["20+math.sin(q.anim_time*90*1-60)*1", 0, 0]
				},
				"left_ear": {
					"rotation": ["-2.0531+math.sin(q.anim_time*90*1-100)*2.5", 0.30449, 5.39629]
				},
				"right_ear": {
					"rotation": ["-2.0531+math.sin(q.anim_time*90*1-100)*2.5", -0.30449, -5.39629]
				},
				"left_eye": {
					"position": [0, 0, 0.1]
				},
				"right_eye": {
					"position": [0, 0, 0.1]
				},
				"closed_exhausted": {
					"position": [0, 0, -0.1]
				},
				"bangs": {
					"rotation": ["0+math.sin(q.anim_time*90*1-90+90)*2", 0, 0]
				},
				"left_hair_tuft": {
					"rotation": ["0+math.sin(q.anim_time*90*1-90)*3", 0, 0]
				},
				"left_hair_tuft_tip": {
					"rotation": ["0+math.sin(q.anim_time*90*1-120)*2", 0, 0]
				},
				"right_hair_tuft": {
					"rotation": ["0+math.sin(q.anim_time*90*1-80)*3", 0, 0]
				},
				"right_hair_tuft_tip": {
					"rotation": ["0+math.sin(q.anim_time*90*1-110)*2", 0, 0]
				},
				"left_butt_tuft": {
					"rotation": [-7.71577, 18.81627, -18.44986]
				},
				"right_butt_tuft": {
					"rotation": [-7.71577, -18.81627, 18.44986]
				},
				"tail_rotation": {
					"rotation": ["-2.5+math.sin(q.anim_time*90*1+180)*1.5", 0, 0]
				},
				"tail_left": {
					"rotation": [52.04328, 64.16812, 60.35062]
				},
				"tail_left2": {
					"rotation": [32.36628, 1.33966, -2.10813]
				},
				"tail_left3": {
					"rotation": [32.59468, -4.32875, -2.50477]
				},
				"tail_left4": {
					"rotation": [47.51321, "-2.2334+math.sin(q.anim_time*90*1-60)*0.5", "-1.1652+math.sin(q.anim_time*90*1-60)*0.5"]
				},
				"tail_left5": {
					"rotation": [35.02635, 1.98315, 1.52251]
				},
				"tail_hand_left": {
					"rotation": [6.25853, -44.68579, 69.90655]
				},
				"left_middle_finger": {
					"rotation": [-67.5, 0, 0]
				},
				"left_middle_finger2": {
					"rotation": [37.52635, -1.98315, -1.52251]
				},
				"left_middle_finger_tip": {
					"rotation": [17.5, 0, 0]
				},
				"left_outer_finger": {
					"rotation": [-45.10262, -86.98587, -0.35121]
				},
				"left_outer_finger2": {
					"rotation": [15.01365, -2.41476, -0.64743]
				},
				"left_outer_finger_tip": {
					"rotation": [17.5, 0, 0]
				},
				"left_inner_finger": {
					"rotation": [-36.89757, 85.0413, 8.01323]
				},
				"left_inner_finger2": {
					"rotation": [17.75313, 9.53274, 3.03513]
				},
				"left_inner_finger_tip": {
					"rotation": [27.5, 0, 0]
				},
				"left_tail_tuft": {
					"rotation": [43.94621, 6.16854, -12.41972]
				},
				"tail_right": {
					"rotation": [52.04328, -64.16812, -60.35062]
				},
				"tail_right2": {
					"rotation": [32.36628, -1.33966, 2.10813]
				},
				"tail_right3": {
					"rotation": [32.59468, 4.32875, 2.50477]
				},
				"tail_right4": {
					"rotation": [47.51321, "2.2334+math.sin(q.anim_time*90*1-60+180)*0.5", "1.1652+math.sin(q.anim_time*90*1-60+180)*0.5"]
				},
				"tail_right5": {
					"rotation": [35.02635, -1.98315, -1.52251]
				},
				"tail_hand_right": {
					"rotation": [6.2294, 34.78244, -71.31371]
				},
				"right_middle_finger": {
					"rotation": [-67.5, 0, 0]
				},
				"right_middle_finger2": {
					"rotation": [37.52635, -1.98315, -1.52251]
				},
				"right_middle_finger_tip": {
					"rotation": [17.5, 0, 0]
				},
				"right_outer_finger": {
					"rotation": [-33.0425, 80.68053, 4.43811]
				},
				"right_outer_finger2": {
					"rotation": [15.22074, 9.65594, 2.61298]
				},
				"right_outer_finger_tip": {
					"rotation": [17.5, 0, 0]
				},
				"right_inner_finger": {
					"rotation": [-51.7439, -91.04825, -3.51782]
				},
				"right_inner_finger2": {
					"rotation": [17.51565, -2.38422, -0.7522]
				},
				"right_inner_finger_tip": {
					"rotation": [27.5, 0, 0]
				},
				"right_tail_tuft": {
					"rotation": [34.02568, -6.88806, 11.72071]
				}
			}
		},
		"animation.ambipom.blink": {
			"animation_length": 0.16667,
			"bones": {
				"left_eye": {
					"position": {
						"0.0": [0, 0, 0.1],
						"0.125": [0, 0, 0.1],
						"0.1667": [0, 0, 0]
					}
				},
				"right_eye": {
					"position": {
						"0.0": [0, 0, 0.1],
						"0.125": [0, 0, 0.1],
						"0.1667": [0, 0, 0]
					}
				},
				"closed_happy": {
					"position": {
						"0.0": [0, 0, -0.1],
						"0.125": [0, 0, -0.1],
						"0.1667": [0, 0, 0]
					}
				}
			}
		},
		"animation.ambipom.cry": {
			"animation_length": 1,
			"bones": {
				"upper_torso": {
					"rotation": {
						"0.0": [0, 0, 0],
						"0.0417": [-0.5, 0, 0],
						"0.0833": [-2.25, 0, 0],
						"0.125": [-2.5, 0, 0],
						"0.1667": [-2.25, 0, 0],
						"0.25": [-0.5, 0, 0],
						"0.2917": [0, 0, 0],
						"0.3333": [0.75, 0, 0],
						"0.375": [2, 0, 0],
						"0.4167": [2.75, 0, 0],
						"0.4583": [3, 0, 0],
						"0.5": [2.75, 0, 0],
						"0.5417": [2.25, 0, 0],
						"0.5833": [2, 0, 0],
						"0.625": [2.75, 0, 0],
						"0.6667": [3, 0, 0],
						"0.7083": [2.75, 0, 0],
						"0.75": [2.25, 0, 0],
						"0.7917": [2, 0, 0],
						"0.8333": [2.75, 0, 0],
						"0.875": [3, 0, 0],
						"0.9167": [2.5, 0, 0],
						"0.9583": [0.5, 0, 0],
						"1.0": [0, 0, 0]
					}
				},
				"head": {
					"rotation": {
						"0.0": [0, 0, 0],
						"0.0417": [-3.5, 0, 0],
						"0.0833": [-4, 0, 0],
						"0.125": [-3.5, 0, 0],
						"0.1667": [-2, 0, 0],
						"0.2083": [-3.5, 0, 0],
						"0.25": [-4, 0, 0],
						"0.2917": [-3.5, 0, 0],
						"0.3333": [0, 0, 0],
						"0.375": [2, 0, 0],
						"0.4167": [2.5, 0, 0],
						"0.4583": [2, 0, 0],
						"0.5": [0.5, 0, 0],
						"0.5417": [0, 0, 0],
						"0.5833": [2, 0, 0],
						"0.625": [2.5, 0, 0],
						"0.6667": [2, 0, 0],
						"0.7083": [0.5, 0, 0],
						"0.75": [0, 0, 0],
						"0.7917": [2, 0, 0],
						"0.8333": [2.5, 0, 0],
						"0.875": [2, 0, 0],
						"0.9167": [0.5, 0, 0],
						"0.9583": [0, 0, 0]
					}
				},
				"grin": {
					"position": {
						"0.0": [0, 0, 0],
						"0.0417": {"pre": [0, 0, 0], "post": [0, 0, 0.1]},
						"0.875": [0, 0, 0.1],
						"0.9167": {"pre": [0, 0, 0.1], "post": [0, 0, 0]}
					}
				},
				"open_grin": {
					"position": {
						"0.0": [0, 0, 0],
						"0.0417": {"pre": [0, 0, 0], "post": [0, 0, -0.1]},
						"0.125": [0, 0, -0.1],
						"0.1667": {"pre": [0, 0, -0.1], "post": [0, 0, 0]},
						"0.2083": {"pre": [0, 0, 0], "post": [0, 0, -0.1]},
						"0.2917": [0, 0, -0.1],
						"0.3333": {"pre": [0, 0, -0.1], "post": [0, 0, 0]},
						"0.6667": [0, 0, 0],
						"0.7083": {"pre": [0, 0, 0], "post": [0, 0, -0.1]},
						"0.875": [0, 0, -0.1],
						"0.9167": {"pre": [0, 0, -0.1], "post": [0, 0, 0]}
					}
				},
				"neck": {
					"rotation": {
						"0.0": [0, 0, 0],
						"0.0417": [-2, 0, 0],
						"0.0833": [-1.75, 0, 0],
						"0.125": [-1.25, 0, 0],
						"0.1667": [-1, 0, 0],
						"0.2083": [-2, 0, 0],
						"0.25": [-1.75, 0, 0],
						"0.2917": [-0.25, 0, 0],
						"0.3333": [0, 0, 0],
						"0.375": [1, 0, 0],
						"0.4167": [0.9, 0, 0],
						"0.4583": [0.7, 0, 0],
						"0.5": [0.25, 0, 0],
						"0.5417": [0, 0, 0],
						"0.5833": [1, 0, 0],
						"0.625": [0.9, 0, 0],
						"0.6667": [0.7, 0, 0],
						"0.7083": [0.25, 0, 0],
						"0.75": [0, 0, 0],
						"0.7917": [1, 0, 0],
						"0.8333": [0.9, 0, 0],
						"0.875": [0.7, 0, 0],
						"0.9167": [0.25, 0, 0],
						"0.9583": [0, 0, 0]
					}
				},
				"closed_grin": {
					"position": {
						"0.125": [0, 0, 0],
						"0.1667": {"pre": [0, 0, 0], "post": [0, 0, -0.1]},
						"0.2083": {"pre": [0, 0, -0.1], "post": [0, 0, 0]}
					}
				},
				"o_mouth": {
					"position": {
						"0.2917": [0, 0, 0],
						"0.3333": {"pre": [0, 0, 0], "post": [0, 0, -0.1]},
						"0.4167": {"pre": [0, 0, -0.1], "post": [0, -0.4, -0.1]},
						"0.5417": [0, 0, -0.1],
						"0.625": [0, -0.4, -0.1],
						"0.6667": [0, 0, -0.1],
						"0.7083": {"pre": [0, 0, -0.1], "post": [0, 0, 0]},
						"1.0": [0, 0, 0]
					}
				}
			},
			"sound_effects": {
				"0.0833": {
					"effect": "pokemon.ambipom.cry"
				}
			}
		},
		"animation.ambipom.ground_run_WIP": {
			"loop": true,
			"animation_length": 2,
			"bones": {
				"body": {
					"rotation": ["0+math.sin(q.anim_time*90*4+20)*15", 0, 0],
					"position": {
						"0.0": [0, 15.75, 0],
						"0.0417": [0, 15, 0],
						"0.0833": [0, 13, 0],
						"0.25": [0, -4.75, 0],
						"0.5833": [0, -1.44, 0],
						"0.625": [0, -0.86, 1.25],
						"0.6667": [0, -0.75, 2.25],
						"0.7083": [0, -1, 2.6],
						"0.75": [0, -1, 2.6],
						"0.7917": [0, 3.5, 2.5],
						"0.8333": [0, 9.5, 2],
						"0.875": [0, 12.5, 1],
						"0.9167": [0, 15.5, 0.25],
						"0.9583": [0, 16, 0],
						"1.0": [0, 15.75, 0],
						"1.0417": [0, 15, 0],
						"1.0833": [0, 13, 0],
						"1.25": [0, -4.75, 0],
						"1.5833": [0, -1.44, 0],
						"1.625": [0, -0.86, 1.25],
						"1.6667": [0, -0.75, 2.25],
						"1.7083": [0, -1, 2.6],
						"1.75": [0, -1, 2.6],
						"1.7917": [0, 3.5, 2.5],
						"1.8333": [0, 9.5, 2],
						"1.875": [0, 12.5, 1],
						"1.9167": [0, 15.5, 0.25],
						"1.9583": [0, 16, 0],
						"2.0": [0, 15.75, 0]
					}
				},
				"tail_left": {
					"rotation": [
						"-0+math.clamp(math.sin(query.anim_time*90*4*1+0)*35.5,-35,0)+math.clamp(math.sin(query.anim_time*90*4*1+0)*22.5,0,22)",
						"2.5+math.sin(q.anim_time*90*4-180)*15",
						"0+math.sin(q.anim_time*90*4-0)*20"
					]
				},
				"tail_left2": {
					"rotation": ["-7.5+math.sin(q.anim_time*90*4-20)*20", "27.5+math.sin(q.anim_time*90*4-20+180)*10", "math.sin(q.anim_time*90*4-20)*20"]
				},
				"tail_left3": {
					"rotation": ["-2.5+math.sin(q.anim_time*90*4-40)*30", "25+math.sin(q.anim_time*90*4-40+180)*10", "0+math.sin(q.anim_time*90*4-40+180)*10"]
				},
				"tail_left4": {
					"rotation": ["0+math.sin(q.anim_time*90*4-60)*20", "32.5+math.sin(q.anim_time*90*4-60)*10", "0+math.sin(q.anim_time*90*4-60+180)*5"]
				},
				"tail_left5": {
					"rotation": ["-1.5192+math.sin(q.anim_time*90*4-80)*25", "25.6857+math.sin(q.anim_time*90*4-80)*25", "3.7382+math.sin(q.anim_time*90*4-80+180)*5"]
				},
				"tail_hand_left": {
					"rotation": {
						"0.0": [
							"10+math.sin(q.anim_time*90*4-100+180)*10",
							"-10+math.sin(q.anim_time*90*4-100+180+90)*10",
							"200+math.clamp(math.sin(query.anim_time*90*4*1-100+180)*25.5,-0,25)"
						],
						"0.4167": [
							"23.3352+math.sin(q.anim_time*90*4-100+180)*10",
							"0.9272+math.sin(q.anim_time*90*4-100+180+90)*10",
							"137.0801+math.clamp(math.sin(query.anim_time*90*4*1-100+180)*25.5,-0,25)"
						],
						"0.6667": [
							"10+math.sin(q.anim_time*90*4-100+180)*10",
							"-0+math.sin(q.anim_time*90*4-100+180+90)*10",
							"200+math.clamp(math.sin(query.anim_time*90*4*1-100+180)*25.5,-0,25)"
						],
						"0.7917": [
							"12.7133+math.sin(q.anim_time*90*4-100+180)*10",
							"-4.279+math.sin(q.anim_time*90*4-100+180+90)*10",
							"219.727+math.clamp(math.sin(query.anim_time*90*4*1-100+180)*25.5,-0,25)"
						],
						"0.9167": [
							"10.4718+math.sin(q.anim_time*90*4-100+180)*10",
							"-1.5374+math.sin(q.anim_time*90*4-100+180+90)*10",
							"204.7812+math.clamp(math.sin(query.anim_time*90*4*1-100+180)*25.5,-0,25)"
						],
						"1.0": [
							"10+math.sin(q.anim_time*90*4-100+180)*10",
							"-10+math.sin(q.anim_time*90*4-100+180+90)*10",
							"200+math.clamp(math.sin(query.anim_time*90*4*1-100+180)*25.5,-0,25)"
						],
						"1.4167": [
							"23.3352+math.sin(q.anim_time*90*4-100+180)*10",
							"0.9272+math.sin(q.anim_time*90*4-100+180+90)*10",
							"137.0801+math.clamp(math.sin(query.anim_time*90*4*1-100+180)*25.5,-0,25)"
						],
						"1.6667": [
							"10+math.sin(q.anim_time*90*4-100+180)*10",
							"-0+math.sin(q.anim_time*90*4-100+180+90)*10",
							"200+math.clamp(math.sin(query.anim_time*90*4*1-100+180)*25.5,-0,25)"
						],
						"1.7917": [
							"12.7133+math.sin(q.anim_time*90*4-100+180)*10",
							"-4.279+math.sin(q.anim_time*90*4-100+180+90)*10",
							"219.727+math.clamp(math.sin(query.anim_time*90*4*1-100+180)*25.5,-0,25)"
						],
						"1.9167": [
							"10.4718+math.sin(q.anim_time*90*4-100+180)*10",
							"-1.5374+math.sin(q.anim_time*90*4-100+180+90)*10",
							"204.7812+math.clamp(math.sin(query.anim_time*90*4*1-100+180)*25.5,-0,25)"
						],
						"2.0": [
							"10+math.sin(q.anim_time*90*4-100+180)*10",
							"-10+math.sin(q.anim_time*90*4-100+180+90)*10",
							"200+math.clamp(math.sin(query.anim_time*90*4*1-100+180)*25.5,-0,25)"
						]
					}
				},
				"left_middle_finger2": {
					"rotation": [25, 0, 0]
				},
				"left_outer_finger": {
					"rotation": [50, -50, 0]
				},
				"left_inner_finger": {
					"rotation": [50, 50, 0]
				},
				"tail_right": {
					"rotation": [
						"-0+math.clamp(math.sin(query.anim_time*90*4*1+10)*35.5,-35,0)+math.clamp(math.sin(query.anim_time*90*4*1+10)*22.5,0,22)",
						"-2.5+math.sin(q.anim_time*90*4+10)*15",
						"0+math.sin(q.anim_time*90*4-170)*20"
					]
				},
				"tail_right2": {
					"rotation": ["-7.5+math.sin(q.anim_time*90*4-10)*20", "-27.5+math.sin(q.anim_time*90*4-10)*10", "-(math.sin(q.anim_time*90*4-10)*20)"]
				},
				"tail_right3": {
					"rotation": ["-2.5+math.sin(q.anim_time*90*4-30)*30", "-25+math.sin(q.anim_time*90*4-30)*10", "0+math.sin(q.anim_time*90*4-30)*10"]
				},
				"tail_right4": {
					"rotation": ["0+math.sin(q.anim_time*90*4-50)*20", "-32.5+math.sin(q.anim_time*90*4-50+180)*10", "0+math.sin(q.anim_time*90*4-50)*5"]
				},
				"tail_right5": {
					"rotation": ["-1.9438+math.sin(q.anim_time*90*4-70)*25", "-25.9538+math.sin(q.anim_time*90*4-70+180)*25", "-4.2869+math.sin(q.anim_time*90*4-70)*5"]
				},
				"tail_hand_right": {
					"rotation": {
						"0.0": [
							"10+math.sin(q.anim_time*90*4-90+180)*10",
							"10+math.sin(q.anim_time*90*4-90+90)*10",
							"-200+math.clamp(math.sin(query.anim_time*90*4*1-90)*25.5,-25,0)"
						],
						"0.4167": [
							"23.3352+math.sin(q.anim_time*90*4-90+180)*10",
							"-0.9272+math.sin(q.anim_time*90*4-90+90)*10",
							"-137.0801+math.clamp(math.sin(query.anim_time*90*4*1-90)*25.5,-25,0)"
						],
						"0.6667": [
							"10+math.sin(q.anim_time*90*4-90+180)*10",
							"0+math.sin(q.anim_time*90*4-90+90)*10",
							"-200+math.clamp(math.sin(query.anim_time*90*4*1-90)*25.5,-25,0)"
						],
						"0.7917": [
							"11.3177+math.sin(q.anim_time*90*4-90+180)*10",
							"1.4185+math.sin(q.anim_time*90*4-90+90)*10",
							"-207.4679+math.clamp(math.sin(query.anim_time*90*4*1-90)*25.5,-25,0)"
						],
						"0.9167": [
							"10.4392+math.sin(q.anim_time*90*4-90+180)*10",
							"3.8996+math.sin(q.anim_time*90*4-90+90)*10",
							"-203.9619+math.clamp(math.sin(query.anim_time*90*4*1-90)*25.5,-25,0)"
						],
						"1.0": [
							"10+math.sin(q.anim_time*90*4-90+180)*10",
							"10+math.sin(q.anim_time*90*4-90+90)*10",
							"-200+math.clamp(math.sin(query.anim_time*90*4*1-90)*25.5,-25,0)"
						],
						"1.4167": [
							"23.3352+math.sin(q.anim_time*90*4-90+180)*10",
							"-0.9272+math.sin(q.anim_time*90*4-90+90)*10",
							"-137.0801+math.clamp(math.sin(query.anim_time*90*4*1-90)*25.5,-25,0)"
						],
						"1.6667": [
							"10+math.sin(q.anim_time*90*4-90+180)*10",
							"0+math.sin(q.anim_time*90*4-90+90)*10",
							"-200+math.clamp(math.sin(query.anim_time*90*4*1-90)*25.5,-25,0)"
						],
						"1.7917": [
							"11.3177+math.sin(q.anim_time*90*4-90+180)*10",
							"1.4185+math.sin(q.anim_time*90*4-90+90)*10",
							"-207.4679+math.clamp(math.sin(query.anim_time*90*4*1-90)*25.5,-25,0)"
						],
						"1.9167": [
							"10.4392+math.sin(q.anim_time*90*4-90+180)*10",
							"3.8996+math.sin(q.anim_time*90*4-90+90)*10",
							"-203.9619+math.clamp(math.sin(query.anim_time*90*4*1-90)*25.5,-25,0)"
						],
						"2.0": [
							"8.8132+math.sin(q.anim_time*90*4-90+180)*10",
							"12.4766+math.sin(q.anim_time*90*4-90+90)*10",
							"-207.1785+math.clamp(math.sin(query.anim_time*90*4*1-90)*25.5,-25,0)"
						]
					}
				},
				"right_middle_finger2": {
					"rotation": [25, 0, 0]
				},
				"right_outer_finger": {
					"rotation": [50, 50, 0]
				},
				"right_inner_finger": {
					"rotation": [50, -50, 0]
				},
				"left_upper_leg": {
					"rotation": [
						"-25+math.clamp(math.sin(query.anim_time*90*4*1-0+200)*42.5,-42,0)+math.clamp(math.sin(query.anim_time*90*4*1-0+200)*52.5,0,52)",
						0,
						"-5+math.sin(q.anim_time*90*4+50+180)*5"
					],
					"position": [0, 1.5, 0.5]
				},
				"left_lower_leg": {
					"rotation": ["0+math.clamp(math.sin(query.anim_time*90*4*1+10+200)*22.5,10,22)+math.clamp(math.sin(query.anim_time*90*4*1+280+200)*42.5,10,42)", 0, 0]
				},
				"left_foot": {
					"rotation": ["0+math.sin(q.anim_time*90*4+10+200)*45", "-10+math.sin(q.anim_time*90*4+50+180)*10", 0]
				},
				"left_toes": {
					"rotation": ["0+math.clamp(math.sin(query.anim_time*90*4*1+20+180+200)*50,-45,10)", 0, 0]
				},
				"torso": {
					"rotation": [
						"-15+math.clamp(math.sin(query.anim_time*90*4*1+160)*7.5,-0,7.5)+math.sin(q.anim_time*90*4+180)*5",
						0,
						"0+math.sin(q.anim_time*90*2-90+90)*3"
					],
					"position": {
						"0.0": [0, 1, -0.5],
						"0.7083": [0, 1, -0.5],
						"0.75": [0, -0.25, -0.5],
						"0.7917": [0, -0.5, -0.5],
						"0.8333": [0, -0.25, -0.5],
						"0.875": [0, 0.75, -0.5],
						"0.9167": [0, 1, -0.5],
						"1.0": [0, 1, -0.5],
						"1.7083": [0, 1, -0.5],
						"1.75": [0, -0.25, -0.5],
						"1.7917": [0, -0.5, -0.5],
						"1.8333": [0, -0.25, -0.5],
						"1.875": [0, 0.75, -0.5],
						"1.9167": [0, 1, -0.5]
					}
				},
				"upper_torso": {
					"rotation": ["12.5+math.sin(q.anim_time*90*4+130)*5+math.sin(q.anim_time*90*4+20+180)*7.5", 0, "0+math.sin(q.anim_time*90*2-120+180+90)*5"]
				},
				"left_upper_arm": {
					"rotation": [
						"39.4122+math.sin(q.anim_time*90*4+50+180)*25",
						"3.6767+math.sin(q.anim_time*90*4+70)*7.5+math.sin(q.anim_time*90*4+70+90)*15",
						"26.016+math.sin(q.anim_time*90*4+70+180)*25"
					]
				},
				"left_lower_arm": {
					"rotation": ["0+math.sin(q.anim_time*90*4+20+180)*5", "35+math.sin(q.anim_time*90*4+40+90)*20", "0+math.sin(q.anim_time*90*4+40+180)*17.5"]
				},
				"left_hand": {
					"rotation": [0, "0+math.sin(q.anim_time*90*4+10+90)*7.5", "15+math.sin(q.anim_time*90*4+10+180)*10"]
				},
				"right_upper_arm": {
					"rotation": [
						"39.4122+math.sin(q.anim_time*90*4+50+180)*25",
						"-3.6767+math.sin(q.anim_time*90*4+70+180)*7.5+math.sin(q.anim_time*90*4+70+90+180)*15",
						"-26.016+math.sin(q.anim_time*90*4+70)*25"
					]
				},
				"right_lower_arm": {
					"rotation": ["0+math.sin(q.anim_time*90*4+20+180)*5", "-35+math.sin(q.anim_time*90*4+40+90+180)*20", "0+math.sin(q.anim_time*90*4+40)*17.5"]
				},
				"right_hand": {
					"rotation": [0, "0+math.sin(q.anim_time*90*4+10+90+180)*7.5", "-15+math.sin(q.anim_time*90*4+10)*10"]
				},
				"neck": {
					"rotation": ["7.5+math.sin(q.anim_time*90*4+100)*3+math.sin(q.anim_time*90*4+40+180)*5", 0, "0+math.sin(q.anim_time*90*2-150+180+90)*1"]
				},
				"head": {
					"rotation": ["2.5+math.sin(q.anim_time*90*4+70)*7.5", 0, "0+math.sin(q.anim_time*90*2-180+180+90)*3"]
				},
				"left_ear": {
					"rotation": [
						"0+math.sin(q.anim_time*90*4+40+180)*7.5",
						"-5+math.sin(q.anim_time*90*4+40+180)*5",
						"0+math.sin(q.anim_time*90*2-210+180+90)*1+math.clamp(math.sin(query.anim_time*90*4*1-80)*7.5,-0,7.5)"
					]
				},
				"right_ear": {
					"rotation": [
						"0+math.sin(q.anim_time*90*4+40+180)*7.5",
						"5+math.sin(q.anim_time*90*4+40)*5",
						"0+math.sin(q.anim_time*90*2-210+180+90)*1+math.clamp(math.sin(query.anim_time*90*4*1-80+180)*7.5,-7.5,0)"
					]
				},
				"bangs": {
					"rotation": ["-7.5+math.sin(q.anim_time*90*4+40)*15", 0, "0+math.sin(q.anim_time*90*2-210+180+90)*3"]
				},
				"left_hair_tuft": {
					"rotation": [
						"-10+math.sin(q.anim_time*90*4+40+180)*20",
						0,
						"0+math.sin(q.anim_time*90*4+80)*10+math.clamp(math.sin(query.anim_time*90*4*1-80)*30,-0,30)"
					]
				},
				"left_hair_tuft_tip": {
					"rotation": ["-2.5+math.sin(q.anim_time*90*4+10+180)*10", 0, "math.sin(q.anim_time*90*4+40)*5+math.clamp(math.sin(query.anim_time*90*4*1-50)*20,-0,20)"]
				},
				"right_hair_tuft": {
					"rotation": [
						"-10+math.sin(q.anim_time*90*4+30+180)*20",
						0,
						"0+math.sin(q.anim_time*90*4+80+180)*10+math.clamp(math.sin(query.anim_time*90*4*1-80+180)*30,-30,0)"
					]
				},
				"right_hair_tuft_tip": {
					"rotation": [
						"-2.5+math.sin(q.anim_time*90*4+0+180)*10",
						0,
						"math.sin(q.anim_time*90*4+40+180)*5+math.clamp(math.sin(query.anim_time*90*4*1-50+180)*20,-20,0)"
					]
				},
				"left_middle_finger": {
					"rotation": [50, 0, 0]
				},
				"left_middle_finger_tip": {
					"rotation": [50, 0, 0]
				},
				"left_outer_finger2": {
					"rotation": [25, 0, 0]
				},
				"left_outer_finger_tip": {
					"rotation": [50, 0, 0]
				},
				"left_inner_finger2": {
					"rotation": [25, 0, 0]
				},
				"left_inner_finger_tip": {
					"rotation": [50, 0, 0]
				},
				"left_tail_tuft": {
					"rotation": {
						"0.0": [
							"10+math.sin(q.anim_time*90*4-110+180)*15",
							"-10+math.sin(q.anim_time*90*4-110+180+90)*15",
							"200+math.clamp(math.sin(query.anim_time*90*4*1-110+180)*25.5,-0,25)"
						],
						"0.4167": [
							"23.3352+math.sin(q.anim_time*90*4-110+180)*15",
							"0.9272+math.sin(q.anim_time*90*4-110+180+90)*15",
							"137.0801+math.clamp(math.sin(query.anim_time*90*4*1-110+180)*25.5,-0,25)"
						],
						"0.6667": [
							"10+math.sin(q.anim_time*90*4-110+180)*15",
							"-0+math.sin(q.anim_time*90*4-110+180+90)*15",
							"200+math.clamp(math.sin(query.anim_time*90*4*1-110+180)*25.5,-0,25)"
						],
						"0.7917": [
							"12.7133+math.sin(q.anim_time*90*4-110+180)*15",
							"-4.279+math.sin(q.anim_time*90*4-110+180+90)*15",
							"219.727+math.clamp(math.sin(query.anim_time*90*4*1-110+180)*25.5,-0,25)"
						],
						"0.9167": [
							"10.4718+math.sin(q.anim_time*90*4-110+180)*15",
							"-1.5374+math.sin(q.anim_time*90*4-110+180+90)*15",
							"204.7812+math.clamp(math.sin(query.anim_time*90*4*1-110+180)*25.5,-0,25)"
						],
						"1.0": [
							"10+math.sin(q.anim_time*90*4-110+180)*15",
							"-10+math.sin(q.anim_time*90*4-110+180+90)*15",
							"200+math.clamp(math.sin(query.anim_time*90*4*1-110+180)*25.5,-0,25)"
						],
						"1.4167": [
							"23.3352+math.sin(q.anim_time*90*4-110+180)*15",
							"0.9272+math.sin(q.anim_time*90*4-110+180+90)*15",
							"137.0801+math.clamp(math.sin(query.anim_time*90*4*1-110+180)*25.5,-0,25)"
						],
						"1.6667": [
							"10+math.sin(q.anim_time*90*4-110+180)*15",
							"-0+math.sin(q.anim_time*90*4-110+180+90)*15",
							"200+math.clamp(math.sin(query.anim_time*90*4*1-110+180)*25.5,-0,25)"
						],
						"1.7917": [
							"12.7133+math.sin(q.anim_time*90*4-110+180)*15",
							"-4.279+math.sin(q.anim_time*90*4-110+180+90)*15",
							"219.727+math.clamp(math.sin(query.anim_time*90*4*1-110+180)*25.5,-0,25)"
						],
						"1.9167": [
							"10.4718+math.sin(q.anim_time*90*4-110+180)*15",
							"-1.5374+math.sin(q.anim_time*90*4-110+180+90)*15",
							"204.7812+math.clamp(math.sin(query.anim_time*90*4*1-110+180)*25.5,-0,25)"
						],
						"2.0": [
							"10+math.sin(q.anim_time*90*4-110+180)*15",
							"-10+math.sin(q.anim_time*90*4-110+180+90)*15",
							"200+math.clamp(math.sin(query.anim_time*90*4*1-110+180)*25.5,-0,25)"
						]
					}
				},
				"right_middle_finger": {
					"rotation": [50, 0, 0]
				},
				"right_middle_finger_tip": {
					"rotation": [50, 0, 0]
				},
				"right_outer_finger2": {
					"rotation": [25, 0, 0]
				},
				"right_outer_finger_tip": {
					"rotation": [50, 0, 0]
				},
				"right_inner_finger2": {
					"rotation": [25, 0, 0]
				},
				"right_inner_finger_tip": {
					"rotation": [50, 0, 0]
				},
				"right_tail_tuft": {
					"rotation": {
						"0.0": [
							"10+math.sin(q.anim_time*90*4-100+180)*15",
							"10+math.sin(q.anim_time*90*4-100+90)*15",
							"-200+math.clamp(math.sin(query.anim_time*90*4*1-100)*25.5,-25,0)"
						],
						"0.4167": [
							"23.3352+math.sin(q.anim_time*90*4-100+180)*15",
							"-0.9272+math.sin(q.anim_time*90*4-100+90)*15",
							"-137.0801+math.clamp(math.sin(query.anim_time*90*4*1-100)*25.5,-25,0)"
						],
						"0.6667": [
							"10+math.sin(q.anim_time*90*4-100+180)*15",
							"0+math.sin(q.anim_time*90*4-100+90)*15",
							"-200+math.clamp(math.sin(query.anim_time*90*4*1-100)*25.5,-25,0)"
						],
						"0.7917": [
							"11.5466+math.sin(q.anim_time*90*4-100+180)*15",
							"2.0236+math.sin(q.anim_time*90*4-100+90)*15",
							"-209.9146+math.clamp(math.sin(query.anim_time*90*4*1-100)*25.5,-25,0)"
						],
						"0.9167": [
							"10.4718+math.sin(q.anim_time*90*4-100+180)*15",
							"1.5374+math.sin(q.anim_time*90*4-100+90)*15",
							"-204.7812+math.clamp(math.sin(query.anim_time*90*4*1-100)*25.5,-25,0)"
						],
						"1.0": [
							"10+math.sin(q.anim_time*90*4-100+180)*15",
							"10+math.sin(q.anim_time*90*4-100+90)*15",
							"-200+math.clamp(math.sin(query.anim_time*90*4*1-100)*25.5,-25,0)"
						],
						"1.4167": [
							"23.3352+math.sin(q.anim_time*90*4-100+180)*15",
							"-0.9272+math.sin(q.anim_time*90*4-100+90)*15",
							"-137.0801+math.clamp(math.sin(query.anim_time*90*4*1-100)*25.5,-25,0)"
						],
						"1.6667": [
							"10+math.sin(q.anim_time*90*4-100+180)*15",
							"0+math.sin(q.anim_time*90*4-100+90)*15",
							"-200+math.clamp(math.sin(query.anim_time*90*4*1-100)*25.5,-25,0)"
						],
						"1.7917": [
							"11.5466+math.sin(q.anim_time*90*4-100+180)*15",
							"2.0236+math.sin(q.anim_time*90*4-100+90)*15",
							"-209.9146+math.clamp(math.sin(query.anim_time*90*4*1-100)*25.5,-25,0)"
						],
						"1.9167": [
							"10.4718+math.sin(q.anim_time*90*4-100+180)*15",
							"1.5374+math.sin(q.anim_time*90*4-100+90)*15",
							"-204.7812+math.clamp(math.sin(query.anim_time*90*4*1-100)*25.5,-25,0)"
						],
						"2.0": [
							"8.8132+math.sin(q.anim_time*90*4-100+180)*15",
							"12.4766+math.sin(q.anim_time*90*4-100+90)*15",
							"-207.1785+math.clamp(math.sin(query.anim_time*90*4*1-100)*25.5,-25,0)"
						]
					}
				},
				"left_butt_tuft": {
					"rotation": [
						"0+math.sin(q.anim_time*90*4-120+180+90)*5",
						"7.5+math.sin(q.anim_time*90*4-150+180+90+180)*10",
						"0+math.sin(q.anim_time*90*4+140)*5+math.clamp(math.sin(query.anim_time*90*4*1-80)*15,-0,15)"
					]
				},
				"right_butt_tuft": {
					"rotation": [
						"0+math.sin(q.anim_time*90*4-120+180+90)*5",
						"7.5+math.sin(q.anim_time*90*4-150+180+90)*10",
						"0+math.sin(q.anim_time*90*4+140+180)*5+math.clamp(math.sin(query.anim_time*90*4*1-80+180)*15,-15,0)"
					]
				},
				"right_upper_leg": {
					"rotation": [
						"-25+math.clamp(math.sin(query.anim_time*90*4*1-10+200)*42.5,-42,0)+math.clamp(math.sin(query.anim_time*90*4*1-10+200)*52.5,0,52)",
						0,
						"5+math.sin(q.anim_time*90*4+40)*5"
					],
					"position": [0, 1.5, 0.5]
				},
				"right_lower_leg": {
					"rotation": ["0+math.clamp(math.sin(query.anim_time*90*4*1-0+200)*22.5,10,22)+math.clamp(math.sin(query.anim_time*90*4*1+270+200)*42.5,10,42)", 0, 0]
				},
				"right_foot": {
					"rotation": ["0+math.sin(q.anim_time*90*4-0+200)*45", "10+math.sin(q.anim_time*90*4+40)*10", 0]
				},
				"right_toes": {
					"rotation": ["0+math.clamp(math.sin(query.anim_time*90*4*1+10+180+200)*50,-45,10)", 0, 0]
				},
				"tail_rotation": {
					"rotation": [0, 0, "0+math.clamp(math.sin(query.anim_time*90*4*1+160)*7,-0,7)"]
				}
			}
		},
		"animation.ambipom.ground_run_2": {
			"loop": true,
			"animation_length": 2,
			"bones": {
				"body": {
					"rotation": ["0+math.sin(q.anim_time*90*4+20+180)*25", 0, 0],
					"position": {
						"0.0": [0, 17, 3.3],
						"0.0417": [0, 17, 2.75],
						"0.0833": [0, 15.25, 2.25],
						"0.125": [0, 12.25, 1.75],
						"0.25": [0, 0.25, 0.75],
						"0.2917": [0, -2.75, 0.5],
						"0.3333": [0, -3.57, 0.25],
						"0.375": [0, -2.78, 0],
						"0.4167": [0, -2.06, 0],
						"0.4583": [0, -1.41, 0.25],
						"0.5": [0, -0.84, 0.5],
						"0.5417": [0, -0.92, 1],
						"0.5833": [0, -1.25, 1.75],
						"0.625": [0, -1.5, 3.75],
						"0.6667": [0, -1.25, 5.5],
						"0.7083": [0, -1, 6],
						"0.75": [0, 5, 6.25],
						"0.7917": [0, 9.75, 6.25],
						"0.8333": [0, 12.5, 5.75],
						"0.875": [0, 14.5, 5.25],
						"0.9167": [0, 15.5, 4.5],
						"0.9583": [0, 16.5, 3.9],
						"1.0": [0, 17, 3.3],
						"1.0417": [0, 17, 2.75],
						"1.0833": [0, 15.25, 2.25],
						"1.125": [0, 12.25, 1.75],
						"1.25": [0, 0.25, 0.75],
						"1.2917": [0, -2.75, 0.5],
						"1.3333": [0, -3.57, 0.25],
						"1.375": [0, -2.78, 0],
						"1.4167": [0, -2.06, 0],
						"1.4583": [0, -1.41, 0.25],
						"1.5": [0, -0.84, 0.5],
						"1.5417": [0, -0.92, 1],
						"1.5833": [0, -1.25, 1.75],
						"1.625": [0, -1.5, 3.75],
						"1.6667": [0, -1.25, 5.5],
						"1.7083": [0, -1, 6],
						"1.75": [0, 5, 6.25],
						"1.7917": [0, 9.75, 6.25],
						"1.8333": [0, 12.5, 5.75],
						"1.875": [0, 14.5, 5.25],
						"1.9167": [0, 15.5, 4.5],
						"1.9583": [0, 16.5, 3.9],
						"2.0": [0, 17, 3.3]
					}
				},
				"tail_left": {
					"rotation": [
						"-0+math.clamp(math.sin(query.anim_time*90*4*1+0)*35.5,-35,0)+math.clamp(math.sin(query.anim_time*90*4*1+0)*22.5,0,22)",
						"2.5+math.sin(q.anim_time*90*4-180)*15",
						"0+math.sin(q.anim_time*90*4-0)*20"
					]
				},
				"tail_left2": {
					"rotation": ["-7.5+math.sin(q.anim_time*90*4-20)*20", "27.5+math.sin(q.anim_time*90*4-20+180)*10", "math.sin(q.anim_time*90*4-20)*20"]
				},
				"tail_left3": {
					"rotation": ["-2.5+math.sin(q.anim_time*90*4-40)*30", "25+math.sin(q.anim_time*90*4-40+180)*10", "0+math.sin(q.anim_time*90*4-40+180)*10"]
				},
				"tail_left4": {
					"rotation": {
						"0.0": ["-7.5+math.sin(q.anim_time*90*4-60)*20", "32.5+math.sin(q.anim_time*90*4-60)*10", "math.sin(q.anim_time*90*4-60+180)*5"],
						"0.5": ["0+math.sin(q.anim_time*90*4-60)*20", "32.5+math.sin(q.anim_time*90*4-60)*10", "0+math.sin(q.anim_time*90*4-60+180)*5"],
						"1.0": ["-7.5+math.sin(q.anim_time*90*4-60)*20", "32.5+math.sin(q.anim_time*90*4-60)*10", "math.sin(q.anim_time*90*4-60+180)*5"],
						"1.5": ["0+math.sin(q.anim_time*90*4-60)*20", "32.5+math.sin(q.anim_time*90*4-60)*10", "0+math.sin(q.anim_time*90*4-60+180)*5"],
						"2.0": ["-7.5+math.sin(q.anim_time*90*4-60)*20", "32.5+math.sin(q.anim_time*90*4-60)*10", "math.sin(q.anim_time*90*4-60+180)*5"]
					}
				},
				"tail_left5": {
					"rotation": {
						"0.0": ["5.8795+math.sin(q.anim_time*90*4-80)*25", "29.6223+math.sin(q.anim_time*90*4-80)*25", "0.7648+math.sin(q.anim_time*90*4-80+180)*5"],
						"0.7917": ["8.3013+math.sin(q.anim_time*90*4-80)*25", "20.6316+math.sin(q.anim_time*90*4-80)*25", "2.4873+math.sin(q.anim_time*90*4-80+180)*5"],
						"0.875": ["5.8013+math.sin(q.anim_time*90*4-80)*25", "20.6316+math.sin(q.anim_time*90*4-80)*25", "1.4873+math.sin(q.anim_time*90*4-80+180)*5"],
						"1.0": ["5.8795+math.sin(q.anim_time*90*4-80)*25", "29.6223+math.sin(q.anim_time*90*4-80)*25", "0.7648+math.sin(q.anim_time*90*4-80+180)*5"],
						"1.7917": ["8.3013+math.sin(q.anim_time*90*4-80)*25", "20.6316+math.sin(q.anim_time*90*4-80)*25", "2.4873+math.sin(q.anim_time*90*4-80+180)*5"],
						"1.875": ["5.8013+math.sin(q.anim_time*90*4-80)*25", "20.6316+math.sin(q.anim_time*90*4-80)*25", "1.4873+math.sin(q.anim_time*90*4-80+180)*5"],
						"2.0": ["5.8795+math.sin(q.anim_time*90*4-80)*25", "29.6223+math.sin(q.anim_time*90*4-80)*25", "0.7648+math.sin(q.anim_time*90*4-80+180)*5"]
					}
				},
				"tail_hand_left": {
					"rotation": {
						"0.0": [
							"6.5787+math.sin(q.anim_time*90*4-100+180)*10",
							"-13.1146+math.sin(q.anim_time*90*4-100+180+90)*10",
							"217.6587+math.clamp(math.sin(query.anim_time*90*4*1-100+180)*25.5,-0,25)"
						],
						"0.4167": [
							"23.3352+math.sin(q.anim_time*90*4-100+180)*10",
							"0.9272+math.sin(q.anim_time*90*4-100+180+90)*10",
							"137.0801+math.clamp(math.sin(query.anim_time*90*4*1-100+180)*25.5,-0,25)"
						],
						"0.6667": [
							"10+math.sin(q.anim_time*90*4-100+180)*10",
							"-0+math.sin(q.anim_time*90*4-100+180+90)*10",
							"200+math.clamp(math.sin(query.anim_time*90*4*1-100+180)*25.5,-0,25)"
						],
						"0.7083": [14.93266, 4.05418, 226.26135],
						"0.75": [11.33158, 4.66508, 225.49718],
						"0.7917": [
							"13.3232+math.sin(q.anim_time*90*4-100+180)*10",
							"-6.0819+math.sin(q.anim_time*90*4-100+180+90)*10",
							"227.0328+math.clamp(math.sin(query.anim_time*90*4*1-100+180)*25.5,-0,25)"
						],
						"0.9167": [
							"10.9337+math.sin(q.anim_time*90*4-100+180)*10",
							"-3.9033+math.sin(q.anim_time*90*4-100+180+90)*10",
							"211.9137+math.clamp(math.sin(query.anim_time*90*4*1-100+180)*25.5,-0,25)"
						],
						"1.0": [
							"6.5787+math.sin(q.anim_time*90*4-100+180)*10",
							"-13.1146+math.sin(q.anim_time*90*4-100+180+90)*10",
							"217.6587+math.clamp(math.sin(query.anim_time*90*4*1-100+180)*25.5,-0,25)"
						],
						"1.4167": [
							"23.3352+math.sin(q.anim_time*90*4-100+180)*10",
							"0.9272+math.sin(q.anim_time*90*4-100+180+90)*10",
							"137.0801+math.clamp(math.sin(query.anim_time*90*4*1-100+180)*25.5,-0,25)"
						],
						"1.6667": [
							"10+math.sin(q.anim_time*90*4-100+180)*10",
							"-0+math.sin(q.anim_time*90*4-100+180+90)*10",
							"200+math.clamp(math.sin(query.anim_time*90*4*1-100+180)*25.5,-0,25)"
						],
						"1.7083": [14.93266, 4.05418, 226.26135],
						"1.75": [11.33158, 4.66508, 225.49718],
						"1.7917": [
							"13.3232+math.sin(q.anim_time*90*4-100+180)*10",
							"-6.0819+math.sin(q.anim_time*90*4-100+180+90)*10",
							"227.0328+math.clamp(math.sin(query.anim_time*90*4*1-100+180)*25.5,-0,25)"
						],
						"1.9167": [
							"10.9337+math.sin(q.anim_time*90*4-100+180)*10",
							"-3.9033+math.sin(q.anim_time*90*4-100+180+90)*10",
							"211.9137+math.clamp(math.sin(query.anim_time*90*4*1-100+180)*25.5,-0,25)"
						],
						"2.0": [
							"6.5787+math.sin(q.anim_time*90*4-100+180)*10",
							"-13.1146+math.sin(q.anim_time*90*4-100+180+90)*10",
							"217.6587+math.clamp(math.sin(query.anim_time*90*4*1-100+180)*25.5,-0,25)"
						]
					}
				},
				"left_middle_finger2": {
					"rotation": [25, 0, 0]
				},
				"left_outer_finger": {
					"rotation": [50, -50, 0]
				},
				"left_inner_finger": {
					"rotation": [50, 50, 0]
				},
				"tail_right": {
					"rotation": [
						"-0+math.clamp(math.sin(query.anim_time*90*4*1+10)*35.5,-35,0)+math.clamp(math.sin(query.anim_time*90*4*1+10)*22.5,0,22)",
						"-2.5+math.sin(q.anim_time*90*4+10)*15",
						"0+math.sin(q.anim_time*90*4-170)*20"
					]
				},
				"tail_right2": {
					"rotation": ["-7.5+math.sin(q.anim_time*90*4-10)*20", "-27.5+math.sin(q.anim_time*90*4-10)*10", "-(math.sin(q.anim_time*90*4-10)*20)"]
				},
				"tail_right3": {
					"rotation": ["-2.5+math.sin(q.anim_time*90*4-30)*30", "-25+math.sin(q.anim_time*90*4-30)*10", "0+math.sin(q.anim_time*90*4-30)*10"]
				},
				"tail_right4": {
					"rotation": ["0+math.sin(q.anim_time*90*4-50)*20", "-32.5+math.sin(q.anim_time*90*4-50+180)*10", "0+math.sin(q.anim_time*90*4-50)*5"]
				},
				"tail_right5": {
					"rotation": ["-1.9438+math.sin(q.anim_time*90*4-70)*25", "-25.9538+math.sin(q.anim_time*90*4-70+180)*25", "-4.2869+math.sin(q.anim_time*90*4-70)*5"]
				},
				"tail_hand_right": {
					"rotation": {
						"0.0": [
							"6.2091+math.sin(q.anim_time*90*4-90+180)*10",
							"15.4796+math.sin(q.anim_time*90*4-90+90)*10",
							"-217.05+math.clamp(math.sin(query.anim_time*90*4*1-90)*25.5,-25,0)"
						],
						"0.4167": [
							"23.3352+math.sin(q.anim_time*90*4-90+180)*10",
							"-0.9272+math.sin(q.anim_time*90*4-90+90)*10",
							"-137.0801+math.clamp(math.sin(query.anim_time*90*4*1-90)*25.5,-25,0)"
						],
						"0.6667": [
							"10+math.sin(q.anim_time*90*4-90+180)*10",
							"0+math.sin(q.anim_time*90*4-90+90)*10",
							"-200+math.clamp(math.sin(query.anim_time*90*4*1-90)*25.5,-25,0)"
						],
						"0.7083": [9.32164, -7.68959, -212.48542],
						"0.7917": [
							"10.9531+math.sin(q.anim_time*90*4-90+180)*10",
							"0.8253+math.sin(q.anim_time*90*4-90+90)*10",
							"-205.0121+math.clamp(math.sin(query.anim_time*90*4*1-90)*25.5,-25,0)"
						],
						"0.9167": [
							"10.4392+math.sin(q.anim_time*90*4-90+180)*10",
							"3.8996+math.sin(q.anim_time*90*4-90+90)*10",
							"-203.9619+math.clamp(math.sin(query.anim_time*90*4*1-90)*25.5,-25,0)"
						],
						"1.0": [
							"6.2091+math.sin(q.anim_time*90*4-90+180)*10",
							"15.4796+math.sin(q.anim_time*90*4-90+90)*10",
							"-217.05+math.clamp(math.sin(query.anim_time*90*4*1-90)*25.5,-25,0)"
						],
						"1.4167": [
							"23.3352+math.sin(q.anim_time*90*4-90+180)*10",
							"-0.9272+math.sin(q.anim_time*90*4-90+90)*10",
							"-137.0801+math.clamp(math.sin(query.anim_time*90*4*1-90)*25.5,-25,0)"
						],
						"1.6667": [
							"10+math.sin(q.anim_time*90*4-90+180)*10",
							"0+math.sin(q.anim_time*90*4-90+90)*10",
							"-200+math.clamp(math.sin(query.anim_time*90*4*1-90)*25.5,-25,0)"
						],
						"1.7083": [9.32164, -7.68959, -212.48542],
						"1.7917": [
							"10.9531+math.sin(q.anim_time*90*4-90+180)*10",
							"0.8253+math.sin(q.anim_time*90*4-90+90)*10",
							"-205.0121+math.clamp(math.sin(query.anim_time*90*4*1-90)*25.5,-25,0)"
						],
						"1.9167": [
							"10.4392+math.sin(q.anim_time*90*4-90+180)*10",
							"3.8996+math.sin(q.anim_time*90*4-90+90)*10",
							"-203.9619+math.clamp(math.sin(query.anim_time*90*4*1-90)*25.5,-25,0)"
						],
						"2.0": [
							"6.2091+math.sin(q.anim_time*90*4-90+180)*10",
							"15.4796+math.sin(q.anim_time*90*4-90+90)*10",
							"-217.05+math.clamp(math.sin(query.anim_time*90*4*1-90)*25.5,-25,0)"
						]
					}
				},
				"right_middle_finger2": {
					"rotation": [25, 0, 0]
				},
				"right_outer_finger": {
					"rotation": [50, 50, 0]
				},
				"right_inner_finger": {
					"rotation": [50, -50, 0]
				},
				"left_upper_leg": {
					"rotation": [
						"-40+math.clamp(math.sin(query.anim_time*90*4*1-0+230)*42.5,-42,0)+math.clamp(math.sin(query.anim_time*90*4*1-0+230)*32.5,0,32)",
						"-5+math.sin(q.anim_time*90*4+80+180)*5",
						"-5+math.sin(q.anim_time*90*4+80+180)*5"
					],
					"position": [0, 1.5, 0.5]
				},
				"left_lower_leg": {
					"rotation": ["0+math.clamp(math.sin(query.anim_time*90*4*1+10+230)*22.5,10,22)+math.clamp(math.sin(query.anim_time*90*4*1+280+230)*42.5,10,42)", 0, 0]
				},
				"left_foot": {
					"rotation": ["0+math.sin(q.anim_time*90*4+10+230)*45", "-10+math.sin(q.anim_time*90*4+80+180)*10", 0]
				},
				"left_toes": {
					"rotation": ["0+math.clamp(math.sin(query.anim_time*90*4*1+20+180+230)*50,-45,10)", 0, 0]
				},
				"torso": {
					"rotation": [
						"-15+math.clamp(math.sin(query.anim_time*90*4*1+160)*7.5,-0,7.5)+math.sin(q.anim_time*90*4+0)*15",
						0,
						"0+math.sin(q.anim_time*90*2-90+90)*3"
					],
					"position": {
						"0.0": [0, 1, -0.5],
						"0.7083": [0, 1, -0.5],
						"0.75": [0, -0.25, -0.5],
						"0.7917": [0, -0.5, -0.5],
						"0.8333": [0, -0.25, -0.5],
						"0.875": [0, 0.75, -0.5],
						"0.9167": [0, 1, -0.5],
						"1.0": [0, 1, -0.5],
						"1.7083": [0, 1, -0.5],
						"1.75": [0, -0.25, -0.5],
						"1.7917": [0, -0.5, -0.5],
						"1.8333": [0, -0.25, -0.5],
						"1.875": [0, 0.75, -0.5],
						"1.9167": [0, 1, -0.5]
					}
				},
				"upper_torso": {
					"rotation": ["12.5+math.sin(q.anim_time*90*4+130+180)*5+math.sin(q.anim_time*90*4+20)*7.5", 0, "0+math.sin(q.anim_time*90*2-120+180+90)*5"]
				},
				"left_upper_arm": {
					"rotation": [
						"39.4122+math.sin(q.anim_time*90*4+50+180)*25",
						"3.6767+math.sin(q.anim_time*90*4+70)*7.5+math.sin(q.anim_time*90*4+70+90)*15",
						"26.016+math.sin(q.anim_time*90*4+70+180)*25"
					]
				},
				"left_lower_arm": {
					"rotation": ["0+math.sin(q.anim_time*90*4+20+180)*5", "35+math.sin(q.anim_time*90*4+40+90)*20", "0+math.sin(q.anim_time*90*4+40+180)*17.5"]
				},
				"left_hand": {
					"rotation": [0, "0+math.sin(q.anim_time*90*4+10+90)*7.5", "15+math.sin(q.anim_time*90*4+10+180)*10"]
				},
				"right_upper_arm": {
					"rotation": [
						"39.4122+math.sin(q.anim_time*90*4+50+180)*25",
						"-3.6767+math.sin(q.anim_time*90*4+70+180)*7.5+math.sin(q.anim_time*90*4+70+90+180)*15",
						"-26.016+math.sin(q.anim_time*90*4+70)*25"
					]
				},
				"right_lower_arm": {
					"rotation": ["0+math.sin(q.anim_time*90*4+20+180)*5", "-35+math.sin(q.anim_time*90*4+40+90+180)*20", "0+math.sin(q.anim_time*90*4+40)*17.5"]
				},
				"right_hand": {
					"rotation": [0, "0+math.sin(q.anim_time*90*4+10+90+180)*7.5", "-15+math.sin(q.anim_time*90*4+10)*10"]
				},
				"neck": {
					"rotation": ["7.5+math.sin(q.anim_time*90*4+100+180)*3+math.sin(q.anim_time*90*4+40)*5", 0, "0+math.sin(q.anim_time*90*2-150+180+90)*1"]
				},
				"head": {
					"rotation": ["2.5+math.sin(q.anim_time*90*4+70+180)*7.5", 0, "0+math.sin(q.anim_time*90*2-180+180+90)*3"]
				},
				"left_ear": {
					"rotation": [
						"0+math.sin(q.anim_time*90*4+40+180)*7.5",
						"-5+math.sin(q.anim_time*90*4+40+180)*5",
						"0+math.sin(q.anim_time*90*2-210+180+90)*1+math.clamp(math.sin(query.anim_time*90*4*1-80)*7.5,-0,7.5)"
					]
				},
				"right_ear": {
					"rotation": [
						"0+math.sin(q.anim_time*90*4+40+180)*7.5",
						"5+math.sin(q.anim_time*90*4+40)*5",
						"0+math.sin(q.anim_time*90*2-210+180+90)*1+math.clamp(math.sin(query.anim_time*90*4*1-80+180)*7.5,-7.5,0)"
					]
				},
				"bangs": {
					"rotation": ["-7.5+math.sin(q.anim_time*90*4+180)*15", 0, "0+math.sin(q.anim_time*90*2-210+180+90)*3"]
				},
				"left_hair_tuft": {
					"rotation": [
						"-10+math.sin(q.anim_time*90*4+40+180)*20",
						0,
						"0+math.sin(q.anim_time*90*4+80)*10+math.clamp(math.sin(query.anim_time*90*4*1-80)*30,-0,30)"
					]
				},
				"left_hair_tuft_tip": {
					"rotation": ["-2.5+math.sin(q.anim_time*90*4+10+180)*10", 0, "math.sin(q.anim_time*90*4+40)*5+math.clamp(math.sin(query.anim_time*90*4*1-50)*20,-0,20)"]
				},
				"right_hair_tuft": {
					"rotation": [
						"-10+math.sin(q.anim_time*90*4+30+180)*20",
						0,
						"0+math.sin(q.anim_time*90*4+80+180)*10+math.clamp(math.sin(query.anim_time*90*4*1-80+180)*30,-30,0)"
					]
				},
				"right_hair_tuft_tip": {
					"rotation": [
						"-2.5+math.sin(q.anim_time*90*4+0+180)*10",
						0,
						"math.sin(q.anim_time*90*4+40+180)*5+math.clamp(math.sin(query.anim_time*90*4*1-50+180)*20,-20,0)"
					]
				},
				"left_middle_finger": {
					"rotation": [50, 0, 0]
				},
				"left_middle_finger_tip": {
					"rotation": [50, 0, 0]
				},
				"left_outer_finger2": {
					"rotation": [25, 0, 0]
				},
				"left_outer_finger_tip": {
					"rotation": [50, 0, 0]
				},
				"left_inner_finger2": {
					"rotation": [25, 0, 0]
				},
				"left_inner_finger_tip": {
					"rotation": [50, 0, 0]
				},
				"left_tail_tuft": {
					"rotation": {
						"0.0": [
							"10+math.sin(q.anim_time*90*4-110+180)*15",
							"-10+math.sin(q.anim_time*90*4-110+180+90)*15",
							"200+math.clamp(math.sin(query.anim_time*90*4*1-110+180)*25.5,-0,25)"
						],
						"0.4167": [
							"23.3352+math.sin(q.anim_time*90*4-110+180)*15",
							"0.9272+math.sin(q.anim_time*90*4-110+180+90)*15",
							"137.0801+math.clamp(math.sin(query.anim_time*90*4*1-110+180)*25.5,-0,25)"
						],
						"0.6667": [
							"10+math.sin(q.anim_time*90*4-110+180)*15",
							"-0+math.sin(q.anim_time*90*4-110+180+90)*15",
							"200+math.clamp(math.sin(query.anim_time*90*4*1-110+180)*25.5,-0,25)"
						],
						"0.7917": [
							"12.7133+math.sin(q.anim_time*90*4-110+180)*15",
							"-4.279+math.sin(q.anim_time*90*4-110+180+90)*15",
							"219.727+math.clamp(math.sin(query.anim_time*90*4*1-110+180)*25.5,-0,25)"
						],
						"0.9167": [
							"10.4718+math.sin(q.anim_time*90*4-110+180)*15",
							"-1.5374+math.sin(q.anim_time*90*4-110+180+90)*15",
							"204.7812+math.clamp(math.sin(query.anim_time*90*4*1-110+180)*25.5,-0,25)"
						],
						"1.0": [
							"10+math.sin(q.anim_time*90*4-110+180)*15",
							"-10+math.sin(q.anim_time*90*4-110+180+90)*15",
							"200+math.clamp(math.sin(query.anim_time*90*4*1-110+180)*25.5,-0,25)"
						],
						"1.4167": [
							"23.3352+math.sin(q.anim_time*90*4-110+180)*15",
							"0.9272+math.sin(q.anim_time*90*4-110+180+90)*15",
							"137.0801+math.clamp(math.sin(query.anim_time*90*4*1-110+180)*25.5,-0,25)"
						],
						"1.6667": [
							"10+math.sin(q.anim_time*90*4-110+180)*15",
							"-0+math.sin(q.anim_time*90*4-110+180+90)*15",
							"200+math.clamp(math.sin(query.anim_time*90*4*1-110+180)*25.5,-0,25)"
						],
						"1.7917": [
							"12.7133+math.sin(q.anim_time*90*4-110+180)*15",
							"-4.279+math.sin(q.anim_time*90*4-110+180+90)*15",
							"219.727+math.clamp(math.sin(query.anim_time*90*4*1-110+180)*25.5,-0,25)"
						],
						"1.9167": [
							"10.4718+math.sin(q.anim_time*90*4-110+180)*15",
							"-1.5374+math.sin(q.anim_time*90*4-110+180+90)*15",
							"204.7812+math.clamp(math.sin(query.anim_time*90*4*1-110+180)*25.5,-0,25)"
						],
						"2.0": [
							"10+math.sin(q.anim_time*90*4-110+180)*15",
							"-10+math.sin(q.anim_time*90*4-110+180+90)*15",
							"200+math.clamp(math.sin(query.anim_time*90*4*1-110+180)*25.5,-0,25)"
						]
					}
				},
				"right_middle_finger": {
					"rotation": [50, 0, 0]
				},
				"right_middle_finger_tip": {
					"rotation": [50, 0, 0]
				},
				"right_outer_finger2": {
					"rotation": [25, 0, 0]
				},
				"right_outer_finger_tip": {
					"rotation": [50, 0, 0]
				},
				"right_inner_finger2": {
					"rotation": [25, 0, 0]
				},
				"right_inner_finger_tip": {
					"rotation": [50, 0, 0]
				},
				"right_tail_tuft": {
					"rotation": {
						"0.0": [
							"10+math.sin(q.anim_time*90*4-100+180)*15",
							"10+math.sin(q.anim_time*90*4-100+90)*15",
							"-200+math.clamp(math.sin(query.anim_time*90*4*1-100)*25.5,-25,0)"
						],
						"0.4167": [
							"23.3352+math.sin(q.anim_time*90*4-100+180)*15",
							"-0.9272+math.sin(q.anim_time*90*4-100+90)*15",
							"-137.0801+math.clamp(math.sin(query.anim_time*90*4*1-100)*25.5,-25,0)"
						],
						"0.6667": [
							"10+math.sin(q.anim_time*90*4-100+180)*15",
							"0+math.sin(q.anim_time*90*4-100+90)*15",
							"-200+math.clamp(math.sin(query.anim_time*90*4*1-100)*25.5,-25,0)"
						],
						"0.7917": [
							"11.5466+math.sin(q.anim_time*90*4-100+180)*15",
							"2.0236+math.sin(q.anim_time*90*4-100+90)*15",
							"-209.9146+math.clamp(math.sin(query.anim_time*90*4*1-100)*25.5,-25,0)"
						],
						"0.9167": [
							"10.4718+math.sin(q.anim_time*90*4-100+180)*15",
							"1.5374+math.sin(q.anim_time*90*4-100+90)*15",
							"-204.7812+math.clamp(math.sin(query.anim_time*90*4*1-100)*25.5,-25,0)"
						],
						"1.0": [
							"10+math.sin(q.anim_time*90*4-100+180)*15",
							"10+math.sin(q.anim_time*90*4-100+90)*15",
							"-200+math.clamp(math.sin(query.anim_time*90*4*1-100)*25.5,-25,0)"
						],
						"1.4167": [
							"23.3352+math.sin(q.anim_time*90*4-100+180)*15",
							"-0.9272+math.sin(q.anim_time*90*4-100+90)*15",
							"-137.0801+math.clamp(math.sin(query.anim_time*90*4*1-100)*25.5,-25,0)"
						],
						"1.6667": [
							"10+math.sin(q.anim_time*90*4-100+180)*15",
							"0+math.sin(q.anim_time*90*4-100+90)*15",
							"-200+math.clamp(math.sin(query.anim_time*90*4*1-100)*25.5,-25,0)"
						],
						"1.7917": [
							"11.5466+math.sin(q.anim_time*90*4-100+180)*15",
							"2.0236+math.sin(q.anim_time*90*4-100+90)*15",
							"-209.9146+math.clamp(math.sin(query.anim_time*90*4*1-100)*25.5,-25,0)"
						],
						"1.9167": [
							"10.4718+math.sin(q.anim_time*90*4-100+180)*15",
							"1.5374+math.sin(q.anim_time*90*4-100+90)*15",
							"-204.7812+math.clamp(math.sin(query.anim_time*90*4*1-100)*25.5,-25,0)"
						],
						"2.0": [
							"8.8132+math.sin(q.anim_time*90*4-100+180)*15",
							"12.4766+math.sin(q.anim_time*90*4-100+90)*15",
							"-207.1785+math.clamp(math.sin(query.anim_time*90*4*1-100)*25.5,-25,0)"
						]
					}
				},
				"left_butt_tuft": {
					"rotation": [
						"0+math.sin(q.anim_time*90*4-120+180+90)*5",
						"7.5+math.sin(q.anim_time*90*4-150+180+90+180)*10",
						"0+math.sin(q.anim_time*90*4+140)*5+math.clamp(math.sin(query.anim_time*90*4*1-80)*15,-0,15)"
					]
				},
				"right_butt_tuft": {
					"rotation": [
						"0+math.sin(q.anim_time*90*4-120+180+90)*5",
						"7.5+math.sin(q.anim_time*90*4-150+180+90)*10",
						"0+math.sin(q.anim_time*90*4+140+180)*5+math.clamp(math.sin(query.anim_time*90*4*1-80+180)*15,-15,0)"
					]
				},
				"right_upper_leg": {
					"rotation": [
						"-40+math.clamp(math.sin(query.anim_time*90*4*1-10+230)*42.5,-42,0)+math.clamp(math.sin(query.anim_time*90*4*1-10+230)*32.5,0,32)",
						"5+math.sin(q.anim_time*90*4+70)*5",
						"5+math.sin(q.anim_time*90*4+70)*5"
					],
					"position": [0, 1.5, 0.5]
				},
				"right_lower_leg": {
					"rotation": ["0+math.clamp(math.sin(query.anim_time*90*4*1-0+230)*22.5,10,22)+math.clamp(math.sin(query.anim_time*90*4*1+270+230)*42.5,10,42)", 0, 0]
				},
				"right_foot": {
					"rotation": ["0+math.sin(q.anim_time*90*4-0+230)*45", "10+math.sin(q.anim_time*90*4+70)*10", 0]
				},
				"right_toes": {
					"rotation": ["0+math.clamp(math.sin(query.anim_time*90*4*1+10+180+230)*50,-45,10)", 0, 0]
				},
				"tail_rotation": {
					"rotation": {
						"0.0": [0, 0, "-0.75+math.clamp(math.sin(query.anim_time*90*4*1+160)*4,-0,4)"],
						"0.0833": [0, 0, "-2.5+math.clamp(math.sin(query.anim_time*90*4*1+160)*4,-0,4)"],
						"0.125": [0, 0, -4.8],
						"0.7083": [0, 0, "0.5+math.clamp(math.sin(query.anim_time*90*4*1+160)*4,-0,4)"],
						"0.75": [0, 0, "2.25+math.clamp(math.sin(query.anim_time*90*4*1+160)*4,-0,4)"],
						"0.7917": [0, 0, 5.61],
						"0.875": [0, 0, 2.29],
						"0.9167": [0, 0, "-1.5+math.clamp(math.sin(query.anim_time*90*4*1+160)*4,-0,4)"],
						"1.0": [0, 0, "-0.75+math.clamp(math.sin(query.anim_time*90*4*1+160)*4,-0,4)"],
						"1.0833": [0, 0, "-2.5+math.clamp(math.sin(query.anim_time*90*4*1+160)*4,-0,4)"],
						"1.125": [0, 0, -4.8],
						"1.7083": [0, 0, "0.5+math.clamp(math.sin(query.anim_time*90*4*1+160)*4,-0,4)"],
						"1.75": [0, 0, "2.25+math.clamp(math.sin(query.anim_time*90*4*1+160)*4,-0,4)"],
						"1.7917": [0, 0, 5.61],
						"1.875": [0, 0, 2.29],
						"1.9167": [0, 0, "-1.5+math.clamp(math.sin(query.anim_time*90*4*1+160)*4,-0,4)"],
						"2.0": [0, 0, "-0.75+math.clamp(math.sin(query.anim_time*90*4*1+160)*4,-0,4)"]
					}
				}
			}
		},
		"animation.ambipom.ground_run_test": {
			"loop": true,
			"bones": {
				"body": {
					"rotation": [-15, 0, -180],
					"position": [0, 49, 0]
				},
				"left_upper_leg": {
					"rotation": [-32.32118, -19.81939, -15.63551]
				},
				"left_lower_leg": {
					"rotation": [7.5, 0, 0]
				},
				"left_foot": {
					"rotation": [15.03497, 3.86349, 1.03685]
				},
				"left_toes": {
					"rotation": [-12.5, 0, 0]
				},
				"right_upper_leg": {
					"rotation": [-32.32118, 19.81939, 15.63551]
				},
				"right_lower_leg": {
					"rotation": [7.5, 0, 0]
				},
				"right_foot": {
					"rotation": [15.03497, -3.86349, -1.03685]
				},
				"right_toes": {
					"rotation": [-12.5, 0, 0]
				},
				"torso": {
					"rotation": [60, 0, 0]
				},
				"upper_torso": {
					"rotation": [-10, 0, 0]
				},
				"left_upper_arm": {
					"rotation": [-42.43058, 34.66903, 63.48813],
					"position": [0.5, 0, 1]
				},
				"left_lower_arm": {
					"rotation": [2.09902, 24.4084, 5.48883]
				},
				"left_hand": {
					"rotation": [0, -25, 0]
				},
				"right_upper_arm": {
					"rotation": [-42.43058, -34.66903, -63.48813],
					"position": [-0.5, 0, 1]
				},
				"right_lower_arm": {
					"rotation": [2.09902, -24.4084, -5.48883]
				},
				"right_hand": {
					"rotation": [0, 25, 0]
				},
				"neck": {
					"rotation": [-10, 0, 0]
				},
				"head": {
					"rotation": [-17.5, 0, 0]
				},
				"bangs": {
					"rotation": [-25, 0, 0]
				},
				"left_hair_tuft": {
					"rotation": [-7.47178, 0.65182, -17.54256]
				},
				"left_hair_tuft_tip": {
					"rotation": [0, 0, -15]
				},
				"right_hair_tuft": {
					"rotation": [-7.47178, -0.65182, 17.54256]
				},
				"right_hair_tuft_tip": {
					"rotation": [0, 0, 15]
				},
				"left_butt_tuft": {
					"rotation": [0, 0, -37.5]
				},
				"right_butt_tuft": {
					"rotation": [0, 0, 37.5]
				},
				"tail_rotation": {
					"rotation": [-25, 0, 0]
				},
				"tail_left": {
					"rotation": [5, 32.5, 0]
				},
				"tail_left2": {
					"rotation": [29.04827, 22.6016, 5.40805]
				},
				"tail_left3": {
					"rotation": [5, 22.5, 0]
				},
				"tail_left4": {
					"rotation": [-3.28253, 29.93145, -11.54764]
				},
				"tail_left5": {
					"rotation": [-0.27206, 33.64409, -18.11321]
				},
				"left_middle_finger2": {
					"rotation": [12.5, 0, 0]
				},
				"left_middle_finger_tip": {
					"rotation": [15, 0, 0]
				},
				"left_outer_finger": {
					"rotation": [0, -62.5, 0]
				},
				"left_outer_finger2": {
					"rotation": [10, 0, 0]
				},
				"left_outer_finger_tip": {
					"rotation": [15, 0, 0]
				},
				"left_inner_finger": {
					"rotation": [0, 65, 0]
				},
				"left_inner_finger2": {
					"rotation": [25, 0, 0]
				},
				"left_inner_finger_tip": {
					"rotation": [20, 0, 0]
				},
				"tail_right": {
					"rotation": [12.92538, -22.71981, 2.74897]
				},
				"tail_right2": {
					"rotation": [27.5, 0, 0]
				},
				"tail_right3": {
					"rotation": [22.5, 0, 0]
				},
				"tail_right4": {
					"rotation": [15, 0, 0]
				},
				"tail_right5": {
					"rotation": [5, 0, 0]
				},
				"tail_hand_right": {
					"rotation": [13.59122, 3.44046, -43.39952]
				},
				"right_middle_finger": {
					"rotation": [65, 0, 0],
					"position": [0, 1, -0.5]
				},
				"right_outer_finger": {
					"rotation": [55, 67.5, 0]
				},
				"right_inner_finger": {
					"rotation": [55, -65, 0]
				},
				"right_tail_tuft": {
					"rotation": [13.79627, 3.84579, -55.96038]
				}
			}
		},
		"animation.ambipom.dance": {
			"loop": true,
			"animation_length": 1,
			"bones": {
				"torso": {
					"rotation": ["0+math.sin(q.anim_time*90*8-0)*1", "0+math.sin(q.anim_time*90*4+0)*7.5", "0+math.sin(q.anim_time*90*4+0+180)*5 "],
					"position": {
						"0.0": [0, 0, 0],
						"0.0417": [0.25, 0, 0],
						"0.125": [0.5, 0, 0],
						"0.25": [0.75, -0.25, 0],
						"0.375": [0.5, 0, 0],
						"0.4583": [0.25, 0, 0],
						"0.5": [0, 0, 0],
						"0.5417": [-0.25, 0, 0],
						"0.625": [-0.5, 0, 0],
						"0.75": [-0.75, -0.25, 0],
						"0.875": [-0.5, 0, 0],
						"0.9583": [-0.25, 0, 0],
						"1.0": [0, 0, 0]
					}
				},
				"upper_torso": {
					"rotation": ["-2.5+math.sin(q.anim_time*90*8-25)*2.5", "0+math.sin(q.anim_time*90*4+155)*3", "0+math.sin(q.anim_time*90*4-25)*2.5 "]
				},
				"left_upper_arm": {
					"rotation": ["90+math.sin(q.anim_time*90*8-50+180)*2.5", 0, "35+math.sin(q.anim_time*90*4-25+180)*5"],
					"position": [0, 0, -0.75]
				},
				"left_lower_arm": {
					"rotation": [0, "85+math.sin(q.anim_time*90*4-50)*5", 0]
				},
				"left_hand": {
					"rotation": [0, "-50+math.sin(q.anim_time*90*4-75)*2.5", 0]
				},
				"right_upper_arm": {
					"rotation": ["90+math.sin(q.anim_time*90*8-50+180)*2.5", 0, "-35+math.sin(q.anim_time*90*4-25+180)*5"],
					"position": [0, 0, -0.75]
				},
				"right_lower_arm": {
					"rotation": [0, "-85+math.sin(q.anim_time*90*4-50)*5", 0]
				},
				"right_hand": {
					"rotation": [0, "50+math.sin(q.anim_time*90*4-75)*2.5", 0]
				},
				"neck": {
					"rotation": ["5+math.sin(q.anim_time*90*8-50)*1", 0, "0+math.sin(q.anim_time*90*4-50+180)*3 "]
				},
				"head": {
					"rotation": ["10+math.sin(q.anim_time*90*8-75)*2", 0, "0+math.sin(q.anim_time*90*4-75+180)*1.5 "]
				},
				"left_ear": {
					"rotation": ["0+math.sin(q.anim_time*90*8-100)*3", 0, "0+math.sin(q.anim_time*90*4-100+180)*3"]
				},
				"right_ear": {
					"rotation": ["0+math.sin(q.anim_time*90*8-100)*3", 0, "0+math.sin(q.anim_time*90*4-100+180)*3"]
				},
				"left_eye": {
					"position": [0, -0.5, 0]
				},
				"right_eye": {
					"position": [0, -0.5, 0]
				},
				"bangs": {
					"rotation": ["0+math.sin(q.anim_time*90*8-105)*5", 0, 0]
				},
				"tail_left": {
					"rotation": ["33.7904+math.sin(q.anim_time*90*4+0+180)*7.5", "9.2538+math.sin(q.anim_time*90*8-25)*1", "83.3383+math.sin(q.anim_time*90*4-25)*2"]
				},
				"tail_left2": {
					"rotation": [35.4907, "-4.8603+math.sin(q.anim_time*90*8-50)*2", "-11.5241+math.sin(q.anim_time*90*4-50)*1"]
				},
				"tail_left3": {
					"rotation": [28.94844, "-10.9732+math.sin(q.anim_time*90*8-75)*1", "1.8511+math.sin(q.anim_time*90*4-75)*1"]
				},
				"tail_left4": {
					"rotation": [36.12335, -10.22923, 8.05036]
				},
				"tail_left5": {
					"rotation": [26.77361, -7.38321, "4.0026+math.sin(q.anim_time*90*4-10)*1"]
				},
				"tail_hand_left": {
					"rotation": ["61.6574+math.sin(q.anim_time*90*8-125)*1", -21.79972, "20.2121+math.sin(q.anim_time*90*4-125+180)*3"]
				},
				"left_middle_finger": {
					"rotation": [52.5, 0, 0]
				},
				"left_middle_finger2": {
					"rotation": [45, 0, 0]
				},
				"left_middle_finger_tip": {
					"rotation": [45, 0, 0]
				},
				"left_outer_finger": {
					"rotation": [54.97028, -57.0405, 4.72702]
				},
				"left_outer_finger2": {
					"rotation": [45, 0, 0]
				},
				"left_outer_finger_tip": {
					"rotation": [45, 0, 0]
				},
				"left_inner_finger": {
					"rotation": [47.23018, 56.53214, "-4.2367+math.sin(q.anim_time*90*4-150)*1.5"]
				},
				"left_tail_tuft": {
					"rotation": ["61.6574+math.sin(q.anim_time*90*8-125)*1", -21.79972, "20.2121+math.sin(q.anim_time*90*4-75 +180)*3"],
					"position": [0, -0.25, 0]
				},
				"tail_right": {
					"rotation": ["33.7904+math.sin(q.anim_time*90*4+0)*7.5", "-9.2538+math.sin(q.anim_time*90*8-25)*1", "-83.3383+math.sin(q.anim_time*90*4-25)*2"]
				},
				"tail_right2": {
					"rotation": [35.4907, "4.8603+math.sin(q.anim_time*90*8-50)*2", "11.5241+math.sin(q.anim_time*90*4-50)*1"]
				},
				"tail_right3": {
					"rotation": [28.95, "10.9732+math.sin(q.anim_time*90*8-75)*1", "-1.8511+math.sin(q.anim_time*90*4-75)*1"]
				},
				"tail_right4": {
					"rotation": [36.12, 10.23, -8.05]
				},
				"tail_right5": {
					"rotation": [26.77, 7.38, "-4.0026+math.sin(q.anim_time*90*4-10)*1"]
				},
				"tail_hand_right": {
					"rotation": ["61.6574+math.sin(q.anim_time*90*8-125)*1", 21.8, "-20.2121+math.sin(q.anim_time*90*4-125+180)*3"]
				},
				"right_middle_finger": {
					"rotation": [52.5, 0, 0]
				},
				"right_middle_finger2": {
					"rotation": [45, 0, 0]
				},
				"right_middle_finger_tip": {
					"rotation": [45, 0, 0]
				},
				"right_outer_finger": {
					"rotation": [54.97, 57.04, -4.73]
				},
				"right_outer_finger2": {
					"rotation": [45, 0, 0]
				},
				"right_outer_finger_tip": {
					"rotation": [45, 0, 0]
				},
				"right_inner_finger": {
					"rotation": [47.23018, -56.53214, "4.2367+math.sin(q.anim_time*90*4-150)*1.5"]
				},
				"right_tail_tuft": {
					"rotation": ["61.6574+math.sin(q.anim_time*90*8-125)*1", 21.8, "-20.2121+math.sin(q.anim_time*90*4-75 +180)*3"],
					"position": [0, -0.25, 0]
				},
				"left_butt_tuft": {
					"rotation": [0, 0, "0+math.sin(q.anim_time*90*8-25)*3"]
				},
				"right_butt_tuft": {
					"rotation": [0, 0, "0+math.sin(q.anim_time*90*8-25+180)*3"]
				},
				"left_upper_leg": {
					"rotation": {
						"0.0": [0, 0, 0],
						"0.0417": [-5, -3, 0],
						"0.2083": [-25.5, -28, 0],
						"0.25": [-27.5, -30, 0],
						"0.2917": [-25.5, -28, 0],
						"0.4583": [-5, -3, 0],
						"0.5": [0, 0, 0],
						"0.5417": [4, 0, 2],
						"0.625": [8.75, 0, 13.75],
						"0.7083": [11.75, 0, 25.75],
						"0.75": [12.5, 0, 27.5],
						"0.7917": [11.75, 0, 25.75],
						"0.875": [8.75, 0, 13.75],
						"0.9583": [4, 0, 2],
						"1.0": [0, 0, 0]
					},
					"position": {
						"0.0": [0, 0, 0],
						"0.25": [1, 0, 0],
						"0.5": [0, 0, 0],
						"0.75": [-0.5, 0, 0],
						"1.0": [0, 0, 0]
					}
				},
				"left_lower_leg": {
					"rotation": {
						"0.0": [0, 0, 0],
						"0.0417": [3, 0, 0],
						"0.2083": [34.5, 0, 0],
						"0.25": [37.5, 0, 0],
						"0.2917": [34.5, 0, 0],
						"0.4583": [3, 0, 0],
						"0.5": [0, 0, 0],
						"0.5417": [4, -0.25, 2],
						"0.5833": [24.492, -1.2074, 8.5993],
						"0.625": [28.492, -1.7074, 9.8493],
						"0.6667": [25.492, -1.9574, 11.0993],
						"0.7083": [13.98401, -3.16475, 17.69863],
						"0.75": [11.98401, -3.41475, 19.69863],
						"0.7917": [13.98401, -3.16475, 17.69863],
						"0.8333": [25.492, -1.9574, 11.0993],
						"0.875": [28.492, -1.7074, 9.8493],
						"0.9167": [24.492, -1.2074, 8.5993],
						"0.9583": [4, -0.25, 1.75],
						"1.0": [0, 0, 0]
					}
				},
				"left_foot": {
					"rotation": {
						"0.0": [0, 0, 0],
						"0.0417": [-7, -4, 3],
						"0.0833": [-33.99615, -15.4163, 4.5681],
						"0.125": [-39.99615, -22.4163, 5.3181],
						"0.1667": [-33.99615, -27.4163, 7.3181],
						"0.2083": [-22.49229, -39.8326, 9.8862],
						"0.25": [-17.49229, -44.8326, 10.6362],
						"0.2917": [-22.49229, -39.8326, 9.8862],
						"0.3333": [-33.99615, -27.4163, 7.3181],
						"0.375": [-39.99615, -22.4163, 5.3181],
						"0.4167": [-33.99615, -15.4163, 4.5681],
						"0.4583": [-7, -4, 3],
						"0.5": [0, 0, 0],
						"0.5417": [-4.25, -3, -3],
						"0.5833": [-13.8652, -17.0893, -10.4292],
						"0.625": [-16.3652, -21.0893, -14.4292],
						"0.6667": [-10.3652, -28.0893, -18.4292],
						"0.7083": [25.2696, -38.17856, -25.85833],
						"0.75": [32.2696, -42.17856, -28.85833],
						"0.7917": [25.2696, -38.17856, -25.85833],
						"0.8333": [-10.3652, -28.0893, -18.4292],
						"0.875": [-16.3652, -21.0893, -14.4292],
						"0.9167": [-13.8652, -17.0893, -10.4292],
						"0.9583": [-4.25, -3, -3],
						"1.0": [0, 0, 0]
					}
				},
				"left_toes": {
					"rotation": {
						"0.0": [0, 0, 0],
						"0.5": [0, 0, 0],
						"0.5417": [-4, 0, 0],
						"0.625": [-18.75, 0, 0],
						"0.7083": [-57.5, 0, 0],
						"0.75": [-62.5, 0, 0],
						"0.7917": [-57.5, 0, 0],
						"0.875": [-17.75, 0, 0],
						"0.9583": [-4, 0, 0],
						"1.0": [0, 0, 0]
					}
				},
				"right_upper_leg": {
					"rotation": {
						"0.0": [0, 0, 0],
						"0.0417": [4, 0, -2],
						"0.125": [8.75, 0, -13.75],
						"0.2083": [11.75, 0, -25.75],
						"0.25": [12.5, 0, -27.5],
						"0.2917": [11.75, 0, -25.75],
						"0.375": [8.75, 0, -13.75],
						"0.4583": [4, 0, -2],
						"0.5": [0, 0, 0],
						"0.5417": [-5, 3, 0],
						"0.7083": [-25.5, 28, 0],
						"0.75": [-27.5, 30, 0],
						"0.7917": [-25.5, 28, 0],
						"0.9583": [-5, 3, 0],
						"1.0": [0, 0, 0]
					},
					"position": {
						"0.0": [0, 0, 0],
						"0.25": [0.5, 0, 0],
						"0.5": [0, 0, 0],
						"0.75": [-1, 0, 0],
						"1.0": [0, 0, 0]
					}
				},
				"right_lower_leg": {
					"rotation": {
						"0.0": [0, 0, 0],
						"0.0417": [4, 0.25, -2],
						"0.0833": [24.492, 1.2074, -8.5993],
						"0.125": [28.492, 1.7074, -9.8493],
						"0.1667": [25.492, 1.9574, -11.0993],
						"0.2083": [13.98401, 3.16475, -17.69863],
						"0.25": [11.98401, 3.41475, -19.69863],
						"0.2917": [13.98401, 3.16475, -17.69863],
						"0.3333": [25.492, 1.9574, -11.0993],
						"0.375": [28.492, 1.7074, -9.8493],
						"0.4167": [24.492, 1.2074, -8.5993],
						"0.4583": [4, 0.25, -1.75],
						"0.5": [0, 0, 0],
						"0.5417": [3, 0, 0],
						"0.7083": [34.5, 0, 0],
						"0.75": [37.5, 0, 0],
						"0.7917": [34.5, 0, 0],
						"0.9583": [3, 0, 0],
						"1.0": [0, 0, 0]
					}
				},
				"right_foot": {
					"rotation": {
						"0.0": [0, 0, 0],
						"0.0417": [-4.25, 3, 3],
						"0.0833": [-13.8652, 17.0893, 10.4292],
						"0.125": [-16.3652, 21.0893, 14.4292],
						"0.1667": [-10.3652, 28.0893, 18.4292],
						"0.2083": [25.2696, 38.17856, 25.85833],
						"0.25": [32.2696, 42.17856, 28.85833],
						"0.2917": [25.2696, 38.17856, 25.85833],
						"0.3333": [-10.3652, 28.0893, 18.4292],
						"0.375": [-16.3652, 21.0893, 14.4292],
						"0.4167": [-13.8652, 17.0893, 10.4292],
						"0.4583": [-4.25, 3, 3],
						"0.5": [0, 0, 0],
						"0.5417": [-7, 4, -3],
						"0.5833": [-33.99615, 15.4163, -4.5681],
						"0.625": [-39.99615, 22.4163, -5.3181],
						"0.6667": [-33.99615, 27.4163, -7.3181],
						"0.7083": [-22.49229, 39.8326, -9.8862],
						"0.75": [-17.49229, 44.8326, -10.6362],
						"0.7917": [-22.49229, 39.8326, -9.8862],
						"0.8333": [-33.99615, 27.4163, -7.3181],
						"0.875": [-39.99615, 22.4163, -5.3181],
						"0.9167": [-33.99615, 15.4163, -4.5681],
						"0.9583": [-7, 4, -3],
						"1.0": [0, 0, 0]
					}
				},
				"right_toes": {
					"rotation": {
						"0.0": [0, 0, 0],
						"0.0417": [-4, 0, 0],
						"0.125": [-18.75, 0, 0],
						"0.2083": [-57.5, 0, 0],
						"0.25": [-62.5, 0, 0],
						"0.2917": [-57.5, 0, 0],
						"0.375": [-17.75, 0, 0],
						"0.4583": [-4, 0, 0],
						"0.5": [0, 0, 0],
						"1.0": [0, 0, 0]
					}
				},
				"body": {
					"position": {
						"0.0": [0, 0, 0],
						"0.0417": [-0.25, -0.25, 0.25],
						"0.125": [-0.75, -1, 0.75],
						"0.25": [-1, -1.25, 1],
						"0.375": [-0.75, -1, 0.75],
						"0.4583": [-0.25, -0.25, 0.25],
						"0.5": [0, 0, 0],
						"0.5417": [0.25, -0.25, 0.25],
						"0.625": [0.75, -1, 0.75],
						"0.75": [1, -1.25, 1],
						"0.875": [0.75, -1, 0.75],
						"0.9583": [0.25, -0.25, 0.25],
						"1.0": [0, 0, 0]
					}
				},
				"left_hair_tuft": {
					"rotation": ["0+math.sin(q.anim_time*90*8-110)*5", 0, "0+math.sin(q.anim_time*90*4-100+180)*3"]
				},
				"left_hair_tuft_tip": {
					"rotation": ["0+math.sin(q.anim_time*90*8-135)*2.5", 0, "0+math.sin(q.anim_time*90*4-125+180)*5"]
				},
				"right_hair_tuft": {
					"rotation": ["0+math.sin(q.anim_time*90*8-100)*5", 0, "0+math.sin(q.anim_time*90*4-110+180)*3"]
				},
				"right_hair_tuft_tip": {
					"rotation": ["0+math.sin(q.anim_time*90*8-125)*2.5", 0, "0+math.sin(q.anim_time*90*4-135+180)*5"]
				}
			}
		},
		"animation.ambipom.expressions": {
			"animation_length": 1.75,
			"bones": {
				"left_eye": {
					"position": {
						"0.4583": [0, 0, 0],
						"0.5": [0, 0, 0.1],
						"0.9583": [0, 0, 0.1],
						"1.0": [0, 0, 0]
					}
				},
				"right_eye": {
					"position": {
						"0.4583": [0, 0, 0],
						"0.5": [0, 0, 0.1],
						"0.9583": [0, 0, 0.1],
						"1.0": [0, 0, 0]
					}
				},
				"closed_happy": {
					"position": {
						"0.4583": [0, 0, 0],
						"0.5": [0, 0, -0.1],
						"0.7083": [0, 0, -0.1],
						"0.75": [0, 0, 0]
					}
				},
				"closed_exhausted": {
					"position": {
						"0.7083": [0, 0, 0],
						"0.75": [0, 0, -0.1],
						"0.9583": [0, 0, -0.1],
						"1.0": [0, 0, 0]
					}
				},
				"grin": {
					"position": {
						"0.2083": [0, 0, 0],
						"0.25": [0, 0, 0.1],
						"1.7083": [0, 0, 0.1],
						"1.75": [0, 0, 0]
					}
				},
				"frown": {
					"position": {
						"0.2083": [0, 0, 0],
						"0.25": [0, 0, -0.1],
						"0.4583": [0, 0, -0.1],
						"0.5": [0, 0, 0],
						"0.7083": [0, 0, 0]
					}
				},
				"closed_grin": {
					"position": {
						"0.4583": [0, 0, 0],
						"0.5": [0, 0, -0.1],
						"0.7083": [0, 0, -0.1],
						"0.75": [0, 0, 0]
					}
				},
				"closed_frown": {
					"position": {
						"0.7083": [0, 0, 0],
						"0.75": [0, 0, -0.1],
						"0.9583": [0, 0, -0.1],
						"1.0": [0, 0, 0]
					}
				},
				"open_grin": {
					"position": {
						"0.9583": [0, 0, 0],
						"1.0": [0, 0, -0.1],
						"1.2083": [0, 0, -0.1],
						"1.25": [0, 0, 0]
					}
				},
				"open_frown": {
					"position": {
						"1.2083": [0, 0, 0],
						"1.25": [0, 0, -0.1],
						"1.4583": [0, 0, -0.1],
						"1.5": [0, 0, 0]
					}
				},
				"o_mouth": {
					"position": {
						"1.4583": [0, 0, 0],
						"1.5": [0, 0, -0.1],
						"1.7083": [0, 0, -0.1],
						"1.75": [0, 0, 0]
					}
				}
			}
		}
	}
}