{
	"format_version": "1.8.0",
	"animations": {
		"animation.bidoof.ground_walk": {
			"loop": true,
			"bones": {
				"torso": {
					"rotation": ["0.7*math.sin(q.anim_time*90*8+90)", "-0.8*math.sin(q.anim_time*90*4)", 0],
					"position": [0, "0.2*math.sin(q.anim_time*90*8+50)", 0]
				},
				"head": {
					"rotation": ["0.3*math.sin(q.anim_time*90*8+90)", 0, 0],
					"position": [0, "0.1*math.sin(q.anim_time*90*8-90)", 0]
				},
				"tufts": {
					"rotation": ["1.5+0.7*math.sin(q.anim_time*90*8+45)", 0, 0]
				},
				"ear_right": {
					"rotation": ["-2.5+math.sin(q.anim_time*90*8+45)", 0, "0-math.sin(q.anim_time*90*8+45)"]
				},
				"ear_left": {
					"rotation": ["-2.5+math.sin(q.anim_time*90*8+45)", 0, "0+math.sin(q.anim_time*90*8+45)"]
				},
				"tail": {
					"rotation": ["-2.5+1.5*math.sin(q.anim_time*90*8-45)", 0, 0]
				},
				"leg_front_right": {
					"rotation": ["-20*math.sin(q.anim_time*90*4)", 0, 0],
					"position": [0, "math.clamp(-math.sin(q.anim_time*90*4-110),0,5)", 0]
				},
				"leg_front_left": {
					"rotation": ["20*math.sin(q.anim_time*90*4)", 0, 0],
					"position": [0, "math.clamp(math.sin(q.anim_time*90*4-110),0,5)", 0]
				},
				"leg_back_right": {
					"rotation": ["20*math.sin(q.anim_time*90*4)", 0, 0],
					"position": [0, "math.clamp(math.sin(q.anim_time*90*4-110),0,5)", -0.5]
				},
				"leg_back_left": {
					"rotation": ["-20*math.sin(q.anim_time*90*4)", 0, 0],
					"position": [0, "math.clamp(-math.sin(q.anim_time*90*4-110),0,5)", -0.5]
				},
				"foot_front_right": {
					"rotation": ["15*math.clamp(math.sin(q.anim_time*90*4+70),0,1)", 0, 0]
				},
				"foot_front_left": {
					"rotation": ["15*math.clamp(math.sin(q.anim_time*90*4-110),0,1)", 0, 0]
				},
				"foot_back_right": {
					"rotation": ["15*math.clamp(math.sin(q.anim_time*90*4-110),0,1)", 0, 0]
				},
				"foot_back_left": {
					"rotation": ["15*math.clamp(math.sin(q.anim_time*90*4+70),0,1)", 0, 0]
				}
			}
		},
		"animation.bidoof.ground_idle": {
			"loop": true,
			"bones": {
				"torso": {
					"rotation": ["math.sin(q.anim_time*90*2+90)", 0, 0],
					"position": [0, "0.25*math.sin(q.anim_time*90*2)", 0]
				},
				"head": {
					"rotation": ["math.sin(q.anim_time*90*2)", 0, 0],
					"position": [0, "0.1*math.sin(q.anim_time*90*2-90)", 0]
				},
				"tufts": {
					"rotation": ["0.5*math.sin(q.anim_time*90*2+45)", 0, 0]
				},
				"ear_right": {
					"rotation": [0, 0, "-math.sin(q.anim_time*90*2+45)"]
				},
				"ear_left": {
					"rotation": [0, 0, "math.sin(q.anim_time*90*2+45)"]
				},
				"tail": {
					"rotation": ["3*math.sin(q.anim_time*90*2-45)", 0, 0]
				}
			}
		},
		"animation.bidoof.blink": {
			"animation_length": 0.1667,
			"bones": {
				"eyelid_right": {
					"position": {
						"0.0": [0, 0, -0.1],
						"0.125": [0, 0, -0.1],
						"0.1667": [0, 0, 0]
					}
				},
				"eyelid_left": {
					"position": {
						"0.0": [0, 0, -0.1],
						"0.125": [0, 0, -0.1],
						"0.1667": [0, 0, 0]
					}
				}
			}
		},
		"animation.bidoof.faint": {
			"loop": true,
			"animation_length": 3,
			"bones": {
				"body": {
					"rotation": {
						"0.0417": [0, 0, 0],
						"0.2083": [0, 0, 0],
						"0.4583": [0, 0, 0],
						"0.625": [0, 0, -1.72],
						"0.7917": [0, 0, -5.15],
						"0.875": [0, 0, -28.12],
						"0.9583": [0, 0, -43.12],
						"1.0417": [0, 0, -90],
						"1.2083": [0, 0, -90],
						"1.375": [0, 0, -90]
					},
					"position": {
						"0.0": [0, 0, 0],
						"0.0417": [0, 0, 1.5],
						"0.0833": [0, 0, 2],
						"0.2083": [0, 0, 2],
						"0.4583": [0, 0, 2],
						"0.625": [-0.06, 0.16, 2],
						"0.7917": [-0.19, 0.47, 2],
						"0.875": [-0.75, 1.87, 2],
						"0.9583": [-2.75, 3.25, 2],
						"1.0417": [-5, 5.5, 2],
						"1.125": [-5.63, 6.625, 2],
						"1.2083": [-6, 6, 2],
						"1.375": [-6.25, 6, 2]
					}
				},
				"torso": {
					"rotation": {
						"0.0417": [7.5, 0, 0],
						"0.0833": [-4, -7.5, 0],
						"0.2083": [-50, 0, 0],
						"0.3333": [-53.75, 0, -1],
						"0.4167": [-55, 0, -2.5],
						"0.5417": [-55, 0, -1.5],
						"0.625": [-53.81, -1.2, 1.44],
						"0.7083": [-53.01, -2.54, 3.07],
						"0.7917": [-50.61, -6.58, 7.98],
						"0.875": [-53.22355, -16.45314, 20.77301],
						"0.9583": [-51.66, -10.68, 13.2],
						"1.0417": [-49.32185, -9.54385, -8.11019],
						"1.0833": [-49.75742, 5.73853, 4.83711],
						"1.125": [-50.0029, 4.47908, 0.50265],
						"1.1667": [-50.0043, -0.64277, 0.76608],
						"1.2083": [-50, 0, 0]
					},
					"position": {
						"0.0417": [0, 0, 0],
						"0.25": [0, 7, -3.25]
					}
				},
				"head": {
					"rotation": {
						"0.0": [0, 0, 0],
						"0.0833": [24.76799, 0.91351, -3.10635],
						"0.2083": [0, 0, 0],
						"0.3333": [-12.49791, -0.14709, -0.16052],
						"0.4167": [-5.36, -0.06, -0.07],
						"0.625": [0, 0, 0],
						"0.7083": [-1.24416, -3.81662, 0.24841],
						"0.7917": [-2.49083, -5.13206, 0.497],
						"0.9583": [-2.54234, -12.62485, 0.83007],
						"1.0417": [-2.79986, -27.60878, 1.5724],
						"1.0833": [-2.63755, 19.84371, -0.62184],
						"1.2083": [-2.52013, -10.12729, 0.71745],
						"1.2917": [-2.4828, 2.35818, 0.17428],
						"1.375": [-2.4779, -0.13766, 0.27814],
						"1.5417": [-2.4792, 1.86047, 0.19165]
					},
					"position": {
						"0.0": [0, 0, 0],
						"0.625": [0, 0, 0],
						"0.7917": [0, 0, 0],
						"1.0417": [2, 0, 0],
						"1.0833": [-1, 0, 0],
						"1.2083": [0.2, 0, 0]
					}
				},
				"eyelid_right": {
					"position": {
						"0.0": [0, 0, -0.1],
						"0.1667": [0, 0, -0.1],
						"0.2083": [0, 0, 0],
						"0.75": [0, 0, 0],
						"0.7917": [0, 0, -0.1]
					}
				},
				"eyelid_left": {
					"position": {
						"0.0": [0, 0, -0.1],
						"0.1667": [0, 0, -0.1],
						"0.2083": [0, 0, 0],
						"0.375": [0, 0, 0],
						"0.4167": [0, 0, -0.1]
					}
				},
				"leg_front_right": {
					"rotation": {
						"0.0": [3.05178, -2.93142, -9.14115],
						"0.0417": [-25, 0, 0],
						"0.2083": [-87.5, 0, 0],
						"0.3333": [-5, 0, 0],
						"0.4583": [-111.44278, -2.19033, -4.78431],
						"0.5417": [-86.49, -2.2, -5.85],
						"0.6667": [-24.17554, -2.22362, -10.13351],
						"0.7917": [-41.87109, -1.13117, -17.65212],
						"0.875": [-75.0064, -18.28625, -9.38382],
						"0.9583": [-77.08858, -17.23771, -15.6681],
						"1.0417": [-45.95539, -28.87909, -25.03818],
						"1.0833": [-51.53653, -11.84911, -9.26433],
						"1.125": [-54.00367, 11.07557, 13.09866],
						"1.1667": [-57.22528, -1.71763, 0.56104],
						"1.2083": [-62.31634, -3.32907, -1.7442],
						"1.2917": [-61.47712, 2.19688, 1.19348],
						"1.375": [-63.99914, 0.4494, 0.21919],
						"1.5": [-64.9791, 2.26564, 1.0571]
					},
					"position": {
						"0.0": [0, 0, 0],
						"0.0417": [0, 0, 0],
						"0.2083": [0, 6, 1],
						"0.3333": [0, 6, 1],
						"0.375": [0, 6, 1.75],
						"0.4583": [0, 6, 1],
						"0.5": [0, 6, 0.25],
						"0.5417": [0, 6, 0.13],
						"0.5833": [0, 5.5, 1],
						"0.7917": [0.33, 6, 1],
						"0.875": [3.5, 6.5, 1],
						"1.0417": [0, 6, 1]
					}
				},
				"leg_front_left": {
					"rotation": {
						"0.0": [0, 0, 0],
						"0.0417": [-25, 0, 0],
						"0.2083": [15, 0, 0],
						"0.3333": [-74.81, 0, 0],
						"0.4583": [-9.64, 0, 0],
						"0.5417": [-53.09, 0, 0],
						"0.625": [-79.31, -4.97, 0.69],
						"0.7917": [-43.725, -30.91, 2.19],
						"0.875": [-31.04504, -44.58286, 16.23004],
						"1.0417": [-21.99054, -12.19908, -27.62113],
						"1.0833": [-20.90625, 14.02754, 32.40047],
						"1.1667": [-25.00435, -0.00094, 0.00169],
						"1.25": [-24.56, 2.77, 6.09],
						"1.3333": [-23.66235, 8.31087, 18.25612],
						"1.375": [-23.91657, 7.50405, 16.4085],
						"1.4167": [-24.037, 7.0936, 15.48884],
						"1.5833": [-23.91657, 7.50405, 16.4085]
					},
					"position": {
						"0.0": [0, 0, 0],
						"0.0417": [0, 0, 0],
						"0.125": [0, 2.4, 0.4],
						"0.2083": [0, 6.5, 1],
						"0.3333": [0, 6, 0],
						"0.4583": [0, 5.5, 0.75],
						"0.5833": [0, 6, 1.75],
						"0.7917": [1, 5.63, 1.25],
						"0.875": [4, 6, 2],
						"1.0417": [0, 6, 1]
					}
				},
				"leg_back_right": {
					"rotation": {
						"0.0": [0, 0, 0],
						"0.0417": [-12.5, 0, 0],
						"0.0833": [-4.17, 0, 0],
						"0.2083": [0, 0, 0],
						"0.4583": [0, 0, 5],
						"0.625": [0, 0, 0],
						"0.7917": [0, 0, -7.5],
						"1.0417": [0, 0, -16.07],
						"1.0833": [0, 0, 7.5],
						"1.1667": [0, 0, -7.5],
						"1.25": [0, 0, 5],
						"1.2917": [0, 0, 3],
						"1.4583": [0, 0, 5]
					},
					"position": {
						"0.2083": [0, 0, 0],
						"0.4583": [0.5, 0, 0],
						"0.625": [0, 0, 0],
						"0.7917": [-1, 0, 0],
						"1.0417": [0.36, -1, 0],
						"1.0833": [0, 0, 0],
						"1.1667": [0, 0, 0]
					}
				},
				"leg_back_left": {
					"rotation": {
						"0.0": [0, 0, 0],
						"0.0417": [-12.5, 0, 0],
						"0.0833": [-4.17, 0, 0],
						"0.2083": [0, 0, 0],
						"0.4583": [0, 0, 5],
						"0.625": [0, 0, 0],
						"0.7917": [0, 0, -5],
						"1.0833": [0, 0, -35],
						"1.125": [0, 0, 27.5],
						"1.2083": [-12.5, 0, 2.5],
						"1.2917": [-13.69, 0.75, 6.14],
						"1.375": [-17.25002, 2.99318, 17.04589],
						"1.4167": [-17.33988, 2.39695, 15.13626],
						"1.5833": [-17.25, 2.99, 17.05]
					},
					"position": {
						"0.2083": [0, 0, 0],
						"0.4583": [0.5, 0, 0],
						"0.625": [0, 0, 0],
						"0.7917": [-1, 0, 0],
						"1.0833": [0, 0, 0],
						"1.375": [0.7, -1.25, 0]
					}
				}
			}
		},
		"animation.bidoof.water_float": {
			"loop": true,
			"bones": {
				"torso": {
					"rotation": [-7.5, 0, 0],
					"position": [0, "0.075*math.sin(q.anim_time*90*8)", 0]
				},
				"head": {
					"rotation": [7.5, 0, 0]
				},
				"leg_front_right": {
					"rotation": ["-5+10*math.sin(q.anim_time*90*5-180)", 0, 0],
					"position": [0, "0.4*math.sin(q.anim_time*90*5-270)", "0.2*math.sin(q.anim_time*90*5-180)"]
				},
				"foot_front_right": {
					"rotation": ["10*math.clamp(math.sin(q.anim_time*90*4-180),0,1)", 0, 0]
				},
				"leg_front_left": {
					"rotation": ["-5+10*math.sin(q.anim_time*90*5)", 0, 0],
					"position": [0, "0.4*math.sin(q.anim_time*90*5-90)", "0.2*math.sin(q.anim_time*90*5)"]
				},
				"foot_front_left": {
					"rotation": ["10*math.clamp(math.sin(q.anim_time*90*4),0,1)", 0, 0]
				},
				"leg_back_right": {
					"rotation": ["10+10*math.sin(q.anim_time*90*5)", 0, 0],
					"position": [0, "0.4*math.sin(q.anim_time*90*5-90)", "0.2*math.sin(q.anim_time*90*5)"]
				},
				"foot_back_right": {
					"rotation": ["10*math.clamp(math.sin(q.anim_time*90*4),0,1)", 0, 0]
				},
				"leg_back_left": {
					"rotation": ["10+10*math.sin(q.anim_time*90*5-180)", 0, 0],
					"position": [0, "0.4*math.sin(q.anim_time*90*5-270)", "0.2*math.sin(q.anim_time*90*5-180)"]
				},
				"foot_back_left": {
					"rotation": ["10*math.clamp(math.sin(q.anim_time*90*4-180),0,1)", 0, 0]
				},
				"body": {
					"position": [0, 3, 0]
				}
			}
		},
		"animation.bidoof.sleep": {
			"animation_length": 6.70833,
			"bones": {
				"body": {
					"rotation": [0, 30, 0]
				},
				"torso": {
					"rotation": ["0+0.7*math.sin(q.anim_time*90*0.7)", 0, 2.5],
					"position": [0, -2.5, 0]
				},
				"head": {
					"rotation": {
						"0.0": ["-15.884 + 0.5*math.sin(q.anim_time*90*0.7-90)", -22.57173, 12.57663],
						"6.7083": ["-14.8663 + 0.5*math.sin(q.anim_time*90*0.7-90)", -23.24417, 9.96254]
					},
					"position": [0, 1, -1]
				},
				"eyelid_right": {
					"position": [0, 0, -0.1]
				},
				"eyelid_left": {
					"position": [0, 0, -0.1]
				},
				"leg_front_right": {
					"rotation": {
						"0.0": [-84.61027, -22.42932, -1.62473],
						"6.7083": [-89.61027, -22.42932, -1.62473]
					},
					"position": {
						"0.0": [0, -3.5, -2],
						"6.7083": [0, -4, -2]
					}
				},
				"leg_front_left": {
					"rotation": {
						"0.0": [-82.39343, -9.89239, -1.64332],
						"6.7083": [-84.89343, -9.89239, -1.64332]
					},
					"position": {
						"0.0": [0, -3.5, 0],
						"6.7083": [0, -3.75, 0]
					}
				},
				"leg_back_right": {
					"rotation": [72.5, -17.5, 0],
					"position": [0, -2.75, 0]
				},
				"leg_back_left": {
					"rotation": [65, 47.5, 0],
					"position": [0, -2, 0]
				}
			}
		}
	},
	"geckolib_format_version": 2
}