{
	"format_version": "1.8.0",
	"animations": {
		"animation.ninjask.ground_idle": {
			"loop": true,
			"bones": {
				"body": {
					"rotation": ["-35+Math.cos((query.anim_time) * 90 * 4 - 90) * -1", 0, "0+Math.cos((query.anim_time) * 90 * 1) * -1"],
					"position": ["0+Math.cos((query.anim_time) * 90 * 1) * 0.5", "2+Math.cos((query.anim_time) * 90 * 4) * 0.3", 0]
				},
				"arm_front_left": {
					"rotation": [-30.84485, -11.06861, "28.0668+Math.cos((query.anim_time) * 90 * 4 - 90) * 2"]
				},
				"arm_front_left2": {
					"rotation": [0, -30, 107.5]
				},
				"arm_back_left": {
					"rotation": [-19.71601, -46.93584, "26.1288+Math.cos((query.anim_time) * 90 * 4 - 140) * 5"]
				},
				"arm_back_left2": {
					"rotation": [0, 0, 142.5]
				},
				"wing_front_left": {
					"rotation": [0, 10, "10+Math.cos((query.anim_time) * 90 * 48) * 25"]
				},
				"wing_back_left": {
					"rotation": [0, -7.5, "0+Math.cos((query.anim_time) * 90 * 48) * -25"]
				},
				"wing_front_right": {
					"rotation": [0, -10, "-10+Math.cos((query.anim_time) * 90 * 48) * -25"]
				},
				"wing_back_right": {
					"rotation": [0, 7.5, "0+Math.cos((query.anim_time) * 90 * 48) * 25"]
				},
				"head": {
					"rotation": ["35+Math.cos((query.anim_time) * 90 * 4) * -0.5", 0, 0]
				},
				"arm_back_right": {
					"rotation": [-19.71601, 46.93584, "-26.1288+Math.cos((query.anim_time) * 90 * 4 - 140) * -5"]
				},
				"arm_back_right2": {
					"rotation": [0, 0, -142.5]
				},
				"arm_front_right": {
					"rotation": [-30.84485, 11.06861, "-28.0668+Math.cos((query.anim_time) * 90 * 4 - 90) * -2"]
				},
				"arm_front_right2": {
					"rotation": [0, 30, -107.5]
				}
			}
		},
		"animation.ninjask.ground_walk": {
			"loop": true,
			"bones": {
				"body": {
					"rotation": ["-15+Math.cos((query.anim_time) * 90 * 4 - 90) * 5", 0, "0+Math.cos((query.anim_time) * 90 * 1 - 90) * 12"],
					"position": [
						"0+Math.cos((query.anim_time) * 90 * 1 - 90) * -3",
						"4+Math.cos((query.anim_time) * 90 * 4) * 1.5",
						"0+Math.cos((query.anim_time) * 90 * 4 - 90) * 1"
					]
				},
				"arm_front_left": {
					"rotation": ["-30.8449+Math.cos((query.anim_time) * 90 * 4 - 90) * -10", -11.0686, "28.0668+Math.cos((query.anim_time) * 90 * 1 - 180) * 20"]
				},
				"arm_front_left2": {
					"rotation": [0, -55, "107.5+Math.cos((query.anim_time) * 90 * 4 - 120) * 5"]
				},
				"arm_back_left": {
					"rotation": [-19.71601, -46.93584, 26.12877]
				},
				"arm_back_left2": {
					"rotation": [0, 0, 142.5]
				},
				"wing_front_left": {
					"rotation": [0, 10, "10+Math.cos((query.anim_time) * 90 * 48) * 25"]
				},
				"wing_back_left": {
					"rotation": [0, -10, "-10+Math.cos((query.anim_time) * 90 * 48) * -25"]
				},
				"wing_front_right": {
					"rotation": [0, -10, "-10+Math.cos((query.anim_time) * 90 * 48) * -25"]
				},
				"wing_back_right": {
					"rotation": [0, 10, "10+Math.cos((query.anim_time) * 90 * 48) * 25"]
				},
				"head": {
					"rotation": ["17.5+Math.cos((query.anim_time) * 90 * 4) * 3", 0, 0]
				},
				"arm_back_right": {
					"rotation": [-19.71601, 46.93584, -26.12877]
				},
				"arm_back_right2": {
					"rotation": [0, 0, -142.5]
				},
				"arm_front_right": {
					"rotation": ["-30.8449+Math.cos((query.anim_time) * 90 * 4 - 90) * -10", 11.0686, "-28.0668+Math.cos((query.anim_time) * 90 * 1 - 180) * 20"]
				},
				"arm_front_right2": {
					"rotation": [0, 55, "-107.5+Math.cos((query.anim_time) * 90 * 4 - 120) * -5"]
				}
			}
		},
		"animation.ninjask.ground_run": {
			"loop": true,
			"bones": {
				"body": {
					"rotation": ["0+Math.cos((query.anim_time) * 90 * 16 - 90) * 2", 0, 0],
					"position": [0, "2+Math.cos((query.anim_time) * 90 * 16) * 0.5", "0+Math.cos((query.anim_time) * 90 * 1 - 90) * 2"]
				},
				"arm_front_left": {
					"rotation": [-30.84485, -11.06861, "28.0668+Math.cos((query.anim_time) * 90 * 16 - 90) * 3"]
				},
				"arm_front_left2": {
					"rotation": [-37.18884, -41.43528, 153.05766]
				},
				"arm_back_left": {
					"rotation": [22.78399, -46.93584, "26.1288+Math.cos((query.anim_time) * 90 * 16 - 180) * 5"]
				},
				"arm_back_left2": {
					"rotation": [0, 0, 112.5]
				},
				"wing_front_left": {
					"rotation": [0, -5, "10+Math.cos((query.anim_time) * 90 * 48) * 25"]
				},
				"wing_back_left": {
					"rotation": [0, -20, "-10+Math.cos((query.anim_time) * 90 * 48) * -25"]
				},
				"wing_front_right": {
					"rotation": [0, 5, "-10+Math.cos((query.anim_time) * 90 * 48) * -25"]
				},
				"wing_back_right": {
					"rotation": [0, 20, "10+Math.cos((query.anim_time) * 90 * 48) * 25"]
				},
				"head": {
					"rotation": ["7.5+Math.cos((query.anim_time) * 90 * 16 - 45) * -1", 0, 0]
				},
				"arm_back_right": {
					"rotation": [22.78399, 46.93584, "-26.1288+Math.cos((query.anim_time) * 90 * 16 - 180) * -5"]
				},
				"arm_back_right2": {
					"rotation": [0, 0, -112.5]
				},
				"arm_front_right": {
					"rotation": [-30.84485, 11.06861, "-28.0668+Math.cos((query.anim_time) * 90 * 16 - 90) * -3"]
				},
				"arm_front_right2": {
					"rotation": [-37.18884, 41.43528, -153.05766]
				}
			}
		},
		"animation.ninjask.air_idle": {
			"loop": true,
			"bones": {
				"body": {
					"rotation": ["-35+Math.cos((query.anim_time) * 90 * 4 - 90) * -1", 0, "0+Math.cos((query.anim_time) * 90 * 1) * -1"],
					"position": ["0+Math.cos((query.anim_time) * 90 * 1) * 0.5", "2+Math.cos((query.anim_time) * 90 * 4) * 0.3", 0]
				},
				"arm_front_left": {
					"rotation": [-30.84485, -11.06861, "28.0668+Math.cos((query.anim_time) * 90 * 4 - 90) * 2"]
				},
				"arm_front_left2": {
					"rotation": [0, -30, 107.5]
				},
				"arm_back_left": {
					"rotation": [-19.71601, -46.93584, "26.1288+Math.cos((query.anim_time) * 90 * 4 - 140) * 5"]
				},
				"arm_back_left2": {
					"rotation": [0, 0, 142.5]
				},
				"wing_front_left": {
					"rotation": [0, 10, "10+Math.cos((query.anim_time) * 90 * 48) * 25"]
				},
				"wing_back_left": {
					"rotation": [0, -7.5, "0+Math.cos((query.anim_time) * 90 * 48) * -25"]
				},
				"wing_front_right": {
					"rotation": [0, -10, "-10+Math.cos((query.anim_time) * 90 * 48) * -25"]
				},
				"wing_back_right": {
					"rotation": [0, 7.5, "0+Math.cos((query.anim_time) * 90 * 48) * 25"]
				},
				"head": {
					"rotation": ["35+Math.cos((query.anim_time) * 90 * 4) * -0.5", 0, 0]
				},
				"arm_back_right": {
					"rotation": [-19.71601, 46.93584, "-26.1288+Math.cos((query.anim_time) * 90 * 4 - 140) * -5"]
				},
				"arm_back_right2": {
					"rotation": [0, 0, -142.5]
				},
				"arm_front_right": {
					"rotation": [-30.84485, 11.06861, "-28.0668+Math.cos((query.anim_time) * 90 * 4 - 90) * -2"]
				},
				"arm_front_right2": {
					"rotation": [0, 30, -107.5]
				}
			}
		},
		"animation.ninjask.air_fly": {
			"loop": true,
			"bones": {
				"body": {
					"rotation": ["0+Math.cos((query.anim_time) * 90 * 16 - 90) * 2", 0, 0],
					"position": [0, "2+Math.cos((query.anim_time) * 90 * 16) * 0.5", "0+Math.cos((query.anim_time) * 90 * 1 - 90) * 2"]
				},
				"arm_front_left": {
					"rotation": [-30.84485, -11.06861, "28.0668+Math.cos((query.anim_time) * 90 * 16 - 90) * 3"]
				},
				"arm_front_left2": {
					"rotation": [-37.18884, -41.43528, 153.05766]
				},
				"arm_back_left": {
					"rotation": [22.78399, -46.93584, "26.1288+Math.cos((query.anim_time) * 90 * 16 - 180) * 5"]
				},
				"arm_back_left2": {
					"rotation": [0, 0, 112.5]
				},
				"wing_front_left": {
					"rotation": [0, -5, "10+Math.cos((query.anim_time) * 90 * 48) * 25"]
				},
				"wing_back_left": {
					"rotation": [0, -20, "-10+Math.cos((query.anim_time) * 90 * 48) * -25"]
				},
				"wing_front_right": {
					"rotation": [0, 5, "-10+Math.cos((query.anim_time) * 90 * 48) * -25"]
				},
				"wing_back_right": {
					"rotation": [0, 20, "10+Math.cos((query.anim_time) * 90 * 48) * 25"]
				},
				"head": {
					"rotation": ["7.5+Math.cos((query.anim_time) * 90 * 16 - 45) * -1", 0, 0]
				},
				"arm_back_right": {
					"rotation": [22.78399, 46.93584, "-26.1288+Math.cos((query.anim_time) * 90 * 16 - 180) * -5"]
				},
				"arm_back_right2": {
					"rotation": [0, 0, -112.5]
				},
				"arm_front_right": {
					"rotation": [-30.84485, 11.06861, "-28.0668+Math.cos((query.anim_time) * 90 * 16 - 90) * -3"]
				},
				"arm_front_right2": {
					"rotation": [-37.18884, 41.43528, -153.05766]
				}
			}
		},
		"animation.ninjask.sleep": {
			"loop": true,
			"bones": {
				"body": {
					"rotation": ["-12.5+Math.cos((query.anim_time) * 90 * 1) * 1", 0, 0],
					"position": [0, -3.25, 0]
				},
				"arm_front_left": {
					"rotation": [-60, 30, "10+Math.cos((query.anim_time) * 90 * 1) * -2"]
				},
				"arm_front_left2": {
					"rotation": [
						"0+Math.cos((query.anim_time) * 90 * 1) * -1",
						"10+Math.cos((query.anim_time) * 90 * 1) * 1",
						"70+Math.cos((query.anim_time) * 90 * 1) * 1"
					]
				},
				"arm_back_left": {
					"rotation": [87.5, -35, "0+Math.cos((query.anim_time) * 90 * 1) * 1"]
				},
				"arm_back_left2": {
					"rotation": [10, -15, 42.5]
				},
				"arm_front_right": {
					"rotation": [-60, -30, "-10+Math.cos((query.anim_time) * 90 * 1) * 2"]
				},
				"arm_front_right2": {
					"rotation": [
						"0+Math.cos((query.anim_time) * 90 * 1) * -1",
						"-10+Math.cos((query.anim_time) * 90 * 1) * -1",
						"-70+Math.cos((query.anim_time) * 90 * 1) * -1"
					]
				},
				"arm_back_right": {
					"rotation": [87.5, 35, "0+Math.cos((query.anim_time) * 90 * 1) * -1"]
				},
				"arm_back_right2": {
					"rotation": [10, 15, -42.5]
				},
				"wing_front_left": {
					"rotation": [-2.5, -62.5, 60]
				},
				"wing_back_left": {
					"rotation": [0, -72.5, 65]
				},
				"wing_front_right": {
					"rotation": [-2.5, 62.5, -60]
				},
				"wing_back_right": {
					"rotation": [0, 72.5, -65]
				},
				"head": {
					"rotation": ["25+Math.cos((query.anim_time) * 90 * 1 - 90) * 2", 0, 0]
				},
				"pupil_dark_left": {
					"position": [2, 0, -2]
				},
				"eyelid_left": {
					"position": [2, 0, -3]
				},
				"pupil_dark_right": {
					"position": [-2, 0, -2]
				},
				"eyelid_right": {
					"position": [-2, 0, -3]
				}
			}
		},
		"animation.ninjask.faint": {
			"loop": true,
			"animation_length": 3,
			"bones": {
				"body": {
					"rotation": {
						"0.0": [-35, 0, 0],
						"0.0833": {
							"pre": [-26.25, 0, 0],
							"post": [-26.25, 0, 0],
							"lerp_mode": "catmullrom"
						},
						"0.2083": {
							"post": [-95.04, 0, 0],
							"lerp_mode": "catmullrom"
						},
						"0.375": [-217.72, 0, 0],
						"0.5417": {
							"pre": [-339.2, 0, 0],
							"post": [-339.2, 0, 0],
							"lerp_mode": "catmullrom"
						},
						"0.7083": {
							"post": [-381.54, 0, 0],
							"lerp_mode": "catmullrom"
						},
						"0.875": {
							"post": [-391.54, 0, 0],
							"lerp_mode": "catmullrom"
						},
						"0.9583": {
							"post": [-364.04, 0, 0],
							"lerp_mode": "catmullrom"
						},
						"1.0417": {
							"post": [-379.04, 110, 0],
							"lerp_mode": "catmullrom"
						},
						"1.0833": {
							"post": [-379.04, 180, 0],
							"lerp_mode": "catmullrom"
						},
						"1.125": {
							"post": [-379.04, 277.5, 0],
							"lerp_mode": "catmullrom"
						},
						"1.2083": {
							"post": [-369.04, 375, 0],
							"lerp_mode": "catmullrom"
						},
						"1.2917": {
							"post": [-319.29, 417.5, 0],
							"lerp_mode": "catmullrom"
						},
						"1.4167": {
							"post": [-222.365, 445, 0],
							"lerp_mode": "catmullrom"
						},
						"1.625": {
							"post": [-147.69, 450, 0],
							"lerp_mode": "catmullrom"
						},
						"1.8333": {
							"post": [-86.54, 472.5, 0],
							"lerp_mode": "catmullrom"
						},
						"1.9167": {
							"post": [-58.29, 482.5, 0],
							"lerp_mode": "catmullrom"
						},
						"2.1667": {
							"post": [102.25, 483.02, 0],
							"lerp_mode": "catmullrom"
						},
						"2.375": {
							"post": [185.96, 482.5, 0],
							"lerp_mode": "catmullrom"
						},
						"2.4583": {
							"post": [175.96, 482.5, 0],
							"lerp_mode": "catmullrom"
						},
						"2.5833": [178.46, 482.5, 0]
					},
					"position": {
						"0.0": [0, 5, 0],
						"0.0833": [0, 4, 1.75],
						"0.25": {
							"pre": [0, 4.18, 11.23],
							"post": [0, 4.18, 11.23],
							"lerp_mode": "catmullrom"
						},
						"0.375": {
							"post": [0, 6.475, 17.2],
							"lerp_mode": "catmullrom"
						},
						"0.5": {
							"post": [0, 9.15, 18.75],
							"lerp_mode": "catmullrom"
						},
						"0.5833": [0, 10, 19.15],
						"0.6667": [0, 10, 19.15],
						"0.7083": [0, 10, 19.51],
						"0.8333": {
							"pre": [0, 10, 23.625],
							"post": [0, 10, 23.625],
							"lerp_mode": "catmullrom"
						},
						"0.9583": {
							"post": [0, 10, 25.925],
							"lerp_mode": "catmullrom"
						},
						"1.0417": {
							"post": [-24, 10, -23.575],
							"lerp_mode": "catmullrom"
						},
						"1.0833": {
							"post": [-50, 29, 5.42],
							"lerp_mode": "catmullrom"
						},
						"1.125": {
							"post": [-12, 40, 43.42],
							"lerp_mode": "catmullrom"
						},
						"1.1667": {
							"post": [25.56, 47.45, 33.04],
							"lerp_mode": "catmullrom"
						},
						"1.2083": {
							"post": [36.25, 54, 5.42],
							"lerp_mode": "catmullrom"
						},
						"1.3333": {
							"post": [23.25, 57.85, -14.58],
							"lerp_mode": "catmullrom"
						},
						"1.4583": {
							"post": [14.5, 59.375, -19.055],
							"lerp_mode": "catmullrom"
						},
						"1.625": {
							"post": [6.2, 60.175, -18.58],
							"lerp_mode": "catmullrom"
						},
						"1.75": {
							"post": [-0.675, 55.605, -14.58],
							"lerp_mode": "catmullrom"
						},
						"1.8333": {
							"post": [-2.095, 39.35, -13.91],
							"lerp_mode": "catmullrom"
						},
						"1.9167": [-1.425, -1.82, -12.58],
						"2.0": {
							"pre": [-8.425, 11.18, -7.58],
							"post": [-8.425, 11.18, -7.58],
							"lerp_mode": "catmullrom"
						},
						"2.1667": {
							"post": [-14.425, 15.18, -2.58],
							"lerp_mode": "catmullrom"
						},
						"2.3333": {
							"post": [-18.425, 10.18, -0.58],
							"lerp_mode": "catmullrom"
						},
						"2.4167": {
							"post": [-21.425, -3.045, 1.42],
							"lerp_mode": "catmullrom"
						},
						"2.4583": {
							"post": [-21.425, -4.82, 1.42],
							"lerp_mode": "catmullrom"
						},
						"2.5417": [-21.425, -3.595, 1.42]
					},
					"scale": {
						"0.9167": [1, 1, 1],
						"1.0": {
							"pre": [0.7, 0.7, 2.275],
							"post": [0.7, 0.7, 2.275],
							"lerp_mode": "catmullrom"
						},
						"1.2083": {
							"post": [0.7, 0.7, 2.275],
							"lerp_mode": "catmullrom"
						},
						"1.2917": [1, 1, 1],
						"1.7917": [1, 1, 1],
						"1.875": [0.8, 0.8, 1.6],
						"1.9583": [1.3, 1.2, 0.8],
						"2.0417": [1, 1, 1]
					}
				},
				"arm_front_left": {
					"rotation": {
						"0.0": [-30.84485, -11.06861, "28.0668+Math.cos((query.anim_time) * 90 * 24) * 20"],
						"0.4583": [-30.84485, -11.06861, "28.0668+Math.cos((query.anim_time) * 90 * 24) * 20"],
						"0.9167": [-30.84485, -11.06861, 28.06681],
						"0.9583": [-0.84, -11.07, 28.07],
						"1.2083": [-0.84, -11.07, 28.07],
						"1.5833": [-30.84485, -11.06861, 28.06681],
						"1.7083": [-30.84, 28.93, 28.07],
						"1.8333": [-30.84, 43.93, 28.07],
						"2.0417": [-30.84, 6.43, 28.07],
						"2.25": {
							"pre": [-30.84, 18.93, 28.07],
							"post": [-30.84, 18.93, 28.07],
							"lerp_mode": "catmullrom"
						},
						"2.375": {
							"post": [-30.84, 26.43, 38.07],
							"lerp_mode": "catmullrom"
						},
						"2.4583": {
							"post": [-30.84, 18.93, 15.57],
							"lerp_mode": "catmullrom"
						},
						"2.625": [-30.84, 18.93, 30.07],
						"2.7917": [-30.84, 18.93, 35.57]
					}
				},
				"arm_front_left2": {
					"rotation": {
						"0.0": [0, -30, "107.5+Math.cos((query.anim_time) * 90 * 24 - 90) * 20"],
						"0.375": [0, -30, "107.5+Math.cos((query.anim_time) * 90 * 24 - 90) * 20"],
						"0.8333": [0, -30, 107.5],
						"0.9583": [0, -62.5, 107.5],
						"1.2083": [0, -62.5, 107.5],
						"1.5": [0, -30, 107.5],
						"1.7917": [0, -30, 106.5],
						"1.9167": [0, 5, 14],
						"2.2917": [-4, 40, 13],
						"2.5833": [-25, -12.5, 125.5],
						"2.7083": [-29.075, -16.575, 130.5]
					}
				},
				"arm_back_left": {
					"rotation": [-19.71601, -46.93584, 26.12877]
				},
				"arm_back_left2": {
					"rotation": {
						"0.0": [0, 0, 142.5],
						"0.9583": [0, 0, 142.5],
						"1.0417": [0, 0, -27.5],
						"1.2083": [0, 0, -4.44],
						"1.4167": [0, 0, 142.5],
						"2.2083": [0, 0, 142.5],
						"2.4167": [0, 0, 90],
						"2.5833": [0, 0, 135],
						"2.7083": [0, 0, 140]
					}
				},
				"wing_front_left": {
					"rotation": {
						"0.0": [0, 10, "10+Math.cos((query.anim_time) * 90 * 48) * 5"],
						"0.3333": [0, 10, "10+Math.cos((query.anim_time) * 90 * 48) * 25"],
						"0.75": [0, 10, "10+Math.cos((query.anim_time) * 90 * 48) * 5"],
						"0.9583": [0, 10, "10+Math.cos((query.anim_time) * 90 * 48) * 40"],
						"1.4167": [1, 10, "10+Math.cos((query.anim_time) * 90 * 48) * 40"],
						"1.7917": [1, 10, 10],
						"1.875": [1, 42.5, 10],
						"1.9583": [0, 0, 65],
						"2.125": [0, 25, 70],
						"2.375": [0, 17.5, 70],
						"2.5": [0, -7.5, 28.6],
						"2.5833": {
							"pre": [0, -7.5, 36.1],
							"post": [0, -7.5, 36.1],
							"lerp_mode": "catmullrom"
						},
						"2.6667": {
							"post": [0, -7.5, 35.35],
							"lerp_mode": "catmullrom"
						},
						"2.75": [0, -7.5, 26.1]
					}
				},
				"wing_back_left": {
					"rotation": {
						"0.0": [0, -10, "-10+Math.cos((query.anim_time) * 90 * 48) * -5"],
						"0.3333": [0, -10, "-10+Math.cos((query.anim_time) * 90 * 48) * -25"],
						"0.75": [0, -10, "-10+Math.cos((query.anim_time) * 90 * 48) * -5"],
						"0.9583": [0, -10, "-10+Math.cos((query.anim_time) * 90 * 48) * -40"],
						"1.4167": [1, -10, "-10+Math.cos((query.anim_time) * 90 * 48) * -40"],
						"1.7917": [1, 10, 10],
						"1.875": [1, 42.5, 10],
						"1.9583": [0, 0, 65],
						"2.1667": [0, 25, 70],
						"2.4167": [0, 17.5, 70],
						"2.5417": [0, -7.5, 20],
						"2.6667": {
							"pre": [0, -7.5, 27.5],
							"post": [0, -7.5, 27.5],
							"lerp_mode": "catmullrom"
						},
						"2.75": {
							"post": [0, -7.5, 26.75],
							"lerp_mode": "catmullrom"
						},
						"2.8333": [0, -7.5, 17.5]
					}
				},
				"wing_front_right": {
					"rotation": {
						"0.0": [0, -10, "-10+Math.cos((query.anim_time) * 90 * 48) * -5"],
						"0.3333": [0, -10, "-10+Math.cos((query.anim_time) * 90 * 48) * -25"],
						"0.75": [0, -10, "-10+Math.cos((query.anim_time) * 90 * 48) * -5"],
						"0.9583": [0, -10, "-10+Math.cos((query.anim_time) * 90 * 48) * -40"],
						"1.4167": [1, -10, "-10+Math.cos((query.anim_time) * 90 * 48) * -40"],
						"1.7917": [1, -10, -10],
						"1.875": [1, -42.5, -10],
						"1.9583": [0, 0, -65],
						"2.125": [0, -25, -70],
						"2.375": [0, -17.5, -70],
						"2.5": [0, 7.5, -29.15],
						"2.5833": {
							"pre": [0, 7.5, -36.65],
							"post": [0, 7.5, -36.65],
							"lerp_mode": "catmullrom"
						},
						"2.6667": {
							"post": [0, 7.5, -35.9],
							"lerp_mode": "catmullrom"
						},
						"2.75": [0, 7.5, -26.65]
					}
				},
				"wing_back_right": {
					"rotation": {
						"0.0": [0, 10, "10+Math.cos((query.anim_time) * 90 * 48) * 5"],
						"0.3333": [0, 10, "10+Math.cos((query.anim_time) * 90 * 48) * 25"],
						"0.75": [0, 10, "10+Math.cos((query.anim_time) * 90 * 48) * 5"],
						"0.9583": [0, 10, "10+Math.cos((query.anim_time) * 90 * 48) * 40"],
						"1.4167": [1, 10, "10+Math.cos((query.anim_time) * 90 * 48) * 40"],
						"1.7917": [1, -10, -10],
						"1.875": [1, -42.5, -10],
						"1.9583": [0, 0, -65],
						"2.1667": [0, -25, -70],
						"2.4167": [0, -17.5, -70],
						"2.5417": [0, 7.5, -20],
						"2.6667": {
							"pre": [0, 7.5, -27.5],
							"post": [0, 7.5, -27.5],
							"lerp_mode": "catmullrom"
						},
						"2.75": {
							"post": [0, 7.5, -26.75],
							"lerp_mode": "catmullrom"
						},
						"2.8333": [0, 7.5, -17.5]
					}
				},
				"head": {
					"rotation": {
						"0.0": [35, 0, 0],
						"0.2083": [52.5, 0, 0],
						"0.8333": [32.5, 0, 0],
						"0.9583": [12.5, 0, 0],
						"1.125": [16, 0, 0],
						"1.375": [52.5, 0, 0],
						"1.7917": [42.5, 0, 0],
						"1.8333": [2.5, 0, 0],
						"2.0": [50, 0, 0],
						"2.4167": [50, 0, 0],
						"2.5": [40, 0, 0],
						"2.7083": [45, 0, 0]
					}
				},
				"arm_back_right": {
					"rotation": [-19.71601, 46.93584, -26.12877]
				},
				"arm_back_right2": {
					"rotation": {
						"0.0": [0, 0, -142.5],
						"0.9583": [0, 0, -142.5],
						"1.0417": [0, 0, 27.5],
						"1.2083": [0, 0, 4.44],
						"1.4167": [0, 0, -142.5],
						"2.2083": [0, 0, -142.5],
						"2.4167": [0, 0, -90],
						"2.5833": [0, 0, -135],
						"2.7083": [0, 0, -140]
					}
				},
				"arm_front_right": {
					"rotation": {
						"0.0": [-30.84485, 11.06861, "-28.0668+Math.cos((query.anim_time) * 90 * 24) * 20"],
						"0.4583": [-30.84485, 11.06861, "-28.0668+Math.cos((query.anim_time) * 90 * 24) * 20"],
						"0.9167": [-30.84485, 11.06861, -28.06681],
						"0.9583": [-0.84, 11.07, -28.07],
						"1.2083": [-0.84, 11.07, -28.07],
						"1.5": [-30.84485, 11.06861, -28.06681],
						"1.625": [-30.84, -28.93, -28.07],
						"1.75": [-30.84, -43.93, -28.07],
						"1.9167": [-30.84, -6.43, -28.07],
						"2.125": {
							"pre": [-30.84, -18.93, -28.07],
							"post": [-30.84, -18.93, -28.07],
							"lerp_mode": "catmullrom"
						},
						"2.25": {
							"post": [-30.84, -26.43, -38.07],
							"lerp_mode": "catmullrom"
						},
						"2.3333": {
							"post": [-30.84, -18.93, -15.57],
							"lerp_mode": "catmullrom"
						},
						"2.5": [-30.84, 8.57, -30.07],
						"2.6667": [-30.84, 11.57, -35.57]
					}
				},
				"arm_front_right2": {
					"rotation": {
						"0.0": [0, 30, "-107.5+Math.cos((query.anim_time) * 90 * 24 - 90) * 20"],
						"0.375": [0, 30, "-107.5+Math.cos((query.anim_time) * 90 * 24 - 90) * 20"],
						"0.8333": [0, 30, -107.5],
						"0.9583": [0, 62.5, -107.5],
						"1.2083": [0, 62.5, -107.5],
						"1.5417": [0, 30, -107.5],
						"1.8333": [0, 30, -106.5],
						"1.9167": [0, -5, -14],
						"2.3333": [-4, -40, -13],
						"2.5833": [-25, 12.5, -125.5],
						"2.75": [-29.075, 16.575, -130.5]
					}
				},
				"pupil_dark_left": {
					"position": {
						"0.0": [0, 0, 0],
						"0.0417": {"pre": [0, 0, 0], "post": [2, 0, -2]},
						"0.5417": {"pre": [2, 0, -2], "post": [0, 0, 0]},
						"1.1667": {"pre": [0, 0, 0], "post": [2, 0, -2]}
					}
				},
				"eyelid_left": {
					"position": {
						"0.0": [0, 0, 0],
						"0.0417": {"pre": [0, 0, 0], "post": [2, 0, -3]},
						"0.5417": {"pre": [2, 0, -3], "post": [0, 0, 0]},
						"1.1667": {"pre": [0, 0, 0], "post": [2, 0, -3]}
					}
				},
				"pupil_dark_right": {
					"position": {
						"0.0": [0, 0, 0],
						"0.0417": {"pre": [0, 0, 0], "post": [-2, 0, -2]},
						"0.5417": {"pre": [-2, 0, -2], "post": [0, 0, 0]},
						"1.1667": {"pre": [0, 0, 0], "post": [-2, 0, -2]}
					}
				},
				"eyelid_right": {
					"position": {
						"0.0": [0, 0, 0],
						"0.0417": {"pre": [0, 0, 0], "post": [-2, 0, -3]},
						"0.5417": {"pre": [-2, 0, -3], "post": [0, 0, 0]},
						"1.1667": {"pre": [0, 0, 0], "post": [-2, 0, -3]}
					}
				}
			}
		},
		"animation.ninjask.blink": {
			"animation_length": 0.1667,
			"bones": {
				"eyelid_left": {
					"position": {
						"0.0": [2, 0, -3],
						"0.125": [2, 0, -3],
						"0.1667": [0, 0, 0]
					}
				},
				"eyelid_right": {
					"position": {
						"0.0": [-2, 0, -3],
						"0.125": [-2, 0, -3],
						"0.1667": [0, 0, 0]
					}
				},
				"pupil_dark_left": {
					"position": {
						"0.0": [2, 0, -2],
						"0.125": [2, 0, -2],
						"0.1667": [0, 0, 0]
					}
				},
				"pupil_dark_right": {
					"position": {
						"0.0": [-2, 0, -2],
						"0.125": [-2, 0, -2],
						"0.1667": [0, 0, 0]
					}
				}
			}
		},
		"animation.ninjask.cry": {
			"animation_length": 1.5,
			"bones": {
				"body": {
					"rotation": {
						"0.0": [0, 0, 0],
						"0.125": [10, 0, 0],
						"0.2917": {
							"pre": [-10.9, 0, 0],
							"post": [-10.9, 0, 0],
							"lerp_mode": "catmullrom"
						},
						"0.6667": {
							"post": [-16.67, 0.15, 0.36],
							"lerp_mode": "catmullrom"
						},
						"1.0417": {
							"post": [-17.43793, 0.30555, 0.71071],
							"lerp_mode": "catmullrom"
						},
						"1.2917": {
							"post": [-2.5, 0, 0],
							"lerp_mode": "catmullrom"
						},
						"1.5": [0, 0, 0]
					},
					"position": {
						"0.0": [0, 0, 0],
						"0.125": [0, 0, 2],
						"0.2083": [0, -0.5, -0.5],
						"0.2917": [0, 2, -3],
						"0.4167": ["0+Math.cos((query.anim_time) * 90 * 48) * 0.5", 2.75, -3.5],
						"0.9583": ["0+Math.cos((query.anim_time) * 90 * 48) * 0.2", 2.75, -3.5],
						"1.0417": [0, 2.5, -3.4],
						"1.2917": [0, 0.295, -0.5],
						"1.375": [0, 0, 0]
					}
				},
				"arm_front_left": {
					"rotation": {
						"0.0": [0, 0, 0],
						"0.2083": [0, 0, -7.5],
						"0.375": [0, 0, 20],
						"1.125": [0, 0, 20],
						"1.3333": [0, 0, 3.21],
						"1.4167": [0, 0, 0]
					}
				},
				"arm_front_right": {
					"rotation": {
						"0.0": [0, 0, 0],
						"0.2083": [0, 0, 7.5],
						"0.375": [0, 0, -20],
						"1.125": [0, 0, -20],
						"1.3333": [0, 0, -3.21],
						"1.4167": [0, 0, 0]
					}
				},
				"head": {
					"rotation": {
						"0.0": [0, 0, 0],
						"0.125": [-10, 0, 0],
						"0.25": [15, 0, 0],
						"0.375": [0, 0, 0],
						"0.9167": {
							"pre": [0, 0, 0],
							"post": [0, 0, 0],
							"lerp_mode": "catmullrom"
						},
						"1.1667": {
							"post": [-10, 0, 0],
							"lerp_mode": "catmullrom"
						},
						"1.375": [-1.5, 0, 0],
						"1.4583": [0, 0, 0]
					}
				}
			},
			"sound_effects": {
				"0.0": {
					"effect": "pokemon.ninjask.cry"
				}
			}
		},
		"animation.ninjask.run_quirk": {
			"animation_length": 1,
			"bones": {
				"body": {
					"rotation": {
						"0.0": [0, 0, 0],
						"0.1667": {
							"pre": [0, 0, -11.25],
							"post": [0, 0, -11.25],
							"lerp_mode": "catmullrom"
						},
						"0.2917": {
							"post": [0, 0, -12.5],
							"lerp_mode": "catmullrom"
						},
						"0.375": {
							"post": [0, 0, 17.5],
							"lerp_mode": "catmullrom"
						},
						"0.5833": {
							"post": [0, 0, 290],
							"lerp_mode": "catmullrom"
						},
						"0.6667": {
							"post": [0, 0, 349.5],
							"lerp_mode": "catmullrom"
						},
						"0.7917": [0, 0, 364.75],
						"0.9583": [0, 0, 360],
						"1.0": {"pre": [0, 0, 360], "post": [0, 0, 0]}
					},
					"position": {
						"0.0": [0, 0, 0],
						"0.0833": {
							"pre": [1.8, 0.7, 0],
							"post": [1.8, 0.7, 0],
							"lerp_mode": "catmullrom"
						},
						"0.1667": {
							"post": [3, 2, 0],
							"lerp_mode": "catmullrom"
						},
						"0.2917": {
							"post": [3.25, 2.9, 0],
							"lerp_mode": "catmullrom"
						},
						"0.3333": {
							"post": [0, 0, 0],
							"lerp_mode": "catmullrom"
						},
						"0.375": {
							"post": [-4.5, 0.5, 0],
							"lerp_mode": "catmullrom"
						},
						"0.4167": {
							"post": [-9, 3, 0],
							"lerp_mode": "catmullrom"
						},
						"0.4583": {
							"post": [-6.5, 10.5, 0],
							"lerp_mode": "catmullrom"
						},
						"0.5": {
							"post": [0, 14, 0],
							"lerp_mode": "catmullrom"
						},
						"0.5417": {
							"post": [6.63, 10.45, 0],
							"lerp_mode": "catmullrom"
						},
						"0.5833": {
							"post": [9.25, 2.65, 0],
							"lerp_mode": "catmullrom"
						},
						"0.6667": {
							"post": [2, 0, 0],
							"lerp_mode": "catmullrom"
						},
						"0.7917": {
							"post": [0, 0, 0],
							"lerp_mode": "catmullrom"
						}
					},
					"scale": {
						"0.3333": [1, 1, 1],
						"0.4167": [1.2, 1, 0.8],
						"0.625": [1.2, 1, 0.8],
						"0.7083": [1, 1, 1]
					}
				},
				"wing_front_left": {
					"rotation": {
						"0.0": [0, 0, 0],
						"0.2917": [0, 0, 0],
						"0.4583": {
							"pre": [0, 0, -32.5],
							"post": [0, 0, -32.5],
							"lerp_mode": "catmullrom"
						},
						"0.625": {
							"post": [0, 0, -26.56],
							"lerp_mode": "catmullrom"
						},
						"0.8333": [0, 0, 0]
					}
				},
				"wing_back_left": {
					"rotation": {
						"0.0": [0, 0, 0],
						"0.2917": [0, 0, 0],
						"0.4583": {
							"pre": [0, 0, -32.5],
							"post": [0, 0, -32.5],
							"lerp_mode": "catmullrom"
						},
						"0.625": {
							"post": [0, 0, -26.56],
							"lerp_mode": "catmullrom"
						},
						"0.8333": [0, 0, 0]
					}
				}
			}
		}
	}
}