{
	"format_version": "1.8.0",
	"animations": {
		"animation.nidoking.ground_idle": {
			"loop": true,
			"bones": {
				"stomach": {
					"rotation": [0, 0, 0]
				},
				"head": {
					"rotation": [-2.5, 0, 0]
				},
				"jaw": {
					"rotation": [0, 0, 0],
					"scale": 1
				},
				"left_shoulder": {
					"rotation": [5.32288, 7.27506, 15.01071]
				},
				"left_upper_arm": {
					"rotation": [-35, 0, 7.5],
					"position": [0, -0.25, 0.75]
				},
				"left_lower_arm": {
					"rotation": [0.16712, 33.29198, 27.02829],
					"position": [0, -0.25, 0]
				},
				"tail2": {
					"rotation": [0, 0, 0]
				},
				"tail3": {
					"rotation": [0, 0, 0]
				},
				"upper_torso": {
					"rotation": [0, 0, 0]
				},
				"tail4": {
					"rotation": [0, 0, 0]
				},
				"right_shoulder": {
					"rotation": [5.32288, -7.27506, -15.01071]
				},
				"right_upper_arm": {
					"rotation": [-35, 0, -7.5],
					"position": [0, -0.25, 0.75]
				},
				"right_lower_arm": {
					"rotation": [0.16712, -33.29198, -27.02829],
					"position": [0, -0.25, 0]
				},
				"left_lower_arm_2": {
					"rotation": [0, 0, 12.5]
				},
				"right_lower_arm_2": {
					"rotation": [0, 0, -12.5]
				}
			}
		},
		"animation.nidoking.blink": {
			"animation_length": 0.16667,
			"bones": {
				"left_eyelid": {
					"position": {
						"0.0": [0.1, 0, 0],
						"0.125": {"pre": [0.1, 0, 0], "post": [0.1, 0, 0]},
						"0.1667": {"pre": [0.1, 0, 0], "post": [0, 0, 0]}
					}
				},
				"right_eyelid": {
					"position": {
						"0.0": [-0.1, 0, 0],
						"0.125": {"pre": [-0.1, 0, 0], "post": [-0.1, 0, 0]},
						"0.1667": {"pre": [-0.1, 0, 0], "post": [0, 0, 0]}
					}
				}
			}
		},
		"animation.nidoking.cry": {
			"animation_length": 1.5,
			"bones": {
				"stomach": {
					"rotation": {
						"0.0": [0, 0, 0],
						"0.375": [-2.5, 0, 0],
						"0.6667": [0, 0, 0],
						"0.9167": [-2, 0, 0],
						"1.125": [0, 0, 0],
						"1.2917": [-0.5, 0, 0],
						"1.4167": [0, 0, 0]
					}
				},
				"upper_torso": {
					"rotation": {
						"0.0": [0, 0, 0],
						"0.2917": [-5, 0, 0],
						"0.5833": [-2.5, 0, 0],
						"0.7917": [-3.5, 0, 0],
						"1.0": [-2.5, 0, 0],
						"1.1667": [-3, 0, 0],
						"1.5": [0, 0, 0]
					}
				},
				"head": {
					"rotation": {
						"0.0": [0, 0, 0],
						"0.2083": [-7.5, 0, 0],
						"0.5833": [-7.5, 0, 0],
						"0.8333": [-10, 0, 0],
						"1.0417": [-8, 0, 0],
						"1.2083": [-10, 0, 0],
						"1.5": [0, 0, 0]
					}
				},
				"jaw": {
					"rotation": {
						"0.0": [0, 0, 0],
						"0.125": [55, 0, 0],
						"0.4583": [50, 0, 0],
						"0.75": [32.5, 0, 0],
						"0.9583": [40, 0, 0],
						"1.25": [32.5, 0, 0],
						"1.5": [0, 0, 0]
					},
					"position": {
						"0.0": [0, 0, 0],
						"0.125": [0, -0.5, 0],
						"0.4583": [0, -0.5, 0],
						"0.9583": [0, -0.25, 0],
						"1.375": [0, 0, 0]
					}
				}
			},
			"sound_effects": {
				"0.0": {
					"effect": "nidoking_ambient"
				}
			}
		}
	}
}