{
	"format_version": "1.8.0",
	"animations": {
		"animation.onix.ground_idle": {
			"loop": true,
			"bones": {
				"body": {
					"position": [0, "29-1*math.sin(q.anim_time*90*1)", "5.75-0.7*math.sin(q.anim_time*90*1)"]
				},
				"head": {
					"rotation": ["22.5+5*math.sin(q.anim_time*90*1-50)", 0, 0],
					"position": [0, "-0.4*math.sin(q.anim_time*90*1-20)", "-0.2*math.sin(q.anim_time*90*1+30)"]
				},
				"jaw": {
					"rotation": ["2*math.sin(q.anim_time*90*1)", 0, 0]
				},
				"segment1": {
					"rotation": [-9.91238, 4.8746, -1.943]
				},
				"boulder1": {
					"rotation": [0, 0, 0]
				},
				"segment2": {
					"rotation": ["-60.2803-2*math.sin(q.anim_time*90*1)", -17.67499, 0.80042]
				},
				"segment3": {
					"rotation": [-20.51316, 7.63123, 40.23905]
				},
				"segment4": {
					"rotation": ["-37.8942-4*math.sin(q.anim_time*90*1)", 6.63281, 3.3336]
				},
				"segment5": {
					"rotation": ["25.3043+12*math.sin(q.anim_time*90*1)", 48.71139, 1.69683]
				},
				"segment6": {
					"rotation": ["79.0709-2*math.sin(q.anim_time*90*1)", "46.0248+4*math.sin(q.anim_time*90*1)", "33.6955+4*math.sin(q.anim_time*90*1)"],
					"position": ["0.5*math.sin(q.anim_time*90*1)", "1*math.sin(q.anim_time*90*1)", "-0.5*math.sin(q.anim_time*90*1)"]
				},
				"segment7": {
					"rotation": [52.01918, -0.20921, -1.42378]
				},
				"segment8": {
					"rotation": [6.15731, -47.61105, 81.66142]
				},
				"segment9": {
					"rotation": ["1.24-2*math.sin(q.anim_time*90*1-30)", "-9.9461+5*math.sin(q.anim_time*90*1-20)", 0.93]
				},
				"segment10": {
					"rotation": [-3.66071, 37.24621, -4.12965]
				},
				"segment11": {
					"rotation": [-0.26298, 29.91872, 2.14784]
				},
				"segment12": {
					"rotation": [-0.18216, 34.90517, 2.55268]
				},
				"segment13": {
					"rotation": ["24.8178-20*math.sin(q.anim_time*90*1+40)", 34.90517, 2.55268]
				},
				"segment14": {
					"rotation": ["32.2717-5*math.sin(q.anim_time*90*1-40)-15*math.sin(q.anim_time*90*2-60)", 32.41201, 2.34642]
				}
			}
		},
		"animation.onix.ground_walk": {
			"loop": true,
			"bones": {
				"body": {
					"position": ["1*math.cos(q.anim_time*90*2+30)", "29-3*math.sin(q.anim_time*90*2)", "5.75+5*math.sin(q.anim_time*90*2-30)"]
				},
				"head": {
					"rotation": ["22.5+10*math.sin(q.anim_time*90*2-50)", 0, 0],
					"position": [0, "-0.5*math.sin(q.anim_time*90*2-20)", "-0.2*math.sin(q.anim_time*90*2+30)"]
				},
				"jaw": {
					"rotation": ["12.5-5*math.sin(q.anim_time*90*2)", 0, 0]
				},
				"segment1": {
					"rotation": [-9.91238, 0, 0]
				},
				"boulder1": {
					"rotation": [0, 0, 0]
				},
				"segment2": {
					"rotation": ["-60.2803-2*math.sin(q.anim_time*90*1)", 0, "10*math.sin(q.anim_time*90*2)"]
				},
				"segment3": {
					"rotation": [-33.01316, 0, 0]
				},
				"segment4": {
					"rotation": ["-45.3942-4*math.sin(q.anim_time*90*2)", "20*math.sin(q.anim_time*90*2)", 0]
				},
				"segment5": {
					"rotation": ["50.3043-2*math.sin(q.anim_time*90*2)", 0, "10*math.sin(q.anim_time*90*2)"]
				},
				"segment6": {
					"rotation": ["87.5+15*math.sin(q.anim_time*90*2)", 0, "-15*math.sin(q.anim_time*90*2)"],
					"position": [0, "1*math.sin(q.anim_time*90*1)", 0]
				},
				"segment7": {
					"rotation": ["10-10*math.sin(q.anim_time*90*2)", "30*math.sin(q.anim_time*90*2-45)", 0]
				},
				"segment8": {
					"rotation": [2.5, "0+15*math.sin(q.anim_time*90*2-90)", 0]
				},
				"segment9": {
					"rotation": [5, "30*math.sin(q.anim_time*90*2+120)", 0]
				},
				"segment10": {
					"rotation": [0, "5*math.sin(q.anim_time*90*2-180)", 0]
				},
				"segment11": {
					"rotation": [0, "15*math.sin(q.anim_time*90*2-180)", 0]
				},
				"segment12": {
					"rotation": [0, "15*math.sin(q.anim_time*90*2-270)", 0]
				},
				"segment13": {
					"rotation": [0, "15*math.sin(q.anim_time*90*2-315)", 0]
				},
				"segment14": {
					"rotation": [0, "15*math.sin(q.anim_time*90*2-360)", 0]
				}
			}
		},
		"animation.onix.battle_idle": {
			"loop": true,
			"bones": {
				"body": {
					"position": ["-1*math.sin(q.anim_time*90*1+20)", "24.75-1*math.sin(q.anim_time*90*2)", "6.5-1*math.sin(q.anim_time*90*2+40)"]
				},
				"head": {
					"rotation": ["22.5-2*math.sin(q.anim_time*90*2+70)", "-1*math.sin(q.anim_time*90*1+70)", "-2*math.sin(q.anim_time*90*3+70)"]
				},
				"jaw": {
					"rotation": ["5+5*math.sin(q.anim_time*90*2)", 0, 0]
				},
				"segment1": {
					"rotation": ["3.2109+2*math.sin(q.anim_time*90*2+70)", "13.8345-2*math.sin(q.anim_time*90*2)", 5.85463]
				},
				"segment2": {
					"rotation": [-39.69988, -6.79721, "1.3005+2*math.sin(q.anim_time*90*2+70)"]
				},
				"segment3": {
					"rotation": [-35.14622, -8.66177, 8.56904]
				},
				"segment4": {
					"rotation": [-30.16763, "-14.9826+5*math.sin(q.anim_time*90*1+70)", -7.68479]
				},
				"segment5": {
					"rotation": ["-21.6774-2*math.sin(q.anim_time*90*2)", -30.95723, -27.4095]
				},
				"segment6": {
					"rotation": ["-43.9933+2*math.sin(q.anim_time*90*2+70)", -16.13312, -12.08068],
					"position": [0, "-1*math.sin(q.anim_time*90*2+90)", 0]
				},
				"segment7": {
					"rotation": [-25.07916, -16.60835, 10.07662]
				},
				"segment8": {
					"rotation": [-56.44827, 13.46537, -6.80425]
				},
				"segment9": {
					"rotation": [-49.20434, "8.1852+10*math.sin(q.anim_time*90*2)", -17.37251]
				},
				"segment10": {
					"rotation": [-10.952, -2.79077, 6.88515]
				},
				"segment11": {
					"rotation": [-31.22133, "-0.4638-10*math.sin(q.anim_time*90*2)", 2.40753]
				},
				"segment12": {
					"rotation": [-24.11225, 6.80921, -1.53671]
				},
				"segment13": {
					"rotation": [-33.90668, 9.25045, -2.94033]
				},
				"segment14": {
					"rotation": [-48.84598, 12.37672, -5.80758]
				}
			}
		},
		"animation.onix.boulder_rotation": {
			"loop": true,
			"bones": {
				"boulder1": {
					"rotation": [0, 0, "20*1+q.anim_time*90*0.2"]
				},
				"boulder2": {
					"rotation": [0, 0, "20*4-q.anim_time*90*0.4"]
				},
				"boulder3": {
					"rotation": [0, 0, "20*3+q.anim_time*90*0.2"]
				},
				"boulder4": {
					"rotation": [0, 0, "20*1+q.anim_time*90*0.1"]
				},
				"boulder5": {
					"rotation": [0, 0, "20*0-q.anim_time*90*0.3"]
				},
				"boulder6": {
					"rotation": [0, 0, "20*7+q.anim_time*90*0.2"]
				},
				"boulder7": {
					"rotation": [0, 0, "20*5+q.anim_time*90*0.5"]
				},
				"boulder8": {
					"rotation": [0, 0, "20*3-q.anim_time*90*0.2"]
				},
				"boulder9": {
					"rotation": [0, 0, "20*6+q.anim_time*90*0.6"]
				},
				"boulder10": {
					"rotation": [0, 0, "20*5+q.anim_time*90*0.2"]
				},
				"boulder11": {
					"rotation": [0, 0, "20*1+q.anim_time*90*0.2"]
				},
				"boulder12": {
					"rotation": [0, 0, "20*2+q.anim_time*90*0.2"]
				},
				"boulder13": {
					"rotation": [0, 0, "20*0-q.anim_time*90*0.8"]
				},
				"boulder14": {
					"rotation": [0, 0, "20*5+q.anim_time*90*1"]
				}
			}
		},
		"animation.onix.slow_boulder_rotation": {
			"loop": true,
			"bones": {
				"boulder1": {
					"rotation": [0, 0, "20*1+q.anim_time*90*0.1"]
				},
				"boulder2": {
					"rotation": [0, 0, "20*4-q.anim_time*90*0.1"]
				},
				"boulder3": {
					"rotation": [0, 0, "20*3+q.anim_time*90*0.1"]
				},
				"boulder4": {
					"rotation": [0, 0, "20*1+q.anim_time*90*0.1"]
				},
				"boulder5": {
					"rotation": [0, 0, "20*0-q.anim_time*90*0.1"]
				},
				"boulder6": {
					"rotation": [0, 0, "20*7+q.anim_time*90*0.2"]
				},
				"boulder7": {
					"rotation": [0, 0, "20*5+q.anim_time*90*0.1"]
				},
				"boulder8": {
					"rotation": [0, 0, "20*3-q.anim_time*90*0.2"]
				},
				"boulder9": {
					"rotation": [0, 0, "20*6+q.anim_time*90*0.1"]
				},
				"boulder10": {
					"rotation": [0, 0, "20*5+q.anim_time*90*0.2"]
				},
				"boulder11": {
					"rotation": [0, 0, "20*1+q.anim_time*90*0.2"]
				},
				"boulder12": {
					"rotation": [0, 0, "20*2+q.anim_time*90*0.2"]
				},
				"boulder13": {
					"rotation": [0, 0, "20*0-q.anim_time*90*0.4"]
				},
				"boulder14": {
					"rotation": [0, 0, "20*5+q.anim_time*90*0.1"]
				}
			}
		},
		"animation.onix.cry": {
			"animation_length": 2,
			"bones": {
				"head": {
					"rotation": {
						"0.0": {
							"post": [0, 0, 0],
							"lerp_mode": "catmullrom"
						},
						"0.1667": {
							"post": [2.82938, 6.13831, 0.32044],
							"lerp_mode": "catmullrom"
						},
						"0.375": {
							"post": [-5.81774, 13.95906, 0.76388],
							"lerp_mode": "catmullrom"
						},
						"0.5833": {
							"post": [-11.92737, 11.66704, 0.92037],
							"lerp_mode": "catmullrom"
						},
						"0.875": {
							"post": [-10.78722, -2.15072, -3.49464],
							"lerp_mode": "catmullrom"
						},
						"1.25": {
							"post": [-15.1844, -15.37264, 6.99649],
							"lerp_mode": "catmullrom"
						},
						"1.5417": {
							"post": [7.82638, -10.76045, 5.22221],
							"lerp_mode": "catmullrom"
						},
						"1.75": {
							"post": [5.15332, -5.90882, 5.28954],
							"lerp_mode": "catmullrom"
						},
						"2.0": {
							"post": [0, 0, 0],
							"lerp_mode": "catmullrom"
						}
					}
				},
				"jaw": {
					"rotation": {
						"0.0": [0, 0, 0],
						"0.25": {
							"pre": [20, 0, 0],
							"post": [20, 0, 0],
							"lerp_mode": "catmullrom"
						},
						"0.7917": {
							"post": [25.18, 0, 0],
							"lerp_mode": "catmullrom"
						},
						"1.2917": {
							"post": [17.13, 0, 0],
							"lerp_mode": "catmullrom"
						},
						"1.375": {
							"post": [-5, 0, 0],
							"lerp_mode": "catmullrom"
						},
						"2.0": [0, 0, 0]
					}
				},
				"body": {
					"position": {
						"0.0": [0, 0, 0],
						"0.3333": [0, 0.25, 0],
						"0.375": [0, -0.01, 0],
						"0.4167": [0, 0.24, 0],
						"0.4583": [0, -0.02, 0],
						"0.5417": [0, 0.23, 0],
						"0.625": [0, -0.03, 0],
						"2.0": [0, 0, 0]
					}
				}
			},
			"sound_effects": {
				"0.125": {
					"effect": "pokemon.onix.cry"
				}
			}
		},
		"animation.onix.blink": {
			"animation_length": 0.16667,
			"bones": {
				"eyelid_right": {
					"position": {
						"0.0": [0, 0, -0.1],
						"0.125": [0, 0, -0.1],
						"0.1667": [0, 0, 0]
					}
				},
				"eyelid_left": {
					"position": {
						"0.0": [0, 0, -0.1],
						"0.125": [0, 0, -0.1],
						"0.1667": [0, 0, 0]
					}
				}
			}
		},
		"animation.onix.sleep": {
			"loop": true,
			"bones": {
				"body": {
					"position": [0, 14, 12.75]
				},
				"head": {
					"rotation": ["23.5893+0.5*math.sin(q.anim_time*90*3-50)", "12.5862+1*math.sin(q.anim_time*90*1-50)", "0.6109+2*math.sin(q.anim_time*90*1-50)"],
					"position": [0, -1, -1.5]
				},
				"eyelid_right": {
					"position": [0, 0, -0.1]
				},
				"eyelid_left": {
					"position": [0, 0, -0.1]
				},
				"segment1": {
					"rotation": [0, 35, 0],
					"position": [-2.5, -12.25, -2.75]
				},
				"boulder1": {
					"position": [0, 3.25, 0]
				},
				"segment2": {
					"rotation": [0, 90, 0],
					"position": [0, -1.25, 0]
				},
				"boulder2": {
					"position": [0, 0, -1.75]
				},
				"segment3": {
					"rotation": [0, 57.5, 0],
					"position": [0, -0.75, 0]
				},
				"segment4": {
					"rotation": [0, 40, 0],
					"position": [0, -1.75, 0]
				},
				"segment5": {
					"rotation": [0, 65, 0],
					"position": [0, -1, 0]
				},
				"segment6": {
					"rotation": [0, 27.5, 0],
					"position": [0, 0.25, 0]
				},
				"segment7": {
					"rotation": [0, 45, 0]
				},
				"segment8": {
					"rotation": [0, 32.5, 0]
				},
				"segment9": {
					"rotation": [9.07094, 13.17531, -3.24778]
				},
				"segment10": {
					"rotation": [-17.5, 30, 0]
				},
				"segment11": {
					"rotation": ["25.4441+5*math.sin(q.anim_time*90*1-50)", 6.80819, -8.03839]
				},
				"segment12": {
					"rotation": ["25+5*math.sin(q.anim_time*90*1-50)", 12.5, 0]
				},
				"segment13": {
					"rotation": ["2.5+5*math.sin(q.anim_time*90*1-90)", 15, 0]
				},
				"segment14": {
					"rotation": ["-7.5+10*math.sin(q.anim_time*90*3-50)", 37.5, 0]
				}
			}
		},
		"animation.onix.faint": {
			"animation_length": 3,
			"bones": {
				"body": {
					"rotation": {
						"0.0": [0, 0, 0],
						"1.1667": {
							"pre": [0, 0, 0],
							"post": [0, 0, 0],
							"lerp_mode": "catmullrom"
						},
						"1.3333": {
							"post": [-2, 0, -8.7],
							"lerp_mode": "catmullrom"
						},
						"1.4583": {
							"post": [0, 0, -22.5],
							"lerp_mode": "catmullrom"
						},
						"1.8333": {
							"post": [0, 0, 2.5],
							"lerp_mode": "catmullrom"
						},
						"1.9167": {
							"post": [14.99591, 3.7127, -11.79845],
							"lerp_mode": "catmullrom"
						},
						"2.0": [0.21865, 4.99523, 2.50954]
					},
					"position": {
						"0.0": [0, 29, 6.15],
						"0.4167": {
							"pre": [-2.5, 26.25, 4.4],
							"post": [-2.5, 26.25, 4.4],
							"lerp_mode": "catmullrom"
						},
						"0.6667": {
							"post": [-2.5, 29, 9.65],
							"lerp_mode": "catmullrom"
						},
						"0.9583": {
							"post": [0.17, 30.62, 9.89],
							"lerp_mode": "catmullrom"
						},
						"1.0": {
							"post": [0.66, 29.56, 9.86],
							"lerp_mode": "catmullrom"
						},
						"1.0417": {
							"post": [0.98, 30.56, 9.8],
							"lerp_mode": "catmullrom"
						},
						"1.0833": {
							"post": [1.32, 29.26, 9.72],
							"lerp_mode": "catmullrom"
						},
						"1.125": {
							"post": [2, 29, 9.65],
							"lerp_mode": "catmullrom"
						},
						"1.25": {
							"post": [5.09, 22.27, 9.65],
							"lerp_mode": "catmullrom"
						},
						"1.3333": {
							"post": [7.12, 19.74, 11.48],
							"lerp_mode": "catmullrom"
						},
						"1.5": {
							"post": [11.65, 20.96, 15.15],
							"lerp_mode": "catmullrom"
						},
						"1.6667": {
							"post": [15.54, 19.51, 9.65],
							"lerp_mode": "catmullrom"
						},
						"1.8333": [17, -1, 9.65],
						"1.9167": [17, 0, 9.65],
						"1.9583": [17, -1, 9.65],
						"2.0": [17, 0, 9.65],
						"2.0417": [17, 1, 9.65],
						"2.125": [17, -0.25, 9.65]
					}
				},
				"head": {
					"rotation": {
						"0.0": [18.66978, 0, 0],
						"0.5417": {
							"pre": [30.79513, 16.60951, 1.1278],
							"post": [30.79513, 16.60951, 1.1278],
							"lerp_mode": "catmullrom"
						},
						"1.0833": {
							"post": [-23.07753, -2.91887, -10.18568],
							"lerp_mode": "catmullrom"
						},
						"1.4167": {
							"post": [40.65189, -11.02145, 19.95306],
							"lerp_mode": "catmullrom"
						},
						"1.5417": {
							"post": [37.3053, -2.9246, 24.25515],
							"lerp_mode": "catmullrom"
						},
						"1.75": {
							"post": [-20.17519, 16.29194, 27.63886],
							"lerp_mode": "catmullrom"
						},
						"1.8333": {
							"post": [-25.78555, 20.05798, 30.45072],
							"lerp_mode": "catmullrom"
						},
						"1.9167": {
							"post": [-10.02301, 6.15765, 50.50424],
							"lerp_mode": "catmullrom"
						},
						"2.0417": {
							"post": [9.60493, -6.47661, 51.54481],
							"lerp_mode": "catmullrom"
						},
						"2.1667": {
							"post": [0.32816, 9.63491, 49.86124],
							"lerp_mode": "catmullrom"
						},
						"2.2083": {
							"post": [3.92651, -3.32652, 50.60851],
							"lerp_mode": "catmullrom"
						},
						"2.2917": {
							"post": [0.92351, 0.64847, 50.24269],
							"lerp_mode": "catmullrom"
						},
						"2.3333": [2.42758, -1.33663, 50.45158]
					},
					"position": {
						"0.0": [0, 0.34202, -0.25],
						"1.5833": {
							"pre": [0, 9.59, -0.25],
							"post": [0, 9.59, -0.25],
							"lerp_mode": "catmullrom"
						},
						"1.75": {
							"post": [7, 4.97, -0.25],
							"lerp_mode": "catmullrom"
						},
						"2.0": [0, 0.34, -0.25],
						"2.0417": [-1.25, 3.34, -0.25],
						"2.2917": [0, 0.34, -0.25],
						"2.9583": [-0.00119, 0.34086, -0.24821]
					}
				},
				"jaw": {
					"rotation": {
						"0.0": [0, 0, 0],
						"0.5417": [0, 0, 0],
						"0.875": [37.111, 5.50399, 3.6395],
						"1.875": [37.11, 5.5, 3.64],
						"2.0": [-2.89, 5.5, 3.64],
						"2.125": [-2.89, 5.5, 3.64],
						"2.2917": [4.61, 5.5, 3.64]
					}
				},
				"segment1": {
					"rotation": {
						"0.0": [-9.91238, 4.8746, -1.943],
						"1.1667": [-9.91238, 4.8746, -1.943],
						"1.4583": [10.2499, -6.32775, 33.23562],
						"1.7083": [13.60327, -15.92976, 63.38872],
						"1.875": [10.62821, 2.00318, 63.55624],
						"1.9583": [10.50859, 2.30745, 68.54105],
						"2.0833": [10.66798, 1.90197, 63.56591]
					},
					"position": {
						"0.0": [0, 0, 0],
						"1.8333": [0, 0, 0],
						"1.875": [0, 2, 0],
						"1.9167": [0, 0, 0],
						"1.9583": [0, 3, 0],
						"2.0": [0, 0, 0]
					}
				},
				"boulder1": {
					"rotation": [0, 0, 0],
					"position": {
						"0.0": [0, 0, 0],
						"1.5417": [0, 6.75, 1.75],
						"1.8333": [0, 0, 0],
						"2.0": [-5.22989, 2.27294, 1.06471],
						"2.0833": [0.87438, 1.47651, 0.99325]
					}
				},
				"segment2": {
					"rotation": {
						"0.0": [-60.2803, -17.67499, 0.80042],
						"1.125": [-64.91, -21.44, 9.55],
						"1.4167": [-55.26142, -8.47317, -15.17416],
						"1.4583": [-66.77262, -7.58919, -17.27016],
						"1.625": [-75.31745, -4.05329, -25.65414],
						"1.875": [-67.99674, -23.95807, 15.38781]
					}
				},
				"segment3": {
					"rotation": {
						"0.0": [-20.51316, 7.63123, 40.23905],
						"0.4167": {
							"pre": [-23.82165, 16.93447, 36.48601],
							"post": [-23.82165, 16.93447, 36.48601],
							"lerp_mode": "catmullrom"
						},
						"1.2083": {
							"post": [-23.8134, 9.06605, 37.24937],
							"lerp_mode": "catmullrom"
						},
						"1.3333": {
							"post": [-36.49717, 10.77618, 36.46335],
							"lerp_mode": "catmullrom"
						},
						"1.4167": {
							"post": [-30.50958, -2.1082, 42.11222],
							"lerp_mode": "catmullrom"
						},
						"1.4583": {
							"post": [-23.70362, -5.82343, 43.7729],
							"lerp_mode": "catmullrom"
						},
						"1.625": {
							"post": [-23.08934, 11.27445, 36.56096],
							"lerp_mode": "catmullrom"
						},
						"1.875": [-23.49792, -0.09745, 41.2698]
					}
				},
				"segment4": {
					"rotation": {
						"0.0": [-37.8942, 6.63281, 3.3336],
						"1.1667": {
							"pre": [-30.36257, 10.53999, 18.07957],
							"post": [-30.36257, 10.53999, 18.07957],
							"lerp_mode": "catmullrom"
						},
						"1.2917": {
							"post": [-42.47074, 19.66505, 17.24811],
							"lerp_mode": "catmullrom"
						},
						"1.4167": {
							"post": [-49.72476, 17.27826, 25.72993],
							"lerp_mode": "catmullrom"
						},
						"1.625": {
							"post": [-36.12412, 12.88918, 42.33865],
							"lerp_mode": "catmullrom"
						},
						"1.7083": {
							"post": [-11.97503, 29.10679, 45.32325],
							"lerp_mode": "catmullrom"
						},
						"2.1667": [-9.87099, 36.73324, 28.63712]
					},
					"position": [0, 0, 0]
				},
				"segment5": {
					"rotation": {
						"0.0": [25.3043, 48.71139, 1.69683],
						"1.0833": {
							"pre": [-12.08, -10.22, 52.39],
							"post": [-12.08, -10.22, 52.39],
							"lerp_mode": "catmullrom"
						},
						"1.2083": {
							"post": [-15.59184, -5.39002, 62.60749],
							"lerp_mode": "catmullrom"
						},
						"1.375": {
							"post": [-22.14842, -26.08532, 66.04277],
							"lerp_mode": "catmullrom"
						},
						"1.5417": {
							"post": [3.63484, 5.43551, 30.66344],
							"lerp_mode": "catmullrom"
						},
						"1.7083": {
							"post": [6.00873, 1.88946, 29.73823],
							"lerp_mode": "catmullrom"
						},
						"2.1667": [-3.31873, -7.13912, 30.86049]
					}
				},
				"segment6": {
					"rotation": {
						"0.0": [79.0709, 46.0248, 33.6955],
						"1.2917": {
							"pre": [17.12193, 63.36964, 25.90616],
							"post": [17.12193, 63.36964, 25.90616],
							"lerp_mode": "catmullrom"
						},
						"1.5833": {
							"post": [-2.83692, 40.18462, 38.86153],
							"lerp_mode": "catmullrom"
						},
						"1.7917": {
							"post": [37.53841, 35.53206, 59.49902],
							"lerp_mode": "catmullrom"
						},
						"2.1667": [53.02394, 19.08982, 103.29266]
					},
					"position": [0, 0, 0]
				},
				"segment7": {
					"rotation": {
						"0.0": [52.01918, -0.20921, -1.42378],
						"0.625": {
							"pre": [58.87094, -0.94279, 1.328],
							"post": [58.87094, -0.94279, 1.328],
							"lerp_mode": "catmullrom"
						},
						"1.0": {
							"post": [33.59863, -12.53799, 20.34966],
							"lerp_mode": "catmullrom"
						},
						"1.2917": {
							"post": [16.16569, -14.74862, 4.12754],
							"lerp_mode": "catmullrom"
						},
						"1.625": {
							"post": [-24.02321, 4.70512, 7.98184],
							"lerp_mode": "catmullrom"
						},
						"1.75": {
							"post": [14.30777, 35.56379, 18.92406],
							"lerp_mode": "catmullrom"
						},
						"1.8333": {
							"post": [9.70857, 3.52176, 9.97756],
							"lerp_mode": "catmullrom"
						},
						"2.125": [18.71649, -14.39465, 3.65911]
					}
				},
				"segment8": {
					"rotation": {
						"0.0": [6.15731, -47.61105, 81.66142],
						"0.8333": {
							"pre": [26.94168, -69.03806, 58.55621],
							"post": [26.94168, -69.03806, 58.55621],
							"lerp_mode": "catmullrom"
						},
						"1.2917": {
							"post": [4.16008, -25.29283, 83.24622],
							"lerp_mode": "catmullrom"
						},
						"1.4583": {
							"post": [-16.12758, 0.74977, 81.65648],
							"lerp_mode": "catmullrom"
						},
						"1.625": {
							"post": [7.64841, 28.91978, 92.11695],
							"lerp_mode": "catmullrom"
						},
						"1.7917": {
							"post": [6.42, -8.79, 85.48],
							"lerp_mode": "catmullrom"
						},
						"1.875": {
							"post": [34.42344, -11.59617, 84.7457],
							"lerp_mode": "catmullrom"
						},
						"1.9583": [8.43378, -20.01467, 82.54278],
						"2.0417": [20.90713, -16.48963, 80.52526],
						"2.1667": [8.0275, -18.49945, 83.22936]
					}
				},
				"segment9": {
					"rotation": {
						"0.0": [1.23711, -11.6562, 0.93056],
						"0.5417": {
							"pre": [30.66683, -26.57479, -22.20145],
							"post": [30.66683, -26.57479, -22.20145],
							"lerp_mode": "catmullrom"
						},
						"0.9583": {
							"post": [4.30319, -49.3643, -8.87846],
							"lerp_mode": "catmullrom"
						},
						"1.2917": {
							"post": [1.70182, -34.08163, 2.21407],
							"lerp_mode": "catmullrom"
						},
						"1.4583": {
							"post": [38.36419, 2.39484, 2.35959],
							"lerp_mode": "catmullrom"
						},
						"1.625": {
							"post": [1.81006, 17.2488, -12.89224],
							"lerp_mode": "catmullrom"
						},
						"2.0": [32.48209, 16.57143, -92.97366],
						"2.25": [31.53439, 10.20888, -97.05801]
					}
				},
				"segment10": {
					"rotation": {
						"0.0": [-3.66071, 37.24621, -4.12965],
						"1.0417": [-1.68435, -19.75613, -6.01622],
						"1.2917": [1.32663, -34.99253, -1.99629],
						"1.625": [32.92848, 25.27887, 2.38458],
						"2.0": [32.93, 25.28, 2.38]
					},
					"position": {
						"1.6667": [0, 0, 0],
						"1.7917": [2, -1, 0],
						"2.0": [0, 0, 0]
					}
				},
				"segment11": {
					"rotation": {
						"0.0": [-0.26298, 29.91872, 2.14784],
						"1.2917": [2.72512, -42.44798, 0.54413],
						"1.375": [1.70938, -31.26723, -14.6304],
						"1.625": [29.68327, 36.04161, -2.65474],
						"1.8333": [-26.71144, 16.55655, -2.45835],
						"1.9583": [35.19, 29.36, -9.18],
						"2.0417": [40.37548, 22.41036, 18.82628],
						"2.125": [35.19, 29.36, -9.18],
						"2.2917": [35.19, 29.36, -9.18]
					},
					"position": {
						"1.7083": [0, 0, 0],
						"1.8333": [1, 0, 0],
						"2.0417": [0, 0, 0]
					}
				},
				"segment12": {
					"rotation": {
						"0.0": [-0.18216, 34.90517, 2.55268],
						"1.2917": [-1.44618, -32.57429, 1.27821],
						"1.375": [-16.24301, -29.63381, -11.59637],
						"1.625": [-24.67913, 34.70011, -45.11781],
						"1.8333": [-6.50852, -11.2078, -30.87898],
						"2.0": [13.56358, 30.22946, -26.84537]
					},
					"position": {
						"1.75": [0, 0, 0],
						"1.875": [1, 0, 0],
						"2.125": [0, 0, 0]
					}
				},
				"segment13": {
					"rotation": {
						"0.0": [11.96205, 34.90517, 2.55268],
						"1.2917": [9.63179, -30.01494, -0.06271],
						"1.625": [-6.48308, -19.83988, -93.48453],
						"1.875": [34.46186, -5.93367, -64.68521],
						"2.25": [10.42389, 0.62823, -70.30275],
						"2.3333": [10.81467, 15.37427, -67.51903]
					}
				},
				"segment14": {
					"rotation": {
						"0.0": [19.41595, 32.41201, 2.34642],
						"1.2917": [1.20475, -49.90535, 21.23179]
					}
				},
				"eyelid_right": {
					"position": {
						"0.0833": [0, 0, 0],
						"0.125": [0, 0, -0.1],
						"0.3333": [0, 0, -0.1],
						"0.375": [0, 0, 0],
						"1.25": [0, 0, 0],
						"1.2917": [0, 0, -0.1]
					}
				},
				"eyelid_left": {
					"position": {
						"0.0833": [0, 0, 0],
						"0.125": [0, 0, -0.1],
						"0.3333": [0, 0, -0.1],
						"0.375": [0, 0, 0],
						"1.25": [0, 0, 0],
						"1.2917": [0, 0, -0.1]
					}
				},
				"boulder4": {
					"position": {
						"0.0": [0, 0, 0],
						"0.7083": {
							"pre": [-0.09, -1.7, -0.42],
							"post": [-0.09, -1.7, -0.42],
							"lerp_mode": "catmullrom"
						},
						"1.2083": {
							"post": [-0.15, 3.5, -0.72],
							"lerp_mode": "catmullrom"
						},
						"1.7083": {
							"post": [-0.2174, -1.40821, -1.01596],
							"lerp_mode": "catmullrom"
						},
						"1.8333": {
							"post": [0, 0, 0],
							"lerp_mode": "catmullrom"
						},
						"1.9583": [-0.48806, -3.16111, 0.13838],
						"2.0": [0.74807, -5.94086, 1.12425],
						"2.0833": [2.87278, -3.51346, 1.51123],
						"2.125": [3.20007, -3.14363, 1.59261]
					}
				},
				"boulder5": {
					"position": {
						"0.0": [0, 0, 0],
						"1.8333": [0, 0, 0],
						"1.9583": [-3.53306, -3.58743, -1.86019],
						"2.0417": [-5.61371, 2.8095, -1.99068]
					}
				},
				"boulder10": {
					"position": {
						"0.0": [0, 0, 0],
						"1.9583": [0, 0, 0],
						"2.0417": [-1.71602, -3.91129, 0.08446],
						"2.2917": [-0.13852, -4.54432, 0.47884]
					}
				},
				"boulder13": {
					"position": {
						"0.0": [0, 0, 0],
						"1.9583": [0, 0, 0],
						"2.1667": [0.38588, -4.00473, -2.01575]
					}
				},
				"boulder2": {
					"position": {
						"0.0": [0, 0, 0],
						"0.7083": {
							"pre": [-1, -1.53, 0],
							"post": [-1, -1.53, 0],
							"lerp_mode": "catmullrom"
						},
						"1.25": {
							"post": [0.4, 3.48, -0.75],
							"lerp_mode": "catmullrom"
						},
						"1.7083": {
							"post": [0, 4.75, 0],
							"lerp_mode": "catmullrom"
						},
						"1.8333": [0, 0, 0],
						"2.0417": [-2.5, 0, 0]
					}
				},
				"boulder9": {
					"position": {
						"0.0": [0, 0, 0],
						"1.875": [0, 0, 0],
						"1.9583": [6, 0, 0],
						"2.0417": [0, 0, 0]
					}
				},
				"boulder14": {
					"position": {
						"0.0": [0, 0, 0],
						"2.0": [0, 0, 0],
						"2.0833": [-2.33607, -0.83132, 0.75522],
						"2.3333": [-3.14361, 2.73755, -2.01321]
					}
				}
			}
		},
		"animation.onix.summary_idle": {
			"loop": true,
			"animation_length": 4.1,
			"bones": {
				"onix": {
					"rotation": {
						"0.0": {
							"post": [0, 0, 0],
							"lerp_mode": "catmullrom"
						},
						"0.6": {
							"post": [5, 0, 0],
							"lerp_mode": "catmullrom"
						},
						"1.0": {
							"post": [5, 0, 0],
							"lerp_mode": "catmullrom"
						},
						"1.6": {
							"post": [0, 0, 0],
							"lerp_mode": "catmullrom"
						},
						"2.1": {
							"post": [0, 0, 0],
							"lerp_mode": "catmullrom"
						},
						"2.55": {
							"post": [5, 0, 0],
							"lerp_mode": "catmullrom"
						},
						"3.0": {
							"post": [5, 0, 0],
							"lerp_mode": "catmullrom"
						},
						"3.6": {
							"post": [0, 0, 0],
							"lerp_mode": "catmullrom"
						},
						"4.1": {
							"post": [0, 0, 0],
							"lerp_mode": "catmullrom"
						}
					},
					"position": {
						"0.0": {
							"post": [0, 0, 0],
							"lerp_mode": "catmullrom"
						},
						"0.6": {
							"post": [0, -0.55, 2.175],
							"lerp_mode": "catmullrom"
						},
						"1.0": {
							"post": [0, -0.55, 2.175],
							"lerp_mode": "catmullrom"
						},
						"1.6": {
							"post": [0, 0, 0],
							"lerp_mode": "catmullrom"
						},
						"2.1": {
							"post": [0, 0, 0],
							"lerp_mode": "catmullrom"
						},
						"2.55": {
							"post": [0, -0.55, 2.175],
							"lerp_mode": "catmullrom"
						},
						"3.0": {
							"post": [0, -0.55, 2.175],
							"lerp_mode": "catmullrom"
						},
						"3.6": {
							"post": [0, 0, 0],
							"lerp_mode": "catmullrom"
						},
						"4.1": {
							"post": [0, 0, 0],
							"lerp_mode": "catmullrom"
						}
					}
				},
				"body": {
					"position": {
						"0.0": {
							"post": [0, 29, 14],
							"lerp_mode": "catmullrom"
						},
						"1.6": {
							"post": [0, 29, 14],
							"lerp_mode": "catmullrom"
						},
						"2.1": {
							"post": [0, 29, 14],
							"lerp_mode": "catmullrom"
						},
						"3.6": {
							"post": [0, 29, 14],
							"lerp_mode": "catmullrom"
						},
						"4.1": {
							"post": [0, 29, 14],
							"lerp_mode": "catmullrom"
						}
					}
				},
				"head": {
					"rotation": {
						"0.0": {
							"post": [17.5, 0, 0],
							"lerp_mode": "catmullrom"
						},
						"0.75": {
							"post": [12.5, 0, 0],
							"lerp_mode": "catmullrom"
						},
						"1.6": {
							"post": [17.5, 0, 0],
							"lerp_mode": "catmullrom"
						},
						"2.9": {
							"post": [10, 0, 0],
							"lerp_mode": "catmullrom"
						},
						"4.1": {
							"post": [17.5, 0, 0],
							"lerp_mode": "catmullrom"
						}
					}
				},
				"segment1": {
					"rotation": {
						"0.0": {
							"post": [-42.60882, 3.68425, -3.38262],
							"lerp_mode": "catmullrom"
						},
						"1.6": {
							"post": [-42.60882, 3.68425, -3.38262],
							"lerp_mode": "catmullrom"
						},
						"2.1": {
							"post": [-42.60882, 3.68425, -3.38262],
							"lerp_mode": "catmullrom"
						},
						"3.6": {
							"post": [-42.60882, 3.68425, -3.38262],
							"lerp_mode": "catmullrom"
						},
						"4.1": {
							"post": [-42.60882, 3.68425, -3.38262],
							"lerp_mode": "catmullrom"
						}
					}
				},
				"segment2": {
					"rotation": {
						"0.0": {
							"post": [-55.9276, -8.53726, 12.37961],
							"lerp_mode": "catmullrom"
						},
						"0.6": {
							"post": [-60.9276, -8.53726, 12.37961],
							"lerp_mode": "catmullrom"
						},
						"1.0": {
							"post": [-60.9276, -8.53726, 12.37961],
							"lerp_mode": "catmullrom"
						},
						"1.6": {
							"post": [-55.9276, -8.53726, 12.37961],
							"lerp_mode": "catmullrom"
						},
						"2.1": {
							"post": [-55.9276, -8.53726, 12.37961],
							"lerp_mode": "catmullrom"
						},
						"2.55": {
							"post": [-60.9276, -8.53726, 12.37961],
							"lerp_mode": "catmullrom"
						},
						"3.0": {
							"post": [-60.9276, -8.53726, 12.37961],
							"lerp_mode": "catmullrom"
						},
						"3.6": {
							"post": [-55.9276, -8.53726, 12.37961],
							"lerp_mode": "catmullrom"
						},
						"4.1": {
							"post": [-55.9276, -8.53726, 12.37961],
							"lerp_mode": "catmullrom"
						}
					}
				},
				"segment3": {
					"rotation": {
						"0.0": {
							"post": [-12.14779, -5.46615, -1.46026],
							"lerp_mode": "catmullrom"
						},
						"1.6": {
							"post": [-12.14779, -5.46615, -1.46026],
							"lerp_mode": "catmullrom"
						},
						"2.1": {
							"post": [-12.14779, -5.46615, -1.46026],
							"lerp_mode": "catmullrom"
						},
						"3.6": {
							"post": [-12.14779, -5.46615, -1.46026],
							"lerp_mode": "catmullrom"
						},
						"4.1": {
							"post": [-12.14779, -5.46615, -1.46026],
							"lerp_mode": "catmullrom"
						}
					}
				},
				"boulder3": {
					"rotation": [0, 0, 0]
				},
				"segment4": {
					"rotation": {
						"0.0": {
							"post": [-20, -10, 0],
							"lerp_mode": "catmullrom"
						},
						"1.6": {
							"post": [-20, -10, 0],
							"lerp_mode": "catmullrom"
						},
						"2.1": {
							"post": [-20, -10, 0],
							"lerp_mode": "catmullrom"
						},
						"3.6": {
							"post": [-20, -10, 0],
							"lerp_mode": "catmullrom"
						},
						"4.1": {
							"post": [-20, -10, 0],
							"lerp_mode": "catmullrom"
						}
					}
				},
				"segment5": {
					"rotation": {
						"0.0": {
							"post": [44.98619, 50.65293, 106.02963],
							"lerp_mode": "catmullrom"
						},
						"1.6": {
							"post": [44.98619, 50.65293, 106.02963],
							"lerp_mode": "catmullrom"
						},
						"2.1": {
							"post": [44.98619, 50.65293, 106.02963],
							"lerp_mode": "catmullrom"
						},
						"3.6": {
							"post": [44.98619, 50.65293, 106.02963],
							"lerp_mode": "catmullrom"
						},
						"4.1": {
							"post": [44.98619, 50.65293, 106.02963],
							"lerp_mode": "catmullrom"
						}
					}
				},
				"boulder5": {
					"rotation": {
						"0.0": {
							"post": [0, 0, 17.5],
							"lerp_mode": "catmullrom"
						},
						"1.6": {
							"post": [0, 0, 17.5],
							"lerp_mode": "catmullrom"
						},
						"2.1": {
							"post": [0, 0, 17.5],
							"lerp_mode": "catmullrom"
						},
						"3.6": {
							"post": [0, 0, 17.5],
							"lerp_mode": "catmullrom"
						},
						"4.1": {
							"post": [0, 0, 17.5],
							"lerp_mode": "catmullrom"
						}
					}
				},
				"segment6": {
					"rotation": {
						"0.0": {
							"post": [48.99783, 4.6714, 12.5985],
							"lerp_mode": "catmullrom"
						},
						"1.6": {
							"post": [48.99783, 4.6714, 12.5985],
							"lerp_mode": "catmullrom"
						},
						"2.1": {
							"post": [48.99783, 4.6714, 12.5985],
							"lerp_mode": "catmullrom"
						},
						"3.6": {
							"post": [48.99783, 4.6714, 12.5985],
							"lerp_mode": "catmullrom"
						},
						"4.1": {
							"post": [48.99783, 4.6714, 12.5985],
							"lerp_mode": "catmullrom"
						}
					}
				},
				"segment7": {
					"rotation": {
						"0.0": {
							"post": [27.19663, 3.36208, -1.05954],
							"lerp_mode": "catmullrom"
						},
						"1.6": {
							"post": [27.19663, 3.36208, -1.05954],
							"lerp_mode": "catmullrom"
						},
						"2.1": {
							"post": [27.19663, 3.36208, -1.05954],
							"lerp_mode": "catmullrom"
						},
						"3.6": {
							"post": [27.19663, 3.36208, -1.05954],
							"lerp_mode": "catmullrom"
						},
						"4.1": {
							"post": [27.19663, 3.36208, -1.05954],
							"lerp_mode": "catmullrom"
						}
					}
				},
				"segment8": {
					"rotation": {
						"0.0": {
							"post": [42.5, 0, 0],
							"lerp_mode": "catmullrom"
						},
						"1.6": {
							"post": [42.5, 0, 0],
							"lerp_mode": "catmullrom"
						},
						"2.1": {
							"post": [42.5, 0, 0],
							"lerp_mode": "catmullrom"
						},
						"3.6": {
							"post": [42.5, 0, 0],
							"lerp_mode": "catmullrom"
						},
						"4.1": {
							"post": [42.5, 0, 0],
							"lerp_mode": "catmullrom"
						}
					}
				},
				"segment9": {
					"rotation": {
						"0.0": {
							"post": [52.5, 0, 0],
							"lerp_mode": "catmullrom"
						},
						"0.85": {
							"post": [53.5, 0, 0],
							"lerp_mode": "catmullrom"
						},
						"1.6": {
							"post": [52.5, 0, 0],
							"lerp_mode": "catmullrom"
						},
						"2.1": {
							"post": [52.5, 0, 0],
							"lerp_mode": "catmullrom"
						},
						"2.8": {
							"post": [53.5, 0, 0],
							"lerp_mode": "catmullrom"
						},
						"3.6": {
							"post": [52.5, 0, 0],
							"lerp_mode": "catmullrom"
						},
						"4.1": {
							"post": [52.5, 0, 0],
							"lerp_mode": "catmullrom"
						}
					}
				},
				"segment10": {
					"rotation": {
						"0.0": {
							"post": [32.52473, -2.10829, -1.34386],
							"lerp_mode": "catmullrom"
						},
						"1.6": {
							"post": [32.52473, -2.10829, -1.34386],
							"lerp_mode": "catmullrom"
						},
						"2.1": {
							"post": [32.52473, -2.10829, -1.34386],
							"lerp_mode": "catmullrom"
						},
						"3.6": {
							"post": [32.52473, -2.10829, -1.34386],
							"lerp_mode": "catmullrom"
						},
						"4.1": {
							"post": [32.52473, -2.10829, -1.34386],
							"lerp_mode": "catmullrom"
						}
					}
				},
				"segment11": {
					"rotation": {
						"0.0": {
							"post": [20, 0, 0],
							"lerp_mode": "catmullrom"
						},
						"0.85": {
							"post": [18, 0, 0],
							"lerp_mode": "catmullrom"
						},
						"1.6": {
							"post": [20, 0, 0],
							"lerp_mode": "catmullrom"
						},
						"2.8": {
							"post": [18, 0, 0],
							"lerp_mode": "catmullrom"
						},
						"4.1": {
							"post": [20, 0, 0],
							"lerp_mode": "catmullrom"
						}
					}
				},
				"segment12": {
					"rotation": {
						"0.0": {
							"post": [-17.5, 0, 0],
							"lerp_mode": "catmullrom"
						},
						"0.45": {
							"post": [-18.5, 0, 0],
							"lerp_mode": "catmullrom"
						},
						"1.1": {
							"post": [-18.5, 0, 0],
							"lerp_mode": "catmullrom"
						},
						"1.6": {
							"post": [-17.5, 0, 0],
							"lerp_mode": "catmullrom"
						},
						"2.1": {
							"post": [-17.5, 0, 0],
							"lerp_mode": "catmullrom"
						},
						"2.4": {
							"post": [-18.5, 0, 0],
							"lerp_mode": "catmullrom"
						},
						"3.05": {
							"post": [-18.5, 0, 0],
							"lerp_mode": "catmullrom"
						},
						"3.6": {
							"post": [-17.5, 0, 0],
							"lerp_mode": "catmullrom"
						},
						"4.1": {
							"post": [-17.5, 0, 0],
							"lerp_mode": "catmullrom"
						}
					}
				},
				"segment13": {
					"rotation": {
						"0.0": {
							"post": [-17.5, 0, 0],
							"lerp_mode": "catmullrom"
						},
						"1.6": {
							"post": [-17.5, 0, 0],
							"lerp_mode": "catmullrom"
						},
						"2.1": {
							"post": [-17.5, 0, 0],
							"lerp_mode": "catmullrom"
						},
						"3.6": {
							"post": [-17.5, 0, 0],
							"lerp_mode": "catmullrom"
						},
						"4.1": {
							"post": [-17.5, 0, 0],
							"lerp_mode": "catmullrom"
						}
					}
				},
				"segment14": {
					"rotation": {
						"0.0": {
							"post": [-30, 0, 0],
							"lerp_mode": "catmullrom"
						},
						"1.6": {
							"post": [-30, 0, 0],
							"lerp_mode": "catmullrom"
						},
						"2.1": {
							"post": [-30, 0, 0],
							"lerp_mode": "catmullrom"
						},
						"3.6": {
							"post": [-30, 0, 0],
							"lerp_mode": "catmullrom"
						},
						"4.1": {
							"post": [-30, 0, 0],
							"lerp_mode": "catmullrom"
						}
					}
				}
			}
		}
	}
}