{
	"format_version": "1.8.0",
	"animations": {
		"animation.ninetales_alolan.blink": {
			"animation_length": 0.16667,
			"bones": {
				"eyelid_right": {
					"position": {
						"0.0": [-0.1, 0, 0],
						"0.125": [-0.1, 0, 0],
						"0.1667": [0, 0, 0]
					}
				},
				"eyelid_left": {
					"position": {
						"0.0": [0.1, 0, 0],
						"0.125": [0.1, 0, 0],
						"0.1667": [0, 0, 0]
					}
				}
			}
		},
		"animation.ninetales_alolan.ground_idle": {
			"loop": true,
			"bones": {
				"tail21": {
					"rotation": [30, 0, 0]
				},
				"tail22": {
					"rotation": [-30, 0, 0]
				},
				"tail23": {
					"rotation": [-30, 0, 0]
				},
				"tail24": {
					"rotation": [-30, 0, 0]
				},
				"tail25": {
					"rotation": [-15, 0, 0]
				},
				"tail6": {
					"rotation": [15, 0, 0]
				},
				"tail7": {
					"rotation": [-10, 0, 0]
				},
				"tail8": {
					"rotation": [-35, 0, 0]
				},
				"tail9": {
					"rotation": [-30, 0, 0]
				},
				"tail10": {
					"rotation": [-15, 0, 0]
				},
				"tail2": {
					"rotation": [15, 0, 0]
				},
				"tail3": {
					"rotation": [-10, 0, 0]
				},
				"tail4": {
					"rotation": [-35, 0, 0]
				},
				"tail5": {
					"rotation": [-30, 0, 0]
				},
				"tail36": {
					"rotation": [-15, 0, 0]
				},
				"tail37": {
					"rotation": [20, 0, 0]
				},
				"tail38": {
					"rotation": [-12.5, 0, 0]
				},
				"tail39": {
					"rotation": [-35, 0, 0]
				},
				"tail40": {
					"rotation": [-30, 0, 0]
				},
				"tail41": {
					"rotation": [-15, 0, 0]
				},
				"tail42": {
					"rotation": [20, 0, 0]
				},
				"tail43": {
					"rotation": [-12.5, 0, 0]
				},
				"tail44": {
					"rotation": [-35, 0, 0]
				},
				"tail45": {
					"rotation": [-30, 0, 0]
				},
				"tail46": {
					"rotation": [-15, 0, 0]
				},
				"tail26": {
					"rotation": [30, 0, 0]
				},
				"tail27": {
					"rotation": [-17.5, 0, 0]
				},
				"tail28": {
					"rotation": [-40, 0, 0]
				},
				"tail29": {
					"rotation": [-30, 0, 0]
				},
				"tail30": {
					"rotation": [-15, 0, 0]
				},
				"tail31": {
					"rotation": [30, 0, 0]
				},
				"tail32": {
					"rotation": [-17.5, 0, 0]
				},
				"tail33": {
					"rotation": [-40, 0, 0]
				},
				"tail34": {
					"rotation": [-30, 0, 0]
				},
				"tail35": {
					"rotation": [-15, 0, 0]
				},
				"tail16": {
					"rotation": [30, 0, 0]
				},
				"tail17": {
					"rotation": [-20, 0, 0]
				},
				"tail18": {
					"rotation": [-40, 0, 0]
				},
				"tail19": {
					"rotation": [-30, 0, 0]
				},
				"tail20": {
					"rotation": [-15, 0, 0]
				},
				"tail11": {
					"rotation": [30, 0, 0]
				},
				"tail12": {
					"rotation": [-20, 0, 0]
				},
				"tail13": {
					"rotation": [-40, 0, 0]
				},
				"tail14": {
					"rotation": [-30, 0, 0]
				},
				"tail15": {
					"rotation": [-15, 0, 0]
				}
			}
		},
		"animation.ninetales_alolan.sleep": {
			"loop": true,
			"bones": {
				"head_hair": {
					"rotation": [-7.41043, 4.43385, 2.31336]
				},
				"head_hair2": {
					"rotation": [-7.47168, 4.95712, 0.65426]
				},
				"head_hair3": {
					"rotation": [-12.5, 7.5, 0]
				},
				"head_hair4": {
					"rotation": [-10, 7.5, 0]
				},
				"leg_front_right": {
					"rotation": [-86.63109, 17.13989, -7.22666],
					"position": [0.75, -0.25, 0]
				},
				"leg_front_left": {
					"rotation": [-82.12166, 13.44556, 4.31793],
					"position": [-0.5, -0.5, 0]
				},
				"body": {
					"rotation": [2.4905, -0.21782, 2.49527],
					"position": [0, -10, 0]
				},
				"neck": {
					"rotation": [86.82546, 9.23804, 16.59747]
				},
				"neck_fluff_right": {
					"rotation": [0, -27.5, 0]
				},
				"neck_fluff_left": {
					"rotation": [0, 42.5, 0]
				},
				"head": {
					"rotation": [-53.99526, 6.67477, "-36.1162+math.sin(q.anim_time*90*1-70)*0.5"],
					"position": [0, 0, 0]
				},
				"eyelid_right": {
					"position": [-0.1, 0, 0]
				},
				"eyelid_left": {
					"position": [0.1, 0, 0]
				},
				"head_tail1": {
					"rotation": [-30.97547, 8.62826, -7.11919]
				},
				"head_tail2": {
					"rotation": [-24.13958, 17.02441, -7.21263]
				},
				"head_tail3": {
					"rotation": [18.34388, 24.9283, -5.46787]
				},
				"head_tail_top1": {
					"rotation": [-17.5, 12.5, 0]
				},
				"head_tail_top2": {
					"rotation": [-8.08823, 21.52763, -10.09191]
				},
				"head_tail_top3": {
					"rotation": [-24.08166, 31.16675, -18.3568]
				},
				"head_tail_top4": {
					"rotation": [9.9237, 2.57529, -0.86805]
				},
				"head_tail_top5": {
					"rotation": [25.08377, -4.53051, -2.11751]
				},
				"head_tail_bottom1": {
					"rotation": [11.02656, 33.79666, -8.21206]
				},
				"head_tail_bottom2": {
					"rotation": [0, 60, 0]
				},
				"head_tail_bottom3": {
					"rotation": [-12.68664, 9.76061, -2.18558]
				},
				"head_tail_bottom4": {
					"rotation": [-25.18908, 6.79382, -3.18458]
				},
				"head_tail_bottom5": {
					"rotation": [-20, 0, 0]
				},
				"ear_right": {
					"rotation": [17.20495, 7.73721, -21.78957]
				},
				"ear_left": {
					"rotation": [20.38728, -7.78969, 18.99838]
				},
				"head_hair_right": {
					"rotation": [-17.5, 5, 0]
				},
				"head_hair_right2": {
					"rotation": [-22.5, -27.5, 0]
				},
				"head_hair_right3": {
					"rotation": [0, -32.5, 0]
				},
				"head_hair_right4": {
					"rotation": [-25.53051, -11.31255, 5.35254]
				},
				"head_hair_right5": {
					"rotation": [0, 17.5, 0]
				},
				"head_hair_left": {
					"rotation": [-20, 7.5, 0]
				},
				"head_hair_left2": {
					"rotation": [-15.47479, 17.22575, -3.13388]
				},
				"head_hair_left3": {
					"rotation": [-1.85885, 29.21893, -7.12284]
				},
				"head_hair_left4": {
					"rotation": [7.68944, 20.25437, 14.97401]
				},
				"head_hair_left5": {
					"rotation": [45.57779, 14.2906, 4.60659]
				},
				"tail21": {
					"rotation": [-12.5, -20, 0]
				},
				"tail22": {
					"rotation": [2.5, -25, 0]
				},
				"tail23": {
					"rotation": [0, -17.5, 0]
				},
				"tail24": {
					"rotation": [0, -17.5, 0]
				},
				"tail25": {
					"rotation": [0, -10, 0]
				},
				"tail2": {
					"rotation": [-12.5, -30, 0]
				},
				"tail3": {
					"rotation": [2.5, -12.5, 0]
				},
				"tail4": {
					"rotation": [5, -12.5, 0]
				},
				"tail5": {
					"rotation": [0, -10, 0]
				},
				"tail36": {
					"rotation": [0, -20, 0]
				},
				"tail6": {
					"rotation": [-7.5, -17.5, 0]
				},
				"tail7": {
					"rotation": [0, -25, 0]
				},
				"tail8": {
					"rotation": [0, -30, 0]
				},
				"tail9": {
					"rotation": [0, -22.5, 0]
				},
				"tail10": {
					"rotation": [0, -20, 0]
				},
				"tail42": {
					"rotation": [-12.5, -25, 0]
				},
				"tail43": {
					"rotation": [2.5, -10, 0]
				},
				"tail44": {
					"rotation": [0, -20, 0]
				},
				"tail45": {
					"rotation": [0, -10, 0]
				},
				"tail46": {
					"rotation": [0, -15, 0]
				},
				"tail37": {
					"rotation": [-12.5, -15, 0]
				},
				"tail38": {
					"rotation": [0, -20, 0]
				},
				"tail39": {
					"rotation": [0, -25, 0]
				},
				"tail40": {
					"rotation": [0, -22.5, 0]
				},
				"tail41": {
					"rotation": [0, -15, 0]
				},
				"tail31": {
					"rotation": [-12.5, -25, 0]
				},
				"tail32": {
					"rotation": [2.5, -7.5, 0]
				},
				"tail33": {
					"rotation": [0, -15, 0]
				},
				"tail34": {
					"rotation": [0, -12.5, 0]
				},
				"tail35": {
					"rotation": [0, -17.5, 0]
				},
				"tail26": {
					"rotation": [-15, -12.5, 0]
				},
				"tail27": {
					"rotation": [0, -25, 0]
				},
				"tail28": {
					"rotation": [0, -30, 0]
				},
				"tail29": {
					"rotation": [0, -17.5, 0]
				},
				"tail30": {
					"rotation": [0, -22.5, 0]
				},
				"tail11": {
					"rotation": [-12.5, -17.5, 0]
				},
				"tail12": {
					"rotation": [2.5, -20, 0]
				},
				"tail13": {
					"rotation": [0, -15, 0]
				},
				"tail14": {
					"rotation": [0, -17.5, 0]
				},
				"tail15": {
					"rotation": [0, -12.5, 0]
				},
				"tail16": {
					"rotation": [-12.5, -15, 0]
				},
				"tail17": {
					"rotation": [0, -25, 0]
				},
				"tail18": {
					"rotation": [0, -27.5, 0]
				},
				"tail19": {
					"rotation": [0, -17.5, 0]
				},
				"tail20": {
					"rotation": [0, -12.5, 0]
				},
				"leg_front_right1": {
					"rotation": [-80.12261, -1.93597, 7.24721]
				},
				"leg_front_right2": {
					"rotation": [-5, 0, 0]
				},
				"leg_front_right3": {
					"rotation": [22.5, 0, 0]
				},
				"leg_front_left1": {
					"rotation": [-82.68406, 2.15393, -9.76758]
				},
				"leg_front_left2": {
					"rotation": [-2.5, 0, 15]
				},
				"leg_front_left3": {
					"rotation": [17.5, 0, 0]
				},
				"leg_back_right": {
					"rotation": [-89.19673, 2.78332, 22.16167],
					"position": [-1, -0.5, 0]
				},
				"leg_back_right2": {
					"rotation": [174.95708, -7.4713, 0.6574]
				},
				"leg_back_right3": {
					"rotation": [62.5, 0, 0]
				},
				"leg_back_left": {
					"rotation": [-92.32417, -1.61888, -12.39638],
					"position": [1, -0.75, 0]
				},
				"leg_back_left2": {
					"rotation": [187.5, 0, 0]
				},
				"leg_back_left3": {
					"rotation": [-50, 0, 0]
				},
				"torso": {
					"rotation": ["math.sin(q.anim_time*90*1)*0.5", 0, 0]
				}
			}
		}
	}
}