{
	"format_version": "1.8.0",
	"animations": {
		"animation.arcanine.blink": {
			"animation_length": 0.16667,
			"bones": {
				"eyelid_left": {
					"position": {
						"0.0": [0.1, 0, -0.1],
						"0.125": [0.1, 0, -0.1],
						"0.1667": [0, 0, 0]
					}
				},
				"eyelid_right": {
					"position": {
						"0.0": [-0.1, 0, -0.1],
						"0.125": [-0.1, 0, -0.1],
						"0.1667": [0, 0, 0]
					}
				}
			}
		},
		"animation.arcanine.ground_idle": {
			"loop": true,
			"bones": {
				"body": {
					"position": [0, "-0.25*Math.cos((query.anim_time-0.25) * 90 * 2) *0.5", 0]
				},
				"head": {
					"rotation": ["6-2*Math.cos((query.anim_time-0) * 90 * 2) *1", 0, "-1*Math.cos((query.anim_time-0.5) * 90 * 2) *1"],
					"position": [0, "-0.25*Math.cos((query.anim_time-0.75) * 90 * 2) *0.5", 0]
				},
				"fluff_front": {
					"rotation": ["2*Math.cos((query.anim_time-1.75) * 90 * 2) *1", "2*Math.cos((query.anim_time-2.25) * 90 * 2) *1", 0],
					"position": [0, "-0.5+0.5*Math.cos((query.anim_time-1.25) * 90 * 2) *0.5", 0]
				},
				"fluff_bottom": {
					"rotation": ["2*Math.cos((query.anim_time-2) * 90 * 2) *1", "2*Math.cos((query.anim_time-2.5) * 90 * 2) *1", 0],
					"position": [0, 0, "-0.5+0.5*Math.cos((query.anim_time-1.5) * 90 * 2) *0.5"]
				},
				"leg_front_left": {
					"position": [0, "0.25*Math.cos((query.anim_time-0.25) * 90 * 2) *0.5", 0]
				},
				"leg_front_left_fur": {
					"rotation": ["-2*Math.cos((query.anim_time-0) * 90 * 2) *1", 0, "-1*Math.cos((query.anim_time-0.5) * 90 * 2) *1"]
				},
				"leg_front_right": {
					"position": [0, "0.25*Math.cos((query.anim_time-0.25) * 90 * 2) *0.5", 0]
				},
				"leg_front_right_fur": {
					"rotation": ["-2*Math.cos((query.anim_time-0) * 90 * 2) *1", 0, "1*Math.cos((query.anim_time-0.5) * 90 * 2) *1"]
				},
				"leg_back_left": {
					"position": [0, "0.25*Math.cos((query.anim_time-0.25) * 90 * 2) *0.5", 0]
				},
				"leg_back_left_fur1": {
					"rotation": ["2*Math.cos((query.anim_time-2) * 90 * 2) *1", "2*Math.cos((query.anim_time-2.5) * 90 * 2) *1", 0],
					"position": [0, 0, "-0.5+0.5*Math.cos((query.anim_time-1.5) * 90 * 2) *0.5"]
				},
				"tail1": {
					"rotation": ["2*Math.cos((query.anim_time-1) * 90 * 2) *1", "2*Math.cos((query.anim_time-1.5) * 90 * 2) *1", 0]
				},
				"tail2": {
					"rotation": ["2*Math.cos((query.anim_time-1.25) * 90 * 2) *1", "2*Math.cos((query.anim_time-1.75) * 90 * 2) *1", 0],
					"position": [0, 0, "-1+1*Math.cos((query.anim_time-0.75) * 90 * 2) *0.5"]
				},
				"tail3": {
					"rotation": ["2*Math.cos((query.anim_time-1.5) * 90 * 2) *1", "2*Math.cos((query.anim_time-2) * 90 * 2) *1", 0],
					"position": [0, 0, "-0.5+0.5*Math.cos((query.anim_time-1) * 90 * 2) *0.5"]
				},
				"tail4": {
					"rotation": ["2*Math.cos((query.anim_time-1.75) * 90 * 2) *1", "2*Math.cos((query.anim_time-2.25) * 90 * 2) *1", 0],
					"position": [0, 0, "-0.5+0.5*Math.cos((query.anim_time-1.25) * 90 * 2) *0.5"]
				},
				"tail5": {
					"rotation": ["2*Math.cos((query.anim_time-2) * 90 * 2) *1", "2*Math.cos((query.anim_time-2.5) * 90 * 2) *1", 0],
					"position": [0, 0, "-0.5+0.5*Math.cos((query.anim_time-1.5) * 90 * 2) *0.5"]
				},
				"leg_back_right": {
					"position": [0, "0.25*Math.cos((query.anim_time-0.25) * 90 * 2) *0.5", 0]
				},
				"leg_back_right_fur1": {
					"rotation": ["2*Math.cos((query.anim_time-2) * 90 * 2) *1", "-2*Math.cos((query.anim_time-2.5) * 90 * 2) *1", 0],
					"position": [0, 0, "-0.5+0.5*Math.cos((query.anim_time-1.5) * 90 * 2) *0.5"]
				}
			}
		},
		"animation.arcanine.sleep": {
			"loop": true,
			"bones": {
				"body": {
					"rotation": ["5+math.sin(q.anim_time*90*1)*0.2", 0, 0],
					"position": [0, -8.5, 0]
				},
				"neck": {
					"rotation": ["37.5873+math.sin(q.anim_time*90*1-50)*1", 20.96986, -2.30591]
				},
				"head": {
					"rotation": ["-3.9641+math.sin(q.anim_time*90*1-120)*1", 20.38371, -24.08676]
				},
				"eyelid_left": {
					"position": [0.1, 0, -0.1]
				},
				"eyelid_right": {
					"position": [-0.1, 0, -0.1]
				},
				"jaw": {
					"rotation": [15, 0, 0]
				},
				"ear_right": {
					"rotation": [-1.72159, "-10.1119+math.sin(q.anim_time*90*1)*2", -7.90999]
				},
				"ear_left": {
					"rotation": [-1.75378, "20.1534-math.sin(q.anim_time*90*1)*2", 10.15108]
				},
				"fluff_head_bottom_right": {
					"rotation": [0, 5, 0]
				},
				"fluff_head_bottom_left": {
					"rotation": [0, 27.5, 0]
				},
				"fluff_head_top": {
					"rotation": [-5, 0, 0]
				},
				"fluff_head_right": {
					"rotation": [0, -5, 0]
				},
				"fluff_head_left": {
					"rotation": [0, 20, 0]
				},
				"fluff_head_back1": {
					"rotation": [-7.5, 0, 0]
				},
				"fluff_head_back2": {
					"rotation": [-7.5, 0, 0]
				},
				"fluff_head_back3": {
					"rotation": [-12.5, 0, 0]
				},
				"fluff_head_back4": {
					"rotation": [-25, 0, 0]
				},
				"fluff_right": {
					"rotation": [0, 37.5, 0]
				},
				"leg_front_right1": {
					"rotation": [-83.46249, -1.47216, 33.63717]
				},
				"leg_front_right2": {
					"rotation": [-7.78356, -9.39129, -4.04882]
				},
				"leg_front_right_fur": {
					"rotation": [0, -27.5, 0]
				},
				"leg_front_right3": {
					"rotation": [15, 0, 0],
					"position": [-0.5, 0, 0]
				},
				"leg_front_left": {
					"rotation": [-82.71773, -0.79609, -55.66457]
				},
				"leg_front_left2": {
					"rotation": [-8.3524, 2.14989, 3.67388]
				},
				"leg_front_left_fur": {
					"rotation": [0, 25, 0]
				},
				"leg_front_left3": {
					"rotation": [22.5, 0, 0],
					"position": [0, 1, 0]
				},
				"leg_back_right1": {
					"rotation": [-90.14902, 8.70419, 18.16344]
				},
				"leg_back_right2": {
					"rotation": [172.35832, -7.15102, 2.26708]
				},
				"leg_back_right_fur2": {
					"rotation": [0, 50, 0]
				},
				"leg_back_right3": {
					"rotation": [57.5, 0, 0]
				},
				"leg_back_left": {
					"rotation": [-70.46671, -9.53115, -37.20415],
					"position": [1, 0, 0.25]
				},
				"leg_back_left2": {
					"rotation": [149.19146, 16.27014, 11.79198]
				},
				"leg_back_left_fur1": {
					"rotation": [0, -37.5, 0]
				},
				"leg_back_left3": {
					"rotation": [61.02406, -7.30111, -15.9477]
				},
				"tail1": {
					"rotation": [-40.82266, "14.6632+math.sin(q.anim_time*90*2)*1", -16.2168]
				},
				"tail2": {
					"rotation": [-23.40659, 12.60837, -8.19252]
				},
				"tail3": {
					"rotation": [-12.5, 40, 0]
				},
				"tail4": {
					"rotation": [-32.5, 15, 0]
				}
			}
		}
	}
}