{
	"format_version": "1.8.0",
	"animations": {
		"animation.murkrow.ground_idle": {
			"loop": true,
			"bones": {
				"wing_right": {
					"rotation": ["90+math.sin(q.anim_time*90*4-45)*-2-2", 85, 0],
					"position": ["-0.01+math.sin(q.anim_time*90*4-45)*-0.1", -1.3, -1]
				},
				"wing_right2": {
					"rotation": [-0.1, "-45+math.sin(q.anim_time*90*4-45)*-0.5", 0]
				},
				"wing_right3": {
					"rotation": [0.1, "60+math.sin(q.anim_time*90*4-45)*-1", 0]
				},
				"wing_left": {
					"rotation": ["90+math.sin(q.anim_time*90*4-45)*-2-2", -85, 0],
					"position": ["0.01+math.sin(q.anim_time*90*4-45)*0.1", -1.3, -1]
				},
				"wing_left2": {
					"rotation": [-0.1, "45+math.sin(q.anim_time*90*4-45)*0.5", 0]
				},
				"wing_left3": {
					"rotation": [0.1, "-60+math.sin(q.anim_time*90*4-45)*1", 0]
				},
				"tail": {
					"rotation": ["25+math.sin(q.anim_time*90*4-90)*5", 0, 0]
				},
				"torso": {
					"position": [0, "math.sin(q.anim_time*90*4)*0.1", 0]
				},
				"neck": {
					"position": [0, "math.sin(q.anim_time*90*4-45)*0.1-0.1", 0]
				},
				"head": {
					"rotation": ["math.sin(q.anim_time*90*4-90)*-1", 0, 0]
				},
				"hat": {
					"rotation": ["math.sin(q.anim_time*90*4-135)*-1", 0, 0]
				}
			}
		},
		"animation.murkrow.ground_walk": {
			"loop": true,
			"animation_length": 0.66667,
			"bones": {
				"torso": {
					"rotation": ["math.sin(q.anim_time*90*6*2+40)*2", 0, 0],
					"position": [0, "math.sin(q.anim_time*90*6*2+40)*0.1+0.1", 0]
				},
				"neck": {
					"rotation": {
						"0.0": [2.5, 0, 0],
						"0.0417": [2.11, 0, 0],
						"0.0833": [1.21, 0, 0],
						"0.1667": [-0.2, 0, 0],
						"0.2083": [-0.97, 0, 0],
						"0.25": [-1.3, 0, 0],
						"0.3333": [2.5, 0, 0],
						"0.375": [2.11, 0, 0],
						"0.4167": [1.21, 0, 0],
						"0.5": [-0.2, 0, 0],
						"0.5417": [-0.97, 0, 0],
						"0.5833": [-1.3, 0, 0],
						"0.625": [1.65, 0, 0],
						"0.6667": [2.5, 0, 0]
					}
				},
				"wing_right": {
					"rotation": ["90+math.sin(q.anim_time*90*6-45)*-2-2", 85, 0],
					"position": ["-0.01+math.sin(q.anim_time*90*6-45)*-0.1", -1.3, -1]
				},
				"wing_right2": {
					"rotation": [-0.1, "-45+math.sin(q.anim_time*90*6-35)*-5", 0]
				},
				"wing_right3": {
					"rotation": [0.1, "60+math.sin(q.anim_time*90*6-15)*-5", 0]
				},
				"wing_left": {
					"rotation": ["90+math.sin(q.anim_time*90*6-45)*-2-2", -85, 0],
					"position": ["0.01+math.sin(q.anim_time*90*6-45)*0.1", -1.3, -1]
				},
				"wing_left2": {
					"rotation": [-0.1, "45+math.sin(q.anim_time*90*6-55)*5", 0]
				},
				"wing_left3": {
					"rotation": [0.1, "-60+math.sin(q.anim_time*90*6-15)*5", 0]
				},
				"tail": {
					"rotation": ["25+math.sin(q.anim_time*90*6*2-90)*5", "math.sin(q.anim_time*90*6)*10", 0]
				},
				"leg_right": {
					"rotation": ["(math.sin(q.anim_time*90*6-90)*-25)", 0, 0],
					"position": {
						"0.0": [0, 0.2, 0.8],
						"0.25": [0, 0.6, -1.3],
						"0.3333": [0, -0.2, -1.35],
						"0.6667": [0, 0.2, 0.8]
					}
				},
				"leg_right2": {
					"rotation": [
						"20+(math.clamp(math.sin(q.anim_time*90*6)*-30*1,-20,1))+(math.clamp(math.sin(q.anim_time*90*6)*-20*1,-20,-3))+(math.clamp(math.sin(q.anim_time*90*6+180)*-1*4,-10,30))",
						0,
						0
					]
				},
				"foot_right": {
					"rotation": {
						"0.0": [-10, 0, 0],
						"0.25": [0, 0, 0],
						"0.3333": [7.5, 0, 0],
						"0.375": [7.5, 0, 0],
						"0.4167": [2.5, 0, 0],
						"0.5": [-15, 0, 0],
						"0.6667": [-10, 0, 0]
					},
					"position": {
						"0.0": [0, 0, 0],
						"0.3333": [0, 0, 0],
						"0.6667": [0, 0, 0]
					}
				},
				"toe_back_right": {
					"rotation": {
						"0.0": [-12.5, 0, 0],
						"0.0833": [-8.5, 0, 0],
						"0.1667": [0.5, 0, 0],
						"0.2083": [7.5, 0, 0],
						"0.2917": [9.17, 0, 0],
						"0.3333": [0, 0, 0],
						"0.5417": [0, 0, 0],
						"0.6667": [-12.5, 0, 0]
					}
				},
				"claw_back_right": {
					"rotation": {
						"0.0": [-15, 0, 0],
						"0.0833": [-13, 0, 0],
						"0.1667": [-3.5, 0, 0],
						"0.2083": [2.5, 0, 0],
						"0.2917": [6.67, 0, 0],
						"0.3333": [0, 0, 0],
						"0.5": [0, 0, 0],
						"0.5833": [-10, 0, 0],
						"0.6667": [-15, 0, 0]
					}
				},
				"toe_inner_right": {
					"rotation": {
						"0.0": [-20.5, 0, 0],
						"0.0417": [-0.95, 0, 0],
						"0.1667": [14.47, 0, 0],
						"0.25": [5.48, 0, 0],
						"0.2917": [-9.76, 0, 0],
						"0.3333": [0, 0, 0],
						"0.5": [0, 0, 0],
						"0.6667": [-20.5, 0, 0]
					}
				},
				"claw_inner_right": {
					"rotation": {
						"0.0": [-5, 0, 0],
						"0.0417": [-2.5, 0, 0],
						"0.0833": [5, 0, 0],
						"0.2083": [7.5, 0, 0],
						"0.2917": [-5, 0, 0],
						"0.3333": [0, 0, 0],
						"0.5417": [0, 0, 0],
						"0.6667": [-5, 0, 0]
					}
				},
				"toe_middle_right": {
					"rotation": {
						"0.0": [-20.5, 0, 0],
						"0.0417": [-0.95, 0, 0],
						"0.1667": [14.47, 0, 0],
						"0.25": [5.48, 0, 0],
						"0.2917": [-9.76, 0, 0],
						"0.3333": [0, 0, 0],
						"0.5": [0, 0, 0],
						"0.6667": [-20.5, 0, 0]
					}
				},
				"claw_middle_right": {
					"rotation": {
						"0.0": [-5, 0, 0],
						"0.0417": [-2.5, 0, 0],
						"0.0833": [5, 0, 0],
						"0.2083": [7.5, 0, 0],
						"0.2917": [-5, 0, 0],
						"0.3333": [0, 0, 0],
						"0.5417": [0, 0, 0],
						"0.6667": [-5, 0, 0]
					}
				},
				"toe_outer_right": {
					"rotation": {
						"0.0": [-20.5, 0, 0],
						"0.0417": [-0.95, 0, 0],
						"0.1667": [14.47, 0, 0],
						"0.25": [5.48, 0, 0],
						"0.2917": [-9.76, 0, 0],
						"0.3333": [0, 0, 0],
						"0.5": [0, 0, 0],
						"0.6667": [-20.5, 0, 0]
					}
				},
				"claw_outer_right": {
					"rotation": {
						"0.0": [-5, 0, 0],
						"0.0417": [-2.5, 0, 0],
						"0.0833": [5, 0, 0],
						"0.2083": [7.5, 0, 0],
						"0.2917": [-5, 0, 0],
						"0.3333": [0, 0, 0],
						"0.5417": [0, 0, 0],
						"0.6667": [-5, 0, 0]
					}
				},
				"leg_left": {
					"rotation": ["(math.sin(q.anim_time*90*6-90+180)*-25)", 0, 0],
					"position": {
						"0.0": [0, -0.2, -1.35],
						"0.3333": [0, 0.2, 0.8],
						"0.5833": [0, 0.6, -1.3],
						"0.6667": [0, -0.2, -1.35]
					}
				},
				"leg_left2": {
					"rotation": [
						"15+(math.clamp(math.sin(q.anim_time*90*6+180)*-25*1,-20,1))+(math.clamp(math.sin(q.anim_time*90*6+180)*-20*1,-20,-3))+(math.clamp(math.sin(q.anim_time*90*6)*-1*4,-10,30))",
						0,
						0
					]
				},
				"foot_left": {
					"rotation": {
						"0.0": [12.5, 0, 0],
						"0.0417": [12.5, 0, 0],
						"0.0833": [7.5, 0, 0],
						"0.1667": [-7.5, 0, 0],
						"0.3333": [-10, 0, 0],
						"0.5833": [0, 0, 0],
						"0.6667": [12.5, 0, 0]
					},
					"position": {
						"0.0": [0, 0, 0],
						"0.3333": [0, 0, 0],
						"0.6667": [0, 0, 0]
					}
				},
				"toe_back_left": {
					"rotation": {
						"0.0": [0, 0, 0],
						"0.2083": [0, 0, 0],
						"0.3333": [-12.5, 0, 0],
						"0.4167": [-8.5, 0, 0],
						"0.5": [0.5, 0, 0],
						"0.5417": [7.5, 0, 0],
						"0.625": [9.17, 0, 0],
						"0.6667": [0, 0, 0]
					}
				},
				"claw_back_left": {
					"rotation": {
						"0.0": [0, 0, 0],
						"0.1667": [0, 0, 0],
						"0.25": [-10, 0, 0],
						"0.3333": [-15, 0, 0],
						"0.4167": [-13, 0, 0],
						"0.5": [-3.5, 0, 0],
						"0.5417": [2.5, 0, 0],
						"0.625": [6.67, 0, 0],
						"0.6667": [0, 0, 0]
					}
				},
				"toe_inner_left": {
					"rotation": {
						"0.0": [0, 0, 0],
						"0.1667": [0, 0, 0],
						"0.3333": [-20.5, 0, 0],
						"0.375": [-0.95, 0, 0],
						"0.5": [14.47, 0, 0],
						"0.5833": [5.48, 0, 0],
						"0.625": [-9.76, 0, 0],
						"0.6667": [0, 0, 0]
					}
				},
				"claw_inner_left": {
					"rotation": {
						"0.0": [0, 0, 0],
						"0.2083": [0, 0, 0],
						"0.3333": [-5, 0, 0],
						"0.375": [-2.5, 0, 0],
						"0.4167": [5, 0, 0],
						"0.5417": [7.5, 0, 0],
						"0.625": [-5, 0, 0],
						"0.6667": [0, 0, 0]
					}
				},
				"toe_middle_left": {
					"rotation": {
						"0.0": [0, 0, 0],
						"0.1667": [0, 0, 0],
						"0.3333": [-20.5, 0, 0],
						"0.375": [-0.95, 0, 0],
						"0.5": [14.47, 0, 0],
						"0.5833": [5.48, 0, 0],
						"0.625": [-9.76, 0, 0],
						"0.6667": [0, 0, 0]
					}
				},
				"claw_middle_left": {
					"rotation": {
						"0.0": [0, 0, 0],
						"0.2083": [0, 0, 0],
						"0.3333": [-5, 0, 0],
						"0.375": [-2.5, 0, 0],
						"0.4167": [5, 0, 0],
						"0.5417": [7.5, 0, 0],
						"0.625": [-5, 0, 0],
						"0.6667": [0, 0, 0]
					}
				},
				"toe_outer_left": {
					"rotation": {
						"0.0": [0, 0, 0],
						"0.1667": [0, 0, 0],
						"0.3333": [-20.5, 0, 0],
						"0.375": [-0.95, 0, 0],
						"0.5": [14.47, 0, 0],
						"0.5833": [5.48, 0, 0],
						"0.625": [-9.76, 0, 0],
						"0.6667": [0, 0, 0]
					}
				},
				"claw_outer_left": {
					"rotation": {
						"0.0": [0, 0, 0],
						"0.2083": [0, 0, 0],
						"0.3333": [-5, 0, 0],
						"0.375": [-2.5, 0, 0],
						"0.4167": [5, 0, 0],
						"0.5417": [7.5, 0, 0],
						"0.625": [-5, 0, 0],
						"0.6667": [0, 0, 0]
					}
				},
				"head": {
					"rotation": {
						"0.0": [0, 0, 0],
						"0.0833": [3.34, 0, 0],
						"0.1667": [4.57, 0, 0],
						"0.25": [5, 0, 0],
						"0.2917": [0.8, 0, 0],
						"0.3333": [0, 0, 0],
						"0.4167": [3.34, 0, 0],
						"0.5": [4.57, 0, 0],
						"0.5833": [5, 0, 0],
						"0.625": [0.8, 0, 0],
						"0.6667": [0, 0, 0]
					},
					"position": {
						"0.0": [0, 0, 0],
						"0.0417": [0, 0, -0.15],
						"0.1667": [0, 0, 0.08],
						"0.25": [0, 0, 0.2],
						"0.2917": [0, 0, 0.15],
						"0.3333": [0, 0, 0],
						"0.375": [0, 0, -0.15],
						"0.5": [0, 0, 0.08],
						"0.5833": [0, 0, 0.2],
						"0.625": [0, 0, 0.15],
						"0.6667": [0, 0, 0]
					}
				},
				"hat": {
					"rotation": [-0.2, 0, 0]
				},
				"hat_2": {
					"rotation": {
						"0.0": [-13.8, 0, 0],
						"0.0417": [-8.2, 0, 0],
						"0.0833": [2.75, 0, 0],
						"0.125": [-1.4, 0, 0],
						"0.1667": [-7.33, 0, 0],
						"0.2083": [-8.71, 0, 0],
						"0.25": [-9, 0, 0],
						"0.2917": [-8.5, 0, 0],
						"0.3333": [-13.8, 0, 0],
						"0.375": [-8.2, 0, 0],
						"0.4167": [2.75, 0, 0],
						"0.4583": [-1.4, 0, 0],
						"0.5": [-7.33, 0, 0],
						"0.5417": [-8.71, 0, 0],
						"0.5833": [-9, 0, 0],
						"0.625": [-8.5, 0, 0],
						"0.6667": [-13.8, 0, 0]
					}
				}
			}
		},
		"animation.murkrow.air_idle": {
			"loop": true,
			"bones": {
				"wing_left": {
					"rotation": [0.5, 0, "-5+math.sin(q.anim_time*90*4*2)*-35"]
				},
				"wing_left3": {
					"rotation": [0.1, -10, "(math.sin(q.anim_time*90*4*2-135)*-40)"]
				},
				"tail": {
					"rotation": ["25+math.sin(q.anim_time*90*4*2-50)*-8", 0, 0]
				},
				"wing_left2": {
					"rotation": [0, 0, "math.sin(q.anim_time*90*4*2-45)*-20"]
				},
				"leg_right": {
					"rotation": ["22+math.sin(q.anim_time*90*4*2-90)*5", 0, 0],
					"position": [0, -0.3, 0]
				},
				"leg_right2": {
					"rotation": ["-45+math.sin(q.anim_time*90*4*2-90+25)*5", 0, 0]
				},
				"foot_right": {
					"rotation": ["13+math.sin(q.anim_time*90*4*2-90-50)*5", 0, 0]
				},
				"claw_back_right": {
					"rotation": [-45, 0, 0]
				},
				"toe_inner_right": {
					"rotation": [30, 0, 0]
				},
				"toe_outer_right": {
					"rotation": [30, 0, 0]
				},
				"claw_outer_right": {
					"rotation": [45, 0, 0]
				},
				"leg_left": {
					"rotation": ["22+math.sin(q.anim_time*90*4*2-90-15)*5", 0, 0],
					"position": [0, -0.3, 0]
				},
				"leg_left2": {
					"rotation": ["-45+math.sin(q.anim_time*90*4*2-90-15)*5", 0, 0]
				},
				"foot_left": {
					"rotation": ["13+math.sin(q.anim_time*90*4*2-90-60)*5", 0, 0]
				},
				"toe_back_left": {
					"rotation": [-45, 0, 0]
				},
				"toe_inner_left": {
					"rotation": [30, 0, 0]
				},
				"toe_outer_left": {
					"rotation": [30, 0, 0]
				},
				"body": {
					"rotation": [-10, 0, 0],
					"position": [0, "math.sin(q.anim_time*90*4*2)*-0.8", 0]
				},
				"wing_right": {
					"rotation": [0.5, 0, "5+math.sin(q.anim_time*90*4*2)*35"]
				},
				"wing_right3": {
					"rotation": [0.1, 10, "math.sin(q.anim_time*90*4*2-135)*40"]
				},
				"toe_back_right": {
					"rotation": [-45, 0, 0]
				},
				"claw_inner_right": {
					"rotation": [45, 0, 0]
				},
				"claw_back_left": {
					"rotation": [-45, 0, 0]
				},
				"claw_inner_left": {
					"rotation": [45, 0, 0]
				},
				"claw_outer_left": {
					"rotation": [45, 0, 0]
				},
				"wing_right2": {
					"rotation": [0, 0, "math.sin(q.anim_time*90*4*2-45)*20"]
				},
				"neck": {
					"rotation": [11, 0, 0]
				},
				"toe_middle_right": {
					"rotation": [30, 0, 0]
				},
				"claw_middle_right": {
					"rotation": [45, 0, 0]
				},
				"toe_middle_left": {
					"rotation": [30, 0, 0]
				},
				"claw_middle_left": {
					"rotation": [45, 0, 0]
				},
				"head": {
					"position": [0, "math.sin(q.anim_time*90*4*2-90)*-0.2", 0]
				},
				"hat": {
					"rotation": ["math.sin(q.anim_time*90*4*2-90)*-2", 0, 0]
				},
				"hat_2": {
					"rotation": ["math.sin(q.anim_time*90*4*2-90)*-4", 0, 0]
				}
			}
		},
		"animation.murkrow.air_fly": {
			"loop": true,
			"bones": {
				"wing_left": {
					"rotation": [0.5, "math.sin(q.anim_time*90*4*2)*10", "-5+math.sin(q.anim_time*90*4*2)*-20"]
				},
				"wing_left3": {
					"rotation": [0.1, -10, "(math.sin(q.anim_time*90*4*2-135)*-40)"]
				},
				"torso": {
					"rotation": [2.5, 0, 0]
				},
				"tail": {
					"rotation": ["5+math.sin(q.anim_time*90*4*2-50)*-4", 0, 0]
				},
				"wing_left2": {
					"rotation": [0, 0, "(math.sin(q.anim_time*90*4*2-45)*-15)"]
				},
				"leg_right": {
					"rotation": ["30+math.sin(q.anim_time*90*4*2-90)*5", 0, 0],
					"position": [0, -0.5, 0]
				},
				"leg_right2": {
					"rotation": [-70, 0, 0]
				},
				"foot_right": {
					"rotation": [25, 0, 0]
				},
				"claw_back_right": {
					"rotation": [-45, 0, 0]
				},
				"toe_inner_right": {
					"rotation": [30, 0, 0]
				},
				"toe_outer_right": {
					"rotation": [30, 0, 0]
				},
				"claw_outer_right": {
					"rotation": [45, 0, 0]
				},
				"leg_left": {
					"rotation": ["30+math.sin(q.anim_time*90*4*2-90)*5", 0, 0],
					"position": [0, -0.5, 0]
				},
				"leg_left2": {
					"rotation": [-70, 0, 0]
				},
				"foot_left": {
					"rotation": [25, 0, 0]
				},
				"toe_back_left": {
					"rotation": [-45, 0, 0]
				},
				"toe_inner_left": {
					"rotation": [30, 0, 0]
				},
				"toe_outer_left": {
					"rotation": [30, 0, 0]
				},
				"body": {
					"rotation": [12.5, 0, 0],
					"position": [0, "math.sin(q.anim_time*90*4*2)*-0.5", 0]
				},
				"head": {
					"rotation": [-75, 0, 0],
					"position": [0, 0.5, 0]
				},
				"toe_back_right": {
					"rotation": [-45, 0, 0]
				},
				"claw_inner_right": {
					"rotation": [45, 0, 0]
				},
				"claw_back_left": {
					"rotation": [-45, 0, 0]
				},
				"claw_inner_left": {
					"rotation": [45, 0, 0]
				},
				"claw_outer_left": {
					"rotation": [45, 0, 0]
				},
				"wing_right": {
					"rotation": [0.5, "math.sin(q.anim_time*90*4*2)*-10", "5+math.sin(q.anim_time*90*4*2)*20"]
				},
				"wing_right3": {
					"rotation": [0.1, 10, "math.sin(q.anim_time*90*4*2-135)*40"]
				},
				"neck": {
					"rotation": [63, 0, 0],
					"position": [0, "math.sin(q.anim_time*90*4*2)*-0.1", 0]
				},
				"toe_middle_right": {
					"rotation": [30, 0, 0]
				},
				"claw_middle_right": {
					"rotation": [45, 0, 0]
				},
				"toe_middle_left": {
					"rotation": [30, 0, 0]
				},
				"claw_middle_left": {
					"rotation": [45, 0, 0]
				},
				"hat": {
					"rotation": ["math.sin(q.anim_time*90*4*2-30)*-2", 0, 0],
					"position": [0, "math.sin(q.anim_time*90*4*2-45)*0.05+0.3", "math.sin(q.anim_time*90*4*2-45)*0.05"]
				},
				"wing_right2": {
					"rotation": [0, 0, "math.sin(q.anim_time*90*4*2-45)*15"]
				},
				"hat_2": {
					"rotation": ["math.sin(q.anim_time*90*4*2-60)*-2", 0, 0],
					"position": [0, -0.1, 0]
				}
			}
		},
		"animation.murkrow.sleep": {
			"loop": true,
			"bones": {
				"torso": {
					"rotation": ["12.5+math.sin(q.anim_time*90*1)*0.5", 0, 0],
					"position": [0, "-1.5+math.sin(q.anim_time*90*1-90)*-0.1", 0]
				},
				"eyelid_right": {
					"position": [-0.1, 0, -0.1]
				},
				"eyelid_left": {
					"position": [0.1, 0, -0.1]
				},
				"wing_right": {
					"rotation": ["90+math.sin(q.anim_time*90*1-45)*-2-2", 85, 0],
					"position": ["-0.01+math.sin(q.anim_time*90*1-45)*-0.1", -1.3, -1]
				},
				"wing_right2": {
					"rotation": [-0.1, "-45+math.sin(q.anim_time*90*1-45)*-0.5", 0]
				},
				"wing_right3": {
					"rotation": [0.1, "60+math.sin(q.anim_time*90*1-45)*-1", 0]
				},
				"wing_left": {
					"rotation": ["90+math.sin(q.anim_time*90*1-45)*-2-2", -85, 0],
					"position": ["0.01+math.sin(q.anim_time*90*1-45)*0.1", -1.3, -1]
				},
				"wing_left2": {
					"rotation": [-0.1, "45+math.sin(q.anim_time*90*1-45)*0.5", 0]
				},
				"wing_left3": {
					"rotation": [0.1, "-60+math.sin(q.anim_time*90*1-45)*1", 0]
				},
				"tail": {
					"rotation": ["25+math.sin(q.anim_time*90*1-90)*2", 0, 0]
				},
				"neck": {
					"rotation": ["5+(math.sin(q.anim_time*90*1)*1)*(math.sin(q.anim_time*90*0.5)*1)", 0, 0]
				},
				"head": {
					"rotation": [
						"5+(math.sin(q.anim_time*90*1)*-3)+(math.sin(q.anim_time*90*0.5)*-1.5)",
						-5,
						"0+(math.sin(q.anim_time*90*1-45)*-1)+(math.sin(q.anim_time*90*0.5-45)*-0.2)"
					]
				},
				"hat": {
					"rotation": ["5+(math.sin(q.anim_time*90*1-45)*1)*(math.sin(q.anim_time*90*0.5)*-0.5)", 0, 0]
				},
				"hat_2": {
					"rotation": [
						"5+(math.sin(q.anim_time*90*1-45)*-3)+(math.sin(q.anim_time*90*0.5-45)*-1.5)",
						0,
						"2+(math.sin(q.anim_time*90*1-45)*-1)+(math.sin(q.anim_time*90*0.5-45)*-0.2)"
					]
				}
			}
		},
		"animation.murkrow.quirk": {
			"animation_length": 3,
			"bones": {
				"neck": {
					"rotation": {
						"0.0": [0, 0, 0],
						"0.0417": [-0.5, 0, 0],
						"0.0833": [1.25, 0, -1],
						"0.25": [5.5, 0, -2],
						"0.5": [6.3, 0, -1.75],
						"0.6667": [-3.2, 0, 0.75],
						"0.7917": [-3.9, 0, 1.25],
						"0.9167": [-1.3, 0, 0],
						"1.0417": [-3.2, 0, 0.75],
						"1.1667": [-3.9, 0, 1.25],
						"1.2917": [-1.3, 0, 0],
						"1.4583": [-3.2, 0, 0.75],
						"1.5833": [-3.9, 0, 1.25],
						"1.7083": [-1.3, 0, 0],
						"1.9583": [3, 0, -1],
						"2.125": [2.33, 0, 0.22],
						"2.3333": [1.66, 0, -0.09],
						"2.5": [0.92, 0, 0.2],
						"2.875": [0, 0, 0]
					}
				},
				"head": {
					"rotation": {
						"0.0": [0, 0, 0],
						"0.0417": [-2.50933, 2.462, -0.43439],
						"0.125": [4.48611, -2.501, -0.40505],
						"0.2917": [11.54812, -9.98844, -0.04142],
						"0.4583": [19.8808, -9.16573, -0.84307],
						"0.625": [-6.17231, -6.97211, 1.42249],
						"0.7083": [-10.16281, -6.80415, 1.37504],
						"0.75": [-12.65625, -6.701, 1.33946],
						"0.8333": [-2.46241, -7.55655, -1.02791],
						"0.875": [1.23759, -7.55655, -1.02791],
						"1.0": [-6.17231, -6.97211, 1.42249],
						"1.0833": [-10.16281, -6.80415, 1.37504],
						"1.125": [-12.65625, -6.701, 1.33946],
						"1.2083": [-2.46241, -7.55655, -1.02791],
						"1.25": [1.23759, -7.55655, -1.02791],
						"1.3333": [-6.17231, -6.97211, 1.42249],
						"1.4167": [-10.16281, -6.80415, 1.37504],
						"1.4583": [-12.65625, -6.701, 1.33946],
						"1.5417": [-2.46241, -7.55655, -1.02791],
						"1.625": [5.23759, -7.55655, -1.02791],
						"1.8333": [23.72284, 2.12529, 1.40511],
						"1.9167": [26.46534, 5.88406, 1.20167],
						"2.0417": [24.99396, -2.77592, 0.55966],
						"2.125": [24.338, -7.64199, 0.7082],
						"2.25": [24.338, 3.05801, 1.3082],
						"2.3333": [24.338, 6.25801, 0.3082],
						"2.5": [22.338, -2.04199, -0.5918],
						"2.625": [16.338, 1.05801, 0.4082],
						"2.9167": [1, -0.1, 0]
					}
				},
				"hat": {
					"rotation": {
						"0.0417": [0, 0, 0],
						"0.0833": [-2.49294, -0.32621, -2.47864],
						"0.3333": [-7.71373, -1.07719, -4.86338],
						"0.4583": [-7.24306, 0.32063, -0.06376],
						"0.5833": [-4.59429, 0.28135, 0.96824],
						"0.7083": [-7.22322, -0.84333, -4.41074],
						"0.7917": [-5.49294, -0.32621, -2.47864],
						"0.9583": [-4.59819, 0.02096, -0.50899],
						"1.0833": [-7.24294, -0.32621, -4.4107],
						"1.1667": [-5.49294, -0.32621, -2.47864],
						"1.2917": [-4.59294, -0.32621, -0.509],
						"1.4167": [-7.24294, -0.32621, -4.4107],
						"1.5": [-5.49294, -0.32621, -2.47864],
						"1.6667": [-3.49294, -0.32621, -0.509],
						"1.9167": [-1.47268, -0.60852, -4.96273],
						"2.1667": [-4.49811, 0.08628, -0.01289],
						"2.4167": [-5.46918, -0.78106, -4.93703],
						"2.875": [0, 0, 0]
					}
				},
				"hat_2": {
					"rotation": {
						"0.0": [0, 0, 0],
						"0.0417": [2.49392, -0.17434, 3.99621],
						"0.1667": [-7.48984, 0.3914, 2.97438],
						"0.2917": [-12.5, 0, 0],
						"0.4167": [-9.41436, -0.32728, -1.97305],
						"0.5833": [3.23946, -0.06174, 0.49809],
						"0.7083": [-5.01, 0, 0],
						"0.875": [-9.84232, -0.45152, -0.44839],
						"0.9583": [4.23946, -0.06174, 0.49809],
						"1.0833": [-5.01, 0, 0],
						"1.25": [-9.84232, -0.45152, -0.44839],
						"1.375": [5.23946, -0.06174, 0.49809],
						"1.4583": [-1.01, 0, 0],
						"1.625": [-5.84232, -0.45152, -0.44839],
						"1.75": [-8.35, 0, 0],
						"1.875": [0.25337, 0.15475, 2.49521],
						"2.0": [10.5202, 0.45674, -2.45795],
						"2.1667": [3.02712, -0.13211, 2.49651],
						"2.3333": [2.424, 0.00002, -0.50056],
						"2.5": [0, 0, -0.2],
						"2.6667": [5, 0, -0.13333],
						"2.875": [-2.625, 0, -0.05],
						"3.0": [0, 0, 0]
					}
				},
				"jaw": {
					"rotation": {
						"0.2917": [7.5, 0, 0],
						"0.4583": [-2.5, 0, 0],
						"0.625": [45, 0, 0],
						"0.7083": [52.5, 0, 0],
						"0.7917": [57.5, 0, 0],
						"0.875": [25, 0, 0],
						"1.0": [45, 0, 0],
						"1.0833": [52.5, 0, 0],
						"1.1667": [57.5, 0, 0],
						"1.25": [25, 0, 0],
						"1.375": [45, 0, 0],
						"1.4583": [52.5, 0, 0],
						"1.5417": [-2.5, 0, 0],
						"1.5833": [7.5, 0, 0]
					}
				},
				"eyelid_right": {
					"position": {
						"0.25": [0, 0, 0],
						"0.2917": [-0.1, 0, -0.1],
						"2.2917": [-0.1, 0, -0.1],
						"2.3333": [0, 0, 0]
					}
				},
				"eyelid_left": {
					"position": {
						"0.25": [0, 0, 0],
						"0.2917": [0.1, 0, -0.1],
						"2.2917": [0.1, 0, -0.1],
						"2.3333": [0, 0, 0]
					}
				},
				"wing_right": {
					"rotation": ["90+math.sin(q.anim_time*90*4-45)*-2-2", 85, 0],
					"position": ["-0.01+math.sin(q.anim_time*90*4-45)*-0.1", -1.3, -1]
				},
				"wing_right2": {
					"rotation": [-0.1, "-45+math.sin(q.anim_time*90*4-45)*-0.5", 0]
				},
				"wing_right3": {
					"rotation": [0.1, "60+math.sin(q.anim_time*90*4-45)*-1", 0]
				},
				"wing_left": {
					"rotation": {
						"0.0": ["90+math.sin(q.anim_time*90*4-45)*-2-2", -85, 0],
						"0.25": ["90+math.sin(q.anim_time*90*4-45)*-2-2", -76, 0],
						"0.375": [12.15404, -25.00039, -15.83836],
						"0.4583": [-33.23962, 0.49152, -11.55957],
						"0.5833": [-77.48023, 9.34021, 2.38565],
						"0.6667": [-77.48, 48.01, 2.39],
						"0.7083": [-77.48, 58.34, 2.39],
						"0.75": [-81.5034, 58.7963, -2.32456],
						"0.875": [-77.48, 58.34, 2.39],
						"1.0833": [-81.5034, 58.7963, -2.32456],
						"1.25": [-77.48, 58.34, 2.39],
						"1.4583": [-81.5034, 58.7963, -2.32456],
						"1.6667": [-77.48, 58.34, 2.39],
						"1.875": [-21.55222, 29.60893, 24.47879],
						"2.0417": ["90+math.sin(q.anim_time*90*4-45)*-2-2", -76, 0],
						"2.25": ["90+math.sin(q.anim_time*90*4-45)*-2-2", -85, 0]
					},
					"position": {
						"0.0": ["0.01+math.sin(q.anim_time*90*4-45)*0.1", -1.3, -1],
						"0.0833": ["0.01+math.sin(q.anim_time*90*4-45)*0.1", -1.3, -1],
						"0.1667": ["0.01+math.sin(q.anim_time*90*4-45)*0.1", -1.3, -1],
						"0.2083": ["0.01+math.sin(q.anim_time*90*4-45)*0.1", -1.3, -1],
						"0.25": [0.05, -0.76, -0.59],
						"0.2917": [0.02, -0.22, -0.17],
						"0.375": [0, 0, 0],
						"0.4167": [0, 0, 0],
						"0.4583": [0, 0, 0],
						"0.5": [0, 0, 0],
						"0.75": [0, 0.1, 0],
						"1.0833": [0, 0, 0],
						"1.4583": [0, 0.1, 0],
						"1.875": [0, 0, 0],
						"1.9583": [-0.02, -0.26, -0.2],
						"2.0833": ["0.01+math.sin(q.anim_time*90*4-45)*0.1", -1.3, -1],
						"2.25": ["0.01+math.sin(q.anim_time*90*4-45)*0.1", -1.3, -1]
					}
				},
				"wing_left2": {
					"rotation": {
						"0.0": [-0.1, "45+math.sin(q.anim_time*90*4-45)*0.5", 0],
						"0.125": [-0.1, "45+math.sin(q.anim_time*90*4-45)*0.5", 0],
						"0.25": [-1.85677, 26.56134, 38.47264],
						"0.375": [-3.70686, 6.76332, 76.76633],
						"0.5": [-10.73506, 7.86769, 38.9407],
						"0.5833": [-9.19693, 6.0129, 41.76739],
						"0.6667": [-6.29459, 5.98976, 57.03471],
						"0.7083": [-6.0093, 6.87912, 59.46836],
						"0.75": [-5.78682, 7.6702, 61.07302],
						"0.8333": [-6.32948, 8.47461, 56.75767],
						"1.0833": [-6.36636, 10.46235, 56.5335],
						"1.25": [-6.31405, 7.48069, 56.86886],
						"1.4583": [-6.36636, 10.46235, 56.5335],
						"1.6667": [-6.31405, 7.48069, 56.86886],
						"1.75": [-6.35638, 9.96543, 56.58979],
						"1.875": [-6.61871, 18.90805, 55.54081],
						"1.9583": [-5.53, 23.18, 46.28],
						"2.125": [-0.1, "45+math.sin(q.anim_time*90*4-45)*0.5", 0]
					},
					"position": {
						"0.0": [0, 0, 0],
						"0.125": [0, 0, 0],
						"0.375": [-0.2, -0.1, 0],
						"0.5": [0, -0.3, 0],
						"0.6667": [-0.3, -0.3, 0],
						"0.8333": [-0.3, -0.6, 0],
						"1.0833": [-0.3, -0.7, 0],
						"1.25": [-0.3, -0.5, 0],
						"1.4583": [-0.3, -0.7, 0],
						"1.6667": [-0.3, -0.5, 0],
						"1.75": [-0.3, -0.6, 0],
						"1.875": [-0.3, -0.9, 0],
						"1.9583": [-0.25, -0.75, 0],
						"2.0": [-0.19, 0.14, 0],
						"2.125": [0, 0, 0]
					}
				},
				"wing_left3": {
					"rotation": {
						"0.0": [0.1, "-60+math.sin(q.anim_time*90*4-45)*1", 0],
						"0.1667": [0.1, "-60+math.sin(q.anim_time*90*4-45)*1", 0],
						"0.25": [7.85396, -45.80985, -2.04276],
						"0.2917": [0.02458, -20, 26.25116],
						"0.375": [-0.44451, -12.49031, 37.5582],
						"0.4583": [5.38152, -19.291, 19.08473],
						"0.5417": [2.74715, -12.19908, 22.20638],
						"0.5833": [5.87423, -10.90333, 9.46213],
						"0.625": [5.92907, -3.49175, 12.7371],
						"0.7083": [8.25767, -5.54773, 17.61004],
						"0.75": [2.59548, -1.1881, 47.37167],
						"0.8333": [2.59518, 0.80985, 47.46223],
						"0.875": [2.59621, 1.80882, 47.50753],
						"1.0": [2.61652, -6.18293, 47.14406],
						"1.125": [2.61275, 1.05956, 47.47475],
						"1.2083": [2.61386, 3.113, 47.56819],
						"1.2917": [2.60598, -0.39922, 47.40774],
						"1.375": [2.60923, -4.11125, 47.23854],
						"1.4167": [2.60312, -0.13996, 47.41946],
						"1.5": [2.6177, 6.09128, 47.7038],
						"1.6667": [2.62053, 0.39326, 44.10529],
						"1.75": [2.62, 6.7, 46.9],
						"1.8333": [2.62586, 8.80157, 47.82759],
						"1.9167": [5.17334, -66.62156, 32.68964],
						"2.2083": [0.1, "-60+math.sin(q.anim_time*90*4-45)*1", 0]
					}
				}
			}
		},
		"animation.murkrow.cry": {
			"animation_length": 2,
			"bones": {
				"neck": {
					"rotation": {
						"0.0": [0, 0, 0],
						"0.0833": [-2, 0, 0],
						"0.25": [11.13, 0, 0],
						"0.3333": [13, 0, 0],
						"1.0": [14, 0, 0],
						"1.0833": [12.22, 0, 0],
						"1.375": [-2, 0, 0],
						"1.5": [0, 0, 0]
					}
				},
				"head": {
					"rotation": {
						"0.0": [0, 0, 0],
						"0.0833": [3, 0, 0],
						"0.25": [-8.96, 0, 0],
						"0.3333": [-11.35, 0, 0],
						"1.0": [-13.35, 0, 0],
						"1.0833": [-12.24, 0, 0],
						"1.375": [3, 0, 0],
						"1.5": [0, 0, 0]
					}
				},
				"hat": {
					"rotation": {
						"0.0": [0, 0, 0],
						"0.0833": [0, 0, 0],
						"0.25": [-1.67, 0, 0],
						"0.3333": [-2, 0, 0],
						"1.0": [0, 0, 0],
						"1.2083": [2, 0, 0],
						"1.3333": [0, 0, 0]
					}
				},
				"hat_2": {
					"rotation": {
						"0.0": [0, 0, 0],
						"0.0833": [2, 0, 0],
						"0.2917": [-5, 0, 0],
						"0.4167": [2, 0, 0],
						"0.7083": [0, 0, 0],
						"1.0417": [0, 0, 0],
						"1.1667": [2, 0, 0],
						"1.375": [-7, 0, 0],
						"1.5": [0, 0, 0]
					}
				},
				"jaw": {
					"rotation": {
						"0.0417": [0, 0, 0],
						"0.125": [-1, 0, 0],
						"0.25": [56, 0, 0],
						"0.3333": [50, 0, 0],
						"0.4167": [48.71, 0, 0],
						"1.0417": [51, 0, 0],
						"1.2083": [8.5, 0, 0],
						"1.2917": [0, 0, 0]
					}
				}
			}
		},
		"animation.murkrow.blink": {
			"animation_length": 0.16667,
			"bones": {
				"eyelid_right": {
					"position": {
						"0.0": [-0.1, 0, -0.1],
						"0.125": [-0.1, 0, -0.1],
						"0.1667": [0, 0, 0]
					}
				},
				"eyelid_left": {
					"position": {
						"0.0": [0.1, 0, -0.1],
						"0.125": [0.1, 0, -0.1],
						"0.1667": [0, 0, 0]
					}
				}
			}
		}
	}
}