{
	"format_version": "1.8.0",
	"animations": {
		"animation.ekans.ground_idle": {
			"loop": true,
			"bones": {
				"body": {
					"rotation": [-5, 0, 0],
					"position": [0, "(math.sin(q.anim_time*90*2+90)*1-1)*0.15", 0]
				},
				"head": {
					"rotation": ["5-(math.sin(q.anim_time*90*2+90)*1-0.5)*0.5", 0, 0]
				},
				"tail": {
					"rotation": ["-2.5-(math.sin(q.anim_time*90*2+90)*1-1)*1", 0, 0]
				},
				"tail2": {
					"rotation": ["5+(math.sin(q.anim_time*90*2+90)*1-1)*1", 0, 0]
				},
				"tail3": {
					"rotation": [2.5, 0, 0]
				},
				"jaw": {
					"rotation": ["5-(math.sin(q.anim_time*90*2+90)*1-0.5)*1", 0, 0]
				}
			}
		},
		"animation.ekans.summary_idle": {
			"loop": true,
			"bones": {
				"ekans": {
					"position": [0, -0.5, 0]
				},
				"body": {
					"position": [0, 9, 12]
				},
				"head": {
					"rotation": ["7.5-math.sin(q.anim_time*90*2-45)*0.5", 0, 0]
				},
				"tail": {
					"rotation": [-37.5, 0, 0]
				},
				"tail2": {
					"rotation": [91.18096, -64.66751, -112.80195]
				},
				"tail3": {
					"rotation": [56.22229, -69.76781, -69.82589]
				},
				"tail4": {
					"rotation": [0, -65, 0]
				},
				"tail5": {
					"rotation": [0, "-52.5+math.sin(q.anim_time*90*2-120)*1", 0]
				},
				"tail6": {
					"rotation": ["8.5+(math.sin(q.anim_time*90*2+90)*1-1)*0.5", "-57.5+math.sin(q.anim_time*90*2-90)*0.5", "-math.sin(q.anim_time*90*2)*0.25"]
				},
				"rattle": {
					"rotation": [40, "-10-math.sin(q.anim_time*90*32)*2", 0]
				},
				"rattle2": {
					"rotation": [12.5, "-math.sin(q.anim_time*90*32-30)*2", 0]
				},
				"rattle3": {
					"rotation": [12.5, "-math.sin(q.anim_time*90*32-30*2)*2", 0]
				},
				"rattle4": {
					"rotation": [5, "-math.sin(q.anim_time*90*32-30*3)*2", 0]
				},
				"rattle5": {
					"rotation": [5, "-math.sin(q.anim_time*90*32-30*4)*2", 0]
				},
				"jaw": {
					"rotation": ["5-math.sin(q.anim_time*90*2-45)*1", 0, 0]
				}
			}
		},
		"animation.ekans.faint": {
			"animation_length": 3,
			"bones": {
				"body": {
					"rotation": {
						"0.0": [-32.5, 0, 0],
						"0.05": [-42.5, 0, 0],
						"0.2": [-65.02089, -1.05627, 2.26603],
						"0.35": [-90, 0, 5],
						"0.7": [-97.10022, 0, 5],
						"1.0": [-102.1, 0, 5],
						"1.1": [-95.59, -0.25, 4.03],
						"1.3": [-8.5468, -1.25885, 0.16067],
						"1.45": [-7.0468, -1.25885, 0.16067]
					},
					"position": {
						"0.0": [0, "-4.4+(math.sin(q.anim_time*90*2+90)*1-1)*0.15", -1.6],
						"0.05": [0, "-2.6+(math.sin(q.anim_time*90*2+90)*1-1)*0.15", -1.1],
						"0.2": [0, "-3.6+(math.sin(q.anim_time*90*2+90)*1-1)*0.15", -2.7],
						"0.3": [0, -4.83, -6.77],
						"0.35": [0, "-4.9+(math.sin(q.anim_time*90*2+90)*1-1)*0.15", -8.8],
						"0.7": [0, "-3.8+(math.sin(q.anim_time*90*2+90)*1-1)*0.15", -9.6],
						"1.0": [0, "-3.4+(math.sin(q.anim_time*90*2+90)*1-1)*0.15", -10.2],
						"1.1": [0, -4, -9.26],
						"1.15": [0, "-5.6+(math.sin(q.anim_time*90*2+90)*1-1)*0.15", -5.73],
						"1.25": [0, -4.59, -2.31],
						"1.3": [0, "-2.45+(math.sin(q.anim_time*90*2+90)*1-1)*0.15", -0.7],
						"1.45": [0, "-2.25+(math.sin(q.anim_time*90*2+90)*1-1)*0.05", -0.7]
					}
				},
				"head": {
					"rotation": {
						"0.0": ["65-(math.sin(q.anim_time*90*2+90)*1-0.5)*0.5", 0, 0],
						"0.1": ["75-(math.sin(q.anim_time*90*2+90)*1-0.5)*0.5", 0, 0],
						"0.25": ["15.1228-(math.sin(q.anim_time*90*2+90)*1-0.5)*0.5", 7.24656, 1.9384],
						"0.4": ["-21.1683-(math.sin(q.anim_time*90*2+90)*1-0.5)*0.5", 18.759, -7.06381],
						"0.5": [-22.32668, 16.91862, -6.3202],
						"0.9": ["-25.7603-(math.sin(q.anim_time*90*2+90)*1-0.5)*0.5", -13.61143, 6.36351],
						"0.95": ["-26.04-(math.sin(q.anim_time*90*2+90)*1-0.5)*0.5", -15.87438, 7.46234],
						"1.0": ["-26.04-(math.sin(q.anim_time*90*2+90)*1-0.5)*0.5", -15.87, 7.46],
						"1.15": ["-51.04-(math.sin(q.anim_time*90*2+90)*1-0.5)*0.5", -15.87, 7.46],
						"1.3": ["-51.04-(math.sin(q.anim_time*90*2+90)*1-0.5)*0.5", -15.87, 7.46],
						"1.35": ["19.4806-(math.sin(q.anim_time*90*2+90)*1-0.5)*0.5", -11.956, -14.52],
						"1.4": ["10.9676-(math.sin(q.anim_time*90*2+90)*1-0.5)*0.5", -19.92467, 13.66498],
						"1.45": ["20.3399-(math.sin(q.anim_time*90*2+90)*1-0.5)*0.1", -14.86025, -1.19814]
					},
					"position": {
						"1.3": [0, 0, 0],
						"1.45": [0, 0.5, 0]
					}
				},
				"tail": {
					"rotation": {
						"0.0": ["5-(math.sin(q.anim_time*90*2+90)*1-1)*1", 0, 0],
						"0.05": ["-7.5-(math.sin(q.anim_time*90*2+90)*1-1)*1", 0, 0],
						"0.2": ["-7.5-(math.sin(q.anim_time*90*2+90)*1-1)*1", 0, 0],
						"0.35": ["7.5-(math.sin(q.anim_time*90*2+90)*1-1)*1", 0, 0],
						"1.0": ["7.5-(math.sin(q.anim_time*90*2+90)*1-1)*1", 0, 0],
						"1.15": ["7.5-(math.sin(q.anim_time*90*2+90)*1-1)*1", 0, 0],
						"1.35": ["7.5-(math.sin(q.anim_time*90*2+90)*1-1)*0.25", 0, 0]
					}
				},
				"tail2": {
					"rotation": {
						"0.0": ["20+(math.sin(q.anim_time*90*2+90)*1-1)*1", 0, 0],
						"0.05": ["32.5+(math.sin(q.anim_time*90*2+90)*1-1)*1", 0, 0],
						"0.2": ["45+(math.sin(q.anim_time*90*2+90)*1-1)*1", 0, 0],
						"0.35": ["55+(math.sin(q.anim_time*90*2+90)*1-1)*1", 0, 0],
						"0.95": ["60+(math.sin(q.anim_time*90*2+90)*1-1)*1", 0, 0],
						"1.0": ["60+(math.sin(q.anim_time*90*2+90)*1-1)*1", 0, 0],
						"1.1": [50.55, 0, 0],
						"1.3": ["(math.sin(q.anim_time*90*2+90)*1-1)*0.5", 0, 0]
					}
				},
				"tail3": {
					"rotation": {
						"0.0": [7.5, 0, 0],
						"0.05": [17.5, 0, 0],
						"0.2": [27.5, 0, 0],
						"0.7": [35, 0, 0],
						"1.0": [35, 0, 0],
						"1.6": [34.96463, -9.99962, 0.08301],
						"2.0": [0.01002, 0.32522, 0.69041]
					}
				},
				"jaw": {
					"rotation": {
						"0.0": ["5-(math.sin(q.anim_time*90*2+90)*1-0.5)*1", 0, 0],
						"0.05": ["-35-(math.sin(q.anim_time*90*2+90)*1-0.5)*1", 0, 0],
						"0.5": ["27.5-(math.sin(q.anim_time*90*2+90)*1-0.5)*1", 0, 0],
						"0.85": ["27.5-(math.sin(q.anim_time*90*2+90)*1-0.5)*1", 0, 0],
						"1.1": ["-25-(math.sin(q.anim_time*90*2+90)*1-0.5)*1", 0, 0],
						"1.15": ["-15-(math.sin(q.anim_time*90*2+90)*1-0.5)*0.5", 0, 0]
					}
				},
				"eyelid_right": {
					"position": {
						"0.0": [-0.1, 0, 0],
						"0.1": [-0.1, 0, 0],
						"0.15": [0, 0, 0],
						"1.1": [0, 0, 0],
						"1.15": [-0.1, 0, 0]
					}
				},
				"eyelid_left": {
					"position": {
						"0.0": [0.1, 0, 0],
						"0.1": [0.1, 0, 0],
						"0.15": [0, 0, 0],
						"1.1": [0, 0, 0],
						"1.15": [0.1, 0, 0]
					}
				},
				"tail4": {
					"rotation": {
						"0.0": [0, 0, 0],
						"0.5": [22.5, 0, 0],
						"0.65": [25, 0, 0],
						"0.95": [32.5, 0, 0],
						"1.0": [32.5, 0, 0],
						"1.35": [39.56059, -8.33248, 5.56948],
						"2.15": [0.00946, 0.60916, 0.36323]
					}
				},
				"tail5": {
					"rotation": {
						"0.0": [5, 0, 0],
						"0.1": [15, 0, 0],
						"0.2": [25, 0, 0],
						"0.5": [42.82744, -9.23501, -8.46088],
						"0.55": [45.68718, -8.80348, -8.90928],
						"0.65": [48.18718, -8.80348, -8.90928],
						"1.0": [47.64681, 4.67606, 5.90982],
						"1.45": [54.85234, 2.05205, 11.11128],
						"2.3": [-0.0412, 8.51931, 0.3767]
					}
				},
				"tail6": {
					"rotation": {
						"0.0": [0, 0, 0],
						"0.05": [0, 0, 0],
						"0.3": [22.5, 0, 0],
						"0.65": [45, 0, 0],
						"1.0": [45, 0, 0],
						"1.55": [51.77676, 2.80672, 7.84455],
						"2.45": [-1.96924, -1.43601, -6.55108]
					}
				},
				"rattle": {
					"rotation": {
						"0.0": [0, 0, 0],
						"0.05": [-10, 0, 0],
						"0.75": [15, 0, 0],
						"1.0": [15, 0, 0],
						"1.65": [20, 10, 5],
						"2.55": [0, -2.5, -2.5]
					}
				},
				"rattle4": {
					"rotation": {
						"0.0": [0, 0, 0],
						"0.1": [-10, 0, 0],
						"0.55": [10, 0, 0],
						"1.0": [15, 0, 0],
						"1.75": [20, 10, 5],
						"2.65": [2.5, -5, 0]
					}
				},
				"rattle2": {
					"rotation": {
						"0.0": [0, 0, 0],
						"0.05": [-20, 0, 0],
						"1.0": [20, 0, 0],
						"1.25": [15, 0, 0],
						"1.9": [20, 10, 5],
						"2.55": [-2.5, -2.5, -2.5]
					}
				},
				"rattle3": {
					"rotation": {
						"0.0": [0, 0, 0],
						"0.05": [-20, 0, 0],
						"1.25": [25, 0, 0],
						"1.5": [15, 0, 0],
						"2.15": [20, 10, 5],
						"2.55": [0, -2.5, -2.5]
					}
				},
				"rattle5": {
					"rotation": {
						"0.0": [0, 0, 0],
						"0.1": [-10, 0, 0],
						"0.8": [20, 0, 0],
						"1.25": [10, 0, 0],
						"2.0": [15, 10, 5],
						"2.65": [2.5, -5, 0]
					}
				}
			}
		},
		"animation.ekans.sleep": {
			"loop": true,
			"bones": {
				"ekans": {
					"position": [0, 3, 7]
				},
				"head": {
					"rotation": [42.91333, 68.7346, 43.12956]
				},
				"jaw": {
					"rotation": [-10, 0, 0]
				},
				"eyelid_right": {
					"position": [-0.1, 0, 0]
				},
				"eyelid_left": {
					"position": [0.1, 0, 0]
				},
				"tail": {
					"rotation": [-7.5, 55, 0]
				},
				"tail2": {
					"rotation": [-3.9416, -55.3577, -4.33386]
				},
				"tail3": {
					"rotation": [20.41084, -54.0129, -21.47388]
				},
				"tail4": {
					"rotation": [0, -62.5, 0]
				},
				"tail5": {
					"rotation": [0, -55, 0]
				},
				"tail6": {
					"rotation": [0, -57.5, 0]
				},
				"rattle": {
					"rotation": [-7.5, -62.5, 0]
				}
			}
		},
		"animation.ekans.cry": {
			"animation_length": 0.95833,
			"bones": {
				"head": {
					"rotation": {
						"0.0": {
							"post": [0, 0, 0],
							"lerp_mode": "catmullrom"
						},
						"0.0833": {
							"post": [-5, 0, 0],
							"lerp_mode": "catmullrom"
						},
						"0.5833": {
							"post": [0, 0, 0],
							"lerp_mode": "catmullrom"
						},
						"0.9583": [0, 0, 0]
					}
				},
				"jaw": {
					"rotation": {
						"0.0": {
							"post": [0, 0, 0],
							"lerp_mode": "catmullrom"
						},
						"0.125": {
							"post": [12.5, 0, 0],
							"lerp_mode": "catmullrom"
						},
						"0.1667": {
							"post": [14.79, 0, 0],
							"lerp_mode": "catmullrom"
						},
						"0.2083": {
							"post": [12.5, 0, 0],
							"lerp_mode": "catmullrom"
						},
						"0.25": {
							"post": [14.79, 0, 0],
							"lerp_mode": "catmullrom"
						},
						"0.2917": {
							"post": [12.5, 0, 0],
							"lerp_mode": "catmullrom"
						},
						"0.3333": {
							"post": [14.79, 0, 0],
							"lerp_mode": "catmullrom"
						},
						"0.6667": {
							"post": [0, 0, 0],
							"lerp_mode": "catmullrom"
						},
						"0.9583": [0, 0, 0]
					}
				}
			},
			"sound_effects": {
				"0.0833": {
					"effect": "pokemon.ekans.cry"
				}
			}
		},
		"animation.ekans.blink": {
			"animation_length": 0.16667,
			"bones": {
				"eyelid_right": {
					"position": {
						"0.0": [-0.1, 0, 0],
						"0.125": [-0.1, 0, 0],
						"0.1667": [0, 0, 0]
					}
				},
				"eyelid_left": {
					"position": {
						"0.0": [0.1, 0, 0],
						"0.125": [0.1, 0, 0],
						"0.1667": [0, 0, 0]
					}
				}
			}
		}
	}
}