{
	"format_version": "1.8.0",
	"animations": {
		"animation.spiritomb.ground_idle": {
			"loop": true,
			"bones": {
				"tomb": {
					"rotation": ["math.sin(query.anim_time*90*1.5)*2", 0, "math.cos(query.anim_time*90*1.5)*2"]
				},
				"stem": {
					"rotation": ["-15+math.cos(query.anim_time*90*1.5)*5", "math.sin(query.anim_time*90*1.5)*5", 0]
				},
				"spirit": {
					"rotation": [0, "math.cos(query.anim_time*90*1.5)*-2", 0]
				},
				"face": {
					"scale": "1+math.sin(query.anim_time*90*1.5)*0.05"
				},
				"back": {
					"rotation": [0, 0, "-(query.anim_time)*40"],
					"scale": "1+math.sin(query.anim_time*90*1.5)*0.075"
				},
				"orbs": {
					"rotation": [0, 0, "(query.anim_time)*80"]
				},
				"mouth_open": {
					"scale": 0
				}
			}
		},
		"animation.spiritomb.cry": {
			"animation_length": 1.5,
			"bones": {
				"spirit": {
					"scale": {
						"0.2917": {
							"pre": [1, 1, 1],
							"post": [1, 1, 1],
							"lerp_mode": "catmullrom"
						},
						"0.4167": {
							"post": [1.1, 1.1, 1.1],
							"lerp_mode": "catmullrom"
						},
						"0.5": {
							"post": [1, 1, 1],
							"lerp_mode": "catmullrom"
						},
						"0.5833": {
							"post": [1.1, 1.1, 1.1],
							"lerp_mode": "catmullrom"
						},
						"0.6667": {
							"post": [1, 1, 1],
							"lerp_mode": "catmullrom"
						},
						"0.75": {
							"post": [1.1, 1.1, 1.1],
							"lerp_mode": "catmullrom"
						},
						"0.875": {
							"post": [1, 1, 1],
							"lerp_mode": "catmullrom"
						}
					}
				},
				"mouth_open": {
					"scale": {
						"0.0": [0, 0, 0],
						"0.25": {"pre": [0, 0, 0], "post": [1, 1, 1]},
						"1.25": {"pre": [1, 1, 1], "post": [0, 0, 0]}
					}
				},
				"mouth_closed": {
					"scale": {
						"0.0": [1, 1, 1],
						"0.25": {"pre": [1, 1, 1], "post": [0, 0, 0]},
						"1.25": {"pre": [0, 0, 0], "post": [1, 1, 1]}
					}
				}
			}
		}
	}
}