{
	"format_version": "1.8.0",
	"animations": {
		"animation.omastar.ground_idle": {
			"loop": true,
			"bones": {
				"leftarmtop": {
					"rotation": [0, 30, 0]
				},
				"rightarmtop": {
					"rotation": [0, -30, 0]
				},
				"leftlegfront": {
					"rotation": [0, 0, -25]
				},
				"rightlegfront": {
					"rotation": [0, 0, 25]
				}
			}
		},
		"animation.omastar.water_idle": {
			"loop": true,
			"bones": {
				"leftarmtop": {
					"rotation": [0, -15, 30]
				},
				"rightarmtop": {
					"rotation": [0, 15, -30]
				},
				"body": {
					"rotation": [5, 0, 0]
				},
				"leftlegs": {
					"rotation": [-15, 0, 15]
				},
				"rightlegs": {
					"rotation": [-15, 0, -15]
				}
			}
		},
		"animation.omastar.water_swim": {
			"loop": true,
			"bones": {
				"leftarmtop": {
					"rotation": [0, -30, 30]
				},
				"rightarmtop": {
					"rotation": [0, 30, -30]
				},
				"body": {
					"rotation": [15, 0, 0]
				},
				"leftlegs": {
					"rotation": [-30, -15, 30]
				},
				"rightlegs": {
					"rotation": [-30, 15, -30]
				},
				"leftlegfront": {
					"rotation": [0, -15, 0]
				},
				"rightlegfront": {
					"rotation": [0, 15, 0]
				}
			}
		}
	}
}