{
	"format_version": "1.8.0",
	"animations": {
		"animation.stantler.ground_idle": {
			"loop": true,
			"bones": {
				"neck": {
					"rotation": ["-math.sin(q.anim_time*90*2-90)*0.6", 0, "-math.cos(q.anim_time*90*1-90)*0.5"]
				},
				"torso": {
					"rotation": ["math.cos(q.anim_time*90*2-90)*0.4", 0, "0+math.cos(q.anim_time*90*2)*0.6"],
					"position": [0, "math.sin(q.anim_time*90*1-90)*0.05", 0]
				},
				"head": {
					"rotation": ["-math.sin(q.anim_time*90*1-90)*4", 0, 0],
					"position": [0, "-math.cos(q.anim_time*90*2-90)*0.05", 0]
				},
				"ear_right": {
					"rotation": [0, 0, "-math.sin(q.anim_time*90*1-90)*4"]
				},
				"ear_left": {
					"rotation": [0, 0, "math.sin(q.anim_time*90*1-90)*4"]
				},
				"tail": {
					"rotation": ["math.sin(q.anim_time*90*2-180-60)*1", "math.sin(q.anim_time*90*2-180-60)*2", 0]
				},
				"leg_front_right": {
					"position": [0, "math.sin(q.anim_time*90*1-90)*0.08", 0]
				},
				"leg_front_right2": {
					"position": [0, "-math.sin(q.anim_time*90*1-90)*0.08", 0]
				},
				"leg_front_left": {
					"position": [0, "math.sin(q.anim_time*90*1-90)*0.08", 0]
				},
				"leg_front_left2": {
					"position": [0, "-math.sin(q.anim_time*90*1-90)*0.08", 0]
				},
				"leg_back_right": {
					"position": [0, "math.sin(q.anim_time*90*1-90)*0.08", 0]
				},
				"leg_back_right2": {
					"position": [0, "-math.sin(q.anim_time*90*1-90)*0.08", 0]
				},
				"leg_back_left": {
					"position": [0, "math.sin(q.anim_time*90*1-90)*0.08", 0]
				},
				"leg_back_left2": {
					"position": [0, "-math.sin(q.anim_time*90*1-90)*0.08", 0]
				},
				"neck_beard2": {
					"rotation": ["0-math.cos(q.anim_time*90*1+10)*0.5", 0, "0-math.sin(q.anim_time*90*1+10)*0.5"]
				},
				"neck_beard3": {
					"rotation": ["0+math.cos(q.anim_time*90*1+10)*2", 0, "0-math.sin(q.anim_time*90*1+180)*0.5"]
				},
				"neck_beard4": {
					"rotation": ["0-math.cos(q.anim_time*90*2+90)*0.5", 0, "0-math.sin(q.anim_time*90*1+180)*0.5"]
				},
				"neck_beard5": {
					"rotation": ["0+math.cos(q.anim_time*90*1+180)*0.5", 0, "0-math.sin(q.anim_time*90*1+180)*0.5"]
				},
				"neck_beard6": {
					"rotation": ["0+math.cos(q.anim_time*90*1+10)*0.5", 0, "0-math.sin(q.anim_time*90*1+180)*0.5"]
				},
				"neck_beard7": {
					"rotation": ["0+math.cos(q.anim_time*90*1+10)*2", 0, "0-math.sin(q.anim_time*90*3+10)*0.5"]
				}
			}
		},
		"animation.stantler.ground_walk": {
			"loop": true,
			"bones": {
				"body": {
					"rotation": [0, 0, "math.clamp(math.sin(q.anim_time*90*4-90)*1,-0.8,0.8)+math.sin(q.anim_time*90*4-180)*1"],
					"position": [0, "-1.75+math.clamp(math.sin(q.anim_time*90*4)*0.7,0.5,1)+math.clamp(math.sin(q.anim_time*90*4+180)*0.7,0.5,1)", 0]
				},
				"torso": {
					"rotation": ["math.sin(q.anim_time*90*4-90)*1+0.5", 0, 0],
					"position": [0, "math.sin(q.anim_time*90*8-90)*0.2", 0]
				},
				"head": {
					"rotation": [
						"-math.sin(q.anim_time*90*4-90)*0.5+math.sin(q.anim_time*90*4*2-45)*1",
						0,
						"-math.clamp(math.sin(q.anim_time*90*4-90)*1,-0.8,0.8)-math.sin(q.anim_time*90*4-180)*1"
					],
					"position": [0, "math.sin(-q.anim_time*90*4*2-45)*0.1", 0]
				},
				"leg_front_left": {
					"rotation": [
						"30-math.clamp(20*(math.sin(q.anim_time*90*4-90+33)*1+1),-0,60)",
						0,
						"-math.clamp(math.sin(q.anim_time*90*4-90)*1,-0.8,0.8)-math.sin(q.anim_time*90*4-180)*1"
					],
					"position": [
						0,
						"1*(math.clamp(math.sin(q.anim_time*90*4-160)*1.6,1,1.6)-0.2)+0.5*(math.clamp(math.sin(q.anim_time*90*4-75)*1.8,1,1.8)-1)-0.1*(math.clamp(math.sin(q.anim_time*90*4)*1.4,1,1.4)+1)-math.clamp(math.sin(q.anim_time*90*4-180)*1,0,1)",
						0
					]
				},
				"leg_front_left2": {
					"rotation": [
						"-math.clamp(math.sin(q.anim_time*90*4-180*0+33)*25,0,40)-(math.clamp(math.sin(q.anim_time*90*1-90*0)*1,0.5,1)*1-0.5)*20-(math.clamp(math.sin(q.anim_time*90*1-90*2)*1,0.5,1)*1-0.5)*20",
						0,
						0
					]
				},
				"leg_front_left3": {
					"rotation": ["-20+math.clamp(10*(math.sin(q.anim_time*90*4-90-180*0)*1+1),-0,60)+math.clamp(math.sin(q.anim_time*90*4-180*0+10)*30,-5,30)", 0, 0],
					"position": [0, "math.clamp(math.sin(q.anim_time*90*4-120)*1.1,0.9,1)-0.9+math.clamp(math.sin(q.anim_time*90*2-130)*1.3,0.9,1)-0.9", 0]
				},
				"leg_front_right": {
					"rotation": [
						"30-math.clamp(20*(math.sin(q.anim_time*90*4-90+33+180)*1+1),-0,60)",
						0,
						"math.clamp(math.sin(q.anim_time*90*4-90+180)*1,-0.8,0.8)+math.sin(q.anim_time*90*4-180*0)*1"
					],
					"position": [
						0,
						"1*(math.clamp(math.sin(q.anim_time*90*4-165+180)*1.6,1,1.6)-0.2)+0.5*(math.clamp(math.sin(q.anim_time*90*4-75+180)*1.8,1,1.8)-1)-0.1*(math.clamp(math.sin(q.anim_time*90*4+180)*1.4,1,1.4)+1)-math.clamp(math.sin(q.anim_time*90*4)*1,0,1)",
						0
					]
				},
				"leg_front_right2": {
					"rotation": [
						"-math.clamp(math.sin(q.anim_time*90*4-180*1+33)*25,0,40)-(math.clamp(math.sin(q.anim_time*90*1-90*3)*1,0.5,1)*1-0.5)*20-(math.clamp(math.sin(q.anim_time*90*1-90*1)*1,0.5,1)*1-0.5)*20",
						0,
						0
					]
				},
				"leg_front_right3": {
					"rotation": ["20-math.clamp(10*(math.sin(q.anim_time*90*4-90-180*0)*1+1),-0,60)-math.clamp(math.sin(q.anim_time*90*4-180*0+10)*30,-5,30)", 0, 0],
					"position": [0, "math.clamp(math.sin(q.anim_time*90*4-120)*1.1,0.9,1)-0.9+math.clamp(math.sin(q.anim_time*90*2-130+90)*1.3,0.9,1)-0.9", 0]
				},
				"leg_back_left": {
					"rotation": [
						"-20+math.clamp(15*(math.sin(q.anim_time*90*4-90)*1+1),-0,60)",
						0,
						"-math.clamp(math.sin(q.anim_time*90*4-90)*1,-0.8,0.8)-math.sin(q.anim_time*90*4-180)*1"
					],
					"position": [
						0,
						"-math.clamp(-math.sin(q.anim_time*90*4+90+180*0)*0.01,0,0.01)+math.clamp(-math.sin(q.anim_time*90*4+20+180*0)*1,0.4,1)-0.4+math.clamp(math.sin(q.anim_time*90*4-130+180*0)*1.5,0.4,0.6)-0.3+(math.clamp(-math.sin(q.anim_time*90*2+70+180*0)*1,0.5,1)-0.5)*0.5+(math.clamp(-math.sin(q.anim_time*90*2+70+180*1)*1,0.5,1)+0)*0.5",
						0
					]
				},
				"leg_back_left2": {
					"rotation": [
						"math.clamp(math.sin(q.anim_time*90*4)*10,0,10)-math.clamp(math.sin(q.anim_time*90*4-95)*10,0,45)-math.clamp(math.sin(q.anim_time*90*4+180)*10,0,45)",
						0,
						0
					],
					"position": [0, "math.clamp(math.sin(q.anim_time*90*4-130)*1,0.5,1)-math.clamp(math.sin(q.anim_time*90*4-40)*1,0.75,1)+0.25", 0]
				},
				"leg_back_left3": {
					"rotation": [
						"-math.clamp(math.sin(q.anim_time*90*4+180*0)*10,0,10)+math.clamp(math.sin(q.anim_time*90*4+10+180*1)*25,0,45)-(-20+math.clamp(11*(math.sin(q.anim_time*90*4-90+180*0)*1+1),-0,60))+math.clamp(math.sin(q.anim_time*90*4-130+180*0)*00,50,100)-50",
						0,
						0
					],
					"position": [0, "(math.clamp(math.sin(q.anim_time*90*4-110+180)*1,0.5,1)-0.5)*0.7", 0]
				},
				"leg_back_right": {
					"rotation": [
						"-20+math.clamp(15*(math.sin(q.anim_time*90*4-90+180)*1+1),-0,60)",
						0,
						"math.clamp(math.sin(q.anim_time*90*4-90+180)*1,-0.8,0.8)+math.sin(q.anim_time*90*4-180*0)*1"
					],
					"position": [
						0,
						"-math.clamp(-math.sin(q.anim_time*90*4+90+180*1)*0.01,0,0.01)+math.clamp(-math.sin(q.anim_time*90*4+20+180*1)*1,0.4,1)-0.4+math.clamp(math.sin(q.anim_time*90*4-130+180*1)*1.5,0.4,0.6)-0.3+(math.clamp(-math.sin(q.anim_time*90*2+70+180*1)*1,0.5,1)-0.5)*0.5+(math.clamp(-math.sin(q.anim_time*90*2+70+180*0)*1,0.5,1)+0.5)*0.5",
						0
					]
				},
				"leg_back_right2": {
					"rotation": [
						"math.clamp(math.sin(q.anim_time*90*4+180)*10,0,10)-math.clamp(math.sin(q.anim_time*90*4-95+180)*10,0,45)-math.clamp(math.sin(q.anim_time*90*4+180*0)*10,0,45)",
						0,
						0
					],
					"position": [0, "math.clamp(math.sin(q.anim_time*90*4-130+180)*1,0.5,1)-math.clamp(math.sin(q.anim_time*90*4-40+180)*1,0.75,1)+0.25", 0]
				},
				"leg_back_right3": {
					"rotation": [
						"-math.clamp(math.sin(q.anim_time*90*4+180*1)*10,0,10)+math.clamp(math.sin(q.anim_time*90*4+10+180*0)*25,0,45)-(-20+math.clamp(11*(math.sin(q.anim_time*90*4-90+180*1)*1+1),-0,60))+math.clamp(math.sin(q.anim_time*90*4-130+180*1)*00,50,100)-50",
						0,
						0
					],
					"position": [0, "(math.clamp(math.sin(q.anim_time*90*4-110+180*0)*1,0.5,1)-0.5)*0.7", 0]
				},
				"braid_right": {
					"rotation": ["math.sin(q.anim_time*90*8)*0.5", 0, "math.sin(q.anim_time*90*4)*2"]
				},
				"braid_middle_right": {
					"rotation": [0, 0, "math.sin(q.anim_time*90*4-60)*3"]
				},
				"braid_bottom_right": {
					"rotation": [0, 0, "math.sin(q.anim_time*90*4-90)*3"]
				},
				"braid_left": {
					"rotation": ["math.sin(q.anim_time*90*8)*0.5", 0, "math.sin(q.anim_time*90*4)*2"]
				},
				"braid_middle_left": {
					"rotation": [0, 0, "math.sin(q.anim_time*90*4-60)*3"]
				},
				"braid_bottom_left": {
					"rotation": [0, 0, "math.sin(q.anim_time*90*4-90)*3"]
				},
				"ear_left": {
					"rotation": [0, -5, "math.sin(q.anim_time*90*8)*3"]
				},
				"ear_right": {
					"rotation": [0, 5, "math.sin(q.anim_time*90*8-180)*3"]
				},
				"tail": {
					"rotation": ["math.sin(q.anim_time*90*8-180-60)*2", "math.sin(q.anim_time*90*4-180-60)*4", 0]
				},
				"tail2": {
					"rotation": ["math.sin(q.anim_time*90*8-180-90)*2", 0, 0]
				},
				"neck_wool": {
					"position": [0, "math.sin(q.anim_time*90*8)*0.1", 0]
				},
				"eyebrow_left": {
					"position": [0, "math.sin(q.anim_time*90*8)*0.03", "math.sin(q.anim_time*90*8)*0.03"]
				},
				"eyebrow_right": {
					"position": [0, "math.sin(q.anim_time*90*8)*0.03", "math.sin(q.anim_time*90*8)*0.03"]
				},
				"neck_wool_middle_right": {
					"rotation": ["math.sin(q.anim_time*90*8)*2", 0, 0]
				},
				"neck_wool_middle_left": {
					"rotation": ["math.sin(q.anim_time*90*8)*2", 0, 0]
				},
				"neck_wool_right": {
					"rotation": ["math.sin(q.anim_time*90*8)*1", 0, 0]
				},
				"neck_wool_left": {
					"rotation": ["math.sin(q.anim_time*90*8)*1", 0, 0]
				}
			}
		},
		"animation.stantler.sleep": {
			"loop": true,
			"bones": {
				"body": {
					"rotation": [0, 0, 90],
					"position": [0, -8.25, 0]
				},
				"torso": {
					"rotation": ["math.cos(q.anim_time*90*1-90)*0.5", 0, "-math.cos(q.anim_time*90*2-90)*0.5"],
					"position": [0, 0, 0]
				},
				"neck": {
					"rotation": [108.39, 31.21, "-41.84+math.sin(q.anim_time*90*1-90)*2"]
				},
				"head": {
					"rotation": ["-22.5171-math.sin(q.anim_time*90*1-90)*0.2", 18.47451, -17.07005]
				},
				"eyelid_right": {
					"position": [-0.1, 0, -0.1]
				},
				"eyelid_left": {
					"rotation": [0, 0, 0],
					"position": [0.1, 0, -0.1]
				},
				"ear_right": {
					"rotation": [0, 0, "0+math.sin(q.anim_time*90*2-90)*2"]
				},
				"ear_left": {
					"rotation": [0, 0, "0-math.sin(q.anim_time*90*2-90)*2"]
				},
				"tail": {
					"rotation": [0, "20+math.sin(q.anim_time*90*2-90)*2", 0]
				},
				"leg_back_right": {
					"rotation": [-7.32417, -1.61888, -12.39638]
				},
				"leg_back_right2": {
					"rotation": ["-36.0052-math.cos(q.anim_time*90*2)*0.5", -18.74724, -23.85865]
				},
				"leg_back_right3": {
					"rotation": [40, 0, 0]
				},
				"leg_back_left": {
					"rotation": [30, 0, 0]
				},
				"leg_back_left2": {
					"rotation": ["-55-math.cos(q.anim_time*90*2+90)*0.5", 0, 0]
				},
				"leg_front_right": {
					"rotation": [32.5, 0, 0]
				},
				"leg_front_right2": {
					"rotation": ["-58.3158-math.cos(q.anim_time*90*2-90)*0.5", -28.46296, -16.39211]
				},
				"leg_front_right3": {
					"rotation": [57.5, 0, 0]
				},
				"leg_front_left": {
					"rotation": [27.5, 0, 0]
				},
				"leg_front_left2": {
					"rotation": ["-60-math.cos(q.anim_time*90*2-180)*0.5", 0, 0]
				},
				"leg_front_left3": {
					"rotation": [70, 0, 0]
				}
			}
		},
		"animation.stantler.cry": {
			"animation_length": 1.66667,
			"bones": {
				"neck": {
					"rotation": {
						"0.0": [0, 0, 0],
						"0.1667": [22.5, 0, 0],
						"1.6667": [0, 0, 0]
					}
				},
				"head": {
					"rotation": {
						"0.0": [0, 0, 0],
						"0.1667": [-30, 0, 0],
						"1.4167": [-30, 0, 0],
						"1.6667": [0, 0, 0]
					}
				},
				"jaw": {
					"rotation": {
						"0.0": [0, 0, 0],
						"0.25": [40, 0, 0],
						"1.4167": [40, 0, 0],
						"1.6667": [0, 0, 0]
					}
				}
			}
		},
		"animation.stantler.blink": {
			"animation_length": 0.1667,
			"bones": {
				"eyelid_right": {
					"position": {
						"0.0": [-0.1, 0, -0.1],
						"0.125": [-0.1, 0, -0.1],
						"0.1667": [0, 0, 0]
					}
				},
				"eyelid_left": {
					"position": {
						"0.0": [0.1, 0, -0.1],
						"0.125": [0.1, 0, -0.1],
						"0.1667": [0, 0, 0]
					}
				}
			}
		}
	}
}