{
	"format_version": "1.8.0",
	"animations": {
		"animation.bibarel.ground_idle": {
			"loop": true,
			"bones": {
				"tail": {
					"rotation": [-30, 0, 0]
				},
				"tail2": {
					"rotation": [10, 0, 0]
				},
				"tail3": {
					"rotation": [10, 0, 0]
				}
			}
		},
		"animation.bibarel.water_idle": {
			"loop": true,
			"bones": {
				"tail": {
					"rotation": [-15, 0, 0]
				},
				"tail2": {
					"rotation": [10, 0, 0]
				},
				"tail3": {
					"rotation": [10, 0, 0]
				},
				"body": {
					"rotation": [-5, 0, 0]
				},
				"head": {
					"rotation": [5, 0, 0]
				},
				"leg_front_right": {
					"rotation": [-15, 15, 15]
				},
				"leg_front_left": {
					"rotation": [-15, -15, -15]
				},
				"leg_back_right": {
					"rotation": [15, 0, 15]
				},
				"foot_back_right": {
					"rotation": [15, 0, 0]
				},
				"leg_back_left": {
					"rotation": [15, 0, -15]
				},
				"foot_back_left": {
					"rotation": [15, 0, 0]
				}
			}
		},
		"animation.bibarel.water_swim": {
			"loop": true,
			"bones": {
				"tail": {
					"rotation": [-5, 0, 0]
				},
				"tail2": {
					"rotation": [5, 0, 0]
				},
				"tail3": {
					"rotation": [5, 0, 0]
				},
				"leg_front_right": {
					"rotation": [45, 0, 15]
				},
				"leg_front_left": {
					"rotation": [45, 0, -15]
				},
				"leg_back_right": {
					"rotation": [60, 0, 5]
				},
				"foot_back_right": {
					"rotation": [30, 0, 0]
				},
				"leg_back_left": {
					"rotation": [60, 0, -5]
				},
				"foot_back_left": {
					"rotation": [30, 0, 0]
				},
				"foot_right": {
					"rotation": [15, 0, 0]
				},
				"foot_left": {
					"rotation": [15, 0, 0]
				}
			}
		},
		"animation.bibarel.blink": {
			"animation_length": 0.16667,
			"bones": {
				"eyelid_right": {
					"position": {
						"0.0": [0, 0, -0.1],
						"0.125": [0, 0, -0.1],
						"0.1667": [0, 0, 0]
					}
				},
				"eyelid_left": {
					"position": {
						"0.0": [0, 0, -0.1],
						"0.125": [0, 0, -0.1],
						"0.1667": [0, 0, 0]
					}
				}
			}
		}
	}
}