{
	"format_version": "1.8.0",
	"animations": {
		"animation.ralts.ground_idle": {
			"loop": true,
			"bones": {
				"arm_left": {
					"rotation": [0, -10, 50]
				},
				"arm_left2": {
					"rotation": [0, 25, 0]
				},
				"arm_right": {
					"rotation": [0, 5, -50]
				},
				"arm_right2": {
					"rotation": [0, -10, 0]
				},
				"leg_left": {
					"rotation": [0, 2.5, 0]
				},
				"leg_right": {
					"rotation": [0, -2.5, 0]
				},
				"leg_robe_left": {
					"rotation": [0, 0, 0]
				},
				"leg_robe_right": {
					"rotation": [0, 0, 0]
				}
			}
		},
		"animation.ralts.blink": {
			"animation_length": 0.16667,
			"bones": {
				"eyelid_left": {
					"position": {
						"0.0": [0.1, 0, -0.1],
						"0.125": [0.1, 0, -0.1],
						"0.1667": [0, 0, 0]
					}
				},
				"eyelid_right": {
					"position": {
						"0.0": [-0.1, 0, -0.1],
						"0.125": [-0.1, 0, -0.1],
						"0.1667": [0, 0, 0]
					}
				}
			}
		},
		"animation.ralts.cry": {
			"animation_length": 0.66667,
			"bones": {
				"head": {
					"rotation": {
						"0.0": {
							"post": [0, 0, 0],
							"lerp_mode": "catmullrom"
						},
						"0.125": {
							"post": [-2.5, 0, 0],
							"lerp_mode": "catmullrom"
						},
						"0.6667": {
							"post": [0, 0, 0],
							"lerp_mode": "catmullrom"
						}
					}
				},
				"mouth_closed": {
					"position": {
						"0.0": [0, 0, 0],
						"0.0417": [0, 0, 0.1],
						"0.4583": [0, 0, 0.1],
						"0.5": [0, 0, 0]
					}
				},
				"mouth_open": {
					"position": {
						"0.0": [0, 0, 0],
						"0.0417": [0, 0, -0.1],
						"0.4583": [0, 0, -0.1],
						"0.5": [0, 0, 0]
					}
				}
			},
			"sound_effects": {
				"0.0833": {
					"effect": "pokemon.ralts.cry"
				}
			}
		}
	}
}