{
	"format_version": "1.8.0",
	"animations": {
		"animation.drifloon.ground_idle": {
			"loop": true,
			"bones": {
				"body": {
					"rotation": [5, 0, 0],
					"position": [0, 8, 0]
				},
				"cloud": {
					"rotation": [0, 0, -2.5]
				},
				"cloud_end": {
					"rotation": [0, 0, -10]
				},
				"arm_left": {
					"rotation": [0, 32.5, 42.5]
				},
				"arm_left2": {
					"rotation": [-3.28396, -12.06754, 35.34721]
				},
				"arm_left3": {
					"rotation": [-1.10693, -12.45167, 5.12076]
				},
				"arm_left4": {
					"rotation": [-0.6574, -7.4713, 5.04292]
				},
				"arm_left5": {
					"rotation": [-1.943, -4.8746, 7.41238]
				},
				"arm_end_left": {
					"rotation": [0, -10, 0]
				},
				"arm_right": {
					"rotation": [0, -32.5, -42.5]
				},
				"arm_right2": {
					"rotation": [-3.28396, 12.06754, -35.34721]
				},
				"arm_right3": {
					"rotation": [-1.10693, 12.45167, -5.12076]
				},
				"arm_right4": {
					"rotation": [0.21803, 2.49048, 5.00474]
				},
				"arm_right5": {
					"rotation": [0, 15, 0]
				},
				"arm_end_right": {
					"rotation": [0, 10, 0]
				}
			}
		},
		"animation.drifloon.blink": {
			"animation_length": 0.16667,
			"bones": {
				"eyelid_left": {
					"position": {
						"0.0": [0, 0, -0.1],
						"0.125": [0, 0, -0.1],
						"0.1667": [0, 0, 0]
					}
				},
				"eyelid_right": {
					"position": {
						"0.0": [0, 0, -0.1],
						"0.125": [0, 0, -0.1],
						"0.1667": [0, 0, 0]
					}
				}
			}
		}
	}
}