{
	"format_version": "1.8.0",
	"animations": {
		"animation.dusclops.ground_idle": {
			"loop": true,
			"animation_length": 4,
			"bones": {
				"finger1_left2": {
					"rotation": [37.5, 0, 0]
				},
				"finger2_left2": {
					"rotation": [37.5, 0, 0]
				},
				"finger3_left": {
					"rotation": ["-7.5+math.sin(q.anim_time*90*1-270)*6", 0, 0]
				},
				"finger3_left2": {
					"rotation": [47.5, 0, 0]
				},
				"hair3": {
					"rotation": ["12.5+math.sin(q.anim_time*90*2-180)*3", 0, 0],
					"scale": ["1.2+math.sin(q.anim_time*90*2-180)*0.05", 1, "1+math.sin(q.anim_time*90*2-270)*0.05"]
				},
				"hair4": {
					"rotation": ["-37.5+math.sin(q.anim_time*90*2-270)*2", 0, 0],
					"scale": ["1.1+math.sin(q.anim_time*90*2-270)*0.05", 1, "1+math.sin(q.anim_time*90*2-360)*0.05"]
				},
				"hair5": {
					"rotation": ["10+math.sin(q.anim_time*90*2-360)*12", 0, 0],
					"scale": ["0.9+math.sin(q.anim_time*90*2-360)*0.05", 1, "1+math.sin(q.anim_time*90*2-450)*0.05"]
				},
				"leg_left": {
					"rotation": ["-5+math.sin(q.anim_time*90*1)*2", 0, 0]
				},
				"leg_left2": {
					"rotation": ["5-math.sin(q.anim_time*90*1)*2", 0, 0]
				},
				"leg_right": {
					"rotation": ["-5+math.sin(q.anim_time*90*1)*2", 0, 0]
				},
				"leg_right2": {
					"rotation": ["5-math.sin(q.anim_time*90*1)*2", 0, 0]
				},
				"finger4_left": {
					"rotation": ["15+math.sin(q.anim_time*90*1-270)*6", 0, 0]
				},
				"finger4_left2": {
					"rotation": [52.5, 0, 0]
				},
				"thumb_left": {
					"rotation": [50, 0, "-42.5+math.sin(q.anim_time*90*1-270)*6"]
				},
				"thumb_left2": {
					"rotation": [0, 0, 32.5]
				},
				"fingers_left": {
					"rotation": [32.5, 0, 0]
				},
				"fingers_right": {
					"rotation": [32.5, 0, 0]
				},
				"finger1_right2": {
					"rotation": [35, 0, 0]
				},
				"finger2_right2": {
					"rotation": [25, 0, 0]
				},
				"finger3_right": {
					"rotation": ["-7.5+math.sin(q.anim_time*90*1-300)*6", 0, 0]
				},
				"finger3_right2": {
					"rotation": [30, 0, 0]
				},
				"finger4_right": {
					"rotation": ["7.5+math.sin(q.anim_time*90*1-300)*6", 0, 0]
				},
				"finger4_right2": {
					"rotation": [47.5, 0, 0]
				},
				"thumb_right": {
					"rotation": [52.5, 0, "42.5-math.sin(q.anim_time*90*1-300)*6"]
				},
				"thumb_right2": {
					"rotation": [0, 0, -32.5]
				},
				"waist_cloth_left": {
					"rotation": [-20, "-15+math.sin(q.anim_time*90*2-90)*1", "20+math.sin(q.anim_time*90*2-90)*1"]
				},
				"waist_cloth_left2": {
					"rotation": [0, "-15-math.sin(q.anim_time*90*2-180)*4", 0]
				},
				"waist_cloth_left3": {
					"rotation": [0, "-20-math.sin(q.anim_time*90*2-270)*8", 0]
				},
				"waist_cloth_left4": {
					"rotation": [0, "-7.5-math.sin(q.anim_time*90*2-360)*12", 0]
				},
				"waist_cloth_right": {
					"rotation": [-20, "15+math.sin(q.anim_time*90*2-90)*1", "-20+math.sin(q.anim_time*90*2-90)*1"]
				},
				"waist_cloth_right2": {
					"rotation": [0, "15+math.sin(q.anim_time*90*2-180)*4", 0]
				},
				"waist_cloth_right3": {
					"rotation": [0, "20+math.sin(q.anim_time*90*2-270)*8", 0]
				},
				"waist_cloth_right4": {
					"rotation": [0, "7.5+math.sin(q.anim_time*90*2-360)*12", 0]
				},
				"body": {
					"position": [0, "math.sin(q.anim_time*90*1)*0.01", "-math.sin(q.anim_time*90*1)*0.25"]
				},
				"torso": {
					"rotation": ["math.sin(q.anim_time*90*1-90)*1.5", 0, 0],
					"scale": [1, "1+math.sin(q.anim_time*90*2)*0.008", 1]
				},
				"eye": {
					"scale": [1, "1-math.sin(q.anim_time*90*2)*0.008", 1]
				},
				"hand_left_rotation": {
					"rotation": ["27.5+math.sin(q.anim_time*90*1-180)*3", 0, 0]
				},
				"hand_right_rotation": {
					"rotation": ["27.5+math.sin(q.anim_time*90*1-210)*3", 0, 0]
				},
				"teeth": {
					"rotation": ["math.sin(q.anim_time*90*4-270)*1", 0, 0]
				},
				"hair": {
					"scale": [1, "1+math.sin(q.anim_time*90*2)*0.05", 1]
				},
				"hair2": {
					"scale": [1, "1+math.sin(q.anim_time*90*2-130)*0.1", 1]
				},
				"finger1_left": {
					"rotation": ["0+math.sin(q.anim_time*90*1-270)*6", 0, 0]
				},
				"finger2_left": {
					"rotation": ["math.sin(q.anim_time*90*1-270)*6", 0, 0]
				},
				"finger1_right": {
					"rotation": ["math.sin(q.anim_time*90*1-300)*6", 0, 0]
				},
				"finger2_right": {
					"rotation": ["math.sin(q.anim_time*90*1-300)*6", 0, 0]
				}
			}
		},
		"animation.dusclops.ground_walk": {
			"loop": true,
			"animation_length": 2,
			"bones": {
				"finger1_left2": {
					"rotation": [37.5, 0, 0]
				},
				"finger2_left2": {
					"rotation": [37.5, 0, 0]
				},
				"finger3_left": {
					"rotation": ["-7.5+math.sin(q.anim_time*90*2-120)*6", 0, 0]
				},
				"finger3_left2": {
					"rotation": [47.5, 0, 0]
				},
				"hair3": {
					"rotation": ["12.5+math.sin(q.anim_time*90*4-180)*3", 0, 0],
					"scale": ["1.2+math.sin(q.anim_time*90*4-180)*0.05", 1, "1+math.sin(q.anim_time*90*4-270)*0.05"]
				},
				"hair4": {
					"rotation": ["-37.5+math.sin(q.anim_time*90*4-270)*2", 0, 0],
					"scale": ["1.1+math.sin(q.anim_time*90*4-270)*0.05", 1, "1+math.sin(q.anim_time*90*4-360)*0.05"]
				},
				"hair5": {
					"rotation": ["10+math.sin(q.anim_time*90*4-360)*12", 0, 0],
					"scale": ["0.9+math.sin(q.anim_time*90*4-360)*0.05", 1, "1+math.sin(q.anim_time*90*4-450)*0.05"]
				},
				"leg_left": {
					"rotation": ["-1+math.sin(q.anim_time*90*2+45)*25", "-5+5*math.sin(q.anim_time*90*2+60)*1", "-3+math.sin(q.anim_time*90*2+45)*2"],
					"position": [0, "math.clamp(-math.sin(q.anim_time*90*2+70)*1,0,200)", "math.sin(q.anim_time*90*2+45)*1"]
				},
				"leg_left2": {
					"rotation": {
						"0.0": ["-15-math.clamp(-math.sin(q.anim_time*90*2+280)*20,-90,0)", 0, 0],
						"0.5": ["-15-math.clamp(-math.sin(q.anim_time*90*2+280)*20,-90,0)", 0, 0],
						"0.7917": ["5-math.clamp(-math.sin(q.anim_time*90*2+280)*20,-90,0)", 0, 0],
						"1.6667": ["5-math.clamp(-math.sin(q.anim_time*90*2+280)*20,-90,0)", 0, 0],
						"1.7083": [7.5, 0, 0],
						"2.0": ["-15-math.clamp(-math.sin(q.anim_time*90*2+280)*20,-90,0)", 0, 0]
					},
					"position": [0, "math.clamp(math.sin(q.anim_time*90*2+280)*1,0,10)", 0]
				},
				"leg_right": {
					"rotation": ["-1-math.sin(q.anim_time*90*2+45)*25", "5-5*math.sin(q.anim_time*90*2+60)*1", "3+math.sin(q.anim_time*90*2+45)*2"],
					"position": [0, "math.clamp(math.sin(q.anim_time*90*2+70)*1,0,200)", "math.sin(q.anim_time*90*2+45)*1"]
				},
				"leg_right2": {
					"rotation": {
						"0.0": ["5-math.clamp(math.sin(q.anim_time*90*2+280)*20,-90,0)", 0, 0],
						"0.6667": ["5-math.clamp(math.sin(q.anim_time*90*2+280)*20,-90,0)", 0, 0],
						"0.7083": [7.5, 0, 0],
						"1.0": ["-15-math.clamp(math.sin(q.anim_time*90*2+280)*20,-90,0)", 0, 0],
						"1.4583": ["-15-math.clamp(math.sin(q.anim_time*90*2+280)*20,-90,0)", 0, 0],
						"1.7917": ["5-math.clamp(math.sin(q.anim_time*90*2+280)*20,-90,0)", 0, 0]
					},
					"position": [0, "math.clamp(-math.sin(q.anim_time*90*2+280)*1,0,10)", 0]
				},
				"finger4_left": {
					"rotation": ["15+math.sin(q.anim_time*90*2-120)*6", 0, 0]
				},
				"finger4_left2": {
					"rotation": [52.5, 0, 0]
				},
				"thumb_left": {
					"rotation": [50, 0, "-42.5+math.sin(q.anim_time*90*2-120)*6"]
				},
				"thumb_left2": {
					"rotation": [0, 0, 32.5]
				},
				"fingers_left": {
					"rotation": [32.5, 0, 0]
				},
				"fingers_right": {
					"rotation": [32.5, 0, 0]
				},
				"finger1_right2": {
					"rotation": [35, 0, 0]
				},
				"finger2_right2": {
					"rotation": [25, 0, 0]
				},
				"finger3_right": {
					"rotation": ["-7.5+math.sin(q.anim_time*90*2-300)*6", 0, 0]
				},
				"finger3_right2": {
					"rotation": [30, 0, 0]
				},
				"finger4_right": {
					"rotation": ["7.5+math.sin(q.anim_time*90*2-300)*6", 0, 0]
				},
				"finger4_right2": {
					"rotation": [47.5, 0, 0]
				},
				"thumb_right": {
					"rotation": [52.5, 0, "42.5-math.sin(q.anim_time*90*2-300)*6"]
				},
				"thumb_right2": {
					"rotation": [0, 0, -32.5]
				},
				"waist_cloth_left": {
					"rotation": [-20, "-40+math.sin(q.anim_time*90*4-90)*1", "10+math.sin(q.anim_time*90*4-90)*1"]
				},
				"waist_cloth_left2": {
					"rotation": [0, "-15-math.sin(q.anim_time*90*4-180)*4", 0]
				},
				"waist_cloth_left3": {
					"rotation": [0, "-20-math.sin(q.anim_time*90*4-270)*8", 0]
				},
				"waist_cloth_left4": {
					"rotation": [0, "-7.5-math.sin(q.anim_time*90*4-360)*12", 0]
				},
				"waist_cloth_right": {
					"rotation": [-20, "40+math.sin(q.anim_time*90*4-90)*1", "-10+math.sin(q.anim_time*90*4-90)*1"]
				},
				"waist_cloth_right2": {
					"rotation": [0, "15+math.sin(q.anim_time*90*4-180)*4", 0]
				},
				"waist_cloth_right3": {
					"rotation": [0, "20+math.sin(q.anim_time*90*4-270)*8", 0]
				},
				"waist_cloth_right4": {
					"rotation": [0, "7.5+math.sin(q.anim_time*90*4-360)*12", 0]
				},
				"body": {
					"rotation": [0, 0, "math.sin(q.anim_time*90*2-270)*1"],
					"position": {
						"0.0": [0, 0, 0],
						"0.6667": [0, 0, 0],
						"0.7083": [0, -0.35, 0],
						"0.7917": [0, 0, 0],
						"1.6667": [0, 0, 0],
						"1.7083": [0, -0.35, 0],
						"1.7917": [0, 0, 0]
					}
				},
				"torso": {
					"rotation": ["math.sin(q.anim_time*90*4-210)*1.5", 0, "math.sin(q.anim_time*90*2-300)*2"],
					"position": [0, "math.abs(math.sin(q.anim_time*90*2-120)*1.5)", 0],
					"scale": [1, "1+math.sin(q.anim_time*90*4-30)*0.012", 1]
				},
				"eye": {
					"scale": [1, "1-math.sin(q.anim_time*90*4)*0.012", 1]
				},
				"hand_left_rotation": {
					"rotation": ["math.sin(q.anim_time*90*2-30)*3", 0, "math.sin(q.anim_time*90*2-30)*5"],
					"position": [0, 0, "-0.3+math.sin(q.anim_time*90*2-30)*0.3"]
				},
				"hand_right_rotation": {
					"rotation": ["math.sin(q.anim_time*90*2-210)*3", 0, "math.sin(q.anim_time*90*2-30)*5"],
					"position": [0, 0, "-0.3-math.sin(q.anim_time*90*2-30)*0.3"]
				},
				"teeth": {
					"rotation": ["math.sin(q.anim_time*90*8-270)*0.5", 0, 0]
				},
				"hair": {
					"scale": [1, "1+math.sin(q.anim_time*90*4-30)*0.05", 1]
				},
				"hair2": {
					"scale": [1, "1+math.sin(q.anim_time*90*4-160)*0.1", 1]
				},
				"finger1_left": {
					"rotation": ["0+math.sin(q.anim_time*90*2-120)*6", 0, 0]
				},
				"finger2_left": {
					"rotation": ["math.sin(q.anim_time*90*2-120)*6", 0, 0]
				},
				"finger1_right": {
					"rotation": ["math.sin(q.anim_time*90*2-300)*6", 0, 0]
				},
				"finger2_right": {
					"rotation": ["math.sin(q.anim_time*90*2-300)*6", 0, 0]
				},
				"hand_left": {
					"position": [1, 0, 0]
				},
				"hand_right": {
					"position": [-1, 0, 0]
				},
				"leg_left3": {
					"rotation": {
						"0.0": [0, 0, 0],
						"0.25": [-20, 0, 0],
						"0.4167": [-12.5, 0, 0],
						"0.5833": [-27.5, 0, 0],
						"0.75": [-50, 0, 0],
						"0.9167": [-45, 0, 0],
						"1.25": [22.5, 0, 0],
						"1.4167": [32.5, 0, 0],
						"1.5833": [25, 0, 0],
						"1.75": [2.5, 0, 0],
						"2.0": [0, 0, 0]
					},
					"position": {
						"0.0": [0, 0, 0],
						"1.0": [0, 0, 0],
						"1.7083": [0, 0.5, 0],
						"1.75": [0, 0.7, 0],
						"1.875": [0, 0, 0]
					}
				},
				"leg_right3": {
					"rotation": {
						"0.0": [-19.69, 0, 0],
						"0.25": [22.5, 0, 0],
						"0.4167": [32.5, 0, 0],
						"0.5833": [25, 0, 0],
						"0.75": [2.5, 0, 0],
						"1.0": [0, 0, 0],
						"1.25": [-20, 0, 0],
						"1.4167": [-12.5, 0, 0],
						"1.5833": [-27.5, 0, 0],
						"1.75": [-50, 0, 0],
						"1.9167": [-45, 0, 0],
						"2.0": [-28.13, 0, 0]
					},
					"position": {
						"0.0": [0, 0, 0],
						"0.6667": [0, 0.5, 0],
						"0.7083": [0, 0.7, 0],
						"0.8333": [0, 0, 0]
					}
				}
			}
		},
		"animation.dusclops.air_idle": {
			"loop": true,
			"animation_length": 4,
			"bones": {
				"finger1_left2": {
					"rotation": [37.5, 0, 0]
				},
				"finger2_left2": {
					"rotation": [37.5, 0, 0]
				},
				"finger3_left": {
					"rotation": ["-7.5+math.sin(q.anim_time*90*1-270)*6", 0, 0]
				},
				"finger3_left2": {
					"rotation": [47.5, 0, 0]
				},
				"hair3": {
					"rotation": ["25+math.sin(q.anim_time*90*2-180)*5", 0, 0],
					"scale": ["1.2+math.sin(q.anim_time*90*2-180)*0.05", 1, "1+math.sin(q.anim_time*90*2-270)*0.05"]
				},
				"hair4": {
					"rotation": ["-37.5+math.sin(q.anim_time*90*2-270)*4", 0, 0],
					"scale": ["1.1+math.sin(q.anim_time*90*2-270)*0.05", 1, "1+math.sin(q.anim_time*90*2-360)*0.05"]
				},
				"hair5": {
					"rotation": ["10+math.sin(q.anim_time*90*2-360)*16", 0, 0],
					"scale": ["0.9+math.sin(q.anim_time*90*2-360)*0.05", 1, "1+math.sin(q.anim_time*90*2-450)*0.05"]
				},
				"leg_left": {
					"rotation": ["-5-math.sin(q.anim_time*90*1)*2", 0, 0]
				},
				"leg_left2": {
					"rotation": ["5-math.sin(q.anim_time*90*1-90)*3", 0, 0]
				},
				"leg_right": {
					"rotation": ["-5-math.sin(q.anim_time*90*1)*2", 0, 0]
				},
				"leg_right2": {
					"rotation": ["5-math.sin(q.anim_time*90*1-90)*3", 0, 0]
				},
				"finger4_left": {
					"rotation": ["15+math.sin(q.anim_time*90*1-270)*6", 0, 0]
				},
				"finger4_left2": {
					"rotation": [52.5, 0, 0]
				},
				"thumb_left": {
					"rotation": [50, 0, "-42.5+math.sin(q.anim_time*90*1-270)*6"]
				},
				"thumb_left2": {
					"rotation": [0, 0, 32.5]
				},
				"fingers_left": {
					"rotation": [32.5, 0, 0]
				},
				"fingers_right": {
					"rotation": [32.5, 0, 0]
				},
				"finger1_right2": {
					"rotation": [35, 0, 0]
				},
				"finger2_right2": {
					"rotation": [25, 0, 0]
				},
				"finger3_right": {
					"rotation": ["-7.5+math.sin(q.anim_time*90*1-300)*6", 0, 0]
				},
				"finger3_right2": {
					"rotation": [30, 0, 0]
				},
				"finger4_right": {
					"rotation": ["7.5+math.sin(q.anim_time*90*1-300)*6", 0, 0]
				},
				"finger4_right2": {
					"rotation": [47.5, 0, 0]
				},
				"thumb_right": {
					"rotation": [52.5, 0, "42.5-math.sin(q.anim_time*90*1-300)*6"]
				},
				"thumb_right2": {
					"rotation": [0, 0, -32.5]
				},
				"waist_cloth_left": {
					"rotation": [-20, "-15+math.sin(q.anim_time*90*2-90)*1", "10+math.sin(q.anim_time*90*2-90)*1"]
				},
				"waist_cloth_left2": {
					"rotation": [0, "-15-math.sin(q.anim_time*90*2-180)*4", 0]
				},
				"waist_cloth_left3": {
					"rotation": [0, "-20-math.sin(q.anim_time*90*2-270)*8", 0]
				},
				"waist_cloth_left4": {
					"rotation": [0, "-7.5-math.sin(q.anim_time*90*2-360)*12", 0]
				},
				"waist_cloth_right": {
					"rotation": [-20, "15+math.sin(q.anim_time*90*2-90)*1", "-10+math.sin(q.anim_time*90*2-90)*1"]
				},
				"waist_cloth_right2": {
					"rotation": [0, "15+math.sin(q.anim_time*90*2-180)*4", 0]
				},
				"waist_cloth_right3": {
					"rotation": [0, "20+math.sin(q.anim_time*90*2-270)*8", 0]
				},
				"waist_cloth_right4": {
					"rotation": [0, "7.5+math.sin(q.anim_time*90*2-360)*12", 0]
				},
				"body": {
					"rotation": [5, 0, 0],
					"position": [0, "2+math.sin(q.anim_time*90*1-135)*0.5", "1-math.sin(q.anim_time*90*1)*0.25"]
				},
				"torso": {
					"rotation": ["math.sin(q.anim_time*90*1-90)*1.5", 0, 0],
					"scale": [1, "1+math.sin(q.anim_time*90*2)*0.008", 1]
				},
				"eye": {
					"scale": [1, "1-math.sin(q.anim_time*90*2)*0.008", 1]
				},
				"hand_left_rotation": {
					"rotation": ["-7.5+math.sin(q.anim_time*90*1-180)*3", 0, 0],
					"position": [1, "1+math.sin(q.anim_time*90*1-225)*0.35", "math.sin(q.anim_time*90*1-225)*0.35"]
				},
				"hand_right_rotation": {
					"rotation": ["-7.5+math.sin(q.anim_time*90*1-210)*3", 0, 0],
					"position": [-1, "1+math.sin(q.anim_time*90*1-225)*0.35", "math.sin(q.anim_time*90*1-225)*0.35"]
				},
				"teeth": {
					"rotation": ["math.sin(q.anim_time*90*4-270)*1", 0, 0]
				},
				"hair": {
					"scale": [1, "1+math.sin(q.anim_time*90*2)*0.05", 1]
				},
				"hair2": {
					"scale": [1, "1+math.sin(q.anim_time*90*2-130)*0.1", 1]
				},
				"finger1_left": {
					"rotation": ["0+math.sin(q.anim_time*90*1-270)*6", 0, 0]
				},
				"finger2_left": {
					"rotation": ["math.sin(q.anim_time*90*1-270)*6", 0, 0]
				},
				"finger1_right": {
					"rotation": ["math.sin(q.anim_time*90*1-300)*6", 0, 0]
				},
				"finger2_right": {
					"rotation": ["math.sin(q.anim_time*90*1-300)*6", 0, 0]
				},
				"leg_left3": {
					"rotation": ["-15-math.sin(q.anim_time*90*1-180)*10", 0, 0]
				},
				"leg_left4": {
					"rotation": ["-math.sin(q.anim_time*90*1-270)*14", 0, 0]
				},
				"leg_right3": {
					"rotation": ["-15-math.sin(q.anim_time*90*1-180)*10", 0, 0]
				},
				"leg_right4": {
					"rotation": ["-math.sin(q.anim_time*90*1-270)*14", 0, 0]
				}
			}
		},
		"animation.dusclops.air_fly": {
			"loop": true,
			"bones": {
				"finger1_left2": {
					"rotation": [37.5, 0, 0]
				},
				"finger2_left2": {
					"rotation": [37.5, 0, 0]
				},
				"finger3_left": {
					"rotation": ["-7.5+math.sin(q.anim_time*90*2-270)*6", 0, 0]
				},
				"finger3_left2": {
					"rotation": [47.5, 0, 0]
				},
				"hair3": {
					"rotation": ["10+math.sin(q.anim_time*90*4-180)*4", 0, 0],
					"scale": ["1.2+math.sin(q.anim_time*90*4-180)*0.05", 1, "1+math.sin(q.anim_time*90*4-270)*0.05"]
				},
				"hair4": {
					"rotation": ["-45+math.sin(q.anim_time*90*4-270)*4", 0, 0],
					"scale": ["1.1+math.sin(q.anim_time*90*4-270)*0.05", 1, "1+math.sin(q.anim_time*90*4-360)*0.05"]
				},
				"hair5": {
					"rotation": ["10+math.sin(q.anim_time*90*4-360)*15", 0, 0],
					"scale": ["0.9+math.sin(q.anim_time*90*2-360)*0.05", 1, "0.9+math.sin(q.anim_time*90*4-450)*0.05"]
				},
				"leg_left": {
					"rotation": ["-5-math.sin(q.anim_time*90*2)*2", 0, 0]
				},
				"leg_left2": {
					"rotation": ["5-math.sin(q.anim_time*90*2-90)*3", 0, 0]
				},
				"leg_right": {
					"rotation": ["-5-math.sin(q.anim_time*90*2)*2", 0, 0]
				},
				"leg_right2": {
					"rotation": ["5-math.sin(q.anim_time*90*2-90)*3", 0, 0]
				},
				"finger4_left": {
					"rotation": ["15+math.sin(q.anim_time*90*2-270)*6", 0, 0]
				},
				"finger4_left2": {
					"rotation": [52.5, 0, 0]
				},
				"thumb_left": {
					"rotation": [50, 0, "-42.5+math.sin(q.anim_time*90*2-270)*6"]
				},
				"thumb_left2": {
					"rotation": [0, 0, 32.5]
				},
				"fingers_left": {
					"rotation": [32.5, 0, 0]
				},
				"fingers_right": {
					"rotation": [32.5, 0, 0]
				},
				"finger1_right2": {
					"rotation": [35, 0, 0]
				},
				"finger2_right2": {
					"rotation": [25, 0, 0]
				},
				"finger3_right": {
					"rotation": ["-7.5+math.sin(q.anim_time*90*2-300)*6", 0, 0]
				},
				"finger3_right2": {
					"rotation": [30, 0, 0]
				},
				"finger4_right": {
					"rotation": ["7.5+math.sin(q.anim_time*90*2-300)*6", 0, 0]
				},
				"finger4_right2": {
					"rotation": [47.5, 0, 0]
				},
				"thumb_right": {
					"rotation": [52.5, 0, "42.5-math.sin(q.anim_time*90*2-300)*6"]
				},
				"thumb_right2": {
					"rotation": [0, 0, -32.5]
				},
				"waist_cloth_left": {
					"rotation": [-20, "-35+math.sin(q.anim_time*90*4-90)*1", "10+math.sin(q.anim_time*90*4-90)*1"]
				},
				"waist_cloth_left2": {
					"rotation": [0, "-15-math.sin(q.anim_time*90*4-180)*6", 0]
				},
				"waist_cloth_left3": {
					"rotation": [0, "-20-math.sin(q.anim_time*90*4-270)*8", 0]
				},
				"waist_cloth_left4": {
					"rotation": [0, "-7.5-math.sin(q.anim_time*90*4-360)*12", 0]
				},
				"waist_cloth_right": {
					"rotation": [-20, "35+math.sin(q.anim_time*90*4-90)*1", "-10+math.sin(q.anim_time*90*4-90)*1"]
				},
				"waist_cloth_right2": {
					"rotation": [0, "15+math.sin(q.anim_time*90*4-180)*6", 0]
				},
				"waist_cloth_right3": {
					"rotation": [0, "20+math.sin(q.anim_time*90*4-270)*8", 0]
				},
				"waist_cloth_right4": {
					"rotation": [0, "7.5+math.sin(q.anim_time*90*4-360)*12", 0]
				},
				"body": {
					"rotation": ["35+math.sin(q.anim_time*90*2+45)*2", "math.sin(q.anim_time*90*0.5+45)*2", "math.sin(q.anim_time*90*1+45)*4"],
					"position": ["-math.sin(q.anim_time*90*1)*1", "3+math.sin(q.anim_time*90*2-135)*0.25", "6-math.sin(q.anim_time*90*2)*0.125"]
				},
				"torso": {
					"rotation": ["-10+math.sin(q.anim_time*90*2-90)*1.5", 0, 0],
					"scale": [1, "1+math.sin(q.anim_time*90*4)*0.008", 1]
				},
				"eye": {
					"scale": [1, "1-math.sin(q.anim_time*90*2)*0.008", 1]
				},
				"hand_left_rotation": {
					"rotation": ["-25+math.sin(q.anim_time*90*2-180)*3", 0, 0],
					"position": [0, "4+math.sin(q.anim_time*90*2-225)*0.35", "1+math.sin(q.anim_time*90*2-225)*0.35"]
				},
				"hand_right_rotation": {
					"rotation": ["-25+math.sin(q.anim_time*90*2-210)*3", 0, 0],
					"position": [0, "4+math.sin(q.anim_time*90*2-225)*0.35", "1+math.sin(q.anim_time*90*2-225)*0.35"]
				},
				"teeth": {
					"rotation": ["math.sin(q.anim_time*90*4-270)*1", 0, 0]
				},
				"hair": {
					"scale": [1, "1+math.sin(q.anim_time*90*2)*0.05", 1]
				},
				"hair2": {
					"scale": [1, "1+math.sin(q.anim_time*90*2-130)*0.1", 1]
				},
				"finger1_left": {
					"rotation": ["0+math.sin(q.anim_time*90*2-270)*6", 0, 0]
				},
				"finger2_left": {
					"rotation": ["math.sin(q.anim_time*90*2-270)*6", 0, 0]
				},
				"finger1_right": {
					"rotation": ["math.sin(q.anim_time*90*2-300)*6", 0, 0]
				},
				"finger2_right": {
					"rotation": ["math.sin(q.anim_time*90*2-300)*6", 0, 0]
				},
				"leg_left3": {
					"rotation": ["-15-math.sin(q.anim_time*90*2-180)*10", 0, 0]
				},
				"leg_left4": {
					"rotation": ["-math.sin(q.anim_time*90*2-270)*14", 0, 0]
				},
				"leg_right3": {
					"rotation": ["-15-math.sin(q.anim_time*90*2-180)*10", 0, 0]
				},
				"leg_right4": {
					"rotation": ["-math.sin(q.anim_time*90*2-270)*14", 0, 0]
				},
				"pupil_open": {
					"position": [0, 0.4, 0]
				}
			}
		},
		"animation.dusclops.battle_idle": {
			"loop": true,
			"animation_length": 4,
			"bones": {
				"finger1_left2": {
					"rotation": [37.5, 0, 0]
				},
				"finger2_left2": {
					"rotation": [37.5, 0, 0]
				},
				"finger3_left": {
					"rotation": ["-7.5+math.sin(q.anim_time*90*1-250)*12", 0, 0]
				},
				"finger3_left2": {
					"rotation": [47.5, 0, 0]
				},
				"hair3": {
					"rotation": ["25+math.sin(q.anim_time*90*2-180)*5", 0, 0],
					"scale": ["1.2+math.sin(q.anim_time*90*2-180)*0.05", 1, "1+math.sin(q.anim_time*90*2-270)*0.05"]
				},
				"hair4": {
					"rotation": ["-37.5+math.sin(q.anim_time*90*2-270)*4", 0, 0],
					"scale": ["1.1+math.sin(q.anim_time*90*2-270)*0.05", 1, "1+math.sin(q.anim_time*90*2-360)*0.05"]
				},
				"hair5": {
					"rotation": ["10+math.sin(q.anim_time*90*2-360)*16", 0, 0],
					"scale": ["0.9+math.sin(q.anim_time*90*2-360)*0.05", 1, "1+math.sin(q.anim_time*90*2-450)*0.05"]
				},
				"leg_left": {
					"rotation": ["-5+math.sin(q.anim_time*90*1)*2", 0, 0]
				},
				"leg_left2": {
					"rotation": ["5-math.sin(q.anim_time*90*1)*2", 0, 0]
				},
				"leg_right": {
					"rotation": ["-5+math.sin(q.anim_time*90*1)*2", 0, 0]
				},
				"leg_right2": {
					"rotation": ["5-math.sin(q.anim_time*90*1)*2", 0, 0]
				},
				"finger4_left": {
					"rotation": ["15+math.sin(q.anim_time*90*1-270)*12", 0, 0]
				},
				"finger4_left2": {
					"rotation": [52.5, 0, 0]
				},
				"thumb_left": {
					"rotation": [50, 0, "-42.5+math.sin(q.anim_time*90*1-290)*8"]
				},
				"thumb_left2": {
					"rotation": [0, 0, 32.5]
				},
				"fingers_left": {
					"rotation": [32.5, 0, 0]
				},
				"fingers_right": {
					"rotation": [32.5, 0, 0]
				},
				"finger1_right2": {
					"rotation": [35, 0, 0]
				},
				"finger2_right2": {
					"rotation": [25, 0, 0]
				},
				"finger3_right": {
					"rotation": ["-7.5+math.sin(q.anim_time*90*1-280)*12", 0, 0]
				},
				"finger3_right2": {
					"rotation": [30, 0, 0]
				},
				"finger4_right": {
					"rotation": ["7.5+math.sin(q.anim_time*90*1-300)*12", 0, 0]
				},
				"finger4_right2": {
					"rotation": [47.5, 0, 0]
				},
				"thumb_right": {
					"rotation": [52.5, 0, "42.5-math.sin(q.anim_time*90*1-320)*8"]
				},
				"thumb_right2": {
					"rotation": [0, 0, -32.5]
				},
				"waist_cloth_left": {
					"rotation": [-20, "-15+math.sin(q.anim_time*90*2-90)*1", "10+math.sin(q.anim_time*90*2-90)*1"]
				},
				"waist_cloth_left2": {
					"rotation": [0, "-15-math.sin(q.anim_time*90*2-180)*4", 0]
				},
				"waist_cloth_left3": {
					"rotation": [0, "-20-math.sin(q.anim_time*90*2-270)*8", 0]
				},
				"waist_cloth_left4": {
					"rotation": [0, "-7.5-math.sin(q.anim_time*90*2-360)*12", 0]
				},
				"waist_cloth_right": {
					"rotation": [-20, "15+math.sin(q.anim_time*90*2-90)*1", "-10+math.sin(q.anim_time*90*2-90)*1"]
				},
				"waist_cloth_right2": {
					"rotation": [0, "15+math.sin(q.anim_time*90*2-180)*4", 0]
				},
				"waist_cloth_right3": {
					"rotation": [0, "20+math.sin(q.anim_time*90*2-270)*8", 0]
				},
				"waist_cloth_right4": {
					"rotation": [0, "7.5+math.sin(q.anim_time*90*2-360)*12", 0]
				},
				"body": {
					"position": [0, "math.sin(q.anim_time*90*1)*0.01", "-math.sin(q.anim_time*90*1)*0.25"]
				},
				"torso": {
					"rotation": ["5+math.sin(q.anim_time*90*1-90)*1.25", 0, 0],
					"scale": [1, "1+math.sin(q.anim_time*90*2)*0.009", 1]
				},
				"eye": {
					"scale": [1, "1-math.sin(q.anim_time*90*2)*0.008", 1]
				},
				"hand_left_rotation": {
					"rotation": ["-7.5+math.sin(q.anim_time*90*1-180)*3", 0, 15],
					"position": [1, "1+math.sin(q.anim_time*90*1-225)*0.3", "math.sin(q.anim_time*90*1-225)*0.3"]
				},
				"hand_right_rotation": {
					"rotation": ["-7.5+math.sin(q.anim_time*90*1-210)*3", 0, -15],
					"position": [-1, "1+math.sin(q.anim_time*90*1-225)*0.3", "math.sin(q.anim_time*90*1-225)*0.3"]
				},
				"teeth": {
					"rotation": ["-5+math.sin(q.anim_time*90*4-270)*2", 0, 0]
				},
				"hair": {
					"scale": [1, "1+math.sin(q.anim_time*90*2)*0.05", 1]
				},
				"hair2": {
					"scale": [1, "1+math.sin(q.anim_time*90*2-130)*0.1", 1]
				},
				"finger1_left": {
					"rotation": ["0+math.sin(q.anim_time*90*1-210)*12", 0, 0]
				},
				"finger2_left": {
					"rotation": ["math.sin(q.anim_time*90*1-230)*12", 0, 0]
				},
				"finger1_right": {
					"rotation": ["math.sin(q.anim_time*90*1-240)*12", 0, 0]
				},
				"finger2_right": {
					"rotation": ["math.sin(q.anim_time*90*1-260)*12", 0, 0]
				},
				"pupil_open": {
					"scale": ["0.8+math.sin(q.anim_time*90*1-180)*0.025", "0.8+math.sin(q.anim_time*90*1-180)*0.025", 1]
				}
			}
		},
		"animation.dusclops.sleep": {
			"loop": true,
			"animation_length": 4,
			"bones": {
				"finger1_left2": {
					"rotation": [37.5, 0, 0]
				},
				"finger2_left2": {
					"rotation": [37.5, 0, 0]
				},
				"finger3_left": {
					"rotation": ["-7.5+math.sin(q.anim_time*90*1-270)*6", 0, 0]
				},
				"finger3_left2": {
					"rotation": [47.5, 0, 0]
				},
				"hair3": {
					"rotation": ["5+math.sin(q.anim_time*90*2-180)*3", 0, 0],
					"scale": ["1.2+math.sin(q.anim_time*90*2-180)*0.05", 1, "1+math.sin(q.anim_time*90*2-270)*0.05"]
				},
				"hair4": {
					"rotation": ["-45+math.sin(q.anim_time*90*2-270)*2", 0, 0],
					"scale": ["1.1+math.sin(q.anim_time*90*2-270)*0.05", 1, "1+math.sin(q.anim_time*90*2-360)*0.05"]
				},
				"hair5": {
					"rotation": ["10+math.sin(q.anim_time*90*2-360)*12", 0, 0],
					"scale": ["0.9+math.sin(q.anim_time*90*2-360)*0.05", 1, "1+math.sin(q.anim_time*90*2-450)*0.05"]
				},
				"leg_left": {
					"rotation": ["math.sin(q.anim_time*90*1)*1", 0, 0]
				},
				"leg_left2": {
					"rotation": ["-math.sin(q.anim_time*90*1)*1", 0, 0]
				},
				"leg_right": {
					"rotation": ["math.sin(q.anim_time*90*1)*1", 0, 0]
				},
				"leg_right2": {
					"rotation": ["-math.sin(q.anim_time*90*1)*1", 0, 0]
				},
				"finger4_left": {
					"rotation": ["15+math.sin(q.anim_time*90*1-270)*6", 0, 0]
				},
				"finger4_left2": {
					"rotation": [52.5, 0, 0]
				},
				"thumb_left": {
					"rotation": [50, 0, "-42.5+math.sin(q.anim_time*90*1-270)*6"]
				},
				"thumb_left2": {
					"rotation": [0, 0, 32.5]
				},
				"fingers_left": {
					"rotation": [32.5, 0, 0]
				},
				"fingers_right": {
					"rotation": [32.5, 0, 0]
				},
				"finger1_right2": {
					"rotation": [35, 0, 0]
				},
				"finger2_right2": {
					"rotation": [25, 0, 0]
				},
				"finger3_right": {
					"rotation": ["-7.5+math.sin(q.anim_time*90*1-300)*6", 0, 0]
				},
				"finger3_right2": {
					"rotation": [30, 0, 0]
				},
				"finger4_right": {
					"rotation": ["7.5+math.sin(q.anim_time*90*1-300)*6", 0, 0]
				},
				"finger4_right2": {
					"rotation": [47.5, 0, 0]
				},
				"thumb_right": {
					"rotation": [52.5, 0, "42.5-math.sin(q.anim_time*90*1-300)*6"]
				},
				"thumb_right2": {
					"rotation": [0, 0, -32.5]
				},
				"waist_cloth_left": {
					"rotation": [-45, "-15+math.sin(q.anim_time*90*2-90)*1", "20+math.sin(q.anim_time*90*2-90)*1"],
					"position": [0, 0, 1]
				},
				"waist_cloth_left2": {
					"rotation": [0, "-15-math.sin(q.anim_time*90*2-180)*2", 0]
				},
				"waist_cloth_left3": {
					"rotation": [0, "-20-math.sin(q.anim_time*90*2-270)*4", 0]
				},
				"waist_cloth_left4": {
					"rotation": [0, "-7.5-math.sin(q.anim_time*90*2-360)*6", 0]
				},
				"waist_cloth_right": {
					"rotation": [-45, "15+math.sin(q.anim_time*90*2-90)*1", "-20+math.sin(q.anim_time*90*2-90)*1"],
					"position": [0, 0, 1]
				},
				"waist_cloth_right2": {
					"rotation": [0, "15+math.sin(q.anim_time*90*2-180)*2", 0]
				},
				"waist_cloth_right3": {
					"rotation": [0, "20+math.sin(q.anim_time*90*2-270)*4", 0]
				},
				"waist_cloth_right4": {
					"rotation": [0, "7.5+math.sin(q.anim_time*90*2-360)*6", 0]
				},
				"body": {
					"position": [0, "0.05+math.sin(q.anim_time*90*1)*0.01", "-0.6-math.sin(q.anim_time*90*1)*0.125"]
				},
				"torso": {
					"rotation": ["10+math.sin(q.anim_time*90*1-90)*1.5", 0, 0],
					"scale": [1, "1+math.sin(q.anim_time*90*2)*0.008", 1]
				},
				"eye": {
					"scale": [1, "1-math.sin(q.anim_time*90*2)*0.008", 1]
				},
				"hand_left_rotation": {
					"rotation": ["75+math.sin(q.anim_time*90*1-180)*3", 0, 0],
					"position": [0, 1, -0.5]
				},
				"hand_right_rotation": {
					"rotation": ["75+math.sin(q.anim_time*90*1-210)*3", 0, 0],
					"position": [0, 1, -0.5]
				},
				"teeth": {
					"rotation": ["math.sin(q.anim_time*90*2-270)*2", 0, 0]
				},
				"hair": {
					"scale": [1, "1+math.sin(q.anim_time*90*2)*0.05", 1]
				},
				"hair2": {
					"scale": [1, "1+math.sin(q.anim_time*90*2-130)*0.1", 1]
				},
				"finger1_left": {
					"rotation": ["0+math.sin(q.anim_time*90*1-270)*6", 0, 0]
				},
				"finger2_left": {
					"rotation": ["math.sin(q.anim_time*90*1-270)*6", 0, 0]
				},
				"finger1_right": {
					"rotation": ["math.sin(q.anim_time*90*1-300)*6", 0, 0]
				},
				"finger2_right": {
					"rotation": ["math.sin(q.anim_time*90*1-300)*6", 0, 0]
				},
				"pupil_open": {
					"position": [0, 0, 1]
				},
				"pupil_closed": {
					"position": [0, 0, -0.1]
				}
			}
		},
		"animation.dusclops.blink": {
			"animation_length": 0.16667,
			"bones": {
				"pupil_open": {
					"position": {
						"0.0": [0, 0, 0.1],
						"0.125": [0, 0, 0.1],
						"0.1667": [0, 0, 0]
					}
				},
				"pupil_closed": {
					"position": {
						"0.0": [0, 0, -0.1],
						"0.125": [0, 0, -0.1],
						"0.1667": [0, 0, 0.1]
					}
				}
			}
		},
		"animation.dusclops.faint": {
			"loop": true,
			"animation_length": 3,
			"bones": {
				"finger1_left2": {
					"rotation": [37.5, 0, 0]
				},
				"finger2_left2": {
					"rotation": [37.5, 0, 0]
				},
				"finger3_left": {
					"rotation": [20, 0, 0]
				},
				"finger3_left2": {
					"rotation": [47.5, 0, 0]
				},
				"hair4": {
					"rotation": {
						"0.0": [-15, 0, 0],
						"0.2917": [-35, 0, 0],
						"1.4583": [-45, "math.sin(q.anim_time*90*12-135)*8", 0],
						"1.75": [-38.64, -2.06, 0],
						"1.9583": [-62.5, 0, 0],
						"2.2083": [-82.5, 0, 0],
						"2.375": [-75, 0, 0],
						"2.4583": [-37.5, 0, 0],
						"2.5417": [35, 0, 0],
						"2.625": [42.5, 0, 0],
						"2.6667": [42.5, 0, 0],
						"2.7083": [-2.5, 0, 0],
						"2.8333": [25, 0, 0],
						"2.875": [4.38, 0, 0],
						"3.0": [-10, 0, 0]
					}
				},
				"hair5": {
					"rotation": {
						"0.0": [10, 0, 0],
						"0.2083": [10, 0, 0],
						"1.375": [10, "math.sin(q.anim_time*90*12-180)*12", 0],
						"1.8333": [10, 0, 0],
						"2.0417": [-25, 0, 0],
						"2.2083": [-40, 0, 0],
						"2.375": [-77.5, 0, 0],
						"2.5417": [-54.17, 0, 0],
						"2.625": [17.5, 0, 0],
						"2.7083": [17.5, 0, 0],
						"2.75": [-5, 0, 0],
						"2.8333": [40, 0, 0]
					}
				},
				"leg_left": {
					"rotation": {
						"0.0": [10, 0, 0],
						"0.0833": [-5, 0, 0],
						"1.0": [-1.76, 0, "math.sin(q.anim_time*90*12-45)*4"],
						"1.5": [0, 0, 0],
						"2.2083": [0, 0, 0],
						"2.3333": [-19.29, 0, 0],
						"2.5": [-45, 0, 0],
						"2.625": [15, 0, 0],
						"2.75": [10, 0, 0],
						"2.8333": [20, 0, 0],
						"2.9167": [17.5, 0, 0]
					},
					"position": {
						"0.0": [0, 0, 0],
						"1.0": [0, "-math.sin(q.anim_time*90*12-45)*0.1", 0],
						"1.5": [0, 0, 0],
						"2.2083": [0, 0, 0]
					},
					"scale": 1
				},
				"leg_left2": {
					"rotation": {
						"0.0": [-10, 0, 0],
						"0.0833": [5, 0, 0],
						"1.0": [1.76, 0, "-math.sin(q.anim_time*90*12-45)*4"],
						"1.5": [0, 0, 0],
						"2.1667": [0, 0, 0],
						"2.2917": [12.5, 0, 0],
						"2.7083": [0, 0, 0]
					}
				},
				"leg_right": {
					"rotation": {
						"0.0": [10, 0, 0],
						"0.0833": [-5, 0, 0],
						"1.0": [0, 0, "math.sin(q.anim_time*90*12-45)*4"],
						"1.5": [0, 0, 0],
						"2.2083": [0, 0, 0],
						"2.3333": [7.5, 0, 0],
						"2.5": [-55, 0, 0],
						"2.625": [22.5, 0, 0],
						"2.75": [5, 0, 0],
						"2.8333": [17.5, 0, 0],
						"2.9167": [15, 0, 0]
					},
					"position": {
						"0.0": [0, 0, 0],
						"1.0": [0, "math.sin(q.anim_time*90*12-45)*0.1", 0],
						"1.5": [0, 0, 0]
					},
					"scale": 1
				},
				"leg_right2": {
					"rotation": {
						"0.0": [-10, 0, 0],
						"0.0833": [5, 0, 0],
						"1.0": [1.76, 0, "-math.sin(q.anim_time*90*12-45)*4"],
						"1.5": [0, 0, 0]
					},
					"scale": 1
				},
				"finger4_left": {
					"rotation": [27.5, 0, 0]
				},
				"finger4_left2": {
					"rotation": [52.5, 0, 0]
				},
				"thumb_left": {
					"rotation": [50, 0, -42.5]
				},
				"thumb_left2": {
					"rotation": [0, 0, 32.5]
				},
				"fingers_left": {
					"rotation": [32.5, 0, 0]
				},
				"fingers_right": {
					"rotation": [32.5, 0, 0]
				},
				"finger1_right2": {
					"rotation": [35, 0, 0]
				},
				"finger2_right2": {
					"rotation": [25, 0, 0]
				},
				"finger3_right": {
					"rotation": [20, 0, 0]
				},
				"finger3_right2": {
					"rotation": [30, 0, 0]
				},
				"finger4_right": {
					"rotation": [27.5, 0, 0]
				},
				"finger4_right2": {
					"rotation": [47.5, 0, 0]
				},
				"thumb_right": {
					"rotation": [52.5, 0, 42.5]
				},
				"thumb_right2": {
					"rotation": [0, 0, -32.5]
				},
				"waist_cloth_left": {
					"rotation": {
						"0.0": [-20, -15, 20],
						"0.1667": [-20, -15, 20],
						"0.25": [-20.32, -14.47, 21.4],
						"0.4167": [-21.46, -12.6, 26.37],
						"0.5": [-22.21, -11.37, 29.65],
						"0.5417": [-22.19328, -11.39195, 29.58178],
						"0.625": [-22.19, -11.39, 29.58],
						"1.0833": [-22.19, "-11.39+math.sin(q.anim_time*90*12)*8", 29.58],
						"1.6667": [-22.19, -11.39, 29.58],
						"2.2917": [-20.70595, 12.22926, 28.26454],
						"2.6667": [-20.70595, 12.22926, 28.26454],
						"2.75": [-22.34988, -17.48315, 34.65624],
						"2.8333": [-20.22611, -1.83385, 33.51779],
						"2.9167": [-22.34988, -17.48315, 34.65624],
						"3.0": [-10.28864, -35.00247, 16.19825]
					},
					"scale": {
						"0.0": [1, 1, 1],
						"0.25": [1, 1, 1],
						"0.4167": [0.85, 1, 1]
					}
				},
				"waist_cloth_left2": {
					"rotation": {
						"0.0": [0, -15, 0],
						"0.0833": [0, 0, 0],
						"0.625": [0, 0, 0],
						"1.0833": [0, "math.sin(q.anim_time*90*12-90)*14", 0],
						"1.6667": [0, 0, 0],
						"2.5417": [0, 12.5, 0],
						"2.9167": [0, 0, 0]
					}
				},
				"waist_cloth_left3": {
					"rotation": {
						"0.0": [0, -20, 0],
						"0.125": [0, 0, 0],
						"0.625": [0, 0, 0],
						"1.0833": [0, "math.sin(q.anim_time*90*12-180)*18", 0],
						"1.6667": [0, 0, 0],
						"2.5833": [0, 20, 0],
						"2.7917": [0, -25, 0],
						"3.0": [0, 10, 0]
					}
				},
				"waist_cloth_left4": {
					"rotation": {
						"0.0": [0, -7.5, 0],
						"0.1667": [0, 0, 0],
						"0.625": [0, 0, 0],
						"1.0833": [0, "math.sin(q.anim_time*90*12-225)*24", 0],
						"1.6667": [0, 0, 0],
						"3.0": [0, 25, 0]
					}
				},
				"waist_cloth_right": {
					"rotation": {
						"0.0": [-20, 15, -20],
						"0.1667": [-20, 15, -20],
						"0.25": [-20.39, 14.33, -21.75],
						"0.4167": [-21.76, 11.96, -27.94],
						"0.5": [-22.65, 10.41, -32.01],
						"0.5417": [-22.63904, 10.43848, -31.93544],
						"0.625": [-22.64, 10.44, -31.94],
						"1.0833": [-22.64, "10.44+math.sin(q.anim_time*90*12)*8", -31.94],
						"1.6667": [-22.64, 10.44, -31.94],
						"2.2917": [-22.70563, -12.23996, -27.84473],
						"2.6667": [-22.70563, -12.23996, -27.84473],
						"2.75": [-20.91504, 20.62258, -33.06847],
						"2.8333": [-22.17125, 1.63606, -33.58068],
						"2.9167": [-20.91504, 20.62258, -33.06847],
						"3.0": [-15.04189, 33.9597, -23.22327]
					},
					"position": [0, 0, 0],
					"scale": {
						"0.0": [1, 1, 1],
						"0.25": [1, 1, 1],
						"0.4167": [0.85, 1, 1]
					}
				},
				"waist_cloth_right2": {
					"rotation": {
						"0.0": [0, 15, 0],
						"0.0833": [0, 0, 0],
						"0.625": [0, 0, 0],
						"1.0833": [0, "math.sin(q.anim_time*90*12-90)*14", 0],
						"1.6667": [0, 0, 0],
						"2.5417": [0, -17.5, 0],
						"2.9167": [0, 0, 0]
					}
				},
				"waist_cloth_right3": {
					"rotation": {
						"0.0": [0, 20, 0],
						"0.125": [0, 0, 0],
						"0.625": [0, 0, 0],
						"1.0833": [0, "math.sin(q.anim_time*90*12-180)*18", 0],
						"1.6667": [0, 0, 0],
						"2.5833": [0, -22.5, 0],
						"2.7917": [0, 20, 0],
						"3.0": [0, -10, 0]
					}
				},
				"waist_cloth_right4": {
					"rotation": {
						"0.0": [0, 7.5, 0],
						"0.1667": [0, 0, 0],
						"0.625": [0, 0, 0],
						"1.0833": [0, "math.sin(q.anim_time*90*12-225)*24", 0],
						"1.6667": [0, 0, 0],
						"3.0": [0, -22.5, 0]
					}
				},
				"body": {
					"rotation": {
						"2.2083": [0, 0, 0],
						"2.3333": [-6.7, 0, 0],
						"2.375": [-10.71, 0, 0],
						"2.4583": [-37.5, 0, 0],
						"2.5": [-51.26, 0, 0],
						"2.5417": [-85, 0, 0]
					},
					"position": {
						"0.0": [0, -0.05, -1.75],
						"0.0833": [0, 0.05, 0],
						"1.0": ["math.sin(q.anim_time*90*12-45)*0.5", 0.05, -0.42],
						"1.5": [0, 0.05, -0.65],
						"1.75": [0, 0.05, -0.65],
						"2.2083": [0, 0.05, -0.65],
						"2.3333": [0, 0.24, -2],
						"2.375": [0, 0.3, -3.29],
						"2.5": [0, 3.05, -4.65],
						"2.5833": [0, 7.05, -4.65],
						"2.75": [0, "7.05+math.abs(math.sin(q.anim_time*90*3-45)*4)", -2.65],
						"2.9167": [0, 7.05, -1.88],
						"3.0": [0, 7.05, -1.65]
					}
				},
				"torso": {
					"rotation": {
						"0.0": [25, 0, 0],
						"0.0833": ["-12.5+math.sin(q.anim_time*90*12-90)*1", 0, 0],
						"1.375": ["0+math.sin(q.anim_time*90*12-90)*4", 0, "0+math.sin(q.anim_time*90*12)*4"],
						"1.7917": [-2.5, 0, 0],
						"2.0833": [15, 0, 0],
						"2.4167": [32.5, 0, 0],
						"2.5": [10, 0, 0],
						"2.5833": [10, 0, 0],
						"2.625": [-15, 0, 0],
						"2.75": [10, 0, 0],
						"2.8333": [-7.5, 0, 0],
						"2.875": [-5, 0, 0]
					},
					"position": {
						"0.0": [0, 0, 0],
						"1.5": [0, 0, 0],
						"2.1667": [0, 0, -1.25],
						"2.5417": [0, 0, -1.25],
						"2.625": [0, 0, 0]
					},
					"scale": {
						"0.0": [1, 1, 1],
						"1.375": [1, 1, 1],
						"1.9583": [1, 1, 1]
					}
				},
				"eye": {
					"scale": [1, "1-math.sin(q.anim_time*90*2)*0.008", 1]
				},
				"hand_left_rotation": {
					"rotation": {
						"0.0": [252.31049, 68.30273, 250.4301],
						"1.625": {
							"pre": [252.31, 68.3, 250.43],
							"post": [252.31, 68.3, 250.43],
							"lerp_mode": "catmullrom"
						},
						"1.7917": {
							"post": [222.34298, 58.46754, 217.21411],
							"lerp_mode": "catmullrom"
						},
						"2.125": {
							"post": [222.34298, 58.46754, 217.21411],
							"lerp_mode": "catmullrom"
						},
						"2.5": [252.31, 68.3, 250.43],
						"2.625": [329.34643, -2.90587, 360.47083],
						"2.8333": [329.34643, -2.90587, 360.47083]
					},
					"position": {
						"0.0": [-3, 5, 11],
						"1.625": {
							"pre": [-3, 5, 11],
							"post": [-3, 5, 11],
							"lerp_mode": "catmullrom"
						},
						"1.7917": {
							"post": [-3, 5.8, 8],
							"lerp_mode": "catmullrom"
						},
						"2.125": {
							"post": [-2, 5, 10],
							"lerp_mode": "catmullrom"
						},
						"2.5": [-3, 5, 11],
						"2.625": [-3, 5, 21.75],
						"2.8333": [2, 5, 23.75]
					}
				},
				"hand_right_rotation": {
					"rotation": {
						"0.0": [252.31049, -68.3027, -250.4301],
						"1.625": {
							"pre": [252.31, -68.3, -250.43],
							"post": [252.31, -68.3, -250.43],
							"lerp_mode": "catmullrom"
						},
						"1.7917": {
							"post": [228.57897, -61.98085, -224.39295],
							"lerp_mode": "catmullrom"
						},
						"2.125": {
							"post": [228.57897, -61.98085, -224.39295],
							"lerp_mode": "catmullrom"
						},
						"2.5": [252.31, -68.3, -250.43],
						"2.625": [329.34643, 2.90587, -360.47083],
						"2.8333": [329.34643, 2.90587, -360.47083]
					},
					"position": {
						"0.0": [3, 5, 11],
						"1.625": {
							"pre": [3, 5, 11],
							"post": [3, 5, 11],
							"lerp_mode": "catmullrom"
						},
						"1.7917": {
							"post": [3, 5, 8],
							"lerp_mode": "catmullrom"
						},
						"2.125": {
							"post": [2, 6, 9],
							"lerp_mode": "catmullrom"
						},
						"2.5": [3, 5, 11],
						"2.625": [3, 5, 21.75],
						"2.8333": [-2, 5, 23.75]
					}
				},
				"teeth": {
					"rotation": {
						"0.0": ["math.sin(q.anim_time*90*6)*2", 0, 0],
						"1.25": ["math.sin(q.anim_time*90*6)*10", 0, 0],
						"1.5": ["math.sin(q.anim_time*90*6)*0.5", 0, 0]
					}
				},
				"finger1_left": {
					"rotation": [17.5, 0, 0]
				},
				"finger2_left": {
					"rotation": [25, 0, 0]
				},
				"finger1_right": {
					"rotation": [17.5, 0, 0]
				},
				"finger2_right": {
					"rotation": [25, 0, 0]
				},
				"pupil_open": {
					"position": {
						"0.0": [0, 0, 1],
						"0.0417": [0, 0, 1],
						"0.0833": [0, 0, 0],
						"0.3333": [0, 0, 0],
						"0.7083": ["-math.sin(q.anim_time*90*16)*0.8", "math.sin(q.anim_time*90*16-90)*0.8", 0],
						"1.125": ["-math.sin(q.anim_time*90*16)*0.8", "math.sin(q.anim_time*90*16-90)*0.8", 0],
						"1.375": [0, 0.2, 0],
						"1.5": [0, "0.2+math.sin(q.anim_time*90*88-90)*0.08", 0],
						"2.125": [0, "0.2+math.sin(q.anim_time*90*88-90)*0.08", 0],
						"2.1667": [0, "0.2+math.sin(q.anim_time*90*88-90)*0.08", 3]
					},
					"scale": {
						"0.0": [1, 1, 1],
						"0.0417": [1, 1, 1],
						"0.1667": [0.5, 0.5, 1],
						"0.2917": [0.75, 0.75, 1],
						"0.5": [1, 1, 1],
						"1.2917": [1, 1, 1],
						"1.4167": [0.9, 0.9, 0.9],
						"1.5": [0.5, 0.5, 0.5],
						"2.0417": [0.5, 0.5, 0.5],
						"2.125": [0.1, 0.1, 0.1]
					}
				},
				"pupil_closed": {
					"position": {
						"0.0": [0, 0, -0.11],
						"0.0417": [0, 0, -0.11],
						"0.0833": [0, 0, 0.89]
					}
				},
				"leg_left3": {
					"rotation": {
						"0.0": [0, 0, 0],
						"2.1667": [0, 0, 0],
						"2.5": [37.5, 0, 0],
						"2.625": [65, 0, 0]
					}
				},
				"leg_right3": {
					"rotation": {
						"2.3333": [0, 0, 0],
						"2.4167": [45, 0, 0],
						"2.5": [35, 0, 0],
						"2.5833": [40, 0, 0],
						"2.625": [70, 0, 0]
					}
				},
				"hair3": {
					"rotation": {
						"0.0": [0, 0, 0],
						"0.1667": [10, 0, 0],
						"1.2917": [0, "math.sin(q.anim_time*90*12-45)*8", 0],
						"1.875": [10, 0, 0],
						"2.2083": [10, 0, 0],
						"2.5417": [60, 0, 0],
						"2.625": [132.5, 0, 0],
						"2.6667": [40, 0, 0],
						"2.75": [47.5, 0, 0],
						"2.8333": [77.5, 0, 0],
						"2.875": [50, 0, 0],
						"3.0": [55, 0, 0]
					}
				}
			}
		},
		"animation.dusclops.claphehehe": {
			"loop": true,
			"bones": {
				"torso": {
					"rotation": ["math.sin(q.anim_time*90*10+45)*2", 0, "math.cos(q.anim_time*90*10+45)*2"],
					"position": [0, "math.sin(q.anim_time*90*20+45)*0.3", 0]
				},
				"hand_left_rotation": {
					"rotation": ["75.7954+math.clamp(math.cos(q.anim_time*90*20+45)*50,-50,0)", 34.52918, 64.51112],
					"position": ["math.sin(q.anim_time*90*20+45)*6", 2, -2.25]
				},
				"finger1_left": {
					"rotation": [0, 0, 7.5]
				},
				"finger3_left": {
					"rotation": [0, 0, -5]
				},
				"finger4_left": {
					"rotation": [0, 0, -12.5]
				},
				"thumb_left": {
					"rotation": [0, 0, -67.5]
				},
				"hand_right_rotation": {
					"rotation": ["75.7954+math.clamp(math.cos(q.anim_time*90*20+45)*50,-50,0)", -34.52918, -64.51112],
					"position": ["-(math.sin(q.anim_time*90*20+45)*6)", 2, -2.25]
				},
				"finger1_right": {
					"rotation": [0, 0, -7.5]
				},
				"finger3_right": {
					"rotation": [0, 0, 5]
				},
				"finger4_right": {
					"rotation": [0, 0, 12.5]
				},
				"thumb_right": {
					"rotation": [0, 0, 67.5]
				}
			}
		}
	}
}