{
	"format_version": "1.10.0",
	"particle_effect": {
		"description": {
			"identifier": "cobblemon:sleep_zzz",
			"basic_render_parameters": {
				"material": "particles_blend",
				"texture": "textures/particles/sleep_zzz"
			}
		},
		"components": {
			"minecraft:emitter_rate_steady": {
				"spawn_rate": 2,
				"max_particles": 9
			},
			"minecraft:emitter_lifetime_looping": {
				"active_time": 1.5,
				"sleep_time": 3
			},
			"minecraft:emitter_shape_point": {
				"direction": ["math.random(-0.25,0.25)", "math.random(0.8,1)", "math.random(-0.25,0.25)"]
			},
			"minecraft:particle_lifetime_expression": {
				"max_lifetime": 4
			},
			"minecraft:particle_initial_speed": "1/4",
			"minecraft:particle_motion_dynamic": {
				"linear_acceleration": [0, 0.25, 0],
				"linear_drag_coefficient": 0.85
			},
			"minecraft:particle_appearance_billboard": {
				"size": ["math.clamp(v.particle_age*0.33/2, 0, 0.25)", "math.clamp(v.particle_age*0.66/2, 0, 0.25)"],
				"facing_camera_mode": "rotate_xyz",
				"uv": {
					"texture_width": 8,
					"texture_height": 24,
					"flipbook": {
						"base_UV": [0, 0],
						"size_UV": [8, 8],
						"step_UV": [0, 8],
						"frames_per_second": 1,
						"max_frame": 3
					}
				}
			},
			"minecraft:particle_appearance_tinting": {
				"color": {
					"interpolant": "v.particle_age / v.particle_lifetime",
					"gradient": {
						"0.0": "#ffffffff",
						"0.5": "#CCFFFFFF",
						"1.0": "#00FFFFFF"
					}
				}
			}
		}
	}
}