{
	"format_version": "1.10.0",
	"particle_effect": {
		"description": {
			"identifier": "cobblemon:sleep_bubbles",
			"basic_render_parameters": {
				"material": "particles_blend",
				"texture": "textures/particles/bubble"
			}
		},
		"components": {
			"minecraft:emitter_rate_steady": {
				"spawn_rate": 4,
				"max_particles": 16
			},
			"minecraft:emitter_lifetime_looping": {
				"active_time": 1.5,
				"sleep_time": 3
			},
			"minecraft:emitter_shape_point": {
				"direction": ["math.random(-0.5,0.5)", "math.random(0.8,1)", "math.random(-0.5,0.5)"]
			},
			"minecraft:particle_lifetime_expression": {
				"max_lifetime": 4
			},
			"minecraft:particle_initial_speed": "1/3",
			"minecraft:particle_motion_dynamic": {
				"linear_acceleration": [0, 0.2, 0],
				"linear_drag_coefficient": 0.95
			},
			"minecraft:particle_appearance_billboard": {
				"size": ["math.clamp(v.particle_age*0.33, 0, 0.2)", "math.clamp(v.particle_age*0.33, 0, 0.2)"],
				"facing_camera_mode": "rotate_xyz",
				"uv": {
					"texture_width": 16,
					"texture_height": 48,
					"flipbook": {
						"base_UV": [0, 0],
						"size_UV": [16, 16],
						"step_UV": [0, 16],
						"frames_per_second": 4,
						"max_frame": 4,
						"loop": true
					}
				}
			},
			"minecraft:particle_appearance_tinting": {
				"color": {
					"interpolant": "v.particle_age / v.particle_lifetime",
					"gradient": {
						"0.0": "#ffffffff",
						"0.5": "#CCFFFFFF",
						"1.0": "#00FFFFFF"
					}
				}
			}
		}
	}
}