{
	"format_version": "1.10.0",
	"particle_effect": {
		"description": {
			"identifier": "cobblemon:smoke_plume",
			"basic_render_parameters": {
				"material": "particles_alpha",
				"texture": "textures/particles/vanilla_smoke"
			}
		},
		"curves": {
			"variable.grow": {
				"type": "linear",
				"input": "v.particle_age",
				"horizontal_range": "v.particle_lifetime",
				"nodes": [0, 0.48, 1.64]
			}
		},
		"components": {
			"minecraft:emitter_rate_steady": {
				"spawn_rate": 5,
				"max_particles": 100
			},
			"minecraft:emitter_lifetime_expression": {
				"activation_expression": 1
			},
			"minecraft:emitter_shape_point": {
				"direction": [0, 1, 0]
			},
			"minecraft:particle_lifetime_expression": {
				"max_lifetime": 1.5
			},
			"minecraft:particle_initial_speed": 1,
			"minecraft:particle_motion_dynamic": {},
			"minecraft:particle_appearance_billboard": {
				"size": ["variable.grow", "variable.grow"],
				"facing_camera_mode": "rotate_xyz",
				"uv": {
					"texture_width": 1,
					"texture_height": 12,
					"uv": [0, "Math.floor(variable.particle_random_2 * 12)"],
					"uv_size": [1, 1]
				}
			}
		}
	}
}