{
	"format_version": "1.10.0",
	"particle_effect": {
		"description": {
			"identifier": "cobblemon:tailflame_small",
			"basic_render_parameters": {
				"material": "particles_alpha",
				"texture": "textures/particles/tailflame"
			}
		},
		"curves": {
			"variable.sizecurve": {
				"type": "linear",
				"input": "v.particle_age",
				"horizontal_range": "v.particle_lifetime",
				"nodes": [0.89, 1, 0.9, 0]
			}
		},
		"components": {
			"minecraft:emitter_rate_steady": {
				"spawn_rate": 5,
				"max_particles": 10
			},
			"minecraft:emitter_lifetime_expression": {
				"activation_expression": 1
			},
			"minecraft:emitter_shape_sphere": {
				"radius": 0.05,
				"direction": "outwards"
			},
			"minecraft:particle_lifetime_expression": {
				"max_lifetime": 1
			},
			"minecraft:particle_initial_speed": 0,
			"minecraft:particle_motion_dynamic": {
				"linear_acceleration": [0, 0.5, 0]
			},
			"minecraft:particle_appearance_billboard": {
				"size": ["0.2 * variable.sizecurve ", "0.2 * variable.sizecurve"],
				"facing_camera_mode": "rotate_xyz",
				"uv": {
					"texture_width": 16,
					"texture_height": 64,
					"flipbook": {
						"base_UV": [0, 0],
						"size_UV": [16, 16],
						"step_UV": [0, 16],
						"frames_per_second": 16,
						"max_frame": 4,
						"loop": true
					}
				}
			}
		}
	}
}