{
	"format_version": "1.8.0",
	"animations": {
		"animation.slowbro.ground_idle": {
			"loop": true,
			"bones": {
				"tail": {
					"rotation": [-38.15, "14.08-math.cos(q.anim_time*90*1.5-60)*5", -5.24]
				},
				"tail2": {
					"rotation": [35, "0-math.cos(q.anim_time*90*1.5-120)*1", 0]
				},
				"leftarm": {
					"rotation": [110.94102, 40.7895, 110.3612]
				},
				"rightarm": {
					"rotation": [110.94102, -40.78947, -110.3612]
				},
				"torso": {
					"rotation": ["10-math.cos(q.anim_time*90*1.5)*1", 0, 0],
					"position": [0, "0-math.sin(q.anim_time*90*1.5)*0.3", 0]
				},
				"head": {
					"rotation": ["-5-math.cos(q.anim_time*90*1.5-30)*1", 0, 0]
				},
				"arm_left": {
					"rotation": [-20, 48, "41-math.cos(q.anim_time*90*1.5-30)*3"]
				},
				"arm_left2": {
					"rotation": [0, 0, "62.5-math.cos(q.anim_time*90*1.5-60)*2"]
				},
				"arm_right": {
					"rotation": [-20, -48, "-41+math.cos(q.anim_time*90*1.5-30)*3"]
				},
				"arm_right2": {
					"rotation": [0, 0, "-62.5+math.cos(q.anim_time*90*1.5-60)*2"]
				},
				"ear_left": {
					"rotation": ["0-math.cos(q.anim_time*90*1.5-60)*6", 0, 0]
				},
				"ear_right": {
					"rotation": ["0-math.cos(q.anim_time*90*1.5-60)*6", 0, 0]
				},
				"jaw": {
					"rotation": ["25-math.cos(q.anim_time*90*1.5-60)*5", 0, 0]
				},
				"finger_left": {
					"rotation": [0, 0, 40]
				},
				"finger_left2": {
					"rotation": [0, 0, 40]
				},
				"finger_left3": {
					"rotation": [0, 0, 40]
				},
				"finger_right": {
					"rotation": [0, 0, -40]
				},
				"finger_right2": {
					"rotation": [0, 0, -40]
				},
				"finger_right3": {
					"rotation": [0, 0, -40]
				},
				"shell": {
					"rotation": ["0-math.cos(q.anim_time*90*1.5)*0.5", "0-math.cos(q.anim_time*90*1.5-120)*0.5", 0]
				},
				"shell_jaw": {
					"rotation": ["-7.5-math.cos(q.anim_time*90*1.5-30)*1", 0, 0]
				},
				"leg_left": {
					"rotation": [0, -7.5, 0]
				},
				"leg_right": {
					"rotation": [0, 12.5, 0]
				}
			}
		},
		"animation.slowbro.battle_idle": {
			"loop": true,
			"bones": {
				"tail": {
					"rotation": [-33.4569, "-11.1657-math.cos(q.anim_time*90*1.5-60)*5", 11.10272]
				},
				"tail2": {
					"rotation": [35, "0-math.cos(q.anim_time*90*1.5-120)*1", 0]
				},
				"leftarm": {
					"rotation": [110.94102, 40.7895, 110.3612]
				},
				"rightarm": {
					"rotation": [110.94102, -40.78947, -110.3612]
				},
				"torso": {
					"rotation": ["12.5-math.cos(q.anim_time*90*1.5)*1", 0, 0],
					"position": [0, "0-math.sin(q.anim_time*90*1.5)*0.3", 0]
				},
				"head": {
					"rotation": ["-7.8959-math.cos(q.anim_time*90*1.5-30)*1", 17.33034, -2.40854]
				},
				"arm_left": {
					"rotation": [-20, 48, "41-math.cos(q.anim_time*90*1.5-30)*3"]
				},
				"arm_left2": {
					"rotation": [0, 0, "62.5-math.cos(q.anim_time*90*1.5-60)*2"]
				},
				"arm_right": {
					"rotation": [-20, -48, "-41+math.cos(q.anim_time*90*1.5-30)*3"]
				},
				"arm_right2": {
					"rotation": [0, 0, "-62.5+math.cos(q.anim_time*90*1.5-60)*2"]
				},
				"ear_left": {
					"rotation": ["0-math.cos(q.anim_time*90*1.5-60)*6", 0, 0]
				},
				"ear_right": {
					"rotation": ["0-math.cos(q.anim_time*90*1.5-60)*6", 0, 0]
				},
				"jaw": {
					"rotation": ["25-math.cos(q.anim_time*90*1.5-60)*5", 0, 0]
				},
				"finger_left": {
					"rotation": [0, 0, 40]
				},
				"finger_left2": {
					"rotation": [0, 0, 40]
				},
				"finger_left3": {
					"rotation": [0, 0, 40]
				},
				"finger_right": {
					"rotation": [0, 0, -40]
				},
				"finger_right2": {
					"rotation": [0, 0, -40]
				},
				"finger_right3": {
					"rotation": [0, 0, -40]
				},
				"shell": {
					"rotation": ["-4.5236-math.cos(q.anim_time*90*1.5)*0.5", "17.6892-math.cos(q.anim_time*90*1.5-120)*0.5", -27.73805]
				},
				"shell_jaw": {
					"rotation": ["-7.5-math.cos(q.anim_time*90*1.5-30)*1", 0, 0]
				},
				"body": {
					"rotation": [0, -15, 0]
				},
				"leg_left": {
					"rotation": [0, -12.5, 0]
				},
				"leg_right": {
					"rotation": [0, 22.5, 0]
				}
			}
		},
		"animation.slowbro.ground_walk": {
			"loop": true,
			"animation_length": 2,
			"bones": {
				"torso": {
					"rotation": ["12.5+math.cos(q.anim_time*90*2*2)*2", "-math.cos(q.anim_time*90*2)*5", "-math.sin(q.anim_time*90*2)*5"],
					"position": [0, "0+math.sin(q.anim_time*90*2*2)*0.2", 0]
				},
				"head": {
					"rotation": ["-10-math.cos(q.anim_time*90*2*2-60)*3", "0+math.cos(q.anim_time*90*2-60)*8", "0+math.sin(q.anim_time*90*2-60)*2"]
				},
				"ear_left": {
					"rotation": ["0-math.cos(q.anim_time*90*2*2-120)*4", 0, 0]
				},
				"ear_right": {
					"rotation": ["0-math.cos(q.anim_time*90*2*2-120)*4", 0, 0]
				},
				"jaw": {
					"rotation": ["20+math.cos(q.anim_time*90*2*2-60)*2", 0, 0]
				},
				"arm_left": {
					"rotation": ["-20+math.sin(q.anim_time*90*2-30)*4", 48, 41]
				},
				"arm_left2": {
					"rotation": [0, 0, "50+math.sin(q.anim_time*90*2-60)*2"]
				},
				"arm_right": {
					"rotation": ["-20+math.sin(q.anim_time*90*2-30)*4", -48, -41]
				},
				"arm_right2": {
					"rotation": [0, 0, "-50-math.sin(q.anim_time*90*2-60)*2"]
				},
				"finger_right": {
					"rotation": [0, 0, -40]
				},
				"finger_right2": {
					"rotation": [0, 0, -40]
				},
				"finger_right3": {
					"rotation": [0, 0, -40]
				},
				"tail": {
					"rotation": ["-18.3076+math.sin(q.anim_time*90*2*2-60)*2", "16.8595-math.cos(q.anim_time*90*2-60)*4", -4.28583]
				},
				"tail2": {
					"rotation": ["20+math.sin(q.anim_time*90*2*2-120)*1", "0-math.cos(q.anim_time*90*2-120)*4", 0]
				},
				"shell": {
					"rotation": ["0-math.sin(q.anim_time*90*2*2-180)*2", "0-math.cos(q.anim_time*90*2-120)*1", 0]
				},
				"leg_left": {
					"rotation": ["0.0577+math.cos(q.anim_time*90*2)*5", -9.98078, -0.44192],
					"position": {
						"0.0": [0, "-0.1+math.clamp(math.sin(q.anim_time*90*2)*1,0,2)", "0.3+math.cos(q.anim_time*90*2)*0.5"],
						"0.8333": [0, "0+math.clamp(math.sin(q.anim_time*90*2)*1,0,2)", "0.3+math.cos(q.anim_time*90*2)*0.5"],
						"0.9167": [0, 0, "0.3+math.cos(q.anim_time*90*2)*0.5"],
						"2.0": [0, "-0.1+math.clamp(math.sin(q.anim_time*90*2)*1,0,2)", "0.3+math.cos(q.anim_time*90*2)*0.5"]
					}
				},
				"leg_left2": {
					"rotation": ["0-math.sin(q.anim_time*90*2)*5", 0, 0]
				},
				"foot_left": {
					"rotation": {
						"0.0": ["-10-math.clamp(math.sin(q.anim_time*90*2)*10,0,10)+math.clamp(math.sin(q.anim_time*90*2+30)*12,0,12)", 0, 0],
						"0.8333": ["1.5-math.clamp(math.sin(q.anim_time*90*2)*10,0,10)+math.clamp(math.sin(q.anim_time*90*2+30)*12,0,12)", 0, 0],
						"0.9583": [5, 0, 0],
						"1.5": [-5.3, 0, 0],
						"2.0": ["-10-math.clamp(math.sin(q.anim_time*90*2)*10,0,10)+math.clamp(math.sin(q.anim_time*90*2+30)*12,0,12)", 0, 0]
					},
					"position": {
						"0.0": [0, 0, 0],
						"1.5": [0, -0.15, 0],
						"1.75": [0, -0.15, 0],
						"1.9167": [0, -0.15, 0],
						"2.0": [0, 0, 0]
					}
				},
				"leg_right": {
					"rotation": ["-0.0239+math.cos(q.anim_time*90*2-180)*5", 7.49044, -0.21969],
					"position": {
						"0.0": [0, "0+math.clamp(math.sin(q.anim_time*90*2+180)*1,0,2)", "0.3+math.cos(q.anim_time*90*2+180)*0.5"],
						"1.875": [0, "0+math.clamp(math.sin(q.anim_time*90*2+180)*1,0,2)", "0.3+math.cos(q.anim_time*90*2+180)*0.5"],
						"1.9167": [0, 0, "0.3+math.cos(q.anim_time*90*2+180)*0.5"]
					}
				},
				"leg_right2": {
					"rotation": ["0-math.sin(q.anim_time*90*2)*5", 0, 0]
				},
				"foot_right": {
					"rotation": {
						"0.0": ["5-math.clamp(math.sin(q.anim_time*90*2-180)*10,0,10)+math.clamp(math.sin(q.anim_time*90*2-150)*12,0,12)", 0, 0],
						"0.375": ["5-math.clamp(math.sin(q.anim_time*90*2-180)*10,0,10)+math.clamp(math.sin(q.anim_time*90*2-150)*12,0,12)", 0, 0],
						"0.8333": ["-2-math.clamp(math.sin(q.anim_time*90*2-180)*10,0,10)+math.clamp(math.sin(q.anim_time*90*2-150)*12,0,12)", 0, 0],
						"1.0": ["-9.5-math.clamp(math.sin(q.anim_time*90*2-180)*10,0,10)+math.clamp(math.sin(q.anim_time*90*2-150)*12,0,12)", 0, 0],
						"1.7917": ["-math.clamp(math.sin(q.anim_time*90*2-180)*10,0,10)+math.clamp(math.sin(q.anim_time*90*2-150)*12,0,12)", 0, 0],
						"1.9583": ["5-math.clamp(math.sin(q.anim_time*90*2-180)*10,0,10)+math.clamp(math.sin(q.anim_time*90*2-150)*12,0,12)", 0, 0]
					},
					"position": {
						"0.0": [0, 0, 0],
						"0.8333": [0, -0.1, 0],
						"2.0": [0, 0, 0]
					}
				},
				"finger_left": {
					"rotation": [0, 0, "40+math.sin(q.anim_time*90*3-90)*2"]
				},
				"finger_left2": {
					"rotation": [0, 0, 40]
				},
				"finger_left3": {
					"rotation": [0, 0, 40]
				},
				"shell_jaw": {
					"rotation": ["-2.5+math.sin(q.anim_time*90*2*2-180)*2", 0, 0]
				},
				"body": {
					"rotation": [0, "0-math.cos(q.anim_time*90*2)*3", 0]
				}
			}
		},
		"animation.slowbro.water_idle": {
			"loop": true,
			"animation_length": 2.66667,
			"bones": {
				"body": {
					"rotation": ["60-math.sin(q.anim_time*90*1.5)*2", 0, 0],
					"position": [0, "0+math.cos(q.anim_time*90*1.5)*0.3", 0]
				},
				"head": {
					"rotation": ["-60-math.sin(q.anim_time*90*1.5-30)*1", 0, 0],
					"position": [0, 1, -3]
				},
				"tail": {
					"rotation": ["-52.5-math.sin(q.anim_time*90*1.5-30)*1", 0, 0],
					"position": [0, -1, -1]
				},
				"tail2": {
					"rotation": ["20-math.sin(q.anim_time*90*1.5-60)*2", 0, 0]
				},
				"fesh": {
					"rotation": [5, 0, 0]
				},
				"leftarm": {
					"rotation": [0, 15, 30]
				},
				"rightarm": {
					"rotation": [0, -15, -30]
				},
				"leftleg": {
					"rotation": [0, 0, 15]
				},
				"rightleg": {
					"rotation": [0, 0, -15]
				},
				"arm_left": {
					"rotation": [-67.29, "18.56+math.sin(q.anim_time*90*1.5-30)*4", 24.46]
				},
				"arm_right": {
					"rotation": [-67.29, "-18.56-math.sin(q.anim_time*90*1.5-30)*4", -24.46]
				},
				"jaw": {
					"rotation": ["25-math.sin(q.anim_time*90*1.5-60)*5", 0, 0]
				},
				"arm_left2": {
					"rotation": [0, 0, "10+math.sin(q.anim_time*90*1.5-60)*2"]
				},
				"arm_right2": {
					"rotation": [0, 0, "-10-math.sin(q.anim_time*90*1.5-60)*2"]
				},
				"leg_left": {
					"rotation": ["-30.21-math.sin(q.anim_time*90*1.5-30)*3", -6.49, 3.77]
				},
				"leg_left2": {
					"rotation": [7.5, 0, 0]
				},
				"foot_left": {
					"rotation": [7.5, 0, 0]
				},
				"leg_right": {
					"rotation": ["-30.21-math.sin(q.anim_time*90*1.5-30)*3", 6.49, -3.77]
				},
				"leg_right2": {
					"rotation": [10, 0, 0]
				},
				"foot_right": {
					"rotation": [7.5, 0, 0]
				},
				"torso": {
					"rotation": ["0-math.sin(q.anim_time*90*1.5)*1", 0, 0]
				},
				"ear_left": {
					"rotation": ["0-math.sin(q.anim_time*90*1.5-30)*4", 0, 0]
				},
				"ear_right": {
					"rotation": ["0-math.sin(q.anim_time*90*1.5-30)*4", 0, 0]
				},
				"shell": {
					"rotation": ["0-math.sin(q.anim_time*90*1.5-90)*1", 0, 0]
				}
			}
		},
		"animation.slowbro.water_swim": {
			"loop": true,
			"bones": {
				"body": {
					"rotation": ["75-math.sin(q.anim_time*90*2.5)*2", 0, "0-math.cos(q.anim_time*90*2.5-30)*1"],
					"position": [0, "0+math.cos(q.anim_time*90*2.5)*0.3", 0]
				},
				"head": {
					"rotation": ["-70-math.sin(q.anim_time*90*2.5-30)*1.5", 0, 0],
					"position": [0, 2, -3]
				},
				"tail": {
					"rotation": ["-65-math.sin(q.anim_time*90*2.5-30)*1", "0-math.cos(q.anim_time*90*2.5-30)*3", 0],
					"position": [0, -1, -1]
				},
				"tail2": {
					"rotation": ["5-math.sin(q.anim_time*90*2.5-30)*1", "0-math.cos(q.anim_time*90*2.5-30)*3", 0]
				},
				"fesh": {
					"rotation": [5, 0, 0]
				},
				"leftarm": {
					"rotation": [0, 15, 45]
				},
				"rightarm": {
					"rotation": [0, -15, -45]
				},
				"arm_left": {
					"rotation": [0, "27.5+math.cos(q.anim_time*90*2.5-30)*8", "32-math.sin(q.anim_time*90*2.5-30)*20"]
				},
				"arm_right": {
					"rotation": [0, "-27.5-math.cos(q.anim_time*90*2.5-30)*8", "-32+math.sin(q.anim_time*90*2.5-30)*20"]
				},
				"torso": {
					"rotation": ["0-math.sin(q.anim_time*90*2.5)*1", "0-math.cos(q.anim_time*90*2.5)*3", 0]
				},
				"ear_left": {
					"rotation": ["0-math.sin(q.anim_time*90*2.5-60)*6", 0, 0]
				},
				"ear_right": {
					"rotation": ["0-math.sin(q.anim_time*90*2.5-60)*6", 0, 0]
				},
				"jaw": {
					"rotation": ["15-math.sin(q.anim_time*90*2.5-30)*5", 0, 0]
				},
				"arm_left2": {
					"rotation": [0, "0+math.cos(q.anim_time*90*2.5-30)*4", 17.5]
				},
				"finger_left": {
					"rotation": [0, 0, "12.5-math.sin(q.anim_time*90*2.5-30)*20"]
				},
				"finger_left2": {
					"rotation": [0, 0, "12.5-math.sin(q.anim_time*90*2.5-30)*20"]
				},
				"finger_left3": {
					"rotation": [0, 0, "12.5-math.sin(q.anim_time*90*2.5-30)*20"]
				},
				"arm_right2": {
					"rotation": [0, 0, "-17.5-math.cos(q.anim_time*90*2.5-30)*4"]
				},
				"finger_right": {
					"rotation": [0, 0, "-12.5+math.sin(q.anim_time*90*2.5-30)*20"]
				},
				"finger_right2": {
					"rotation": [0, 0, "-12.5+math.sin(q.anim_time*90*2.5-30)*20"]
				},
				"finger_right3": {
					"rotation": [0, 0, "-12.5+math.sin(q.anim_time*90*2.5-30)*20"]
				},
				"shell": {
					"rotation": [15, 0, 0]
				},
				"shell_jaw": {
					"rotation": ["-19.76-math.sin(q.anim_time*90*2.5-90)*2", -0.32, -1.48]
				},
				"leg_left": {
					"rotation": ["-30-math.cos(q.anim_time*90*2.5)*15", 0, 0]
				},
				"leg_left2": {
					"rotation": ["15-math.cos(q.anim_time*90*2.5-30)*8", 0, 0]
				},
				"foot_left": {
					"rotation": ["7.5-math.cos(q.anim_time*90*2.5-60)*4", 0, 0]
				},
				"leg_right": {
					"rotation": ["-30-math.cos(q.anim_time*90*2.5+180)*15", 0, 0]
				},
				"leg_right2": {
					"rotation": ["15-math.cos(q.anim_time*90*2.5+150)*8", 0, 0]
				},
				"foot_right": {
					"rotation": ["7.5-math.cos(q.anim_time*90*2.5+120)*4", 0, 0]
				}
			}
		},
		"animation.slowbro.sleep": {
			"loop": true,
			"bones": {
				"body": {
					"position": [0, -2.5, 0]
				},
				"torso": {
					"rotation": ["-7.5+math.sin(q.anim_time*90*1)*1", 0, 0]
				},
				"head": {
					"rotation": ["12.5+math.sin(q.anim_time*90*1-30)*2", 0, 0]
				},
				"eyelid_left": {
					"position": [0.1, 0, -0.1]
				},
				"eyelid_right": {
					"position": [-0.1, 0, -0.1]
				},
				"arm_left": {
					"rotation": [-20, 48, "41-math.cos(q.anim_time*90*1)*3"]
				},
				"arm_left2": {
					"rotation": [9.42, 6, "65-math.sin(q.anim_time*90*1)*2"]
				},
				"finger_left": {
					"rotation": [0, 0, 27.5]
				},
				"finger_left2": {
					"rotation": [0, 0, 27.5]
				},
				"finger_left3": {
					"rotation": [0, 0, 27.5]
				},
				"arm_right": {
					"rotation": [-20, -48, "-41+math.cos(q.anim_time*90*1)*3"]
				},
				"arm_right2": {
					"rotation": [9.42, -6, "-65+math.sin(q.anim_time*90*1)*2"]
				},
				"finger_right": {
					"rotation": [0, 0, -27.5]
				},
				"finger_right2": {
					"rotation": [0, 0, -27.5]
				},
				"finger_right3": {
					"rotation": [0, 0, -27.5]
				},
				"tail": {
					"rotation": [-7.5, "0+math.cos(q.anim_time*90*1-30)*2", 0]
				},
				"tail2": {
					"rotation": [27.5, 0, 0]
				},
				"shell": {
					"rotation": [-2.5, 0, 0],
					"position": [0, 0, -0.5]
				},
				"shell_eyelid_left": {
					"position": [0, 0.1, 0]
				},
				"shell_eyelid_right": {
					"position": [0, 0.1, 0]
				},
				"shell_jaw": {
					"rotation": ["-20+math.sin(q.anim_time*90*1-120)*2", 0, 0]
				},
				"leg_left": {
					"rotation": [-90, -25, 0]
				},
				"leg_right": {
					"rotation": [-90, 25, 0]
				},
				"jaw": {
					"rotation": ["17.5+math.sin(q.anim_time*90*1-60)*4", 0, 0]
				}
			}
		},
		"animation.slowbro.blink1": {
			"animation_length": 0.1667,
			"bones": {
				"eyelid_left": {
					"position": {
						"0.0": [0.1, 0, -0.1],
						"0.125": [0.1, 0, -0.1],
						"0.1667": [0, 0, 0]
					}
				},
				"eyelid_right": {
					"position": {
						"0.0": [-0.1, 0, -0.1],
						"0.125": [-0.1, 0, -0.1],
						"0.1667": [0, 0, 0]
					}
				}
			}
		},
		"animation.slowbro.blink2": {
			"animation_length": 0.1667,
			"bones": {
				"shell_eyelid_left": {
					"position": {
						"0.0": [0, 0.1, 0],
						"0.125": [0, 0.1, 0],
						"0.1667": [0, 0, 0]
					}
				},
				"shell_eyelid_right": {
					"position": {
						"0.0": [0, 0.1, 0],
						"0.125": [0, 0.1, 0],
						"0.1667": [0, 0, 0]
					}
				}
			}
		},
		"animation.slowbro.cry": {
			"animation_length": 2,
			"bones": {
				"head": {
					"rotation": {
						"0.0": [0, 0, 0],
						"0.125": {
							"pre": [-2, 0, 0],
							"post": [-2, 0, 0],
							"lerp_mode": "catmullrom"
						},
						"0.5833": {
							"post": [-12.5, 0, 0],
							"lerp_mode": "catmullrom"
						},
						"1.0417": {
							"post": [-12.5, 0, 0],
							"lerp_mode": "catmullrom"
						},
						"1.5": {
							"post": [1, 0, 0],
							"lerp_mode": "catmullrom"
						},
						"2.0": [0, 0, 0]
					}
				},
				"ear_left": {
					"rotation": {
						"0.0": [0, 0, 0],
						"0.125": {
							"pre": [-2, 0, 0],
							"post": [-2, 0, 0],
							"lerp_mode": "catmullrom"
						},
						"0.5833": {
							"post": [-12.5, 0, 0],
							"lerp_mode": "catmullrom"
						},
						"1.0417": {
							"post": [-12.5, 0, 0],
							"lerp_mode": "catmullrom"
						},
						"1.5": [0, 0, 0]
					}
				},
				"ear_right": {
					"rotation": {
						"0.0": [0, 0, 0],
						"0.125": {
							"pre": [-2, 0, 0],
							"post": [-2, 0, 0],
							"lerp_mode": "catmullrom"
						},
						"0.5833": {
							"post": [-12.5, 0, 0],
							"lerp_mode": "catmullrom"
						},
						"1.0417": {
							"post": [-12.5, 0, 0],
							"lerp_mode": "catmullrom"
						},
						"1.5": [0, 0, 0]
					}
				},
				"jaw": {
					"rotation": {
						"0.0": [0, 0, 0],
						"0.125": {
							"pre": [2, 0, 0],
							"post": [2, 0, 0],
							"lerp_mode": "catmullrom"
						},
						"0.5833": {
							"post": [25, 0, 0],
							"lerp_mode": "catmullrom"
						},
						"1.125": {
							"post": [25, 0, 0],
							"lerp_mode": "catmullrom"
						},
						"1.5": [0, 0, 0]
					}
				}
			}
		},
		"animation.slowbro.bite_quirk": {
			"animation_length": 1.66667,
			"bones": {
				"shell": {
					"rotation": {
						"0.0": {
							"post": [0, 0, 0],
							"lerp_mode": "catmullrom"
						},
						"0.125": {
							"post": [-5, 0, 0],
							"lerp_mode": "catmullrom"
						},
						"0.2083": {
							"post": [15.5, 0, 0],
							"lerp_mode": "catmullrom"
						},
						"0.75": [0, 0, 0]
					}
				},
				"shell_eye_left": {
					"position": [0, 0, 0]
				},
				"shell_eyelid_left": {
					"position": {
						"0.0": [0, 0, 0],
						"0.0833": [0, 0, 0],
						"0.125": [0, 0.1, 0],
						"0.25": [0, 0.1, 0],
						"0.2917": [0, 0, 0]
					}
				},
				"shell_eyelid_right": {
					"position": {
						"0.0": [0, 0, 0],
						"0.0833": [0, 0, 0],
						"0.125": [0, 0.1, 0],
						"0.25": [0, 0.1, 0],
						"0.2917": [0, 0, 0]
					}
				},
				"shell_jaw": {
					"rotation": {
						"0.0": {
							"post": [0, 0, 0],
							"lerp_mode": "catmullrom"
						},
						"0.125": {
							"post": [20, 0, 0],
							"lerp_mode": "catmullrom"
						},
						"0.2083": {
							"post": [-20, 0, 0],
							"lerp_mode": "catmullrom"
						},
						"0.75": [0, 0, 0]
					},
					"position": [0, 0, 0]
				},
				"head": {
					"rotation": {
						"0.0": [0, 0, 0],
						"0.25": [0, 0, 0],
						"0.5417": {
							"pre": [0.88045, 9.96156, 5.07673],
							"post": [0.88045, 9.96156, 5.07673],
							"lerp_mode": "catmullrom"
						},
						"0.9167": {
							"post": [0.81845, 10.91358, 7.61435],
							"lerp_mode": "catmullrom"
						},
						"1.2917": {
							"post": [0, -2, 0],
							"lerp_mode": "catmullrom"
						},
						"1.6667": [0, 0, 0]
					}
				},
				"eyelid_left": {
					"position": {
						"0.0": [0, 0, 0],
						"0.25": [0, 0, 0],
						"0.2917": [0.1, 0, -0.1],
						"0.4167": [0.1, 0, -0.1],
						"0.4583": [0, 0, 0]
					}
				},
				"eyelid_right": {
					"position": {
						"0.0": [0, 0, 0],
						"0.25": [0, 0, 0],
						"0.2917": [-0.1, 0, -0.1],
						"0.4167": [-0.1, 0, -0.1],
						"0.4583": [0, 0, 0]
					}
				},
				"jaw": {
					"rotation": {
						"0.0": [0, 0, 0],
						"0.25": [0, 0, 0],
						"0.625": {
							"pre": [10, 0, 0],
							"post": [10, 0, 0],
							"lerp_mode": "catmullrom"
						},
						"1.0": {
							"post": [21, 0, 0],
							"lerp_mode": "catmullrom"
						},
						"1.3333": {
							"post": [10, 0, 0],
							"lerp_mode": "catmullrom"
						},
						"1.5417": [0, 0, 0]
					}
				},
				"tail": {
					"rotation": [0, 0, 0]
				},
				"pupil_right": {
					"position": {
						"0.25": [0, 0, 0],
						"0.625": {
							"pre": [-0.15, -0.25, 0],
							"post": [-0.15, -0.25, 0],
							"lerp_mode": "catmullrom"
						},
						"1.125": {
							"post": [-0.15, -0.25, 0],
							"lerp_mode": "catmullrom"
						},
						"1.6667": [0, 0, 0]
					}
				},
				"pupil_left": {
					"position": {
						"0.25": [0, 0, 0],
						"0.625": {
							"pre": [-0.5, -0.25, 0],
							"post": [-0.5, -0.25, 0],
							"lerp_mode": "catmullrom"
						},
						"1.125": {
							"post": [-0.5, -0.25, 0],
							"lerp_mode": "catmullrom"
						},
						"1.625": [0, 0, 0]
					}
				},
				"torso": {
					"rotation": {
						"0.0": [0, 0, 0],
						"0.125": {
							"pre": [0, -1, 0],
							"post": [0, -1, 0],
							"lerp_mode": "catmullrom"
						},
						"0.7083": {
							"post": [0, 1, 0],
							"lerp_mode": "catmullrom"
						},
						"1.6667": [0, 0, 0]
					}
				}
			}
		}
	}
}