{
	"format_version": "1.8.0",
	"animations": {
		"animation.primeape.ground_idle": {
			"loop": true,
			"bones": {
				"body": {
					"rotation": ["4+(math.sin(q.anim_time*90*4*2-90-45)*1+1)*2", 0, 0],
					"position": [0, "(math.sin(q.anim_time*90*4*2+90)*1+1)*0.5-0.75", 0]
				},
				"arm_right": {
					"rotation": [-22.5, "-15-2.5*math.sin(q.anim_time*90*4*2)", "-45+2.5*(math.sin(q.anim_time*90*4*2)*1+1)"]
				},
				"forearm_right": {
					"rotation": [0, "-82.5+2.5*(math.sin(q.anim_time*90*4*2)*1+1)", 0]
				},
				"hand_right": {
					"rotation": [-15, -15, -27.5]
				},
				"arm_left": {
					"rotation": [-22.5, "15+2.5*math.sin(q.anim_time*90*4*2)", "45-2.5*(math.sin(q.anim_time*90*4*2)*1+1)"]
				},
				"forearm_left": {
					"rotation": [0, "82.5-2.5*(math.sin(q.anim_time*90*4*2)*1+1)", 0]
				},
				"hand_left": {
					"rotation": [-15, 15, 27.5]
				},
				"ear_right": {
					"rotation": ["(math.sin(q.anim_time*90*4*2+135)*1+1)*4", 0, 0]
				},
				"ear_left": {
					"rotation": ["(math.sin(q.anim_time*90*4*2+135)*1+1)*4", 0, 0]
				},
				"leg_right": {
					"rotation": ["-2.5+(math.sin(q.anim_time*90*4*2+90)*1+1)*2-(math.sin(q.anim_time*90*4*2-90-45)*1+1)*2", 0, 0],
					"position": ["0.03*(math.sin(q.anim_time*90*4*2-150)*1+1)", "(math.sin(q.anim_time*90*4*2-90)*1+1)*0.4", "-0.16*(math.sin(q.anim_time*90*4*2-135)*1+1)"]
				},
				"knee_right": {
					"rotation": ["-(math.sin(q.anim_time*90*4*2+90)*1+1)*4", 0, 0]
				},
				"foot_right": {
					"rotation": ["-1+2*math.sin(q.anim_time*90*4*2+90)", 0, 0]
				},
				"leg_left": {
					"rotation": ["-2.5+(math.sin(q.anim_time*90*4*2+90)*1+1)*2-(math.sin(q.anim_time*90*4*2-90-45)*1+1)*2", 0, 0],
					"position": [
						"-0.03*(math.sin(q.anim_time*90*4*2-150)*1+1)",
						"(math.sin(q.anim_time*90*4*2-90)*1+1)*0.4",
						"-0.16*(math.sin(q.anim_time*90*4*2-135)*1+1)"
					]
				},
				"knee_left": {
					"rotation": ["-(math.sin(q.anim_time*90*4*2+90)*1+1)*4", 0, 0]
				},
				"foot_left": {
					"rotation": ["-1+2*math.sin(q.anim_time*90*4*2+90)", 0, 0]
				}
			}
		},
		"animation.primeape.ground_walk": {
			"loop": true,
			"bones": {
				"body": {
					"rotation": [
						"5+(math.sin(q.anim_time*90*4*2-90-45)*1+1)*2-(math.clamp(math.sin(q.anim_time*90*4*2+90)*1,0.5,1)*1-0.5)*10",
						0,
						"math.clamp(math.sin(q.anim_time*90*4*1)*5,-4,4)+math.sin(q.anim_time*90*4*1)*4"
					],
					"position": [0, "math.sin(q.anim_time*90*4*2+90)*1+1+math.clamp((math.sin(q.anim_time*90*4*2+90)*1+0.5)*1,0,20)", "math.sin(q.anim_time*90*4*2)*1"]
				},
				"arm_right": {
					"rotation": ["-22.5-10*math.sin(q.anim_time*90*4*2)", "-15*math.sin(q.anim_time*90*4)", "-45+2.5*(math.sin(q.anim_time*90*4*2)*1+1)"]
				},
				"forearm_right": {
					"rotation": [0, "-70-5*(math.sin(q.anim_time*90*4)*1+1)", 0]
				},
				"hand_right": {
					"rotation": [-15, -15, -27.5]
				},
				"arm_left": {
					"rotation": ["-22.5-10*math.sin(q.anim_time*90*4*2)", "-15*math.sin(q.anim_time*90*4)", "45-2.5*(math.sin(q.anim_time*90*4*2)*1+1)"]
				},
				"forearm_left": {
					"rotation": [0, "70+5*(math.sin(q.anim_time*90*4)*1+1)", 0]
				},
				"hand_left": {
					"rotation": [-15, 15, 27.5]
				},
				"ear_right": {
					"rotation": ["(math.sin(q.anim_time*90*4*2+135)*1+1)*10", 0, 0]
				},
				"ear_left": {
					"rotation": ["(math.sin(q.anim_time*90*4*2+135)*1+1)*10", 0, 0]
				},
				"leg_right": {
					"rotation": [
						"math.clamp(math.sin(q.anim_time*90*4*1+180*1-90)*40,0,60)+math.clamp(math.sin(q.anim_time*90*4*1+180*1-90)*37,-40,30)",
						"math.clamp((math.sin(q.anim_time*90*4*1)*1-1)*10,-5,10)",
						"(math.sin(q.anim_time*90*4*1-90)*1+1)*-3"
					],
					"position": [0, "(math.sin(q.anim_time*90*4*2-90)*1+1)*0.3-2*(math.clamp(math.sin(q.anim_time*90*4*1+200)*1,0.75,1)*1-0.75)", 0]
				},
				"knee_right": {
					"rotation": [
						"-14-(math.sin(q.anim_time*90*4*2)*1+1)*10+(math.sin(q.anim_time*90*4*2-90)*1+1)*25-(math.clamp((math.sin(q.anim_time*90*4*1+145)*1)*1,0.8,1)*1-0.8)*90",
						0,
						0
					]
				},
				"foot_right": {
					"rotation": [
						"-(math.sin(q.anim_time*90*4*2-90)*1)*15",
						0,
						"math.clamp(20*(math.sin(q.anim_time*90*4*1)*1+2),0,20)-math.clamp(10*(math.sin(q.anim_time*90*4*1)*1+2),20,50)+10-80*(math.clamp(math.sin(q.anim_time*90*4*1-105)*1,0.85,1)*1-0.85)"
					]
				},
				"leg_left": {
					"rotation": [
						"math.clamp(math.sin(q.anim_time*90*4*1+180*0-90)*40,0,60)+math.clamp(math.sin(q.anim_time*90*4*1+180*0-90)*37,-40,30)",
						"-1*math.clamp((math.sin(q.anim_time*90*4*1+180)*1-1)*10,-5,10)",
						"3*(math.sin(q.anim_time*90*4*1-90+180)*1+1)"
					],
					"position": [0, "(math.sin(q.anim_time*90*4*2-90+180*0)*1+1)*0.3-2*(math.clamp(math.sin(q.anim_time*90*4*1+200+180)*1,0.75,1)*1-0.75)", 0]
				},
				"knee_left": {
					"rotation": [
						"-14-(math.sin(q.anim_time*90*4*2+180*0)*1+1)*10+(math.sin(q.anim_time*90*4*2-90+180*0)*1+1)*25-(math.clamp((math.sin(q.anim_time*90*4*1+145+180)*1)*1,0.8,1)*1-0.8)*90",
						0,
						0
					]
				},
				"foot_left": {
					"rotation": [
						"-(math.sin(q.anim_time*90*4*2-90+180*0)*1)*15",
						0,
						"-1*(math.clamp(20*(math.sin(q.anim_time*90*4*1+180)*1+2),0,20)-math.clamp(10*(math.sin(q.anim_time*90*4*1+180)*1+2),20,50)+10-80*(math.clamp(math.sin(q.anim_time*90*4*1-105+180)*1,0.85,1)*1-0.85))"
					]
				},
				"primeape": {
					"position": [0, "-(math.clamp(math.sin(q.anim_time*90*4*2+90)*1,0.25,1)*1-0.25)*1", 0]
				}
			}
		},
		"animation.primeape.faint": {
			"loop": true,
			"animation_length": 3,
			"bones": {
				"body": {
					"rotation": {
						"0.0": ["14+(math.sin(q.anim_time*90*4*2-90-45)*1+1)*2", 0, 0],
						"0.1": ["-1+(math.sin(q.anim_time*90*4*2-90-45)*1+1)*2", 0, 0],
						"0.25": [1.27736, -2.49938, -0.05571],
						"0.55": [-1, 0, 0],
						"0.75": [-13.5, 0, 0],
						"0.95": [-13.5, 0, 0],
						"1.1": [-28.5, 0, 0],
						"1.5": [-23.5, 0, 0],
						"1.8": [-28.5, 0, 0],
						"1.9": [-33.5, 0, 0],
						"2.0": [-61, 0, 0],
						"2.1": [-111, 0, 0],
						"2.2": [-83.5, 0, 0],
						"2.25": [-91, 0, 0],
						"2.5": [-91, 0, 0],
						"2.55": [-88.5, 0, 0],
						"2.6": [-91, 0, 0]
					},
					"position": {
						"0.0": [0, "(math.sin(q.anim_time*90*4*2+90)*1+1)*0.5-1", 0],
						"0.1": [0, "(math.sin(q.anim_time*90*4*2+90)*1+1)*0.5-0.75", 0.75],
						"0.25": [0, -0.05, 0],
						"0.35": [0, "(math.sin(q.anim_time*90*4*2+90)*1+1)*0.5+0", -0.5],
						"0.65": [0, 2.15, -1.75],
						"0.75": [0, 2.15, -1.75],
						"0.8": [0, 1.9, -1.75],
						"0.85": [0, 2.15, -1.75],
						"0.9": [0, 1.9, -1.75],
						"0.95": [0, 2.15, -1.75],
						"1.1": [0, -3.35, 0.75],
						"1.15": [0, -3.6, 0.75],
						"1.2": [0, -3.35, 0.5],
						"1.25": [0, -3.6, 0.5],
						"1.3": [0, -3.35, 0.25],
						"1.35": [0, -3.6, 0.25],
						"1.4": [0, -3.35, 0],
						"1.45": [0, -3.6, 0],
						"1.5": [0, -3.35, 0],
						"1.8": [0, -3.35, 0.75],
						"1.9": [0, -3.73, 1.38],
						"2.0": [0, -5.1, 5],
						"2.05": [0, -7.6, 7.25],
						"2.1": [0, -10.1, 9],
						"2.15": [0, -10.1, 8],
						"2.2": [0, -9.1, 7],
						"2.25": [0, -8.85, 7.58],
						"2.5": [0, -8.85, 7.5],
						"2.55": [0, -9.1, 7.5],
						"2.6": [0, -9.1, 7.5]
					}
				},
				"arm_right": {
					"rotation": {
						"0.0": [-41.89309, "-56.3876-2.5*math.sin(q.anim_time*90*4*2)", "-14.3578+2.5*(math.sin(q.anim_time*90*4*2)*1+1)"],
						"0.1": [-21.35822, "20.4373-2.5*math.sin(q.anim_time*90*4*2)", "-58.7584+2.5*(math.sin(q.anim_time*90*4*2)*1+1)"],
						"0.2": [-38.97584, 16.503, -41.3947],
						"0.8": [-88.59061, "-5.063-2.5*math.sin(q.anim_time*90*4*2)", "7.6989+2.5*(math.sin(q.anim_time*90*4*2)*1+1)"],
						"0.95": [-90.2438, "-5.1907-2.5*math.sin(q.anim_time*90*4*2)", "20.3066+2.5*(math.sin(q.anim_time*90*4*2)*1+1)"],
						"1.1": [-61.29293, "-1.0633-2.5*math.sin(q.anim_time*90*4*2)", "-79.6881+2.5*(math.sin(q.anim_time*90*4*2)*1+1)"],
						"1.5": [-61.29, -1.0633, -79.6881],
						"2.05": [-61.29, -1.06, -79.69],
						"2.15": [-79.52348, 23.62763, 8.87456],
						"2.25": [-85.92415, 29.89908, 16.12083]
					}
				},
				"forearm_right": {
					"rotation": {
						"0.0": [0, "-82.5+2.5*(math.sin(q.anim_time*90*4*2)*1+1)", 0],
						"1.5": [0, -62.5, 0],
						"1.8": [0, -35, 0],
						"1.85": [0, -35, 0],
						"2.05": [0, -12.5, 0]
					}
				},
				"hand_right": {
					"rotation": [-15, -15, -27.5]
				},
				"arm_left": {
					"rotation": {
						"0.0": [-35.55075, "50.5239+2.5*math.sin(q.anim_time*90*4*2)", "22.2373-2.5*(math.sin(q.anim_time*90*4*2)*1+1)"],
						"0.1": [-21.34482, "-17.8987+2.5*math.sin(q.anim_time*90*4*2)", "57.89-2.5*(math.sin(q.anim_time*90*4*2)*1+1)"],
						"0.2": [-38.66464, -16.48072, 41.34056],
						"0.8": [-86.16317, "5.5151+2.5*math.sin(q.anim_time*90*4*2)", "-11.4641-2.5*(math.sin(q.anim_time*90*4*2)*1+1)"],
						"0.95": [-87.5996, "6.0605+2.5*math.sin(q.anim_time*90*4*2)", "-21.5517-2.5*(math.sin(q.anim_time*90*4*2)*1+1)"],
						"1.1": [-58.25568, "-1.5018+2.5*math.sin(q.anim_time*90*4*2)", "75.742-2.5*(math.sin(q.anim_time*90*4*2)*1+1)"],
						"1.5": [-58.26, -1.5018, 75.742],
						"2.05": [-58.26, -1.5, 75.74],
						"2.15": [-78.40022, -24.40881, -4.03067],
						"2.25": [-73.99642, -32.9405, -12.26238]
					}
				},
				"forearm_left": {
					"rotation": {
						"0.0": [0, "82.5-2.5*(math.sin(q.anim_time*90*4*2)*1+1)", 0],
						"0.2": [0, "30-2.5*(math.sin(q.anim_time*90*4*2)*1+1)", 0],
						"0.55": [0, "80-2.5*(math.sin(q.anim_time*90*4*2)*1+1)", 0],
						"1.5": [0, 62.5, 0],
						"1.8": [0, 47.5, 0],
						"1.85": [0, 47.5, 0],
						"2.05": [0, 15, 0]
					}
				},
				"hand_left": {
					"rotation": [-15, 15, 27.5]
				},
				"ear_right": {
					"rotation": {
						"0.0": ["(math.sin(q.anim_time*90*4*2+135)*1+1)*4", 0, 0],
						"1.5": [0, 0, 0],
						"1.9": [0, 0, 0],
						"2.1": [45, 0, 0],
						"2.15": [-17.5, 0, 0],
						"2.2": [25, 0, 0],
						"2.3": ["(math.sin(q.anim_time*90*4*2+135)*1+1)*4", 0, 0]
					}
				},
				"ear_left": {
					"rotation": {
						"0.0": ["(math.sin(q.anim_time*90*4*2+135)*1+1)*4", 0, 0],
						"1.5": [0, 0, 0],
						"1.9": [0, 0, 0],
						"2.1": [47.5, 0, 0],
						"2.15": [-22.5, 0, 0],
						"2.2": [20, 0, 0],
						"2.3": ["(math.sin(q.anim_time*90*4*2+135)*1+1)*4", 0, 0]
					}
				},
				"leg_right": {
					"rotation": {
						"0.0": ["-17.5+(math.sin(q.anim_time*90*4*2+90)*1+1)*2-(math.sin(q.anim_time*90*4*2-90-45)*1+1)*2", 0, 0],
						"0.1": ["(math.sin(q.anim_time*90*4*2+90)*1+1)*2-(math.sin(q.anim_time*90*4*2-90-45)*1+1)*2", 0, 0],
						"0.35": [25, 0, 0],
						"0.55": [25, 0, 0],
						"0.75": [42.5, 0, 0],
						"0.95": [42.5, 0, 0],
						"1.1": [12.5, 0, 0],
						"2.05": [12.5, 0, 0],
						"2.15": [-47.5, 0, 0],
						"2.3": [-55, 0, 0],
						"2.4": [-20, 0, 0],
						"2.5": [35, 0, 0],
						"2.55": [25, 0, 0],
						"2.6": [32.5, 0, 0]
					},
					"position": {
						"0.0": ["0.03*(math.sin(q.anim_time*90*4*2-150)*1+1)", "(math.sin(q.anim_time*90*4*2-90)*1+1)*0.4", "-0.16*(math.sin(q.anim_time*90*4*2-135)*1+1)"],
						"0.1": ["0.03*(math.sin(q.anim_time*90*4*2-150)*1+1)", "(math.sin(q.anim_time*90*4*2-90)*1+1)*0.4", "-0.16*(math.sin(q.anim_time*90*4*2-135)*1+1)"],
						"0.55": [0.03, 0, -0.16]
					}
				},
				"knee_right": {
					"rotation": {
						"0.0": ["-(math.sin(q.anim_time*90*4*2+90)*1+1)*4", 0, 0],
						"0.1": ["-(math.sin(q.anim_time*90*4*2+90)*1+1)*4", 0, 0],
						"0.35": ["-25-(math.sin(q.anim_time*90*4*2+90)*1+1)*4", 0, 0],
						"0.55": [-25, 0, 0],
						"0.95": [-25, 0, 0],
						"1.1": [62.5, 0, 0],
						"2.1": [62.5, 0, 0],
						"2.2": [-22.5, 0, 0]
					}
				},
				"foot_right": {
					"rotation": {
						"0.0": ["-1+2*math.sin(q.anim_time*90*4*2+90)", 0, 0],
						"0.35": [-1, 0, 0],
						"0.65": [34, 0, 0],
						"0.75": [39, 0, 0],
						"0.95": [39, 0, 0],
						"1.1": [-46, 0, 0],
						"1.9": [-41, 0, 0],
						"2.0": [-13.5, 0, 0],
						"2.1": [39, 0, 0],
						"2.2": [84, 0, 0],
						"2.3": [16.5, 0, 0],
						"2.5": [16.5, 0, 0],
						"2.55": [56.5, 0, 0],
						"2.6": [36.5, 0, 0]
					}
				},
				"leg_left": {
					"rotation": {
						"0.0": ["-17.5+(math.sin(q.anim_time*90*4*2+90)*1+1)*2-(math.sin(q.anim_time*90*4*2-90-45)*1+1)*2", 0, 0],
						"0.05": [-1.41, 0, 0],
						"0.1": ["2.5+(math.sin(q.anim_time*90*4*2+90)*1+1)*2-(math.sin(q.anim_time*90*4*2-90-45)*1+1)*2", 0, 0],
						"0.35": [25, 0, 0],
						"0.55": [25, 0, 0],
						"0.75": [42.5, 0, 0],
						"0.95": [42.5, 0, 0],
						"1.1": [16.65225, -11.01422, -6.14593],
						"2.05": [16.65, -11.01, -6.15],
						"2.15": [-43.35, -11.01, -6.15],
						"2.3": [-30.85, -11.01, -6.15],
						"2.4": [-6.68, -11.01, -6.15],
						"2.5": [41.65, -11.01, -6.15],
						"2.55": [29.15, -11.01, -6.15],
						"2.6": [39.15, -11.01, -6.15]
					},
					"position": {
						"0.0": [
							"-0.03*(math.sin(q.anim_time*90*4*2-150)*1+1)",
							"(math.sin(q.anim_time*90*4*2-90)*1+1)*0.4",
							"-0.16*(math.sin(q.anim_time*90*4*2-135)*1+1)"
						],
						"0.55": [-0.03, 0, -0.16]
					}
				},
				"knee_left": {
					"rotation": {
						"0.0": ["-(math.sin(q.anim_time*90*4*2+90)*1+1)*4", 0, 0],
						"0.1": ["-(math.sin(q.anim_time*90*4*2+90)*1+1)*4", 0, 0],
						"0.35": ["-25-(math.sin(q.anim_time*90*4*2+90)*1+1)*4", 0, 0],
						"0.55": [-25, 0, 0],
						"0.95": [-25, 0, 0],
						"1.1": [60, 0, 0],
						"2.1": [60, 0, 0],
						"2.2": [-27.5, 0, 0]
					}
				},
				"foot_left": {
					"rotation": {
						"0.0": ["-1+2*math.sin(q.anim_time*90*4*2+90)", 0, 0],
						"0.35": [-1, 0, 0],
						"0.65": [31.5, 0, 0],
						"0.75": [36.5, 0, 0],
						"0.95": [36.5, 0, 0],
						"1.1": [-43.5, 0, 0],
						"1.8": [-43.5, 0, 0],
						"1.9": [-41, 0, 0],
						"2.0": [-18.5, 0, 0],
						"2.1": [31.5, 0, 0],
						"2.2": [91.5, 0, 0],
						"2.3": [49, 0, 0]
					}
				},
				"eyes": {
					"position": {
						"0.0": [0, 0, 0],
						"1.1": [0, 0, 0],
						"1.5": [0, -0.25, 0],
						"1.8": [0, -0.25, 0]
					}
				},
				"eyelids": {
					"position": {
						"0.0": [0, 0, -0.1],
						"0.1": [0, 0, -0.1],
						"0.15": [0, 0, 0],
						"0.5": [0, 0, 0],
						"0.55": [0, 0, -0.1],
						"1.1": [0, 0, -0.1],
						"1.15": [0, 0, 0],
						"2.05": [0, 0, 0],
						"2.1": [0, 0, -0.1]
					}
				},
				"torso": {
					"position": {
						"0.0": [0, 0, 0],
						"1.05": {"pre": [0, 0, 0], "post": [0, "Math.cos((query.anim_time) * 90 * 48 - 90) * 0.3", 0]},
						"1.9": [0, 0, 0]
					}
				},
				"eye_left": {
					"position": {
						"0.0": [0, 0, 0],
						"0.1": {"pre": [0, 0, 0], "post": [0, 0, 0.125]},
						"1.05": {"pre": [0, 0, 0.125], "post": [0, 0, 0]},
						"1.8": {"pre": [0, 0, 0], "post": [0, 0, 0.125]}
					}
				},
				"eyebrow_left": {
					"rotation": {
						"0.0": [0, 0, 0],
						"0.1": {"pre": [0, 0, 0], "post": [0, 0, 15]},
						"1.05": {"pre": [0, 0, 15], "post": [0, 0, 0]},
						"1.8": {"pre": [0, 0, 0], "post": [0, 0, 15]}
					},
					"position": {
						"0.0": [0, 0, -0.15],
						"0.1": {"pre": [0, 0, -0.15], "post": [0, -0.5, -0.15]},
						"1.05": {"pre": [0, -0.5, -0.15], "post": [0, 0, -0.15]},
						"1.8": {"pre": [0, 0, -0.15], "post": [0, -0.5, -0.15]}
					}
				},
				"eyelid_left": {
					"position": {
						"0.0": [0, 0, 0],
						"0.1": {"pre": [0, 0, 0], "post": [0, 0, -0.2]},
						"1.05": {"pre": [0, 0, -0.2], "post": [0, 0, 0]},
						"1.8": {"pre": [0, 0, 0], "post": [0, 0, -0.2]}
					}
				},
				"eye_right": {
					"position": {
						"0.0": [0, 0, 0],
						"0.1": {"pre": [0, 0, 0], "post": [0, 0, 0.125]},
						"1.05": {"pre": [0, 0, 0.125], "post": [0, 0, 0]},
						"1.8": {"pre": [0, 0, 0], "post": [0, 0, 0.125]}
					}
				},
				"eyebrow_right": {
					"rotation": {
						"0.0": [0, 0, 0],
						"0.1": {"pre": [0, 0, 0], "post": [0, 0, -15]},
						"1.05": {"pre": [0, 0, -15], "post": [0, 0, 0]},
						"1.8": {"pre": [0, 0, 0], "post": [0, 0, -15]}
					},
					"position": {
						"0.0": [0, 0, -0.15],
						"0.1": {"pre": [0, 0, -0.15], "post": [0, -0.5, -0.15]},
						"1.05": {"pre": [0, -0.5, -0.15], "post": [0, 0, -0.15]},
						"1.8": {"pre": [0, 0, -0.15], "post": [0, -0.5, -0.15]}
					}
				},
				"eyelid_right": {
					"position": {
						"0.0": [0, 0, 0],
						"0.1": {"pre": [0, 0, 0], "post": [0, 0, -0.2]},
						"1.05": {"pre": [0, 0, -0.2], "post": [0, 0, 0]},
						"1.8": {"pre": [0, 0, 0], "post": [0, 0, -0.2]}
					}
				}
			}
		},
		"animation.primeape.sleep": {
			"loop": true,
			"bones": {
				"body": {
					"rotation": [10, 0, 0],
					"position": ["0+Math.cos((query.anim_time) * 90 * 1) * 0.3", 0, 0]
				},
				"eyelids": {
					"position": [0, 0, -0.1]
				},
				"ear_right": {
					"rotation": [27.6236, 8.28692, "-22.1844+Math.cos((query.anim_time) * 90 * 1 - 90) * 8"]
				},
				"ear_left": {
					"rotation": [27.6236, -8.28692, "22.1844+Math.cos((query.anim_time) * 90 * 1 - 90) * 8"]
				},
				"arm_right": {
					"rotation": [0, 0, "-47.5+Math.cos((query.anim_time) * 90 * 1 - 90) * -5"]
				},
				"forearm_right": {
					"rotation": [0, "-75+Math.cos((query.anim_time) * 90 * 1 - 180) * -8", 0]
				},
				"hand_right": {
					"rotation": [0, 0, -17.5]
				},
				"arm_left": {
					"rotation": [17.67556, 22.06085, "54.7754+Math.cos((query.anim_time) * 90 * 1 - 90) * -5"]
				},
				"forearm_left": {
					"rotation": [0, "55+Math.cos((query.anim_time) * 90 * 1 - 180) * -8", 0]
				},
				"hand_left": {
					"rotation": [0, 0, 15]
				},
				"leg_right": {
					"rotation": [-12.21341, 29.48295, "-8.2007+Math.cos((query.anim_time) * 90 * 1) * 3"]
				},
				"leg_left": {
					"rotation": [-12.21341, -21.98295, "8.2007+Math.cos((query.anim_time) * 90 * 1) * 3"]
				},
				"eyebrow_left": {
					"rotation": [0, 0, 15],
					"position": [0, -0.5, 0]
				},
				"eyebrow_right": {
					"rotation": [0, 0, -15],
					"position": [0, -0.5, 0]
				},
				"pupil_left": {
					"position": [-0.00151, -0.0173, 0.09848]
				},
				"eyelid_left": {
					"position": [0.00151, 0.0173, -0.09848]
				},
				"pupil_right": {
					"position": [0.00151, -0.0173, 0.09848]
				},
				"eyelid_right": {
					"position": [-0.00151, 0.0173, -0.09848]
				},
				"eye_right_base": {
					"position": [0.00151, -0.0173, 0.09848]
				},
				"eye_left_base": {
					"position": [-0.00151, -0.0173, 0.09848]
				},
				"torso": {
					"rotation": ["0+Math.cos((query.anim_time) * 90 * 1 - 90) * -2", 0, "0+Math.cos((query.anim_time) * 90 * 1) * 4"],
					"position": ["0+Math.cos((query.anim_time) * 90 * 1) * 0.3", 0, 0]
				},
				"knee_left": {
					"rotation": ["0+Math.cos((query.anim_time) * 90 * 1) * -2", 0, 0]
				},
				"foot_left": {
					"rotation": ["2.8124+Math.cos((query.anim_time) * 90 * 1) * -2", 0.52606, -6.0999]
				},
				"knee_right": {
					"rotation": ["0+Math.cos((query.anim_time) * 90 * 1) * -2", 0, 0]
				},
				"foot_right": {
					"rotation": ["0+Math.cos((query.anim_time) * 90 * 1) * 4", 0, 0]
				}
			}
		},
		"animation.primeape.blink": {
			"animation_length": 0.1667,
			"bones": {
				"eyebrow_left": {
					"rotation": {
						"0.0": [0, 0, 15],
						"0.125": [0, 0, 15],
						"0.1667": [0, 0, 0]
					},
					"position": {
						"0.0": [0, 0.3, 0],
						"0.125": [0, 0.3, 0],
						"0.1667": [0, 0, 0]
					}
				},
				"eyebrow_right": {
					"rotation": {
						"0.0": [0, 0, -15],
						"0.125": [0, 0, -15],
						"0.1667": [0, 0, 0]
					},
					"position": {
						"0.0": [0, 0.3, 0],
						"0.125": [0, 0.3, 0],
						"0.1667": [0, 0, 0]
					}
				},
				"eyelid_left": {
					"position": {
						"0.0": [0, 0, -0.1],
						"0.125": [0, 0, -0.1],
						"0.1667": [0, 0, 0]
					}
				},
				"eyelid_right": {
					"position": {
						"0.0": [0, 0, -0.1],
						"0.125": [0, 0, -0.1],
						"0.1667": [0, 0, 0]
					}
				}
			}
		},
		"animation.primeape.cry": {
			"animation_length": 0.95833,
			"sound_effects": {
				"0.0417": {
					"effect": "pokemon.primeape.cry"
				}
			}
		}
	}
}