{
	"format_version": "1.8.0",
	"animations": {
		"animation.venomoth.ground_idle": {
			"loop": true,
			"bones": {
				"body": {
					"rotation": [-45, 0, 0],
					"position": [0, 5, -2]
				},
				"head": {
					"rotation": [35, 0, 0]
				},
				"abdomen": {
					"rotation": [-15, 0, 0]
				},
				"wing_bottom_right1": {
					"rotation": [0, 15, 0]
				},
				"wing_bottom_left1": {
					"rotation": [0, -15, 0]
				},
				"wing_top_right1": {
					"rotation": [0, 15, 0]
				},
				"wing_top_left1": {
					"rotation": [0, -15, 0]
				}
			}
		},
		"animation.venomoth.ground_walk": {
			"loop": true,
			"bones": {
				"body": {
					"rotation": [-15, 0, 0],
					"position": [0, 5, -2]
				},
				"head": {
					"rotation": [10, 0, 0]
				},
				"abdomen": {
					"rotation": [-5, 0, 0]
				}
			}
		},
		"animation.venomoth.sleep": {
			"loop": true,
			"bones": {
				"body": {
					"rotation": [-5, 0, 0],
					"position": [0, -5.75, 0]
				},
				"head": {
					"rotation": [15, 0, 0]
				},
				"abdomen": {
					"rotation": [15, 0, 0]
				},
				"wing_bottom_right1": {
					"rotation": [0, 70, 0]
				},
				"wing_bottom_left1": {
					"rotation": [0, -72.5, 0]
				},
				"wing_top_right1": {
					"rotation": [0, 72.5, 0]
				},
				"wing_top_left1": {
					"rotation": [0, -72.5, 0]
				}
			}
		}
	}
}