{
	"format_version": "1.8.0",
	"animations": {
		"animation.zapdos.ground_idle": {
			"loop": true,
			"bones": {
				"body": {
					"rotation": [60, 0, 0],
					"position": [0, -2.25, 0]
				},
				"head": {
					"rotation": [-60, 0, 0]
				},
				"leftleg": {
					"rotation": [5, 17.5, 0]
				},
				"rightleg": {
					"rotation": [5, -17.5, 0]
				},
				"leftwing": {
					"rotation": [0, -45, 15]
				},
				"rightwing": {
					"rotation": [0, 45, -15]
				},
				"leftbackwing": {
					"rotation": [0, -50, 15]
				},
				"rightbackwing": {
					"rotation": [0, 50, -15]
				}
			}
		},
		"animation.zapdos.air_idle": {
			"loop": true,
			"bones": {
				"body": {
					"rotation": [15, 0, 0]
				},
				"head": {
					"rotation": [-10, 0, 0]
				},
				"leftwing": {
					"rotation": [0, -30, 0]
				},
				"rightwing": {
					"rotation": [0, 30, 0]
				},
				"leftbackwing": {
					"rotation": [0, -40, 0]
				},
				"rightbackwing": {
					"rotation": [0, 40, 0]
				}
			}
		},
		"animation.zapdos.air_fly": {
			"loop": true,
			"bones": {
				"body": {
					"rotation": [75, 0, 0],
					"position": [0, -2.25, 0]
				},
				"head": {
					"rotation": [-70, 0, 0]
				},
				"leftleg": {
					"rotation": [45, 15, 0],
					"position": [0.5, 0, 0]
				},
				"rightleg": {
					"rotation": [45, -15, 0],
					"position": [-0.5, 0, 0]
				},
				"leftwing": {
					"rotation": [0, -15, 15]
				},
				"rightwing": {
					"rotation": [0, 15, -15]
				},
				"leftbackwing": {
					"rotation": [0, -15, 15]
				},
				"rightbackwing": {
					"rotation": [0, 15, -15]
				},
				"leftknee": {
					"rotation": [-45, 0, 0]
				},
				"leftfoot": {
					"rotation": [32.5, 0, 0]
				},
				"rightknee": {
					"rotation": [-45, 0, 0]
				},
				"rightfoot": {
					"rotation": [30, 0, 0]
				}
			}
		}
	}
}