{
	"format_version": "1.8.0",
	"animations": {
		"animation.sceptile.ground_idle": {
			"loop": true,
			"bones": {
				"finger_left": {
					"rotation": [0, 0, 12.5]
				},
				"finger_left2": {
					"rotation": [0, 0, 12.5]
				},
				"arm_left": {
					"rotation": [23.12558, "23.9723+Math.cos((query.anim_time + 0.7) * 180) * 8", 63.38092]
				},
				"arm_left2": {
					"rotation": [0, "27.5+Math.cos((query.anim_time + 0.6) * 180) * 6", 0]
				},
				"hand_left": {
					"rotation": [0, 0, 27.5]
				},
				"finger_left3": {
					"rotation": [0, 0, 12.5]
				},
				"finger_left4": {
					"rotation": [0, 0, 27.5]
				},
				"arm_right": {
					"rotation": [3.80473, "2.9713+Math.cos((query.anim_time + 0.6) * 180) * -8", -52.1439]
				},
				"arm_right2": {
					"rotation": [0, "-42.5+Math.cos((query.anim_time + 0.5) * 180) * -6", 0]
				},
				"hand_right": {
					"rotation": [0, 0, -27.5]
				},
				"finger_right": {
					"rotation": [0, 0, -12.5]
				},
				"finger_right2": {
					"rotation": [0, 0, -12.5]
				},
				"finger_right3": {
					"rotation": [0, 0, -12.5]
				},
				"finger_right4": {
					"rotation": [0, 0, -27.5]
				},
				"tail_left": {
					"rotation": [12.5, 7.5, 0]
				},
				"tail_left2": {
					"rotation": [-12.5, 0, 0]
				},
				"tail_right": {
					"rotation": [12.5, -7.5, 0]
				},
				"tail_right2": {
					"rotation": [-12.5, 0, 0]
				},
				"torso2": {
					"rotation": ["2.564+Math.cos((query.anim_time + 0.5) * 180) * 2.5", -7.43547, -0.98448]
				},
				"neck": {
					"rotation": ["-15.2207+Math.cos((query.anim_time + 0.6) * 180) * -3", 9.65594, -2.61298]
				},
				"tail": {
					"rotation": ["-17.5+Math.cos((query.anim_time + 0.4) * 180) * 7", 0, 0]
				},
				"tail2": {
					"rotation": [15, 0, 0]
				},
				"tail3": {
					"rotation": [15, 0, 0]
				},
				"tail4": {
					"rotation": [17.5, 0, 0]
				},
				"tail5": {
					"rotation": [25, 0, 0]
				},
				"leg_left": {
					"rotation": [-15, -15, 0]
				},
				"leg_right": {
					"rotation": [1.51531, 29.44983, 1.81686]
				},
				"torso": {
					"rotation": ["10+Math.cos((query.anim_time + 1) * 180) * 4", -12.5, 0]
				},
				"head": {
					"rotation": ["5+Math.cos((query.anim_time + 0.3) * 180) * 3", 0, 0]
				},
				"eyebrow_left": {
					"rotation": [10, 0, 0]
				},
				"eyebrow_right": {
					"rotation": [10, 0, 0]
				},
				"leg_left2": {
					"rotation": [-5, 0, 0]
				},
				"leg_left3": {
					"rotation": [10, 0, 0]
				},
				"foot_left": {
					"rotation": [10, 0, 0]
				}
			}
		},
		"animation.sceptile.ground_walk": {
			"loop": true,
			"animation_length": 1.25,
			"bones": {
				"torso": {
					"rotation": ["Math.cos((query.anim_time + 0.6) * 290*2) * 3", 0, 0],
					"position": [0, "Math.cos((query.anim_time + 0.1) * 290*2) * 0.6", 0]
				},
				"torso2": {
					"rotation": ["17.5+Math.cos((query.anim_time + 0.8) * 290*2) * 2", 0, 0]
				},
				"neck": {
					"rotation": ["-13+Math.cos((query.anim_time + 0.5) * 290*2) * 3", 0, 0]
				},
				"head": {
					"rotation": ["-2.5+Math.cos((query.anim_time + 0.3) * 290*2) * 3", 0, 0]
				},
				"arm_left": {
					"rotation": [87.3208, "1.7896+Math.cos((query.anim_time + 0.25) * 290) * -15", 49.6275]
				},
				"arm_left2": {
					"rotation": [-50.76588, "15.7442+Math.cos((query.anim_time + 0.1) * 290) * -15", -42.50675]
				},
				"hand_left": {
					"rotation": [0, 0, 57.5]
				},
				"arm_right": {
					"rotation": [87.32079, "-1.7896+Math.cos((query.anim_time + 0.25) * 290) * -15", -49.62755]
				},
				"arm_right2": {
					"rotation": [-66.78912, "-13.8345+Math.cos((query.anim_time + 0.1) * 290) * -15", 49.14537]
				},
				"hand_right": {
					"rotation": [0, 0, -57.5]
				},
				"tail2": {
					"rotation": ["12.5+Math.cos((query.anim_time + 0.1) * 290*2) * -5", 0, 0]
				},
				"tail3": {
					"rotation": [12.5, 0, 0]
				},
				"tail4": {
					"rotation": [7.5, 0, 0]
				},
				"leg_left": {
					"rotation": {
						"0.0": [-32.5, 0, 0],
						"0.125": [-10.75, 0, 0],
						"0.25": [21, 0, 0],
						"0.375": [49.25, 0, 0],
						"0.5": [57.5, 0, 0],
						"0.625": [46.63, 0, 0],
						"0.75": [20.75, 0, 0],
						"0.875": [-38.37, 0, 0],
						"1.0": [-62.5, 0, 0],
						"1.125": [-55, 0, 0],
						"1.25": [-32.5, 0, 0]
					}
				},
				"leg_left2": {
					"rotation": {
						"0.5": [0, 0, 0],
						"0.75": [40, 0, 0],
						"1.0": [0, 0, 0]
					}
				},
				"leg_left3": {
					"rotation": {
						"0.5": [0, 0, 0],
						"0.75": [-25, 0, 0],
						"1.0": [0, 0, 0]
					}
				},
				"foot_left": {
					"rotation": {
						"0.0": [32.5, 0, 0],
						"0.25": [2.5, 0, 0],
						"0.5": [42.5, 0, 0],
						"0.75": [-25, 0, 0],
						"1.0": [2.5, 0, 0],
						"1.25": [32.5, 0, 0]
					}
				},
				"leg_right": {
					"rotation": {
						"0.0": [46.63, 0, 0],
						"0.125": [20.75, 0, 0],
						"0.25": [-38.37, 0, 0],
						"0.375": [-62.5, 0, 0],
						"0.5": [-55, 0, 0],
						"0.625": [-32.5, 0, 0],
						"0.75": [-10.75, 0, 0],
						"0.875": [21, 0, 0],
						"1.0": [49.25, 0, 0],
						"1.125": [57.5, 0, 0],
						"1.25": [46.63, 0, 0]
					}
				},
				"foot_right": {
					"rotation": {
						"0.0": [8.75, 0, 0],
						"0.125": [-25, 0, 0],
						"0.375": [2.5, 0, 0],
						"0.625": [32.5, 0, 0],
						"0.875": [2.5, 0, 0],
						"1.125": [42.5, 0, 0],
						"1.25": [8.75, 0, 0]
					}
				}
			}
		},
		"animation.sceptile.ground_run": {
			"loop": true,
			"animation_length": 0.41667,
			"bones": {
				"body": {
					"position": {
						"0.0": [0, 1, 0],
						"0.0417": [0, 0.67, 0],
						"0.0833": [0, 0, 0],
						"0.125": [0, 0.17, 0],
						"0.1667": [0, 0.83, 0],
						"0.2083": [0, 1, 0],
						"0.25": [0, 0.83, 0],
						"0.2917": [0, 0.17, 0],
						"0.3333": [0, 0, 0],
						"0.375": [0, 0.67, 0],
						"0.4167": [0, 1, 0]
					}
				},
				"torso": {
					"rotation": ["45+Math.cos((query.anim_time - 0.2) * 190*9) * 3", 0, 0],
					"position": [0, "Math.cos((query.anim_time + 0.4) * 190*9) * 0.2", 0]
				},
				"torso2": {
					"rotation": ["10+Math.cos((query.anim_time - 0.15) * 190*9) * 1", 0, 0]
				},
				"neck": {
					"rotation": ["-7.5+Math.cos((query.anim_time - 0.12) * 190*9) * 3", 0, 0]
				},
				"head": {
					"rotation": ["-42.5+Math.cos((query.anim_time - 0.15) * 190*9) * -5", 0, 0]
				},
				"eyebrow_left": {
					"rotation": [15, 0, 0]
				},
				"eyebrow_right": {
					"rotation": [15, 0, 0]
				},
				"arm_left": {
					"rotation": [-35.93762, -24.0436, "45.6079+Math.cos((query.anim_time - 0.2) * 190*9) * 4"]
				},
				"arm_left2": {
					"rotation": [0, -12.5, 0]
				},
				"arm_right": {
					"rotation": [-35.93762, 24.0436, "-45.6079+Math.cos((query.anim_time - 0.2) * 190*9) * -4"]
				},
				"arm_right2": {
					"rotation": [0, 12.5, 0]
				},
				"tail": {
					"rotation": ["-22.5+Math.cos((query.anim_time - 0.15) * 190*9) * -5", 0, 0]
				},
				"tail2": {
					"rotation": ["-12.5+Math.cos((query.anim_time - 0.2) * 190*9) * -2", 0, 0]
				},
				"tail3": {
					"rotation": [-12.5, 0, 0]
				},
				"tail4": {
					"rotation": [-10, 0, 0]
				},
				"leg_left": {
					"rotation": {
						"0.0": [-57.5, 0, 0],
						"0.0833": [-2.5, 0, 0],
						"0.1667": [12.5, 0, 0],
						"0.25": [52.37062, 0.76643, -0.19169],
						"0.3333": [9.87062, 0.76643, -0.19169],
						"0.4167": [-57.5, 0, 0]
					}
				},
				"leg_left2": {
					"rotation": {
						"0.0": [-7.5, 0, 0],
						"0.0833": [7.5, 0, 0],
						"0.1667": [10, 0, 0],
						"0.25": [5, 0, 0],
						"0.3333": [37.5, 0, 0],
						"0.375": [25, 0, 0],
						"0.4167": [-7.5, 0, 0]
					}
				},
				"leg_left3": {
					"rotation": {
						"0.0": [2.5, 0, 0],
						"0.0833": [-10, 0, 0],
						"0.1667": [0, 0, 0],
						"0.25": [12.5, 0, 0],
						"0.3333": [-15, 0, 0],
						"0.375": [-21.25, 0, 0],
						"0.4167": [2.5, 0, 0]
					}
				},
				"foot_left": {
					"rotation": {
						"0.0": [35, 0, 0],
						"0.0833": [15, 0, 0],
						"0.1667": [2.5, 0, 0],
						"0.2083": [32.5, 0, 0],
						"0.25": [42.5, 0, 0],
						"0.2917": [18.75, 0, 0],
						"0.3333": [-15, 0, 0],
						"0.375": [-1.25, 0, 0],
						"0.4167": [35, 0, 0]
					}
				},
				"leg_right": {
					"rotation": {
						"0.0": [32.44, -0.38, 0.1],
						"0.0417": [52.37062, -0.76643, 0.19169],
						"0.125": [9.87062, -0.76643, 0.19169],
						"0.2083": [-55, 0, 0],
						"0.2917": [-2.5, 0, 0],
						"0.375": [12.5, 0, 0],
						"0.4167": [32.44, -0.38, 0.1]
					}
				},
				"leg_right2": {
					"rotation": {
						"0.0": [7.5, 0, 0],
						"0.0417": [5, 0, 0],
						"0.125": [37.5, 0, 0],
						"0.1667": [25, 0, 0],
						"0.2083": [-12.5, 0, 0],
						"0.2917": [7.5, 0, 0],
						"0.375": [10, 0, 0],
						"0.4167": [7.5, 0, 0]
					}
				},
				"leg_right3": {
					"rotation": {
						"0.0": [6.25, 0, 0],
						"0.0417": [12.5, 0, 0],
						"0.125": [-15, 0, 0],
						"0.1667": [-21.25, 0, 0],
						"0.2083": [12.5, 0, 0],
						"0.2917": [-10, 0, 0],
						"0.375": [0, 0, 0],
						"0.4167": [6.25, 0, 0]
					}
				},
				"foot_right": {
					"rotation": {
						"0.0": [32.5, 0, 0],
						"0.0417": [42.5, 0, 0],
						"0.0833": [18.75, 0, 0],
						"0.125": [-15, 0, 0],
						"0.1667": [-1.25, 0, 0],
						"0.2083": [35, 0, 0],
						"0.2917": [15, 0, 0],
						"0.375": [2.5, 0, 0],
						"0.4167": [32.5, 0, 0]
					}
				}
			}
		},
		"animation.sceptile.sleep": {
			"loop": true,
			"bones": {
				"body": {
					"rotation": [-20, 0, 0],
					"position": [0, -6, 0]
				},
				"torso": {
					"rotation": [12.5, 0, 0]
				},
				"torso2": {
					"rotation": ["22.4229+Math.cos((query.anim_time + 1.2) * 90) * 3", 1.91134, -4.62111]
				},
				"neck": {
					"rotation": ["20+Math.cos((query.anim_time + 1) * 90) * 7", 4.59902, -8.88927]
				},
				"head": {
					"rotation": ["10+Math.cos((query.anim_time + 0.3) * 90) * 5", 0, 0]
				},
				"jaw": {
					"rotation": ["7.5+Math.cos((query.anim_time + 1.2) * 90) * 5", 0, 0]
				},
				"eyelid_left": {
					"position": [0.25, 0, 0]
				},
				"eyelid_right": {
					"position": [-0.25, 0, 0]
				},
				"arm_left": {
					"rotation": [18.66919, "33.4296+Math.cos((query.anim_time + 1.2) * 90) * 3", 65.43465]
				},
				"arm_left2": {
					"rotation": [0, 20, 0]
				},
				"hand_left": {
					"rotation": [0, 0, 17.5]
				},
				"finger_left": {
					"rotation": [0, 0, 25]
				},
				"finger_left2": {
					"rotation": [0, 0, 37.5]
				},
				"finger_left3": {
					"rotation": [0, 0, 47.5]
				},
				"arm_right": {
					"rotation": [20.47985, "-46.0418+Math.cos((query.anim_time + 1.2) * 90) * -3", -67.82401]
				},
				"arm_right2": {
					"rotation": [10.3141, -17.2294, -31.5667]
				},
				"hand_right": {
					"rotation": [0, 0, -40]
				},
				"finger_right": {
					"rotation": [0, 0, -52.5]
				},
				"finger_right2": {
					"rotation": [0, 0, -37.5]
				},
				"finger_right3": {
					"rotation": [0, 0, -2.5]
				},
				"tail2": {
					"rotation": [4.14867, 20.70481, 9.00717]
				},
				"tail3": {
					"rotation": [25.2614, 14.8687, 2.00307]
				},
				"tail4": {
					"rotation": [-9.6809, 19.92066, 1.81693]
				},
				"leg_left": {
					"rotation": [-37.28963, -18.4975, -35.12245],
					"position": [0, 1, 0]
				},
				"foot_left": {
					"rotation": [57.5, 0, 0]
				},
				"leg_right": {
					"rotation": [-28.41047, -10.1751, 43.57772],
					"position": [0, 1.25, 0]
				},
				"leg_right2": {
					"rotation": [22.5, 0, 0]
				},
				"leg_right3": {
					"rotation": [-27.5, 0, 0]
				},
				"foot_right": {
					"rotation": [30, 0, 0]
				}
			}
		},
		"animation.sceptile.faint": {
			"loop": true,
			"animation_length": 3,
			"bones": {
				"body": {
					"rotation": {
						"0.0": [0, 0, 0],
						"0.1667": [-5.83, 0, 0],
						"0.375": [-14.25, 0, 0],
						"0.6667": [-18.33, 0, 0],
						"1.0": [-17.5, 0, 0],
						"1.2917": [-7.5, 0, 0],
						"1.5": [16.09, 0, 0],
						"1.7083": [57.09, 0, 0],
						"1.875": [90, 0, 0],
						"1.9583": [82.5, 0, 0],
						"2.0833": [77.75, 0, 0],
						"2.25": [90, 0, 0]
					},
					"position": {
						"0.0": [0, 0, 0],
						"0.125": [0, -2.7, -0.42],
						"0.2083": [0, -3.83, -0.86],
						"0.2917": [0, -4.36, -1.41],
						"0.375": [0, -4, -2],
						"0.5833": [0, -4.25, -2],
						"1.0": [0, -4.1, -1.75],
						"1.2917": [0, -4, -2],
						"1.4167": [0, -5.2, -5.53],
						"1.5417": [0, -6.63, -8.17],
						"1.6667": [0, -8.37, -9.56],
						"1.7917": [0, -11.85, -10.38],
						"1.875": [0, -16.75, -10.65],
						"1.9583": [0, -16, -10.15],
						"2.0833": [0, -15.5, -10.15],
						"2.25": [0, -16.75, -10.65]
					}
				},
				"torso": {
					"rotation": {
						"0.0": [-10, 0, 0],
						"0.1667": [1.75, 0, 0],
						"0.2917": [11, 0, 0],
						"0.4583": [22.86, 0, 0],
						"0.625": [28.6, 0, 0],
						"0.7917": [32.75, 0, 0],
						"0.9583": [36.25, 0, 0],
						"1.125": [30, 0, 0],
						"1.2917": [8.75, 0, 0],
						"1.4167": [-5.97, 0, 0],
						"1.625": [-16, 0, 0],
						"1.875": [-18.75, 0, 0],
						"2.0417": [-26.25, 0, 0],
						"2.125": [-21.25, 0, 0]
					}
				},
				"torso2": {
					"rotation": {
						"0.0": [7.5, 0, 0],
						"0.2917": [13.95389, -16.7106, -2.39989],
						"0.5417": [17.89807, -21.91276, -3.81397],
						"0.7083": [19, -21, 0],
						"0.8333": [20, -14, 0],
						"1.0417": [18.56, -6, 0],
						"1.25": [10.8, -2, 0],
						"1.4583": [-11.5, 0, 0],
						"1.7083": [-21.5, 0, 0],
						"1.875": [13.75, 0, 0],
						"2.0833": [9, 0, 0],
						"2.2917": [17, 0, 0]
					}
				},
				"neck": {
					"rotation": {
						"0.0": [-7.5, 0, 0],
						"0.4583": [13.07, 0, 0],
						"0.625": [17.14, 0, 0],
						"0.875": [20, 0, 0],
						"1.2917": [10.28, 0, 0],
						"1.625": [-20, 0, 0],
						"1.875": [5, 0, 0],
						"2.0": [7.5, 0, 0],
						"2.2917": [10, 0, 0]
					}
				},
				"head": {
					"rotation": {
						"0.0": [-12.5, 0, 0],
						"0.7917": [17.5, 0, 0],
						"1.25": [22.5, 0, 0],
						"1.5833": [-12.5, 0, 0],
						"1.875": [-81.11, 0, 0],
						"1.9583": [-67.06, 0, 0],
						"2.1667": [-115, 0, 0],
						"2.3333": [-85, 0, 0]
					}
				},
				"jaw": {
					"rotation": {
						"1.4167": [0, 0, 0],
						"1.5": [28.75, 0, 0],
						"1.5833": [37.5, 0, 0],
						"1.8333": [37.5, 0, 0],
						"1.875": [0, 0, 0]
					}
				},
				"eyelid_left": {
					"position": {
						"0.1667": [0, 0, 0],
						"0.2083": [0.25, 0, 0]
					}
				},
				"eyelid_right": {
					"position": {
						"0.1667": [0, 0, 0],
						"0.2083": [-0.25, 0, 0]
					}
				},
				"arm_left": {
					"rotation": {
						"0.0": [0, 0, 40],
						"0.25": [-7.38449, -32.34162, 52.32373],
						"0.5417": [-14.1614, -37.80946, 62.37174],
						"0.7917": [-15.95376, -29.49776, 58.24344],
						"1.1667": [-14.6094, 0.18458, 41.4914],
						"1.5": [-30.05778, 19.66936, 9.85001],
						"1.7917": [-64.75854, -22.5322, -41.81912],
						"1.875": [-66.03972, 14.09206, -25.40299],
						"2.125": [-66.33099, -11.14485, -36.42125],
						"2.4167": [-66.03972, 14.09206, -25.40299]
					}
				},
				"arm_left2": {
					"rotation": {
						"0.0": [0, 0, 7.5],
						"0.5": [-180, 75, -172.5],
						"1.0833": [-314.23424, 65.50123, -301.44028],
						"1.4167": [-360, 47.5, -352.5],
						"1.8333": [-383.78717, 23.94097, -383.94955],
						"1.9167": [-367.9204, 32.39467, -351.13997],
						"2.125": [-385.70602, 21.84655, -388.87862],
						"2.4167": [-373.94182, 30.49111, -362.65318]
					}
				},
				"hand_left": {
					"rotation": {
						"0.0": [0, 0, 22.5],
						"0.5417": [0, 0, 67.5],
						"1.8333": [0, 0, -12.5],
						"2.0": [0, 0, 25],
						"2.1667": [0, 0, -17.5],
						"2.4583": [0, 0, -5]
					}
				},
				"arm_right": {
					"rotation": {
						"0.0": [0, 0, -40],
						"0.5": [-68.02185, 25.697, -28.1199],
						"1.0833": [-81.66728, 32.37846, -55.76876],
						"1.5": [-40.144, -45.34153, 9.856],
						"1.7917": [-75.5989, -3.18159, 47.03805],
						"1.875": [-56.2576, -14.6914, 40.38482],
						"2.125": [-57.40093, -4.21541, 47.30864],
						"2.375": [-73.66086, -24.94169, 32.76558]
					}
				},
				"arm_right2": {
					"rotation": {
						"0.0": [0, 0, -7.5],
						"0.5": [0.59202, 0.26101, -130.08381],
						"1.0833": [0.6394, 0.0989, -115.08461],
						"1.5833": [-2.62039, -8.53726, 16.5724],
						"1.9167": [2.7883, -8.48426, -18.83008],
						"2.1667": [-2.99257, -8.41483, 19.09698],
						"2.4167": [-1.86118, -8.73288, 11.5189]
					}
				},
				"hand_right": {
					"rotation": {
						"0.0": [0, 0, -22.5],
						"0.5": [0, 0, -17.5],
						"1.0833": [6.46635, 7.64427, -67.06754],
						"1.6667": [0, 0, 30],
						"1.9583": [0, 0, -20],
						"2.2083": [0, 0, 12.5],
						"2.4583": [0, 0, 7.5]
					}
				},
				"tail2": {
					"rotation": {
						"0.0": [0, 0, 0],
						"0.875": [40, 0, 0],
						"1.625": [19.38, 0, 0],
						"1.8333": [4.79, 0, 0],
						"1.9583": [-47.5, 0, 0],
						"2.0833": [-10, 0, 0],
						"2.1667": [-38, 0, 0],
						"2.3333": [-62.5, 0, 0]
					}
				},
				"tail3": {
					"rotation": {
						"0.0": [0, 0, 0],
						"0.9167": [13.57, 0, 0],
						"1.4583": [-10.44, 0, 0],
						"1.75": [-25.27, 0, 0],
						"1.9167": [26.93, 0, 0],
						"2.0": [-12.96, 0, 0],
						"2.125": [5.65, 0, 0],
						"2.375": [-10, 0, 0]
					}
				},
				"tail4": {
					"rotation": {
						"0.0": [0, 0, 0],
						"1.0": [14.64, 0, 0],
						"1.5417": [-11.39, 0, 0],
						"1.7917": [-21.86, 0, 0],
						"1.9583": [28.19, 0, 0],
						"2.0417": [-13.35, 0, 0],
						"2.1667": [9.51, 0, 0],
						"2.4167": [-12.5, 0, 0]
					}
				},
				"leg_left": {
					"rotation": {
						"0.0": [0, 0, 0],
						"0.125": [41.01019, 19.28253, 5.41287],
						"0.25": [60.60484, 12.29022, 8.66647],
						"0.375": [70, 0, 9.75],
						"1.1667": [72.5, 0, 9.75],
						"1.2917": [65, 0, 9.75],
						"1.4167": [60, 0, 9.75],
						"1.5833": [55.75, 0, 9.75],
						"1.75": [60.5, 0, 9.75],
						"1.875": [75, 0, 9.75],
						"1.9583": [37, 0, 9.75],
						"2.0833": [8.22, 0, 9.75],
						"2.2083": [34.5, 0, 9.75],
						"2.2917": [24.07, 0, 9.75],
						"2.4583": [14, 0, 9.75]
					}
				},
				"leg_left2": {
					"rotation": {
						"0.0": [0, 0, 0],
						"0.375": [5, 0, 0],
						"1.1667": [-7.5, 0, 0],
						"1.7917": [-10, 0, 0],
						"1.9167": [10, 0, 0],
						"2.125": [-10, 0, 0],
						"2.25": [15, 0, 0],
						"2.4583": [-10, 0, 0]
					}
				},
				"foot_left": {
					"rotation": {
						"0.0": [0, 0, 0],
						"0.125": [-25, 0, 0],
						"0.25": [-35, 0, 0],
						"0.375": [-27.5, 0, 0],
						"1.1667": [-35, 0, 0],
						"1.7917": [30, 0, 0],
						"1.9167": [50, 0, 0],
						"2.0": [15, 0, 0],
						"2.125": [32.5, 0, 0],
						"2.4167": [15, 0, 0]
					}
				},
				"leg_right": {
					"rotation": {
						"0.0": [0, 0, 0],
						"0.125": [41.01019, -19.28253, -5.41287],
						"0.25": [60.60484, -12.29022, -8.66647],
						"0.375": [70, 0, -9.75],
						"1.1667": [72.5, 0, -9.75],
						"1.2917": [65, 0, -9.75],
						"1.4167": [60, 0, -9.75],
						"1.5833": [55.75, 0, -9.75],
						"1.75": [60.5, 0, -9.75],
						"1.875": [75, 0, -9.75],
						"1.9583": [37, 0, -9.75],
						"2.0833": [8.22, 0, -9.75],
						"2.2083": [34.5, 0, -9.75],
						"2.2917": [24.07, 0, -9.75],
						"2.4583": [14, 0, -9.75]
					}
				},
				"leg_right2": {
					"rotation": {
						"0.0": [0, 0, 0],
						"0.375": [5, 0, 0],
						"1.1667": [-7.5, 0, 0],
						"1.7917": [-10, 0, 0],
						"1.9167": [10, 0, 0],
						"2.125": [-10, 0, 0],
						"2.25": [15, 0, 0],
						"2.4583": [-10, 0, 0]
					}
				},
				"foot_right": {
					"rotation": {
						"0.0": [0, 0, 0],
						"0.125": [-25, 0, 0],
						"0.25": [-35, 0, 0],
						"0.375": [-27.5, 0, 0],
						"1.1667": [-35, 0, 0],
						"1.7917": [30, 0, 0],
						"1.9167": [50, 0, 0],
						"2.0": [15, 0, 0],
						"2.125": [32.5, 0, 0],
						"2.4167": [15, 0, 0]
					}
				}
			}
		},
		"animation.sceptile.cry": {
			"animation_length": 3.16667,
			"bones": {
				"neck": {
					"rotation": {
						"0.0": {
							"post": [0, 0, 0],
							"lerp_mode": "catmullrom"
						},
						"0.5833": {
							"post": [30, 0, 0],
							"lerp_mode": "catmullrom"
						},
						"2.0": {
							"post": [30, 0, 0],
							"lerp_mode": "catmullrom"
						},
						"2.4167": {
							"post": [0, 0, 0],
							"lerp_mode": "catmullrom"
						}
					},
					"position": {
						"0.0": {
							"post": [0, 0, 0],
							"lerp_mode": "catmullrom"
						},
						"2.4167": {
							"post": [0, 0, 0],
							"lerp_mode": "catmullrom"
						}
					}
				},
				"head": {
					"rotation": {
						"0.0": {
							"post": [0, 0, 0],
							"lerp_mode": "catmullrom"
						},
						"0.5833": {
							"post": [-42.5, 0, 0],
							"lerp_mode": "catmullrom"
						},
						"0.9167": {
							"post": [-60, 0, -5],
							"lerp_mode": "catmullrom"
						},
						"1.0833": {
							"post": [-60, 0, 0.91],
							"lerp_mode": "catmullrom"
						},
						"1.25": {
							"post": [-60, 0, -5],
							"lerp_mode": "catmullrom"
						},
						"1.4167": {
							"post": [-60, 0, 0.91],
							"lerp_mode": "catmullrom"
						},
						"1.8333": {
							"post": [-42.5, 0, 0],
							"lerp_mode": "catmullrom"
						},
						"2.4167": {
							"post": [0, 0, 0],
							"lerp_mode": "catmullrom"
						}
					},
					"position": {
						"0.0": {
							"post": [0, 0, 0],
							"lerp_mode": "catmullrom"
						},
						"2.4167": {
							"post": [0, 0, 0],
							"lerp_mode": "catmullrom"
						}
					}
				},
				"jaw": {
					"rotation": {
						"0.5833": {
							"pre": [0, 0, 0],
							"post": [0, 0, 0],
							"lerp_mode": "catmullrom"
						},
						"0.9167": {
							"post": [32.5, 0, 0],
							"lerp_mode": "catmullrom"
						},
						"1.9167": {
							"post": [32.5, 0, 0],
							"lerp_mode": "catmullrom"
						},
						"2.4167": {
							"post": [0, 0, 0],
							"lerp_mode": "catmullrom"
						}
					}
				},
				"torso": {
					"rotation": {
						"0.0": {
							"post": [0, 0, 0],
							"lerp_mode": "catmullrom"
						},
						"2.4167": {
							"post": [0, 0, 0],
							"lerp_mode": "catmullrom"
						}
					},
					"position": {
						"0.0": {
							"post": [0, 0, 0],
							"lerp_mode": "catmullrom"
						},
						"2.4167": {
							"post": [0, 0, 0],
							"lerp_mode": "catmullrom"
						}
					}
				},
				"torso2": {
					"rotation": {
						"0.0": {
							"post": [0, 0, 0],
							"lerp_mode": "catmullrom"
						},
						"0.5833": {
							"post": [25, 0, 0],
							"lerp_mode": "catmullrom"
						},
						"1.9167": {
							"post": [25, 0, 0],
							"lerp_mode": "catmullrom"
						},
						"2.6667": {
							"post": [0, 0, 0],
							"lerp_mode": "catmullrom"
						}
					}
				},
				"arm_left": {
					"rotation": {
						"0.0": {
							"post": [0, 0, 0],
							"lerp_mode": "catmullrom"
						},
						"0.5833": {
							"post": [0, 35, 0],
							"lerp_mode": "catmullrom"
						},
						"1.9167": {
							"post": [0, 13.91, 0],
							"lerp_mode": "catmullrom"
						},
						"2.4167": {
							"post": [0, 5, 0],
							"lerp_mode": "catmullrom"
						}
					},
					"position": {
						"0.0": {
							"post": [0, 0, 0],
							"lerp_mode": "catmullrom"
						},
						"2.4167": {
							"post": [0, 0, 0],
							"lerp_mode": "catmullrom"
						}
					}
				},
				"arm_left2": {
					"rotation": {
						"0.0": {
							"post": [0, 0, 0],
							"lerp_mode": "catmullrom"
						},
						"2.4167": {
							"post": [0, 0, 0],
							"lerp_mode": "catmullrom"
						}
					}
				},
				"arm_right": {
					"rotation": {
						"0.0": {
							"post": [0, 0, 0],
							"lerp_mode": "catmullrom"
						},
						"0.5833": {
							"post": [0, -37.5, 0],
							"lerp_mode": "catmullrom"
						},
						"2.4167": {
							"post": [0, 0, 0],
							"lerp_mode": "catmullrom"
						}
					},
					"position": {
						"0.0": {
							"post": [0, 0, 0],
							"lerp_mode": "catmullrom"
						},
						"2.4167": {
							"post": [0, 0, 0],
							"lerp_mode": "catmullrom"
						}
					}
				},
				"arm_right2": {
					"rotation": {
						"0.0": {
							"post": [0, 0, 0],
							"lerp_mode": "catmullrom"
						},
						"2.4167": {
							"post": [0, 0, 0],
							"lerp_mode": "catmullrom"
						}
					}
				},
				"tail": {
					"rotation": {
						"0.0": {
							"post": [0, 0, 0],
							"lerp_mode": "catmullrom"
						},
						"0.8333": {
							"post": [-13.69, 0, 0],
							"lerp_mode": "catmullrom"
						},
						"2.0": {
							"post": [-13.69, 0, 0],
							"lerp_mode": "catmullrom"
						},
						"2.75": {
							"post": [0, 0, 0],
							"lerp_mode": "catmullrom"
						}
					}
				},
				"leg_left": {
					"rotation": {
						"0.0": {
							"post": [0, 0, 0],
							"lerp_mode": "catmullrom"
						},
						"2.4167": {
							"post": [0, 0, 0],
							"lerp_mode": "catmullrom"
						}
					},
					"position": {
						"0.0": {
							"post": [0, 0, 0],
							"lerp_mode": "catmullrom"
						},
						"2.4167": {
							"post": [0, 0, 0],
							"lerp_mode": "catmullrom"
						}
					}
				},
				"leg_right": {
					"rotation": {
						"0.0": {
							"post": [0, 0, 0],
							"lerp_mode": "catmullrom"
						},
						"2.4167": {
							"post": [0, 0, 0],
							"lerp_mode": "catmullrom"
						}
					},
					"position": {
						"0.0": {
							"post": [0, 0, 0],
							"lerp_mode": "catmullrom"
						},
						"2.4167": {
							"post": [0, 0, 0],
							"lerp_mode": "catmullrom"
						}
					}
				}
			},
			"sound_effects": {
				"0.5833": {
					"effect": "pokemon.sceptile.cry"
				}
			}
		},
		"animation.sceptile.blink": {
			"animation_length": 0.16667,
			"bones": {
				"eyelid_left": {
					"position": {
						"0.0": [0.1, 0, 0],
						"0.125": [0.1, 0, 0],
						"0.1667": [0, 0, 0]
					}
				},
				"eyelid_right": {
					"position": {
						"0.0": [-0.1, 0, 0],
						"0.125": [-0.1, 0, 0],
						"0.1667": [0, 0, 0]
					}
				}
			}
		}
	}
}