{
	"format_version": "1.8.0",
	"animations": {
		"animation.torchic.blink": {
			"animation_length": 0.16667,
			"bones": {
				"eyelid_left": {
					"position": {
						"0.0": [0, 0, -0.1],
						"0.125": [0, 0, -0.1],
						"0.1667": [0, 0, 0]
					}
				},
				"eyelid_right": {
					"position": {
						"0.0": [0, 0, -0.1],
						"0.125": [0, 0, -0.1],
						"0.1667": [0, 0, 0]
					}
				}
			}
		},
		"animation.torchic.cry": {
			"animation_length": 0.83333,
			"bones": {
				"head": {
					"rotation": {
						"0.0": {
							"post": [0, 0, 0],
							"lerp_mode": "catmullrom"
						},
						"0.1667": {
							"post": [-7.5, 0, 0],
							"lerp_mode": "catmullrom"
						},
						"0.5": {
							"post": [-15, 0, 0],
							"lerp_mode": "catmullrom"
						},
						"0.8333": {
							"post": [0, 0, 0],
							"lerp_mode": "catmullrom"
						}
					}
				},
				"jaw": {
					"rotation": {
						"0.0": {
							"post": [0, 0, 0],
							"lerp_mode": "catmullrom"
						},
						"0.1667": {
							"post": [42.5, 0, 0],
							"lerp_mode": "catmullrom"
						},
						"0.5": {
							"post": [42.5, 0, 0],
							"lerp_mode": "catmullrom"
						},
						"0.8333": {
							"post": [0, 0, 0],
							"lerp_mode": "catmullrom"
						}
					}
				}
			},
			"sound_effects": {
				"0.0833": {
					"effect": "pokemon.torchic.cry"
				}
			}
		},
		"animation.torchic.ground_idle": {
			"loop": true,
			"bones": {
				"wing_left": {
					"rotation": [0, 0, 65]
				},
				"wing_left2": {
					"rotation": [0, 0, 5]
				},
				"wing_right": {
					"rotation": [0, 0, -65]
				},
				"wing_right2": {
					"rotation": [0, 0, -5]
				},
				"head": {
					"rotation": [-5, 0, 0]
				},
				"torso": {
					"rotation": [5, 0, 0]
				}
			}
		}
	}
}