{
	"format_version": "1.8.0",
	"animations": {
		"animation.magneton.blink": {
			"animation_length": 0.16667,
			"bones": {
				"pupil": {
					"position": {
						"0.0": [0, 0, 0.1],
						"0.125": [0, 0, 0.1],
						"0.1667": [0, 0, 0]
					}
				},
				"pupil_closed": {
					"position": {
						"0.0": [0, 0, -0.1],
						"0.125": [0, 0, -0.1],
						"0.1667": [0, 0, 0]
					}
				},
				"pupil2": {
					"position": {
						"0.0": [0, 0, 0.1],
						"0.125": [0, 0, 0.1],
						"0.1667": [0, 0, 0]
					}
				},
				"pupil_closed2": {
					"position": {
						"0.0": [0, 0, -0.1],
						"0.125": [0, 0, -0.1],
						"0.1667": [0, 0, 0]
					}
				},
				"pupil3": {
					"position": {
						"0.0": [0, 0, 0.1],
						"0.125": [0, 0, 0.1],
						"0.1667": [0, 0, 0]
					}
				},
				"pupil_closed3": {
					"position": {
						"0.0": [0, 0, -0.1],
						"0.125": [0, 0, -0.1],
						"0.1667": [0, 0, 0]
					}
				}
			}
		},
		"animation.magneton.air_idle": {
			"loop": true,
			"bones": {
				"magnet_left": {
					"rotation": [0, 20, -30],
					"position": [0, 1, 0]
				},
				"magnet_right": {
					"rotation": [0, -20, 35],
					"position": [0, 1, 0]
				},
				"body2": {
					"rotation": [-5, 0, 135],
					"position": [-4, 6, 0.5]
				},
				"nail_left_rotation2": {
					"rotation": [0, 0, "q.anim_time * 270"],
					"position": [0, 0, 0]
				},
				"magnet_left2": {
					"rotation": [0, 35, -40],
					"position": [0, 1, 0]
				},
				"magnet_right2": {
					"rotation": [0, 10, 25]
				},
				"body3": {
					"rotation": [-5, 0, -135],
					"position": [4, 6, 0.5]
				},
				"nail_right_rotation3": {
					"rotation": [0, 0, "q.anim_time * -270"],
					"position": [0, 0, 0]
				},
				"magnet_left3": {
					"rotation": [0, -10, -25]
				},
				"magnet_right3": {
					"rotation": [0, -35, 40],
					"position": [0, 1, 0]
				},
				"magnet_left_rotation": {
					"rotation": ["-15 + q.anim_time * - 270", 0, 0],
					"position": [0, 0, 0]
				},
				"magnet_right_rotation": {
					"rotation": ["-15 + q.anim_time * -270", 0, 0]
				},
				"magnet_left2_rotation": {
					"rotation": ["-70 + q.anim_time * 270", 0, 0]
				},
				"magnet_right3_rotation": {
					"rotation": ["110 + q.anim_time * 270", 0, 0]
				},
				"nail_head": {
					"rotation": [0, "q.anim_time * -270 ", 0]
				},
				"nail_left_rotation": {
					"rotation": [0, 0, "q.anim_time * -270"]
				},
				"nail_right_rotation": {
					"rotation": [0, 0, "q.anim_time * 270"]
				},
				"nail_head2": {
					"rotation": [0, "q.anim_time * -270 ", 0]
				},
				"magnet_right2_rotation": {
					"rotation": ["150 + q.anim_time * - 270", -27.5, 0]
				},
				"nail_head3": {
					"rotation": [0, "q.anim_time * 270 ", 0]
				},
				"magnet_left3_rotation": {
					"rotation": ["150 + q.anim_time * - 270", 27.5, 0]
				},
				"allbodies": {
					"rotation": [0, "0 - Math.Sin(((q.anim_time + 0.1) * 180 * 0.5) * 1) * 5", "Math.Sin(((q.anim_time + 0.4) * 180 * 0.5) * 1) * 5"],
					"position": ["Math.Sin((q.anim_time * 180 * 0.5) * 1) * 1.5", "1+Math.Sin((q.anim_time * 90 * 0.5) * 1) * 1.5", 0]
				}
			}
		},
		"animation.magneton.air_fly": {
			"loop": true,
			"bones": {
				"magnet_left": {
					"rotation": [0, 20, -30],
					"position": [0, 1, 0]
				},
				"magnet_right": {
					"rotation": [0, -20, 35],
					"position": [0, 1, 0]
				},
				"body2": {
					"rotation": [-5, 0, 135],
					"position": [-4, 6, 0.5]
				},
				"nail_left_rotation2": {
					"rotation": [0, 0, "q.anim_time * 270"],
					"position": [0, 0, 0]
				},
				"magnet_left2": {
					"rotation": [0, 35, -40],
					"position": [0, 1, 0]
				},
				"magnet_right2": {
					"rotation": [0, 10, 25]
				},
				"body3": {
					"rotation": [-5, 0, -135],
					"position": [4, 6, 0.5]
				},
				"nail_right_rotation3": {
					"rotation": [0, 0, "q.anim_time * -270"],
					"position": [0, 0, 0]
				},
				"magnet_left3": {
					"rotation": [0, -10, -25]
				},
				"magnet_right3": {
					"rotation": [0, -35, 40],
					"position": [0, 1, 0]
				},
				"magnet_left_rotation": {
					"rotation": ["-15 + q.anim_time * - 270", 0, 0],
					"position": [0, 0, 0]
				},
				"magnet_right_rotation": {
					"rotation": ["-15 + q.anim_time * -270", 0, 0]
				},
				"magnet_left2_rotation": {
					"rotation": ["-70 + q.anim_time * 270", 0, 0]
				},
				"magnet_right3_rotation": {
					"rotation": ["110 + q.anim_time * 270", 0, 0]
				},
				"nail_head": {
					"rotation": [0, "q.anim_time * -270 ", 0]
				},
				"nail_left_rotation": {
					"rotation": [0, 0, "q.anim_time * -270"]
				},
				"nail_right_rotation": {
					"rotation": [0, 0, "q.anim_time * 270"]
				},
				"nail_head2": {
					"rotation": [0, "q.anim_time * -270 ", 0]
				},
				"magnet_right2_rotation": {
					"rotation": ["150 + q.anim_time * - 270", -27.5, 0]
				},
				"nail_head3": {
					"rotation": [0, "q.anim_time * 270 ", 0]
				},
				"magnet_left3_rotation": {
					"rotation": ["150 + q.anim_time * - 270", 27.5, 0]
				},
				"allbodies": {
					"rotation": [15, "0 - Math.Sin(((q.anim_time + 0.1) * 180 * 0.5) * 1) * 5", "Math.Sin(((q.anim_time + 0.4) * 180 * 0.5) * 1) * 5"],
					"position": ["Math.Sin((q.anim_time * 180 * 0.5) * 1) * 1.5", "1+Math.Sin((q.anim_time * 90 * 0.5) * 1) * 1.5", 0]
				}
			}
		},
		"animation.magneton.sleep": {
			"loop": true,
			"bones": {
				"magnet_left": {
					"rotation": [0, 20, -30],
					"position": [0, 1, 0]
				},
				"magnet_right": {
					"rotation": [0, -20, 35],
					"position": [0, 1, 0]
				},
				"body2": {
					"rotation": [-5, 0, 135],
					"position": [-4, 6, 0.5]
				},
				"nail_left_rotation2": {
					"rotation": [0, 0, "q.anim_time * 90"],
					"position": [0, 0, 0]
				},
				"magnet_left2": {
					"rotation": [0, 35, -40],
					"position": [0, 1, 0]
				},
				"magnet_right2": {
					"rotation": [0, 10, 25]
				},
				"body3": {
					"rotation": [-5, 0, -135],
					"position": [4, 6, 0.5]
				},
				"nail_right_rotation3": {
					"rotation": [0, 0, "q.anim_time * -90"],
					"position": [0, 0, 0]
				},
				"magnet_left3": {
					"rotation": [0, -10, -25]
				},
				"magnet_right3": {
					"rotation": [0, -35, 40],
					"position": [0, 1, 0]
				},
				"magnet_left_rotation": {
					"rotation": ["math.sin(q.anim_time * 90) * 20", -35, 0],
					"position": [0, 0, 0]
				},
				"magnet_right_rotation": {
					"rotation": ["math.sin(q.anim_time * 90) * 20", 35, 0]
				},
				"magnet_left2_rotation": {
					"rotation": ["0 - math.sin(q.anim_time * 90) * 20", 0, 0]
				},
				"magnet_right3_rotation": {
					"rotation": ["0 - math.sin(q.anim_time * 90) * 20", 0, 0]
				},
				"nail_head": {
					"rotation": [0, "q.anim_time * -90", 0]
				},
				"nail_left_rotation": {
					"rotation": [0, 0, "q.anim_time * -90"]
				},
				"nail_right_rotation": {
					"rotation": [0, 0, "q.anim_time * 90"]
				},
				"nail_head2": {
					"rotation": [0, "q.anim_time * -90", 0]
				},
				"magnet_right2_rotation": {
					"rotation": ["0 + math.sin(q.anim_time * 90) * 20", 0, 0]
				},
				"nail_head3": {
					"rotation": [0, "q.anim_time * 90", 0]
				},
				"magnet_left3_rotation": {
					"rotation": ["0 + math.sin(q.anim_time * 90) * 20", 0, 0]
				},
				"pupil": {
					"position": [0, 0, 0.1]
				},
				"pupil_closed": {
					"position": [0, 0, -0.1]
				},
				"pupil2": {
					"position": [0, 0, 0.1]
				},
				"pupil_closed2": {
					"position": [0, 0, -0.1]
				},
				"pupil3": {
					"position": [0, 0, 0.1]
				},
				"pupil_closed3": {
					"position": [0, 0, -0.1]
				},
				"allbodies": {
					"rotation": [
						"-15+math.sin((q.anim_time - 0.2) * 90) * 3",
						"math.sin((q.anim_time - 0.5) * 90) * 3",
						"Math.Sin(((q.anim_time + 0.4) * 90 * 0.5) * 1) * 2"
					],
					"position": ["Math.Sin((q.anim_time * 180 * 0.5) * 1) * 0", "Math.Sin((q.anim_time * 90 * 0.5) * 1) * 0", 0]
				}
			}
		},
		"animation.magneton.faint": {
			"loop": true,
			"animation_length": 3,
			"bones": {
				"magnet_left": {
					"rotation": [0, 20, -30],
					"position": [0, 1, 0]
				},
				"magnet_right": {
					"rotation": [0, -20, 35],
					"position": [0, 1, 0]
				},
				"body2": {
					"rotation": {
						"0.0": [-5, 0, 135],
						"0.375": [10, 0, 135],
						"0.4167": [15, 0, 135],
						"0.4583": [-32.53718, 6.65387, 101.26531],
						"0.5": [-28.21201, 18.14903, 121.11228],
						"0.5833": [-23.90464, 23.66162, 133.13113],
						"0.6667": [-21.79039, 25.6044, 138.20018],
						"0.7917": [-11.79039, 25.6044, 138.20018],
						"0.875": [-1.40464, 23.66162, 133.13113],
						"0.9583": [4.28799, 18.14903, 121.11228],
						"1.2083": [-14.90605, 18.8092, 123.65467],
						"1.2917": [-2.32266, 11.31557, 123.97485],
						"1.3333": [-5.20023, 10.32558, 108.73482],
						"1.375": [-7.70306, 8.63014, 93.62288],
						"1.875": [-7.70306, 8.63014, 93.62288],
						"1.9167": [-0.29611, 11.5447, 134.17505],
						"1.9583": [34.70669, -8.45504, 134.27744],
						"2.0": [96.41848, -21.74821, 140.41299],
						"2.0417": [127.20863, -34.16092, 138.73738],
						"2.0833": [154.70863, -34.16092, 138.73738],
						"2.125": [174.70863, -34.16092, 138.73738],
						"2.1667": [182.20863, -34.16092, 138.73738],
						"2.2083": [187.20863, -34.16092, 138.73738],
						"2.25": [189.70863, -34.16092, 138.73738]
					},
					"position": {
						"0.0": [-4, 6, 0.5],
						"0.375": [-5, 6, 0.5],
						"0.4167": [-5, 6, 0.5],
						"0.4583": [1, 6, 0.5],
						"0.5": [2, 6, 0.5],
						"0.5833": [3, 6.04362, 1.49905],
						"0.6667": [3, 6.04, 1.5],
						"0.7917": [3, 6.04, 1.5],
						"0.875": [3, 5.04095, 1.54362],
						"0.9167": [3, 5.18986, 1.53346],
						"0.9583": [3, 4.69048, 1.55181],
						"1.0": [3, 5.18952, 1.52819],
						"1.0417": [3, 3.69143, 1.59543],
						"1.0833": [3, 4.43929, 1.56729],
						"1.2083": [2, 5.43905, 1.52638],
						"1.25": [-6, 12.43334, 1.22466],
						"1.2917": [-10, 17.42524, 1.0019],
						"1.3333": [-8, 20.42714, 0.86914],
						"1.375": [-9, 22.4281, 0.78276],
						"1.4167": [-9, 21.43095, 0.82362],
						"1.875": [-9, 21.43095, 0.82362],
						"1.9167": [-9, 21.43, 0.82],
						"1.9583": [-4.94242, 25.8577, 6.81429],
						"2.0": [-2.94205, 28.10469, 10.80619],
						"2.0417": [-1.5573, 28.13152, 11.85267],
						"2.0833": [-0.17087, 28.16508, 12.89629]
					}
				},
				"nail_left_rotation2": {
					"rotation": {
						"0.0": [0, 0, "q.anim_time * 270"],
						"1.9167": [0, 0, "q.anim_time * 270"],
						"1.9583": [0, 0, 0]
					},
					"position": [0, 0, 0]
				},
				"magnet_left2": {
					"rotation": [0, 35, -40],
					"position": [0, 1, 0]
				},
				"magnet_right2": {
					"rotation": [0, 10, 25]
				},
				"body3": {
					"rotation": {
						"0.0": [-5, 0, -135],
						"0.375": [2.58508, 0.64686, -120.01363],
						"0.4167": [16.17354, -21.69365, -141.1191],
						"0.4583": [-22.16989, -13.02312, -113.71871],
						"0.5": [-104.66989, -13.02312, -113.71871],
						"0.5417": [-157.16989, -13.02312, -113.71871],
						"0.5833": [-204.66989, -13.02312, -113.71871],
						"0.625": [-257.16989, -13.02312, -113.71871],
						"0.6667": [-289.66989, -13.02312, -113.71871],
						"0.7083": [-314.66989, -13.02312, -113.71871],
						"0.7917": [-337.16989, -13.02312, -113.71871],
						"0.9167": [-377.16989, -13.02312, -113.71871],
						"1.0417": [-384.66989, -13.02312, -113.71871],
						"1.125": [-384.66989, -13.02312, -113.71871],
						"1.25": [-377.16989, -13.02312, -113.71871],
						"1.2917": [-366.7409, -15.28572, -129.01528],
						"1.375": [-351.73865, -7.71099, -146.40921],
						"1.4167": [-362.4733, 1.81003, -171.26487],
						"1.4583": [-362.4733, 1.81003, -171.26487],
						"1.5": [-370.66291, 13.15818, -163.86721],
						"1.875": [-370.66, 13.16, -163.87],
						"1.9167": [-393.04027, 65.69871, -187.70669],
						"1.9583": [-469.60174, 75.40076, -274.91982],
						"2.0": [-422.10174, 75.40076, -274.91982],
						"2.0417": [-382.10174, 75.40076, -274.91982],
						"2.0833": [-362.10174, 75.40076, -274.91982],
						"2.125": [-337.10174, 75.40076, -274.91982],
						"2.1667": [-309.49571, 79.09352, -259.44424],
						"2.2083": [-307.44536, 84.63219, -265.05296]
					},
					"position": {
						"0.0": [4, 6, 0.5],
						"0.375": [5, 6, 0.5],
						"0.4167": [5, 6, 0.5],
						"0.4583": [0, 6, 0.5],
						"0.5": [-1, 6, 0.5],
						"1.2917": [-1, 6, 0.5],
						"1.375": [-0.25, 6.74929, 0.46729],
						"1.4167": [2.75, 13.74334, 0.16466],
						"1.875": [2.75, 13.74, 0.16],
						"1.9167": [3.45643, 13.03357, 0.20362],
						"1.9583": [1.34003, 13.73576, 0.11276],
						"2.0": [-0.77775, 13.02511, 0.06638],
						"2.0417": [-1.48421, 12.31579, 0.07],
						"2.0833": [-1.48778, 10.89935, 0.11362],
						"2.125": [-0.07491, 8.07649, 0.24086],
						"2.1667": [-2.19065, 8.78222, 0.15638],
						"2.2083": [-0.78135, 7.37292, 0.24724]
					}
				},
				"nail_right_rotation3": {
					"rotation": {
						"0.0": [0, 0, "q.anim_time * -270"],
						"1.4583": [0, 0, "q.anim_time * -270"],
						"1.5": [0, 0, 0]
					},
					"position": [0, 0, 0]
				},
				"magnet_left3": {
					"rotation": [0, -10, -25]
				},
				"magnet_right3": {
					"rotation": [0, -35, 40],
					"position": [0, 1, 0]
				},
				"magnet_left_rotation": {
					"rotation": {
						"0.0": ["-15 + q.anim_time * - 270", 0, 0],
						"0.4167": ["-15 + q.anim_time * - 270", 0, 0],
						"0.4583": ["-35.914 + q.anim_time * - 270", -36.69611, 58.19188],
						"0.5": ["-8.0711 + q.anim_time * - 270", -7.91981, -6.43734],
						"1.9167": ["-8.0711 + q.anim_time * - 270", -7.92, -6.44],
						"1.9583": [-17.8769, -5.38327, 66.59202],
						"2.0833": [-11.71825, -14.60458, 32.2515],
						"2.1667": [-11.72, -14.6, 32.25],
						"2.2083": [35.39146, 4.89085, 36.77261],
						"2.375": [35.39146, 4.89085, 36.77261],
						"2.4167": [82.89146, 4.89085, 36.77261],
						"2.4583": [102.89146, 4.89085, 36.77261],
						"2.5": [92.89146, 4.89085, 36.77261],
						"2.5417": [97.89146, 4.89085, 36.77261]
					},
					"position": {
						"0.0": [0, 0, 0],
						"1.9167": [0, 0, 0],
						"1.9583": [4.81516, 0.72295, 1.13647],
						"2.0": [7.67964, 0.6166, 5.3604],
						"2.0417": [4.40836, -1.27015, 7.66331],
						"2.0833": [2.49511, -2.71079, 8.81516],
						"2.125": [1.5324, -3.37467, 10.43925],
						"2.1667": [0.11209, -5.08941, 10.6221],
						"2.2083": [-0.64183, -7.37951, 6.12635],
						"2.25": [-1.02768, -10.27441, 0.62784],
						"2.2917": [-0.53863, -10.00197, -0.19868],
						"2.3333": [1.5522, -9.06406, -4.64373],
						"2.375": [3.35886, -7.20138, -6.44929],
						"2.4167": [3.18776, -8.07154, -7.75795],
						"2.4583": [3.04541, -8.26918, -7.7162],
						"2.5": [3.33568, -7.86517, -7.78707]
					}
				},
				"magnet_right_rotation": {
					"rotation": {
						"0.0": ["-15 + q.anim_time * -270", 0, 0],
						"0.4167": ["-15 + q.anim_time * -270", 0, 0],
						"0.4583": ["-47.591 + q.anim_time * -270", 40.49121, -76.80108],
						"0.5": ["-6.2869 + q.anim_time * -270", 13.18199, 1.30353],
						"1.25": ["-6.2869 + q.anim_time * -270", 13.18199, 1.30353],
						"1.2917": ["-22.8137 + q.anim_time * -270", 8.07023, -75.08879],
						"1.4167": ["-5.4992 + q.anim_time * -270", 23.52843, -17.10408],
						"1.4583": ["-11.0125 + q.anim_time * -270", -0.32769, -43.47532],
						"1.5": ["2.6643 + q.anim_time * -270", 40.86842, -7.56869],
						"1.9167": ["2.6643 + q.anim_time * -270", 40.87, -7.57],
						"1.9583": [-46.367, 26.1897, -86.19553],
						"2.0833": [-4.17784, 51.62209, -24.33895],
						"2.4167": [-24.13527, 28.63121, -60.66699]
					}
				},
				"magnet_left2_rotation": {
					"rotation": {
						"0.0": ["-70 + q.anim_time * 270", 0, 0],
						"0.4167": ["-70 + q.anim_time * 270", 0, 0],
						"0.4583": ["-118.693 + q.anim_time * 270", -14.2533, 86.89299],
						"0.5417": ["-70 + q.anim_time * 270", 0, 0],
						"1.875": ["-70 + q.anim_time * 270", 0, 0],
						"1.9167": [-70, 0, 0],
						"2.0": [-118.06681, -11.06861, 5.84485],
						"2.0417": [-109.33713, -23.39936, -22.88863],
						"2.0833": [-86.83713, -23.39936, -22.88863],
						"2.125": [-101.49242, -20.75423, 14.87787],
						"2.1667": [-105.90876, 3.08833, 82.12655],
						"2.2083": [-121.16324, -1.0773, 67.71116],
						"2.25": [-126.14705, 1.51069, 71.98967]
					}
				},
				"magnet_right3_rotation": {
					"rotation": {
						"0.0": ["110 + q.anim_time * 270", 0, 0],
						"0.4167": ["110 + q.anim_time * 270", 0, 0],
						"0.4583": ["49.0143 + q.anim_time * 270", -0.517, -83.2115],
						"0.5": ["110 + q.anim_time * 270", 0, 0],
						"1.4167": ["110 + q.anim_time * 270", 0, 0],
						"1.4583": ["116.9144 + q.anim_time * 270", -16.75691, -34.37268],
						"1.5": [107.49524, 9.84655, -28.48124],
						"1.875": [109.9299, -1.70818, 4.69986],
						"1.9167": [131.35039, 58.9542, 42.33591],
						"2.0": [106.41304, 58.55145, -45.89726],
						"2.0417": [-17.30564, 58.35007, -90.01384],
						"2.0833": [-15.72612, 31.41702, -98.16654],
						"2.125": [-28.2066, 22.70313, -92.6476],
						"2.1667": [-33.17814, 10.30711, -83.81585],
						"2.2083": [-35.45572, 8.21192, -82.43387]
					},
					"position": {
						"0.0": [0, 0, 0],
						"1.875": [0, 0, 0],
						"1.9167": [-1.24112, 1.86952, 2.82215],
						"1.9583": [-5.37118, 2.84025, 1.40864],
						"2.0": [-3.32264, 2.28733, 6.46004],
						"2.0417": [0.17965, 0.48371, 7.68057],
						"2.0833": [1.00984, -1.54048, 7.73561],
						"2.125": [1.00319, -4.17446, 4.89838],
						"2.1667": [1.54838, -4.28126, 5.8723],
						"2.2083": [-0.69678, -4.50346, 3.57822]
					}
				},
				"nail_head": {
					"rotation": {
						"0.0": [0, "q.anim_time * -270 ", 0],
						"1.9167": [0, "q.anim_time * -270 ", 0],
						"1.9583": [0, 0, 0]
					}
				},
				"nail_left_rotation": {
					"rotation": {
						"0.0": [0, 0, "q.anim_time * -270"],
						"1.2917": [0, 0, "q.anim_time * -270"],
						"1.3333": [0, 0, 0]
					}
				},
				"nail_right_rotation": {
					"rotation": {
						"0.0": [0, 0, "q.anim_time * 270"],
						"1.4583": [0, 0, "q.anim_time * 270"],
						"1.5": [0, 0, 0]
					}
				},
				"nail_head2": {
					"rotation": {
						"0.0": [0, "q.anim_time * -270 ", 0],
						"1.9167": [0, "q.anim_time * -270 ", 0],
						"1.9583": [0, 0, 0]
					},
					"position": {
						"0.0": [0, 0, 0],
						"1.875": [0, 0, 0],
						"1.9167": [-0.01341, -2.49792, -0.10113]
					}
				},
				"magnet_right2_rotation": {
					"rotation": {
						"0.0": ["150 + q.anim_time * - 270", -27.5, 0],
						"1.5": ["150 + q.anim_time * - 270", -27.5, 0],
						"1.9167": ["181.6499 + q.anim_time * - 270", -15.4693, -75.16625],
						"1.9583": [143.81891, -17.8793, 15.88062],
						"2.0": [4.37341, -84.09781, 157.35853],
						"2.0417": [-83.4877, -25.30804, 248.96142],
						"2.0833": [-70.62957, -71.99308, 233.26754],
						"2.125": [-67.69003, -74.33033, 230.19702],
						"2.1667": [-37.57281, -82.56717, 199.56188],
						"2.2083": [4.37341, -84.09781, 157.35853],
						"2.25": [26.54566, -83.41865, 135.05775]
					}
				},
				"nail_head3": {
					"rotation": {
						"0.0": [0, "q.anim_time * 270 ", 0],
						"1.4583": [0, "q.anim_time * 270 ", 0],
						"1.5": [0, 0, 0]
					}
				},
				"magnet_left3_rotation": {
					"rotation": {
						"0.0": ["150 + q.anim_time * - 270", 27.5, 0],
						"1.4167": ["150 + q.anim_time * - 270", 27.5, 0],
						"1.4583": [-236.23, 17.85, 23.01],
						"1.5": [165.0436, 8.20364, 46.01469],
						"1.875": [165.04, 8.2, 46.01],
						"1.9167": [156.98978, -49.18326, 66.01011],
						"1.9583": [140.95565, 66.07036, 11.64111],
						"2.0833": [263.60263, 30.41393, 108.22558],
						"2.125": [275.97046, -9.28588, 82.71402],
						"2.1667": [277.239, 35.44745, 87.894],
						"2.2083": [278.053, 42.88114, 89.18015],
						"2.25": [279.76681, 52.76217, 91.48408],
						"2.3333": [279.76681, 52.76217, 91.48408],
						"2.375": [277.239, 35.44745, 87.894],
						"2.4167": [275.97046, -9.28588, 82.71402],
						"2.4583": [275.90087, 3.14763, 84.00598],
						"2.5": [275.90873, -4.31269, 83.23492],
						"2.5417": [275.89494, -1.82593, 83.49233]
					}
				},
				"allbodies": {
					"rotation": {
						"0.0": [0, 0, 0],
						"0.4167": [12.5, 0, 0],
						"0.4583": [-2.5, 0, 0],
						"0.7083": [-15, 0, 0],
						"1.4167": [-2.5, 0, 0],
						"1.4583": [-2.44081, 0.54094, 12.48848],
						"1.5": [-2.26603, 1.05627, 24.97911],
						"1.5417": [-2.10886, 1.34295, 32.47528],
						"1.5833": [-1.98385, 1.5216, 37.47365],
						"1.625": [-1.84373, 1.68868, 42.47283],
						"1.6667": [-1.76833, 1.76749, 44.97272],
						"1.75": [-1.60757, 1.91486, 49.97313],
						"1.8333": [-1.43455, 2.04767, 54.97436],
						"1.875": [-1.68956, 1.84293, 47.47282],
						"1.9167": [-1.76833, 1.76749, 44.97272]
					},
					"position": {
						"0.0": [0, 0, 0],
						"0.0417": [0, 0.5, 0],
						"0.0833": [0, -0.5, 0],
						"0.125": [0, 0.25, 0],
						"0.1667": [0, -0.25, 0],
						"0.2083": [0, 0.25, 0],
						"0.25": [0, -0.5, 0],
						"0.2917": [0, 0.2, 0],
						"0.3333": [0, -0.2, 0],
						"0.375": [0, 0, 0],
						"0.4167": [0, 0, 0],
						"1.4167": [0, 0, 0],
						"1.4583": [0, 3, 0],
						"1.5": [-6, 4, 0],
						"1.5417": [-8, 5, 0],
						"1.5833": [-10, 6, 0],
						"1.625": [-12, 6.75, 0],
						"1.6667": [-12.75, 6.75, 0],
						"1.75": [-12.75, 5.75, 1],
						"1.8333": [-12.75, 0.75, 1],
						"1.875": [-12.75, -7.25, 0],
						"1.9167": [-12.75, -12.25, 0]
					}
				},
				"body": {
					"rotation": {
						"0.0": [0, 0, 0],
						"0.375": [15, 0, 0],
						"0.4167": [22.5, 0, 0],
						"0.4583": [-23.30696, -9.30727, -20.57639],
						"0.5417": [-70, 0, 0],
						"0.625": [-77.31336, 9.76061, 2.18558],
						"0.7083": [-82.5, 0, 0],
						"0.7917": [-82.5, 0, 0],
						"0.875": [-77.5, 0, 0],
						"0.9583": [-70, 0, 0],
						"1.0417": [-25, 0, 0],
						"1.1667": [22.5, 0, 0],
						"1.2083": [22.01816, 4.75113, -11.57518],
						"1.25": [15.13919, -17.65117, 10.55834],
						"1.2917": [15.20868, 2.97828, -17.58087],
						"1.3333": [-6.13288, 12.2298, -33.38725],
						"1.375": [-8.64764, 10.61528, -46.0345],
						"1.4583": [2.04461, 0.04265, -29.6337],
						"1.875": [2.04, 0.04, -29.63],
						"1.9167": [34.54, 0.04, -29.63],
						"1.9583": [62.04, 0.04, -29.63],
						"2.0": [114.54, 0.04, -29.63],
						"2.0417": [152.04, 0.04, -29.63],
						"2.0833": [172.04, 0.04, -29.63],
						"2.125": [204.54, 0.04, -29.63],
						"2.1667": [229.54, 0.04, -29.63],
						"2.2083": [244.96718, -6.43037, -37.27057],
						"2.25": [271.33166, -10.56256, -46.48029],
						"2.2917": [291.31097, -3.06455, -46.30624],
						"2.3333": [321.31097, -3.06455, -46.30624],
						"2.375": [333.81097, -3.06455, -46.30624],
						"2.4167": [338.81097, -3.06455, -46.30624],
						"2.4583": [341.31097, -3.06455, -46.30624],
						"2.5": [343.81097, -3.06455, -46.30624]
					},
					"position": {
						"0.4167": [0, 0, 0],
						"0.4583": [0, 7, 0],
						"0.5": [0, 7.75, 0],
						"0.5833": [0, 8.75, 2],
						"0.875": [0, 8.75, 2],
						"0.9167": [0, 8.25048, 2.02181],
						"0.9583": [0, 8.74952, 1.99819],
						"1.0": [0, 8.50024, 2.0109],
						"1.0417": [0, 8.99952, 1.98819],
						"1.0833": [0, 8.25071, 2.02271],
						"1.2083": [0.75, 7.25095, 2.06362],
						"1.25": [-0.25, 7.16276, 0.0619],
						"1.2917": [-4.25, 10.15714, -0.07086],
						"1.3333": [-5.25, 11.15905, -0.11362],
						"1.375": [-6.25, 11.16, -0.11],
						"1.4167": [-6.25, 10.16095, -0.06638],
						"1.875": [-6.25, 10.16, -0.07],
						"1.9167": [-5.45104, 9.36104, -3.02353],
						"1.9583": [-8.85879, 12.76879, -7.23429],
						"2.0": [-10.18034, 14.09034, -10.31438],
						"2.0417": [-9.38104, 13.29104, -13.26353],
						"2.0833": [-8.64272, 12.55272, -14.21543],
						"2.125": [-7.87188, 11.78188, -16.17448],
						"2.1667": [-5.65817, 9.56817, -19.03629],
						"2.2083": [-2.77258, 6.68258, -20.86362],
						"2.25": [0.08658, 3.82342, -21.68457],
						"2.2917": [-1.32287, 5.23287, -21.76724],
						"2.3333": [-0.61357, 4.52357, -21.72638],
						"2.375": [0.09643, 3.81357, -21.68638]
					}
				},
				"pupil": {
					"position": {
						"0.0": [0, 0, 0],
						"0.25": [0, 0, 0],
						"0.2917": [0, 0, 0.1],
						"0.4167": [0, 0, 0.1],
						"0.4583": [0, 0, 0],
						"1.0": [0, 0, 0],
						"1.0417": [0, 0, 0.1],
						"1.125": [0, 0, 0.1],
						"1.1667": [0, 0, 0],
						"1.25": [0, 0, 0],
						"1.2917": [0, 0, 0.1],
						"1.4583": [0, 0, 0.1],
						"1.5": [0, 0, 0],
						"1.875": [0, 0, 0],
						"1.9167": [0, 0, 0.1],
						"2.0417": [0, 0, 0.1],
						"2.0833": [0, 0, 0],
						"2.25": [0, 0, 0],
						"2.2917": [0, 0, 0.1]
					}
				},
				"pupil_closed": {
					"position": {
						"0.0": [0, 0, 0],
						"0.25": [0, 0, 0],
						"0.2917": [0, 0, -0.1],
						"0.4167": [0, 0, -0.1],
						"0.4583": [0, 0, 0],
						"1.0": [0, 0, 0],
						"1.0417": [0, 0, -0.1],
						"1.125": [0, 0, -0.1],
						"1.1667": [0, 0, 0],
						"1.25": [0, 0, 0],
						"1.2917": [0, 0, -0.1],
						"1.4583": [0, 0, -0.1],
						"1.5": [0, 0, 0],
						"1.875": [0, 0, 0],
						"1.9167": [0, 0, -0.1],
						"2.0417": [0, 0, -0.1],
						"2.0833": [0, 0, 0],
						"2.25": [0, 0, 0],
						"2.2917": [0, 0, -0.1]
					}
				},
				"pupil2": {
					"position": {
						"0.0": [0, 0, 0],
						"0.25": [0, 0, 0],
						"0.2917": [0, 0, 0.1],
						"0.4167": [0, 0, 0.1],
						"0.4583": [0, 0, 0],
						"1.25": [0, 0, 0],
						"1.2917": [0, 0, 0.1],
						"1.375": [0, 0, 0.1],
						"1.4167": [0, 0, 0],
						"1.875": [0, 0, 0],
						"1.9167": [0, 0, 0.1]
					}
				},
				"pupil_closed2": {
					"position": {
						"0.0": [0, 0, 0],
						"0.25": [0, 0, 0],
						"0.2917": [0, 0, -0.1],
						"0.4167": [0, 0, -0.1],
						"0.4583": [0, 0, 0],
						"1.25": [0, 0, 0],
						"1.2917": [0, 0, -0.1],
						"1.375": [0, 0, -0.1],
						"1.4167": [0, 0, 0],
						"1.875": [0, 0, 0],
						"1.9167": [0, 0, -0.1]
					}
				},
				"pupil3": {
					"position": {
						"0.0": [0, 0, 0],
						"0.25": [0, 0, 0],
						"0.2917": [0, 0, 0.1],
						"1.2083": [0, 0, 0.1],
						"1.25": [0, 0, 0],
						"1.375": [0, 0, 0],
						"1.4167": [0, 0, 0.1]
					}
				},
				"pupil_closed3": {
					"position": {
						"0.0": [0, 0, 0],
						"0.25": [0, 0, 0],
						"0.2917": [0, 0, -0.1],
						"1.2083": [0, 0, -0.1],
						"1.25": [0, 0, 0],
						"1.375": [0, 0, 0],
						"1.4167": [0, 0, -0.1]
					}
				}
			},
			"particle_effects": {
				"0.375": [
					{
						"effect": "metal_sparks",
						"locator": "lowerleft"
					},
					{
						"effect": "metal_sparks",
						"locator": "lowerright"
					}
				],
				"1.25": {
					"effect": "metal_sparks",
					"locator": "lowerleft"
				},
				"1.4167": {
					"effect": "metal_sparks",
					"locator": "lowerright"
				},
				"1.9167": [
					{
						"effect": "metal_sparks",
						"locator": "lowerleft"
					},
					{
						"effect": "metal_sparks",
						"locator": "lowerright"
					}
				]
			}
		}
	}
}