{
	"format_version": "1.8.0",
	"animations": {
		"animation.lotad.idle": {
			"loop": true
		},
		"animation.lotad.ground_idle": {
			"loop": true,
			"bones": {
				"torso": {
					"rotation": [0, 0, "0+Math.cos((query.anim_time) * 90 * 2) * -2"],
					"position": ["0+Math.sin((query.anim_time) * 90 * 2) * 0.2", "0+Math.sin((query.anim_time) * 90 * 4) * 0.1", 0]
				},
				"leg_left": {
					"rotation": [0, 0, "0+Math.sin((query.anim_time) * 90 * 2) * 3"],
					"position": ["Math.sin((query.anim_time) * 90 * 2) * 0.1", 0, 0]
				},
				"leg_right": {
					"rotation": [0, 0, "0+Math.sin((query.anim_time) * 90 * 2) * 3"],
					"position": ["Math.sin((query.anim_time) * 90 * 2) * 0.1", 0, 0]
				},
				"leg_left2": {
					"rotation": [0, 0, "0+Math.sin((query.anim_time) * 90 * 2) * 3"],
					"position": ["Math.sin((query.anim_time) * 90 * 2) * 0.1", 0, 0]
				},
				"leg_right2": {
					"rotation": [0, 0, "0+Math.sin((query.anim_time) * 90 * 2) * 3"],
					"position": ["Math.sin((query.anim_time) * 90 * 2) * 0.1", 0, 0]
				},
				"leg_left3": {
					"rotation": [0, 0, "0+Math.sin((query.anim_time) * 90 * 2) * 3"],
					"position": ["Math.sin((query.anim_time) * 90 * 2) * 0.1", 0, 0]
				},
				"leg_right3": {
					"rotation": [0, 0, "0+Math.sin((query.anim_time) * 90 * 2) * 3"],
					"position": ["Math.sin((query.anim_time) * 90 * 2) * 0.1", 0, 0]
				}
			}
		},
		"animation.lotad.ground_walk": {
			"loop": true,
			"bones": {
				"torso": {
					"rotation": ["0+Math.sin((query.anim_time) * 90 * 8) * 1", 0, "0+Math.sin((query.anim_time) * 90 * 4) * 3+Math.sin((query.anim_time) * 90 * 6-60) * 1"],
					"position": [0, "0+Math.sin((query.anim_time) * 90 * 8) * 0.2", 0]
				},
				"leg_left": {
					"rotation": ["0+Math.sin((query.anim_time) * 90 * 4) * 15", 0, 0],
					"position": [0, "0+math.clamp(math.sin((q.anim_time-0.3)*90*4)*0.2+0,0,0.3)+math.clamp(math.sin((q.anim_time-0.3)*90*4)*0.1+0.0,0,0.4)", 0]
				},
				"leg_right": {
					"rotation": ["0+Math.sin((query.anim_time) * 90 * 4) * -15", 0, 0],
					"position": [0, "0+math.clamp(math.sin((q.anim_time+0.2)*90*4)*0.2+0,0,0.3)+math.clamp(math.sin((q.anim_time+0.2)*90*4)*0.1+0.0,0,0.4)", 0]
				},
				"leg_left2": {
					"rotation": ["0+Math.sin((query.anim_time) * 90 * 4) * -15", 0, 0],
					"position": [0, "0+math.clamp(math.sin((q.anim_time+0.2)*90*4)*0.2+0,0,0.3)+math.clamp(math.sin((q.anim_time+0.2)*90*4)*0.1+0.0,0,0.4)", 0]
				},
				"leg_right2": {
					"rotation": ["0+Math.sin((query.anim_time) * 90 * 4) * 15", 0, 0],
					"position": [0, "0+math.clamp(math.sin((q.anim_time-0.3)*90*4)*0.2+0,0,0.3)+math.clamp(math.sin((q.anim_time-0.3)*90*4)*0.1+0.0,0,0.4)", 0]
				},
				"leg_left3": {
					"rotation": ["0+Math.sin((query.anim_time) * 90 * 4) * 15", 0, 0],
					"position": [0, "0+math.clamp(math.sin((q.anim_time-0.3)*90*4)*0.2+0,0,0.3)+math.clamp(math.sin((q.anim_time-0.3)*90*4)*0.1+0.0,0,0.4)", 0]
				},
				"leg_right3": {
					"rotation": ["0+Math.sin((query.anim_time) * 90 * 4) * -15", 0, 0],
					"position": [0, "0+math.clamp(math.sin((q.anim_time+0.2)*90*4)*0.2+0,0,0.3)+math.clamp(math.sin((q.anim_time+0.2)*90*4)*0.1+0.0,0,0.4)", 0]
				}
			}
		},
		"animation.lotad.water_swim": {
			"loop": true,
			"bones": {
				"body": {
					"rotation": [0, "0+Math.sin((query.anim_time-0.4) * 90 * 4-60) * 2+0.2*Math.sin((query.anim_time-0.4) * 90 * 2-90)", 0],
					"position": [0, -1, "0+Math.sin((query.anim_time-0.3) * 90 * 4) * -0.4"]
				},
				"leg_left": {
					"rotation": ["20+Math.sin((query.anim_time) * 90 * 4) * 20", 0, -47.5],
					"position": [1, 0, 0]
				},
				"leg_right": {
					"rotation": ["20+Math.sin((query.anim_time) * 90 * 4) * 20", 0, 47.5],
					"position": [-1, 0, 0]
				},
				"leg_left2": {
					"rotation": ["20+Math.sin((query.anim_time-0.075) * 90 * 4) * 20", 0, -47.5],
					"position": [1, 0, 0]
				},
				"leg_right2": {
					"rotation": ["20+Math.sin((query.anim_time-0.075) * 90 * 4) * 20", 0, 47.5],
					"position": [-1, 0, 0]
				},
				"leg_left3": {
					"rotation": ["20+Math.sin((query.anim_time-0.15) * 90 * 4) * 20", 0, -47.5],
					"position": [1, 0, 0]
				},
				"leg_right3": {
					"rotation": ["20+Math.sin((query.anim_time-0.15) * 90 * 4) * 20", 0, 47.5],
					"position": [-1, 0, 0]
				}
			}
		},
		"animation.lotad.water_idle": {
			"loop": true,
			"bones": {
				"body": {
					"rotation": [0, 0, "0+Math.sin((query.anim_time) * 90 * 1) * 2"],
					"position": [0, "-1.25+Math.sin((query.anim_time-0.2) * 90 * 2) * 0.2", 0]
				},
				"leg_left": {
					"rotation": ["-22.5+Math.sin((query.anim_time-0.2) * 90 * 2) * 5", 0, -42.5],
					"position": [0.5, 0.5, 0]
				},
				"leg_right": {
					"rotation": ["-22.5+Math.sin((query.anim_time-0.2) * 90 * 2) * -5", 0, 42.5],
					"position": [-0.5, 0.5, 0]
				},
				"leg_left2": {
					"rotation": ["0+Math.sin((query.anim_time-0.2) * 90 * 2) * -5", 0, -42.5],
					"position": [0.5, 0.5, 0]
				},
				"leg_right2": {
					"rotation": ["0+Math.sin((query.anim_time-0.2) * 90 * 2) * 5", 0, 42.5],
					"position": [-0.5, 0.5, 0]
				},
				"leg_left3": {
					"rotation": ["32.5+Math.sin((query.anim_time-0.2) * 90 * 2) * 5", 0, -42.5],
					"position": [0.5, 0.5, 0]
				},
				"leg_right3": {
					"rotation": ["32.5+Math.sin((query.anim_time-0.2) * 90 * 2) * -5", 0, 42.5],
					"position": [-0.5, 0.5, 0]
				}
			}
		},
		"animation.lotad.cry": {
			"animation_length": 1.5,
			"bones": {
				"torso": {
					"rotation": {
						"0.0": {
							"post": [0, 0, 0],
							"lerp_mode": "catmullrom"
						},
						"0.125": {
							"post": [2.5, 0, 0],
							"lerp_mode": "catmullrom"
						},
						"0.25": {
							"post": [-10, 0, 0],
							"lerp_mode": "catmullrom"
						},
						"1.1667": {
							"post": [-10, 0, 0],
							"lerp_mode": "catmullrom"
						},
						"1.3333": {
							"post": [2.5, 0, 0],
							"lerp_mode": "catmullrom"
						},
						"1.5": {
							"post": [0, 0, 0],
							"lerp_mode": "catmullrom"
						}
					}
				},
				"mouth_open": {
					"position": {
						"0.0": [0, 0, 0],
						"0.25": [0, 0, -0.1],
						"1.25": [0, 0, -0.1],
						"1.5": [0, 0, 0]
					}
				}
			}
		},
		"animation.lotad.faint": {
			"loop": true,
			"animation_length": 3,
			"bones": {
				"body": {
					"rotation": {
						"0.0": [0, 0, 0],
						"0.2917": {
							"pre": [0, 0, -19.32],
							"post": [0, 0, -19.32],
							"lerp_mode": "catmullrom"
						},
						"0.4583": {
							"post": [0, 0, -22.5],
							"lerp_mode": "catmullrom"
						},
						"0.6667": {
							"post": [0, 0, -22.5],
							"lerp_mode": "catmullrom"
						},
						"0.7917": {
							"post": [0, 0, 22.5],
							"lerp_mode": "catmullrom"
						},
						"0.9167": {
							"post": [0, 0, 85.5],
							"lerp_mode": "catmullrom"
						},
						"1.0417": [0, 0, 180.5],
						"1.1667": [0, 0, 205.35],
						"1.2917": [0, 0, 210.55],
						"1.4167": [0, 0, 204.15],
						"1.5": [0, 0, 175.5],
						"1.625": [0, 0, "180.5+Math.sin((query.anim_time-0.2) * 90 * 12) * 2"],
						"2.1667": [0, 0, 180.5]
					},
					"position": {
						"0.0": [0, 0, 0],
						"0.2917": {
							"pre": [-1.57, 0.865, 0],
							"post": [-1.57, 0.865, 0],
							"lerp_mode": "catmullrom"
						},
						"0.4583": {
							"post": [-2, 1, 0],
							"lerp_mode": "catmullrom"
						},
						"0.6667": {
							"post": [-2, 1, 0],
							"lerp_mode": "catmullrom"
						},
						"0.7917": {
							"post": [1, 1, 0],
							"lerp_mode": "catmullrom"
						},
						"0.9167": {
							"post": [6, 3, 0],
							"lerp_mode": "catmullrom"
						},
						"1.0417": [12, 2, 0],
						"1.1667": [14.85, 3.325, 0],
						"1.2917": [15.845, 3.655, 0],
						"1.4167": [15.15, 3.175, 0],
						"1.5": [12.05, 2, 0],
						"1.5417": [11.8, 1.5, 0],
						"1.625": [12, 1.65, 0],
						"1.7083": [12, 2, 0]
					}
				},
				"mouth_open": {
					"position": {
						"1.5": [0, 0, 0],
						"1.5417": [0, 0, -0.125],
						"2.25": [0, 0, -0.125],
						"2.2917": [0, 0.45, -0.19],
						"2.3333": [0, 0.5, 0]
					}
				},
				"eyelid_left": {
					"position": {
						"0.7083": [0, 0, 0],
						"0.75": [0.1, 0, -0.1],
						"1.2083": [0.1, 0, -0.1],
						"1.25": [0, 0, 0],
						"2.25": [0, 0, 0],
						"2.2917": [0.1, 0, -0.1]
					}
				},
				"eyelid_right": {
					"position": {
						"0.7083": [0, 0, 0],
						"0.75": [-0.1, 0, -0.1],
						"1.2083": [-0.1, 0, -0.1],
						"1.25": [0, 0, 0],
						"2.25": [0, 0, 0],
						"2.2917": [-0.1, 0, -0.1]
					}
				},
				"leg_left": {
					"rotation": {
						"0.0": [0, 0, 0],
						"0.375": [0, 0, -54],
						"0.625": [0, 0, -65],
						"0.7917": [0, 0, -22.5],
						"1.0833": [0, 0, -11.25],
						"1.4167": [0, 0, 25],
						"1.5833": ["0+Math.sin((query.anim_time-0.4) * 90 * 24) * 8", 0, -17.5],
						"1.7083": ["0+Math.sin((query.anim_time-0.4) * 90 * 24) * 8", 0, -10],
						"1.875": ["0+Math.sin((query.anim_time-0.4) * 90 * 24) * 8", 0, -6],
						"2.5": [0, 0, -6]
					},
					"position": {
						"0.0": [0, 0, 0],
						"0.4583": [1, 1, 0],
						"0.6667": [0.75, 0.75, 0],
						"0.7917": [0, 0, 0]
					}
				},
				"leg_right": {
					"rotation": {
						"0.0": [0, 0, 0],
						"0.375": [0, 0, -5],
						"0.625": [0, 0, -6.5],
						"0.7083": [0, 0, 18],
						"0.7917": [0, 0, 22.5],
						"1.0833": [0, 0, -11.25],
						"1.4167": [0, 0, 25],
						"1.5833": ["0+Math.sin((query.anim_time-0.4) * 90 * 24) * 8", 0, -17.5],
						"1.7083": ["0+Math.sin((query.anim_time-0.4) * 90 * 24) * 8", 0, -10],
						"1.875": ["0+Math.sin((query.anim_time-0.4) * 90 * 24) * 8", 0, -6],
						"2.5": [0, 0, -6]
					}
				},
				"leg_left2": {
					"rotation": {
						"0.0": [0, 0, 0],
						"0.375": [0, 0, -54],
						"0.625": [0, 0, -65],
						"0.7917": [0, 0, -22.5],
						"1.0833": [0, 0, -11.25],
						"1.4167": [0, 0, 25],
						"1.5833": ["0+Math.sin((query.anim_time-0.4) * 90 * 24) * -8", 0, -17.5],
						"1.7083": ["0+Math.sin((query.anim_time-0.4) * 90 * 24) * -8", 0, -10],
						"1.875": ["0+Math.sin((query.anim_time-0.4) * 90 * 24) * -8", 0, -6],
						"2.5": [0, 0, -6]
					},
					"position": {
						"0.0": [0, 0, 0],
						"0.4583": [1, 1, 0],
						"0.6667": [0.75, 0.75, 0],
						"0.7917": [0, 0, 0]
					}
				},
				"leg_right2": {
					"rotation": {
						"0.0": [0, 0, 0],
						"0.375": [0, 0, -5],
						"0.625": [0, 0, -6.5],
						"0.7083": [0, 0, 18],
						"0.7917": [0, 0, 22.5],
						"1.0833": [0, 0, -11.25],
						"1.4167": [0, 0, 25],
						"1.5833": ["0+Math.sin((query.anim_time-0.4) * 90 * 24) * 8", 0, -17.5],
						"1.7083": ["0+Math.sin((query.anim_time-0.4) * 90 * 24) * 8", 0, -10],
						"1.875": ["0+Math.sin((query.anim_time-0.4) * 90 * 24) * 8", 0, -6],
						"2.5": [0, 0, -6]
					}
				},
				"leg_left3": {
					"rotation": {
						"0.0": [0, 0, 0],
						"0.375": [0, 0, -54],
						"0.625": [0, 0, -65],
						"0.7917": [0, 0, -22.5],
						"1.0833": [0, 0, -11.25],
						"1.4167": [0, 0, 25],
						"1.5833": ["0+Math.sin((query.anim_time-0.4) * 90 * 24) * 8", 0, -17.5],
						"1.7083": ["0+Math.sin((query.anim_time-0.4) * 90 * 24) * 8", 0, -10],
						"1.875": ["0+Math.sin((query.anim_time-0.4) * 90 * 24) * 8", 0, -6],
						"2.5": [0, 0, -6]
					},
					"position": {
						"0.0": [0, 0, 0],
						"0.4583": [1, 1, 0],
						"0.6667": [0.75, 0.75, 0],
						"0.7917": [0, 0, 0]
					}
				},
				"leg_right3": {
					"rotation": {
						"0.0": [0, 0, 0],
						"0.375": [0, 0, -5],
						"0.625": [0, 0, -6.5],
						"0.7083": [0, 0, 18],
						"0.7917": [0, 0, 22.5],
						"1.0833": [0, 0, -11.25],
						"1.4167": [0, 0, 25],
						"1.5833": ["0+Math.sin((query.anim_time-0.4) * 90 * 24) * 8", 0, -17.5],
						"1.7083": ["0+Math.sin((query.anim_time-0.4) * 90 * 24) * 8", 0, -10],
						"1.875": ["0+Math.sin((query.anim_time-0.4) * 90 * 24) * 8", 0, -6],
						"2.5": [0, 0, -6]
					}
				},
				"torso": {
					"rotation": {
						"0.0": [0, 0, 0],
						"0.375": [5.019, -4.98093, -0.43688],
						"0.7083": [-2.5, 0, 0],
						"0.9167": [0, 0, 0]
					}
				}
			}
		},
		"animation.lotad.sleep": {
			"loop": true,
			"bones": {
				"body": {
					"position": [0, -1, 0]
				},
				"torso": {
					"rotation": ["0+Math.sin((query.anim_time-0.3) * 90 * 1) * -1", 0, 0],
					"position": [0, "0+Math.sin((query.anim_time-0.4) * 90 * 1+70) * 0.1", 0]
				},
				"eyelid_left": {
					"position": [0.1, 0, -0.125]
				},
				"eyelid_right": {
					"position": [-0.1, 0, -0.125]
				},
				"leg_left": {
					"rotation": [-17.5, 0, -90],
					"position": [1, 1, 0]
				},
				"leg_right": {
					"rotation": [-17.5, 0, 90],
					"position": [-1, 1, 0]
				},
				"leg_left2": {
					"rotation": [0, 0, -90],
					"position": [1, 1, 0]
				},
				"leg_right2": {
					"rotation": [0, 0, 90],
					"position": [-1, 1, 0]
				},
				"leg_left3": {
					"rotation": [17.5, 0, -90],
					"position": [1, 1, 0]
				},
				"leg_right3": {
					"rotation": [17.5, 0, 90],
					"position": [-1, 1, 0]
				}
			}
		},
		"animation.lotad.blink": {
			"animation_length": 0.16667,
			"bones": {
				"eyelid_left": {
					"position": {
						"0.0": [0.1, 0, -0.1],
						"0.125": [0.1, 0, -0.1],
						"0.1667": [0, 0, 0]
					}
				},
				"eyelid_right": {
					"position": {
						"0.0": [-0.1, 0, -0.1],
						"0.125": [-0.1, 0, -0.1],
						"0.1667": [0, 0, 0]
					}
				}
			}
		}
	}
}