{
	"format_version": "1.8.0",
	"animations": {
		"animation.venonat.ground_idle": {
			"loop": true,
			"bones": {
				"hair_right": {
					"rotation": [0, 15, -30]
				},
				"hair_left": {
					"rotation": [0, -15, 30]
				},
				"atenna_right1": {
					"rotation": [15, 30, 0]
				},
				"atenna_right2": {
					"rotation": [30, 0, 0]
				},
				"atenna_right3": {
					"rotation": [15, 0, 0]
				},
				"atenna_left1": {
					"rotation": [15, -30, 0]
				},
				"atenna_left2": {
					"rotation": [30, 0, 0]
				},
				"atenna_left3": {
					"rotation": [15, 0, 0]
				}
			}
		},
		"animation.venonat.sleep": {
			"loop": true,
			"bones": {
				"body": {
					"rotation": [-7.5, 0, 0],
					"position": [0, -1, 0]
				},
				"hair_right": {
					"rotation": [-22.5, 0, -22.5]
				},
				"hair_left": {
					"rotation": [-22.5, 0, 22.5]
				},
				"hand_right": {
					"rotation": [0, 0, 25]
				},
				"hand_left": {
					"rotation": [0, 0, -25]
				},
				"atenna_right1": {
					"rotation": [22.5, 22.5, 0]
				},
				"atenna_right2": {
					"rotation": [27.5, 0, 0]
				},
				"atenna_right3": {
					"rotation": [30, 0, 0]
				},
				"atenna_left1": {
					"rotation": [25, -22.5, 0]
				},
				"atenna_left2": {
					"rotation": [45, 0, 0]
				},
				"atenna_left3": {
					"rotation": [32.5, 0, 0]
				},
				"foot_right": {
					"rotation": [-17.5, 40, 0],
					"position": [0, 0, -2]
				},
				"foot_left": {
					"rotation": [-17.5, -47.5, 0],
					"position": [0, 0, -2]
				}
			}
		}
	}
}