{
	"format_version": "1.8.0",
	"animations": {
		"animation.starmie.ground_idle": {
			"loop": true,
			"animation_length": 2,
			"bones": {
				"body": {
					"rotation": ["-math.sin(q.anim_time*90*2-90)*1", 0, 0],
					"position": [0, "0.5+math.sin(q.anim_time*90*2-90)*0.07", 0]
				},
				"arm_left": {
					"rotation": [0, 0, "25+math.sin(q.anim_time*90*2)*2"]
				},
				"arm_right": {
					"rotation": [0, 0, "-25-math.sin(q.anim_time*90*2)*2"]
				},
				"leg_left": {
					"rotation": [0, "-math.sin(q.anim_time*90*2-90)*1", "10+math.sin(q.anim_time*90*2-90)*1"]
				},
				"leg_right": {
					"rotation": [0, "math.sin(q.anim_time*90*2-90)*1", "-10-math.sin(q.anim_time*90*2-90)*1"]
				},
				"arm_back_bottom": {
					"rotation": ["5-math.sin(q.anim_time*90*2)*1", 0, 0],
					"position": [0, 0.75, 0]
				},
				"arm_back_bottom2": {
					"rotation": [5, 0, 0]
				},
				"leg_back_left": {
					"rotation": [0, "math.sin(q.anim_time*90*2)*1", 15]
				},
				"leg_back_right": {
					"rotation": [0, "-math.sin(q.anim_time*90*2)*1", -15]
				},
				"arm_back_left": {
					"rotation": [0, "math.sin(q.anim_time*90*2)*1", 10]
				},
				"arm_back_right": {
					"rotation": [0, "-math.sin(q.anim_time*90*2)*1", -10]
				},
				"back": {
					"rotation": [0, 0, 0]
				}
			}
		},
		"animation.starmie.ground_walk": {
			"loop": true,
			"animation_length": 2,
			"bones": {
				"body": {
					"rotation": ["5+math.sin(q.anim_time*90*8-90)*4", "math.sin(q.anim_time*90*4-135)*8", "math.sin(q.anim_time*90*4-135)*4"],
					"position": [0, "math.abs(math.sin(q.anim_time*90*4-60)*1)", 0]
				},
				"arm_right": {
					"rotation": [0, "5+math.sin(q.anim_time*90*4+90)*12", 0]
				},
				"arm_left": {
					"rotation": [0, "-5+math.sin(q.anim_time*90*4+90)*12", 0]
				},
				"leg_right": {
					"rotation": [0, "math.sin(q.anim_time*90*4-90)*4", 0]
				},
				"leg_left": {
					"rotation": [0, "math.sin(q.anim_time*90*4-90)*4", 0]
				},
				"arm_top": {
					"rotation": ["-5+math.sin(q.anim_time*90*8-90)*2", 0, 0]
				},
				"leg_left2": {
					"rotation": [0, "-15+math.sin(q.anim_time*90*4-135)*16", 0]
				},
				"leg_right2": {
					"rotation": [0, "15+math.sin(q.anim_time*90*4-135)*16", 0]
				},
				"arm_back_bottom": {
					"rotation": ["10+math.sin(q.anim_time*90*8)*6", 0, 0]
				},
				"leg_back_left": {
					"rotation": [0, "-10-math.sin(q.anim_time*90*8)*3", 0]
				},
				"leg_back_right": {
					"rotation": [0, "10+math.sin(q.anim_time*90*8)*3", 0]
				},
				"arm_back_left": {
					"rotation": [0, "-10-math.sin(q.anim_time*90*8)*3", 0]
				},
				"arm_back_right": {
					"rotation": [0, "10+math.sin(q.anim_time*90*8)*3", 0]
				}
			}
		},
		"animation.starmie.ground_run": {
			"loop": true,
			"bones": {
				"body": {
					"rotation": ["-88+math.sin(q.anim_time*90*1-135)*2", "((q.anim_time*90*4)*2)", "math.sin(q.anim_time*90*4-135)*8"],
					"position": ["math.sin(q.anim_time*90*4-135)*0.5", "-1+math.sin(q.anim_time*90*2-135)*0.75", "math.sin(q.anim_time*90*1-135)*1"]
				},
				"back": {
					"rotation": [0, 0, "-((q.anim_time*90*4)*4)"]
				}
			}
		},
		"animation.starmie.water_idle": {
			"loop": true,
			"animation_length": 4,
			"bones": {
				"body": {
					"rotation": ["10-math.sin(q.anim_time*90*1-90)*2", 0, 0],
					"position": [0, "1+math.sin(q.anim_time*90*1)*0.35", 0]
				},
				"arm_right": {
					"rotation": [0, "-2.5+math.sin(q.anim_time*90*1-135)*2", 0]
				},
				"arm_left": {
					"rotation": [0, "2.5-math.sin(q.anim_time*90*1-135)*2", 0]
				},
				"leg_right": {
					"rotation": [0, "-2.5+math.sin(q.anim_time*90*1-135)*2", 0]
				},
				"leg_left": {
					"rotation": [0, "2.5-math.sin(q.anim_time*90*1-135)*2", 0]
				},
				"arm_top": {
					"rotation": ["2.5-math.sin(q.anim_time*90*1-135)*2", 0, 0]
				},
				"arm_back_bottom": {
					"rotation": ["math.sin(q.anim_time*90*1-180)*2", 0, 0]
				},
				"leg_back_left": {
					"rotation": [0, "-math.sin(q.anim_time*90*1-180)*2", 0]
				},
				"leg_back_right": {
					"rotation": [0, "math.sin(q.anim_time*90*1-180)*2", 0]
				},
				"arm_back_left": {
					"rotation": [0, "-math.sin(q.anim_time*90*1-180)*2", 0]
				},
				"arm_back_right": {
					"rotation": [0, "math.sin(q.anim_time*90*1-180)*2", 0]
				}
			}
		},
		"animation.starmie.water_swim": {
			"loop": true,
			"animation_length": 4,
			"bones": {
				"body": {
					"rotation": [-88, "((q.anim_time*90*4)*2)", "math.sin(q.anim_time*90*2-135)*8"],
					"position": ["math.sin(q.anim_time*90*2-135)*0.5", "-1+math.sin(q.anim_time*90*1-135)*0.75", "math.sin(q.anim_time*90*1-45)*1"]
				},
				"back": {
					"rotation": [0, 0, "-((q.anim_time*90*4)*4)"]
				}
			}
		},
		"animation.starmie.battle_idle": {
			"loop": true,
			"animation_length": 2,
			"bones": {
				"body": {
					"rotation": ["-math.sin(q.anim_time*90*4-90)*1", "math.sin(q.anim_time*90*2-90)*6", 0],
					"position": [0, "0.5+math.sin(q.anim_time*90*4-90)*0.07", 0]
				},
				"arm_left": {
					"rotation": [0, "math.sin(q.anim_time*90*2-135)*6", "math.sin(q.anim_time*90*4)*2"]
				},
				"arm_right": {
					"rotation": [0, "math.sin(q.anim_time*90*2-135)*6", "-math.sin(q.anim_time*90*4)*2"]
				},
				"leg_left": {
					"rotation": [0, "-math.sin(q.anim_time*90*2-90)*4", "10+math.sin(q.anim_time*90*4-90)*1"]
				},
				"leg_right": {
					"rotation": [0, "-math.sin(q.anim_time*90*2-90)*4", "-10-math.sin(q.anim_time*90*4-90)*1"]
				},
				"arm_back_bottom2": {
					"rotation": [5, 0, "-math.sin(q.anim_time*90*2+135)*24"]
				},
				"back": {
					"rotation": [0, 0, "math.sin(q.anim_time*90*2+45)*220"],
					"position": [0, 0, 0.4]
				},
				"arm_left2": {
					"rotation": [0, "math.sin(q.anim_time*90*2-215)*8", 0]
				},
				"arm_right2": {
					"rotation": [0, "math.sin(q.anim_time*90*2-215)*8", 0]
				},
				"leg_back_left2": {
					"rotation": [0, 0, "-math.sin(q.anim_time*90*2+135)*24"]
				},
				"leg_back_right2": {
					"rotation": [0, 0, "-math.sin(q.anim_time*90*2+135)*24"]
				},
				"arm_back_left2": {
					"rotation": [0, 0, "-math.sin(q.anim_time*90*2+135)*24"]
				},
				"arm_back_right2": {
					"rotation": [0, 0, "-math.sin(q.anim_time*90*2+135)*24"]
				}
			}
		},
		"animation.starmie.sleep": {
			"loop": true,
			"bones": {
				"body": {
					"rotation": [-90, 0, 0],
					"position": [0, -3.25, 0]
				},
				"arm_right": {
					"rotation": [0, 5, 0]
				},
				"arm_left": {
					"rotation": [0, -5, 0]
				},
				"leg_right": {
					"rotation": [0, 5, 0]
				},
				"leg_left": {
					"rotation": [0, -5, 0]
				},
				"arm_top": {
					"rotation": [-5, 0, 0]
				},
				"arm_top2": {
					"rotation": [-10, 0, 0]
				},
				"arm_left2": {
					"rotation": [0, -10, 0]
				},
				"arm_right2": {
					"rotation": [0, 10, 0]
				},
				"leg_left2": {
					"rotation": [0, -10, 0]
				},
				"leg_right2": {
					"rotation": [0, 10, 0]
				},
				"arm_back_bottom": {
					"rotation": [5, 0, 0]
				},
				"leg_back_left": {
					"rotation": [0, -5, 0]
				},
				"leg_back_right": {
					"rotation": [0, 5, 0]
				},
				"arm_back_left": {
					"rotation": [0, -5, 0]
				},
				"arm_back_right": {
					"rotation": [0, 5, 0]
				}
			}
		}
	}
}