{
	"format_version": "1.12.0",
	"minecraft:geometry": [
		{
			"description": {
				"identifier": "geometry.aspear_berry",
				"texture_width": 16,
				"texture_height": 16,
				"visible_bounds_width": 2,
				"visible_bounds_height": 1.5,
				"visible_bounds_offset": [0, 0.25, 0]
			},
			"bones": [
				{
					"name": "Aspear",
					"pivot": [0, 0, 0],
					"cubes": [
						{"origin": [-1.5, -5, -1.5], "size": [3, 3, 3], "uv": [0, 0]},
						{"origin": [-1, -2.25, -1], "size": [2, 1, 2], "uv": [0, 6]},
						{"origin": [-1, -5.5, -1], "size": [2, 1, 2], "uv": [8, 6]},
						{"origin": [-0.5, -2, 0], "size": [1, 2, 0], "uv": [0, 1]}
					]
				}
			]
		}
	]
}