{
	"format_version": "1.12.0",
	"minecraft:geometry": [
		{
			"description": {
				"identifier": "geometry.cheri_berry",
				"texture_width": 8,
				"texture_height": 8,
				"visible_bounds_width": 2,
				"visible_bounds_height": 1.5,
				"visible_bounds_offset": [0, 0.25, 0]
			},
			"bones": [
				{
					"name": "Cheri",
					"pivot": [0, 0, 0],
					"cubes": [
						{"origin": [-1, -5, -1], "size": [2, 2, 2], "uv": [0, 0]},
						{"origin": [-0.5, -3, 0], "size": [1, 3, 0], "inflate": 0.01, "uv": [0, 4]},
						{"origin": [-2, -3.5, 0], "size": [2, 2, 0], "pivot": [0, -1.5, 0], "rotation": [0, 0, 45], "uv": [2, 4]}
					]
				}
			]
		}
	]
}