{
	"format_version": "1.12.0",
	"minecraft:geometry": [
		{
			"description": {
				"identifier": "geometry.chople_berry",
				"texture_width": 16,
				"texture_height": 16,
				"visible_bounds_width": 2,
				"visible_bounds_height": 1.5,
				"visible_bounds_offset": [0, 0.25, 0]
			},
			"bones": [
				{
					"name": "Chople",
					"pivot": [0, 0, 0],
					"cubes": [
						{"origin": [-1.5, -2, -1.5], "size": [3, 2, 3], "uv": [0, 0]},
						{"origin": [-1, -3.25, -1], "size": [2, 2, 2], "uv": [0, 5]}
					]
				}
			]
		}
	]
}