{
	"format_version": "1.12.0",
	"minecraft:geometry": [
		{
			"description": {
				"identifier": "geometry.cornn_berry",
				"texture_width": 16,
				"texture_height": 8,
				"visible_bounds_width": 2,
				"visible_bounds_height": 1.5,
				"visible_bounds_offset": [0, 0.25, 0]
			},
			"bones": [
				{
					"name": "cornn",
					"pivot": [0, 0, 0],
					"cubes": [
						{"origin": [-1.5, -4, -1.5], "size": [3, 2, 3], "uv": [0, 0]},
						{"origin": [-1, -5, -1], "size": [2, 1, 2], "uv": [8, 5]},
						{"origin": [-1, -2, -1], "size": [2, 1, 2], "uv": [0, 5]},
						{"origin": [1.5, -5, -1.5], "size": [0, 2, 3], "pivot": [1.5, -3, 0], "rotation": [0, 0, -22.5], "uv": [9, -3]},
						{"origin": [-1.5, -5, -1.5], "size": [0, 2, 3], "pivot": [-1.5, -3, 0], "rotation": [0, 0, 22.5], "uv": [9, -3]},
						{"origin": [0, -1, -0.5], "size": [0, 1, 1], "uv": [0, 0]}
					]
				}
			]
		}
	]
}