{
	"format_version": "1.12.0",
	"minecraft:geometry": [
		{
			"description": {
				"identifier": "geometry.custap_berry",
				"texture_width": 16,
				"texture_height": 16,
				"visible_bounds_width": 2,
				"visible_bounds_height": 1.5,
				"visible_bounds_offset": [0, 0.25, 0]
			},
			"bones": [
				{
					"name": "Custap",
					"pivot": [0, 0, 0],
					"cubes": [
						{"origin": [-1.5, -4.5, -2.5], "size": [3, 3, 3], "uv": [0, 0]},
						{"origin": [0, -2, -1.5], "size": [0, 2, 2], "uv": [6, 4]},
						{"origin": [-1, -5, -2], "size": [2, 1, 2], "uv": [0, 6]}
					]
				}
			]
		}
	]
}