{
	"format_version": "1.12.0",
	"minecraft:geometry": [
		{
			"description": {
				"identifier": "geometry.ganlon_berry",
				"texture_width": 16,
				"texture_height": 16,
				"visible_bounds_width": 2,
				"visible_bounds_height": 1.5,
				"visible_bounds_offset": [0, 0.25, 0]
			},
			"bones": [
				{
					"name": "Ganlon",
					"pivot": [0, 0, 0],
					"cubes": [
						{"origin": [-2, -4.75, -2], "size": [4, 4, 4], "uv": [0, 0]},
						{"origin": [-1.5, -1, -1.5], "size": [3, 1, 3], "uv": [0, 8]}
					]
				}
			]
		}
	]
}