{
	"format_version": "1.12.0",
	"minecraft:geometry": [
		{
			"description": {
				"identifier": "geometry.haban_berry",
				"texture_width": 16,
				"texture_height": 8,
				"visible_bounds_width": 2,
				"visible_bounds_height": 1.5,
				"visible_bounds_offset": [0, 0.25, 0]
			},
			"bones": [
				{
					"name": "Haban",
					"pivot": [0, 0, 0],
					"cubes": [
						{"origin": [-1.5, -4.4, -1.6], "size": [3, 3, 3], "uv": [0, 0]},
						{"origin": [0.5, -5.4, -0.6], "size": [0, 1, 1], "pivot": [0.5, -4.4, -0.1], "rotation": [0, 0, -45], "uv": [2, 5]},
						{"origin": [-0.5, -5.4, -0.6], "size": [0, 1, 1], "pivot": [-0.5, -4.4, -0.1], "rotation": [0, 0, 45], "uv": [0, 5]},
						{"origin": [-0.5, -5.4, -0.6], "size": [1, 1, 0], "pivot": [0, -4.4, -0.6], "rotation": [-45, 0, 0], "uv": [4, 6]},
						{"origin": [-0.5, -5.4, 0.4], "size": [1, 1, 0], "pivot": [0, -4.4, 0.4], "rotation": [45, 0, 0], "uv": [6, 6]},
						{"origin": [0, -1.85, -0.6], "size": [0, 2, 1], "pivot": [0, -1.4, -0.6], "rotation": [-22.5, 0, 0], "uv": [0, 0]}
					]
				}
			]
		}
	]
}