{
	"format_version": "1.12.0",
	"minecraft:geometry": [
		{
			"description": {
				"identifier": "geometry.hopo_berry",
				"texture_width": 16,
				"texture_height": 8,
				"visible_bounds_width": 2,
				"visible_bounds_height": 2,
				"visible_bounds_offset": [0, 0, 0]
			},
			"bones": [
				{
					"name": "Hopo",
					"pivot": [0, 0, 0],
					"cubes": [
						{"origin": [-1.5, -3, -1.5], "size": [3, 2, 3], "uv": [0, 0]},
						{"origin": [-1, -3.5, -1], "size": [2, 1, 2], "uv": [0, 5]},
						{"origin": [0.5, -1, -0.5], "size": [1, 0, 1], "pivot": [0.5, -1, 0], "rotation": [0, 0, -22.5], "uv": [-1, 2]},
						{"origin": [-0.5, -1, 0], "size": [1, 1, 0], "uv": [0, 0]},
						{"origin": [-1.5, -1, -0.5], "size": [1, 0, 1], "inflate": 0.001, "pivot": [-0.5, -1, 0], "rotation": [0, 0, 22.5], "uv": [-1, 1]},
						{"origin": [-0.5, -4.25, -0.5], "size": [1, 1, 1], "pivot": [-0.5, -3.5, 0], "rotation": [0, 0, -22.5], "uv": [6, 5]}
					]
				}
			]
		}
	]
}