{
	"format_version": "1.12.0",
	"minecraft:geometry": [
		{
			"description": {
				"identifier": "geometry.jaboca_berry",
				"texture_width": 16,
				"texture_height": 8,
				"visible_bounds_width": 2,
				"visible_bounds_height": 1.5,
				"visible_bounds_offset": [0, 0.25, 0]
			},
			"bones": [
				{
					"name": "Jaboca",
					"pivot": [0, 0, 0],
					"cubes": [
						{"origin": [-1.5, -5.75, -0.75], "size": [3, 4, 2], "pivot": [0, -2.25, 0.75], "rotation": [45, 0, 0], "uv": [0, 0]},
						{"origin": [0, -3, -0.5], "size": [0, 3, 1], "uv": [10, -1]}
					]
				}
			]
		}
	]
}