{
	"format_version": "1.12.0",
	"minecraft:geometry": [
		{
			"description": {
				"identifier": "geometry.kasib_berry",
				"texture_width": 16,
				"texture_height": 16,
				"visible_bounds_width": 2,
				"visible_bounds_height": 1.5,
				"visible_bounds_offset": [0, 0.25, 0]
			},
			"bones": [
				{
					"name": "Kasib",
					"pivot": [0, 0, 0],
					"cubes": [
						{"origin": [-1.5, -4.25, -1.5], "size": [3, 3, 3], "uv": [0, 0]},
						{"origin": [-1.5, -6.25, -1.5], "size": [3, 2, 0], "pivot": [0, -4.25, -1.5], "rotation": [-22.5, 0, 0], "uv": [6, 8]},
						{"origin": [-1.5, -6.25, 1.5], "size": [3, 2, 0], "pivot": [0, -4.25, 1.5], "rotation": [22.5, 0, 0], "uv": [6, 6]},
						{"origin": [1.5, -6.25, -1.5], "size": [0, 2, 3], "pivot": [1.5, -4.25, 0], "rotation": [0, 0, -22.5], "uv": [0, 5]},
						{"origin": [-1.5, -6.25, -1.5], "size": [0, 2, 3], "pivot": [-1.5, -4.25, 0], "rotation": [0, 0, 22.5], "uv": [0, 3]},
						{"origin": [-0.5, -2, 0], "size": [1, 2, 0], "uv": [0, 1]}
					]
				}
			]
		}
	]
}