{
	"format_version": "1.12.0",
	"minecraft:geometry": [
		{
			"description": {
				"identifier": "geometry.kee_berry",
				"texture_width": 16,
				"texture_height": 8,
				"visible_bounds_width": 2,
				"visible_bounds_height": 1.5,
				"visible_bounds_offset": [0, 0.25, 0]
			},
			"bones": [
				{
					"name": "Kee",
					"pivot": [0, 0, 0],
					"cubes": [
						{"origin": [-1.5, -4.5, -1.5], "size": [3, 3, 3], "uv": [0, 0]},
						{"origin": [-0.5, -2, 0], "size": [1, 2, 0], "uv": [0, 1]},
						{"origin": [0, -1.5, -1], "size": [2, 0, 2], "pivot": [0, -1.5, -0.5], "rotation": [0, 0, -22.5], "uv": [4, 6]},
						{"origin": [1.84776, -1.73463, -0.5], "size": [0, 1, 1], "pivot": [1.84776, -0.73463, 0], "rotation": [0, 0, -45], "uv": [0, 6]},
						{"origin": [-2, -1.5, -1], "size": [2, 0, 2], "pivot": [0, -1.5, -0.5], "rotation": [0, 0, 22.5], "uv": [0, 6]},
						{"origin": [-1.84776, -1.73463, -0.5], "size": [0, 1, 1], "pivot": [-1.84776, -0.73463, 0], "rotation": [0, 0, 45], "uv": [0, 5]}
					]
				}
			]
		}
	]
}