{
	"format_version": "1.12.0",
	"minecraft:geometry": [
		{
			"description": {
				"identifier": "geometry.kelpsy_berry",
				"texture_width": 8,
				"texture_height": 8,
				"visible_bounds_width": 2,
				"visible_bounds_height": 1.5,
				"visible_bounds_offset": [0, 0.25, 0]
			},
			"bones": [
				{
					"name": "Kelpsy",
					"pivot": [0, 0, 0],
					"cubes": [
						{"origin": [-1, -2.25, -0.5], "size": [2, 1, 1], "pivot": [0, -1.75, 0], "rotation": [0, 22.5, 0], "uv": [0, 0]},
						{"origin": [-1, -4.25, -0.5], "size": [2, 1, 1], "pivot": [0, -1.75, 0], "rotation": [0, 22.5, 0], "uv": [0, 4]},
						{"origin": [-1, -3.25, -0.5], "size": [2, 1, 1], "pivot": [0, -2.75, 0], "rotation": [0, -22.5, 0], "uv": [0, 2]},
						{"origin": [-0.5, -5.25, -0.5], "size": [1, 1, 1], "pivot": [0, -4.75, 0], "rotation": [0, -22.5, 0], "uv": [0, 6]},
						{"origin": [-0.5, -2, 0], "size": [1, 2, 0], "uv": [4, 6]},
						{"origin": [-0.5, -5.75, 0], "size": [1, 1, 0], "inflate": 0.001, "pivot": [-0.25, -5, 0], "rotation": [2.5, 7.5, 12.5], "uv": [5, 4]},
						{"origin": [-0.5, -5.75, 0], "size": [1, 1, 0], "pivot": [0.25, -5, 0], "rotation": [-2.5, 7.5, -12.5], "uv": [5, 2]}
					]
				}
			]
		}
	]
}