{
	"format_version": "1.12.0",
	"minecraft:geometry": [
		{
			"description": {
				"identifier": "geometry.lansat_berry",
				"texture_width": 16,
				"texture_height": 8,
				"visible_bounds_width": 2,
				"visible_bounds_height": 1.5,
				"visible_bounds_offset": [0, 0.25, 0]
			},
			"bones": [
				{
					"name": "Lansat",
					"pivot": [0, 0, 0],
					"cubes": [
						{"origin": [-1.5, -4, -1], "size": [3, 3, 2], "uv": [0, 0]},
						{"origin": [-0.5, -4.75, 0], "size": [1, 1, 0], "uv": [4, 5]},
						{"origin": [-2.25, -2.5, 0], "size": [1, 1, 0], "uv": [0, 5]},
						{"origin": [1.25, -2.5, 0], "size": [1, 1, 0], "uv": [0, 6]},
						{"origin": [1, -4.25, 0], "size": [1, 1, 0], "pivot": [1.5, -3.75, 0], "rotation": [0, 0, 45], "uv": [2, 6]},
						{"origin": [-2, -4.25, 0], "size": [1, 1, 0], "pivot": [-1.5, -3.75, 0], "rotation": [0, 0, 45], "uv": [2, 5]},
						{"origin": [-0.5, -1, 0], "size": [1, 1, 0], "uv": [0, 0]}
					]
				}
			]
		}
	]
}