{
	"format_version": "1.12.0",
	"minecraft:geometry": [
		{
			"description": {
				"identifier": "geometry.leppa_berry",
				"texture_width": 8,
				"texture_height": 8,
				"visible_bounds_width": 2,
				"visible_bounds_height": 1.5,
				"visible_bounds_offset": [0, 0.25, 0]
			},
			"bones": [
				{
					"name": "Leppa",
					"pivot": [0, 0, 0],
					"cubes": [
						{"origin": [-1, -3, -1], "size": [2, 2, 2], "uv": [0, 0]},
						{"origin": [-0.5, -1, 0], "size": [1, 1, 0], "uv": [0, 0]},
						{"origin": [-0.5, -0.5, 0], "size": [1, 2, 0], "inflate": 0.01, "pivot": [-0.5, -0.5, 0], "rotation": [0, 0, -22.5], "uv": [0, 4]},
						{"origin": [-0.5, -0.5, 0], "size": [1, 2, 0], "inflate": 0.02, "pivot": [0.5, -0.5, 0], "rotation": [0, 0, 22.5], "uv": [2, 4]}
					]
				}
			]
		}
	]
}