{
	"format_version": "1.12.0",
	"minecraft:geometry": [
		{
			"description": {
				"identifier": "geometry.lum_berry",
				"texture_width": 16,
				"texture_height": 16,
				"visible_bounds_width": 2,
				"visible_bounds_height": 1.5,
				"visible_bounds_offset": [0, 0.25, 0]
			},
			"bones": [
				{
					"name": "Lum",
					"pivot": [0, 0, 0],
					"cubes": [
						{"origin": [-2, -4.5, -2], "size": [4, 4, 4], "uv": [0, 0]},
						{"origin": [-1, -1, -1], "size": [2, 1, 2], "uv": [0, 8]}
					]
				}
			]
		}
	]
}