{
	"format_version": "1.12.0",
	"minecraft:geometry": [
		{
			"description": {
				"identifier": "geometry.maranga_berry",
				"texture_width": 32,
				"texture_height": 8,
				"visible_bounds_width": 2,
				"visible_bounds_height": 1.5,
				"visible_bounds_offset": [0, 0.25, 0]
			},
			"bones": [
				{
					"name": "Maranga",
					"pivot": [0, 0, 0],
					"cubes": [
						{"origin": [0, -4, -2], "size": [0, 3, 4], "pivot": [0, -2.5, 0], "rotation": [0, 0, -45], "uv": [9, -4]},
						{"origin": [-1.5, -4, -1.5], "size": [3, 3, 3], "uv": [0, 0]},
						{"origin": [0.5, -5, -0.5], "size": [0, 1, 1], "pivot": [0.5, -4, 0], "rotation": [0, 0, -22.5], "uv": [0, 1]},
						{"origin": [-0.5, -5, 0.5], "size": [1, 1, 0], "pivot": [0, -4, 0.5], "rotation": [22.5, 0, 0], "uv": [3, 6]},
						{"origin": [-0.5, -5, -0.5], "size": [1, 1, 0], "pivot": [0, -4, -0.5], "rotation": [-22.5, 0, 0], "uv": [0, 0]},
						{"origin": [-0.5, -5, -0.5], "size": [0, 1, 1], "pivot": [-0.5, -4, 0], "rotation": [0, 0, 22.5], "uv": [0, 0]},
						{"origin": [-0.5, -1, -0.5], "size": [1, 1, 1], "uv": [0, 6]},
						{"origin": [-2, -4, 0], "size": [4, 3, 0], "pivot": [0, -2.5, 0], "rotation": [-45, 0, 0], "uv": [20, 4]},
						{"origin": [-2, -4, 0], "size": [4, 3, 0], "pivot": [0, -2.5, 0], "rotation": [45, 0, 0], "uv": [12, 4]},
						{"origin": [0, -4, -2], "size": [0, 3, 4], "pivot": [0, -2.5, 0], "rotation": [0, 0, 45], "uv": [17, -4]},
						{"origin": [-1.5, -4.5, 0], "size": [3, 4, 0], "pivot": [0, -1, 0], "rotation": [0, -45, 0], "uv": [25, 0]},
						{"origin": [0, -4.5, -1.5], "size": [0, 4, 3], "pivot": [0, -1, 0], "rotation": [0, -45, 0], "uv": [25, -3]}
					]
				}
			]
		}
	]
}