{
	"format_version": "1.12.0",
	"minecraft:geometry": [
		{
			"description": {
				"identifier": "geometry.oran_berry",
				"texture_width": 16,
				"texture_height": 8,
				"visible_bounds_width": 2,
				"visible_bounds_height": 1.5,
				"visible_bounds_offset": [0, 0.25, 0]
			},
			"bones": [
				{
					"name": "Oran",
					"pivot": [0, 0, 0],
					"cubes": [
						{"origin": [-1.5, -2.5, -1.5], "size": [3, 2, 3], "uv": [0, 0]},
						{"origin": [-1, -2.75, -1], "size": [2, 1, 2], "uv": [8, 5]},
						{"origin": [-1, -1.25, -1], "size": [2, 1, 2], "uv": [0, 5]},
						{"origin": [-0.5, -1, -0.5], "size": [1, 1, 1], "uv": [6, 5]}
					]
				}
			]
		}
	]
}