{
	"format_version": "1.12.0",
	"minecraft:geometry": [
		{
			"description": {
				"identifier": "geometry.passho_berry",
				"texture_width": 16,
				"texture_height": 8,
				"visible_bounds_width": 2,
				"visible_bounds_height": 1.5,
				"visible_bounds_offset": [0, 0.25, 0]
			},
			"bones": [
				{
					"name": "Passho",
					"pivot": [0, 0, 0],
					"cubes": [
						{"origin": [-1.5, -3, -1.5], "size": [3, 2, 3], "uv": [0, 0]},
						{"origin": [-1, -3.5, -1], "size": [2, 1, 2], "uv": [0, 5]},
						{"origin": [-0.5, -3, 1.5], "size": [1, 1, 0], "pivot": [0, -2, 1.5], "rotation": [22.5, 0, 0], "uv": [9, 1]},
						{"origin": [-0.5, -3, -1.5], "size": [1, 1, 0], "pivot": [0, -2, -1.5], "rotation": [-22.5, 0, 0], "uv": [9, 0]},
						{"origin": [1.5, -2, -0.5], "size": [0, 1, 1], "pivot": [1.5, -2, 0], "rotation": [0, 0, 45], "uv": [0, 0]},
						{"origin": [-1.5, -2, -0.5], "size": [0, 1, 1], "pivot": [-1.5, -2, 0], "rotation": [0, 0, -45], "uv": [0, -1]},
						{"origin": [0, -1, -0.5], "size": [0, 1, 1], "uv": [0, 5]},
						{"origin": [-0.5, -1, 0], "size": [1, 1, 0], "uv": [0, 5]}
					]
				}
			]
		}
	]
}