{
	"format_version": "1.12.0",
	"minecraft:geometry": [
		{
			"description": {
				"identifier": "geometry.payapa_berry",
				"texture_width": 16,
				"texture_height": 16,
				"visible_bounds_width": 2,
				"visible_bounds_height": 1.5,
				"visible_bounds_offset": [0, 0.25, 0]
			},
			"bones": [
				{
					"name": "Payapa",
					"pivot": [0, 0, 0],
					"cubes": [
						{"origin": [-1.5, -5.5, -1.5], "size": [3, 3, 3], "uv": [0, 0]},
						{"origin": [-1, -2.75, -1], "size": [2, 2, 2], "uv": [0, 6]},
						{"origin": [0, -1, -0.5], "size": [0, 1, 1], "uv": [0, 0]},
						{"origin": [-0.3, -1.5, -0.01], "size": [1, 2, 0], "pivot": [0, -0.75, 0], "rotation": [0, 0, 45], "uv": [6, 6]},
						{"origin": [-0.7, -1.5, 0], "size": [1, 2, 0], "pivot": [0, -0.75, 0], "rotation": [0, 0, -45], "uv": [0, 6]}
					]
				}
			]
		}
	]
}