{
	"format_version": "1.12.0",
	"minecraft:geometry": [
		{
			"description": {
				"identifier": "geometry.pecha_berry",
				"texture_width": 16,
				"texture_height": 8,
				"visible_bounds_width": 2,
				"visible_bounds_height": 1.5,
				"visible_bounds_offset": [0, 0.25, 0]
			},
			"bones": [
				{
					"name": "Pecha",
					"pivot": [0, 0, 0],
					"cubes": [
						{"origin": [-1.5, -2.5, -1.5], "size": [3, 2, 3], "uv": [0, 0]},
						{"origin": [-1, -3.5, -1], "size": [2, 1, 2], "uv": [0, 5]},
						{"origin": [-0.5, -1, -0.5], "size": [1, 1, 1], "uv": [12, 3]},
						{"origin": [-0.5, -0.4, -2.5], "size": [3, 0, 3], "uv": [6, 0]},
						{"origin": [-2.5, -0.4, -0.5], "size": [3, 0, 3], "uv": [5, 5]}
					]
				}
			]
		}
	]
}