{
	"format_version": "1.12.0",
	"minecraft:geometry": [
		{
			"description": {
				"identifier": "geometry.perism_berry",
				"texture_width": 16,
				"texture_height": 16,
				"visible_bounds_width": 2,
				"visible_bounds_height": 1.5,
				"visible_bounds_offset": [0, 0.25, 0]
			},
			"bones": [
				{
					"name": "Perism",
					"pivot": [0, 0, 0],
					"cubes": [
						{"origin": [-1.5, -4, -1.5], "size": [3, 3, 3], "uv": [0, 0]},
						{"origin": [-1, -5, -1], "size": [2, 1, 2], "uv": [0, 6]}
					]
				},
				{
					"name": "leaf1",
					"parent": "Perism",
					"pivot": [0, -0.75, 0],
					"cubes": [
						{"origin": [0, -1.69291, -0.78701], "size": [0, 2, 1], "pivot": [0, -0.5, 0], "rotation": [22.5, 0, 0], "uv": [12, 4]},
						{"origin": [0, -1.69291, -0.21299], "size": [0, 2, 1], "pivot": [0, -0.5, 0], "rotation": [-22.5, 0, 0], "uv": [14, 4]},
						{"origin": [-0.21299, -1.69291, 0], "size": [1, 2, 0], "pivot": [0, -0.5, 0], "rotation": [0, 0, 22.5], "uv": [12, 7]},
						{"origin": [-0.78701, -1.69291, 0], "size": [1, 2, 0], "pivot": [0, -0.5, 0], "rotation": [0, 0, -22.5], "uv": [14, 7]}
					]
				},
				{
					"name": "leaf2",
					"parent": "Perism",
					"pivot": [-0.5, -1.03806, -0.5],
					"cubes": [
						{"origin": [-0.82322, -1.96484, 0.5], "size": [1, 2, 0], "pivot": [-0.5, -1.03806, 0.5], "rotation": [0, 0, 22.5], "uv": [0, 9]},
						{"origin": [-1.17678, -1.96484, 0.5], "size": [1, 2, 0], "pivot": [-0.5, -1.03806, 0.5], "rotation": [0, 0, -22.5], "uv": [2, 9]},
						{"origin": [-0.5, -1.96484, -0.17678], "size": [0, 2, 1], "pivot": [-0.5, -1.03806, 0.5], "rotation": [22.5, 0, 0], "uv": [0, 10]},
						{"origin": [-0.5, -1.96484, 0.17678], "size": [0, 2, 1], "pivot": [-0.5, -1.03806, 0.5], "rotation": [-22.5, 0, 0], "uv": [2, 10]}
					]
				},
				{
					"name": "leaf3",
					"parent": "Perism",
					"pivot": [-0.5, -1.03806, -0.5],
					"cubes": [
						{"origin": [-0.82322, -1.96484, -0.5], "size": [1, 2, 0], "pivot": [-0.5, -1.03806, -0.5], "rotation": [0, 0, 22.5], "uv": [4, 9]},
						{"origin": [-1.17678, -1.96484, -0.5], "size": [1, 2, 0], "pivot": [-0.5, -1.03806, -0.5], "rotation": [0, 0, -22.5], "uv": [6, 9]},
						{"origin": [-0.5, -1.96484, -1.17678], "size": [0, 2, 1], "pivot": [-0.5, -1.03806, -0.5], "rotation": [22.5, 0, 0], "uv": [4, 10]},
						{"origin": [-0.5, -1.96484, -0.82322], "size": [0, 2, 1], "pivot": [-0.5, -1.03806, -0.5], "rotation": [-22.5, 0, 0], "uv": [6, 10]}
					]
				},
				{
					"name": "leaf4",
					"parent": "Perism",
					"pivot": [-0.5, -1.03806, -0.5],
					"cubes": [
						{"origin": [0.17678, -1.96484, -0.5], "size": [1, 2, 0], "pivot": [0.5, -1.03806, -0.5], "rotation": [0, 0, 22.5], "uv": [8, 9]},
						{"origin": [-0.17678, -1.96484, -0.5], "size": [1, 2, 0], "pivot": [0.5, -1.03806, -0.5], "rotation": [0, 0, -22.5], "uv": [10, 9]},
						{"origin": [0.5, -1.96484, -1.17678], "size": [0, 2, 1], "pivot": [0.5, -1.03806, -0.5], "rotation": [22.5, 0, 0], "uv": [8, 10]},
						{"origin": [0.5, -1.96484, -0.82322], "size": [0, 2, 1], "pivot": [0.5, -1.03806, -0.5], "rotation": [-22.5, 0, 0], "uv": [10, 10]}
					]
				},
				{
					"name": "leaf5",
					"parent": "Perism",
					"pivot": [-0.5, -1.03806, -0.5],
					"cubes": [
						{"origin": [0.17678, -1.96484, 0.5], "size": [1, 2, 0], "pivot": [0.5, -1.03806, 0.5], "rotation": [0, 0, 22.5], "uv": [12, 9]},
						{"origin": [-0.17678, -1.96484, 0.5], "size": [1, 2, 0], "pivot": [0.5, -1.03806, 0.5], "rotation": [0, 0, -22.5], "uv": [14, 9]},
						{"origin": [0.5, -1.96484, -0.17678], "size": [0, 2, 1], "pivot": [0.5, -1.03806, 0.5], "rotation": [22.5, 0, 0], "uv": [12, 10]},
						{"origin": [0.5, -1.96484, 0.17678], "size": [0, 2, 1], "pivot": [0.5, -1.03806, 0.5], "rotation": [-22.5, 0, 0], "uv": [14, 10]}
					]
				}
			]
		}
	]
}