{
	"format_version": "1.12.0",
	"minecraft:geometry": [
		{
			"description": {
				"identifier": "geometry.pomeg_berry",
				"texture_width": 16,
				"texture_height": 16,
				"visible_bounds_width": 2,
				"visible_bounds_height": 1.5,
				"visible_bounds_offset": [0, 0.25, 0]
			},
			"bones": [
				{
					"name": "Pomeg",
					"pivot": [0, 0, 0],
					"cubes": [
						{"origin": [-1.5, -5, -1.5], "size": [3, 3, 3], "uv": [0, 0]},
						{"origin": [1.25, -6, -1], "size": [0, 1, 2], "uv": [6, 5]},
						{"origin": [-1.25, -6, -1], "size": [0, 1, 2], "uv": [6, 4]},
						{"origin": [-1, -6, 1.25], "size": [2, 1, 0], "uv": [0, 9]},
						{"origin": [-1, -6, -1.25], "size": [2, 1, 0], "uv": [8, 8]},
						{"origin": [-1, -2, -1], "size": [2, 1, 2], "uv": [0, 6]},
						{"origin": [-0.5, -1, 0], "size": [1, 1, 0], "uv": [0, 1]},
						{"origin": [0, -1, -0.5], "size": [0, 1, 1], "uv": [0, -1]}
					]
				}
			]
		}
	]
}