{
	"format_version": "1.12.0",
	"minecraft:geometry": [
		{
			"description": {
				"identifier": "geometry.rabuta_berry",
				"texture_width": 16,
				"texture_height": 16,
				"visible_bounds_width": 2,
				"visible_bounds_height": 1.5,
				"visible_bounds_offset": [0, 0.25, 0]
			},
			"bones": [
				{
					"name": "rabuta",
					"pivot": [0, 0, 0],
					"cubes": [
						{"origin": [-1.5, -4, -1.5], "size": [3, 4, 3], "uv": [0, 0]},
						{"origin": [0, -4, -3], "size": [0, 4, 6], "uv": [0, 1]},
						{"origin": [-3, -4, 0], "size": [6, 4, 0], "uv": [0, 11]}
					]
				}
			]
		}
	]
}