{
	"format_version": "1.12.0",
	"minecraft:geometry": [
		{
			"description": {
				"identifier": "geometry.rawst_berry",
				"texture_width": 16,
				"texture_height": 16,
				"visible_bounds_width": 2,
				"visible_bounds_height": 1.5,
				"visible_bounds_offset": [0, 0.25, 0]
			},
			"bones": [
				{
					"name": "Rawst",
					"pivot": [0, 0, 0],
					"cubes": [
						{"origin": [-1.5, -4, -1.5], "size": [3, 3, 3], "uv": [0, 0]},
						{"origin": [-1, -5, -1], "size": [2, 1, 2], "uv": [0, 6]},
						{"origin": [-1.5, -3, -1], "size": [0, 2, 2], "pivot": [-1.5, -1, 0], "rotation": [0, 0, 22.5], "uv": [12, -2]},
						{"origin": [1.5, -3, -1], "size": [0, 2, 2], "pivot": [1.5, -1, 0], "rotation": [0, 0, -22.5], "uv": [12, 0]},
						{"origin": [-1, -3, -1.5], "size": [2, 2, 0], "pivot": [0, -1, -1.5], "rotation": [-22.5, 0, 0], "uv": [12, 4]},
						{"origin": [-1, -3, 1.5], "size": [2, 2, 0], "pivot": [0, -1, 1.5], "rotation": [22.5, 0, 0], "uv": [12, 6]},
						{"origin": [-0.5, -1, -0.5], "size": [1, 1, 1], "uv": [6, 6]}
					]
				}
			]
		}
	]
}