{
	"format_version": "1.12.0",
	"minecraft:geometry": [
		{
			"description": {
				"identifier": "geometry.rindo_berry",
				"texture_width": 16,
				"texture_height": 8,
				"visible_bounds_width": 2,
				"visible_bounds_height": 1.5,
				"visible_bounds_offset": [0, 0.25, 0]
			},
			"bones": [
				{
					"name": "Rindo",
					"pivot": [0, 0, 0],
					"cubes": [
						{"origin": [-1, -3, -1], "size": [2, 2, 2], "uv": [6, 2]},
						{"origin": [-0.99, -4.5, -0.5], "size": [2, 2, 2], "uv": [0, 4]},
						{"origin": [-1, -5.75, -1.5], "size": [2, 2, 2], "uv": [0, 0]},
						{"origin": [-0.5, -5.54, -2], "size": [1, 1, 1], "pivot": [0, -5.04, -1.5], "rotation": [-45, 0, 0], "uv": [6, 0]},
						{"origin": [-0.5, -1, 0], "size": [1, 1, 0], "uv": [0, 0]},
						{"origin": [0.5, -0.5, -0.5], "size": [1, 0, 1], "pivot": [1, -0.5, 0], "rotation": [45, 0, 0], "uv": [7, 7]},
						{"origin": [-1.5, -0.5, -0.5], "size": [1, 0, 1], "pivot": [-1, -0.5, 0], "rotation": [45, 0, 0], "uv": [7, 6]}
					]
				}
			]
		}
	]
}