{
	"format_version": "1.12.0",
	"minecraft:geometry": [
		{
			"description": {
				"identifier": "geometry.roseli_berry",
				"texture_width": 16,
				"texture_height": 8,
				"visible_bounds_width": 2,
				"visible_bounds_height": 1.5,
				"visible_bounds_offset": [0, 0.25, 0]
			},
			"bones": [
				{
					"name": "Roseli",
					"pivot": [0, 0, 0],
					"cubes": [
						{"origin": [-1, -3, -1], "size": [2, 2, 2], "uv": [0, 0]},
						{"origin": [-1.5, -1, -1.5], "size": [3, 0, 3], "pivot": [0, -1, 0], "rotation": [0, -45, 0], "uv": [7, 0]},
						{"origin": [-1.5, -1.01, -1.5], "size": [3, 0, 3], "uv": [7, 3]},
						{"origin": [-0.5, -3.75, -0.5], "size": [1, 1, 1], "uv": [6, 0]},
						{"origin": [0, -1, -0.5], "size": [0, 1, 1], "inflate": 0.01, "uv": [0, -1]}
					]
				}
			]
		}
	]
}