{
	"format_version": "1.12.0",
	"minecraft:geometry": [
		{
			"description": {
				"identifier": "geometry.rowap_berry",
				"texture_width": 32,
				"texture_height": 16,
				"visible_bounds_width": 2,
				"visible_bounds_height": 2,
				"visible_bounds_offset": [0, 0, 0]
			},
			"bones": [
				{
					"name": "Rowap",
					"pivot": [0, 0, 0],
					"cubes": [
						{"origin": [-2, -4.5, -1.5], "size": [2, 3, 3], "pivot": [0, -3, 0], "rotation": [0, 45, 0], "uv": [22, 0]},
						{"origin": [-3, -3.5, 0], "size": [1, 1, 0], "pivot": [0, -3, 0], "rotation": [0, 45, 0], "uv": [0, 5]},
						{"origin": [2, -3.5, 0], "size": [1, 1, 0], "pivot": [0, -3, 0], "rotation": [0, -15, 0], "uv": [0, 4]},
						{"origin": [0, -4.5, -1.5], "size": [2, 3, 3], "inflate": 0.01, "pivot": [0, -3, 0], "rotation": [0, -15, 0], "uv": [12, 0]},
						{"origin": [-1.5, -4.5, -2], "size": [3, 3, 2], "inflate": 0.02, "pivot": [0, -3, 0], "rotation": [0, 15, 0], "uv": [0, 4]},
						{"origin": [-1.5, -5.5, -1.5], "size": [3, 1, 3], "uv": [0, 0]},
						{"origin": [-0.5, -2, 0], "size": [1, 2, 0], "uv": [0, 0]},
						{"origin": [-0.5, -6.5, 0], "size": [1, 1, 0], "uv": [0, 2]}
					]
				}
			]
		}
	]
}