{
	"format_version": "1.12.0",
	"minecraft:geometry": [
		{
			"description": {
				"identifier": "geometry.salac_berry",
				"texture_width": 16,
				"texture_height": 16,
				"visible_bounds_width": 2,
				"visible_bounds_height": 1.5,
				"visible_bounds_offset": [0, 0.25, 0]
			},
			"bones": [
				{
					"name": "Salac",
					"pivot": [0, 0, 0],
					"cubes": [
						{"origin": [-1.5, -3, -1.5], "size": [3, 2, 3], "uv": [0, 0]},
						{"origin": [-1, -3.75, -1], "size": [2, 1, 2], "uv": [8, 5]},
						{"origin": [-1, -1, -1], "size": [2, 1, 2], "uv": [0, 5]},
						{"origin": [0.5, -2, -0.5], "size": [1, 2, 1], "pivot": [1, -1.5, 0], "rotation": [0, 0, 45], "uv": [12, 8]},
						{"origin": [0.5, -0.5, 0], "size": [1, 1, 0], "pivot": [1, -1.5, -0.5], "rotation": [0, 0, 45], "uv": [6, 6]},
						{"origin": [-1.5, -2, -0.5], "size": [1, 2, 1], "pivot": [-1, -1.5, 0], "rotation": [0, 0, -45], "uv": [12, 11]},
						{"origin": [-1.5, -0.5, 0], "size": [1, 1, 0], "pivot": [-1, -1.5, -0.5], "rotation": [0, 0, -45], "uv": [6, 5]},
						{"origin": [-0.5, -2, 0.5], "size": [1, 2, 1], "pivot": [0, -1.5, 1], "rotation": [-45, 0, 0], "uv": [8, 11]},
						{"origin": [0, -0.5, 0.5], "size": [0, 1, 1], "pivot": [0.5, -1.5, 1], "rotation": [-45, 0, 0], "uv": [0, 6]},
						{"origin": [-0.5, -2, -1.5], "size": [1, 2, 1], "pivot": [0, -1.5, -1], "rotation": [45, 0, 0], "uv": [8, 8]},
						{"origin": [0, -0.5, -1.5], "size": [0, 1, 1], "pivot": [0.5, -1.5, -1], "rotation": [45, 0, 0], "uv": [0, 5]},
						{"origin": [-2, -3.75, 0], "size": [4, 3, 0], "pivot": [0, -2.25, 0], "rotation": [-67.5, 0, 0], "uv": [0, 11]},
						{"origin": [0, -3.75, -2], "size": [0, 3, 4], "pivot": [0, -2.25, 0], "rotation": [0, 0, 67.5], "uv": [0, 4]},
						{"origin": [-2, -3.75, 0], "size": [4, 3, 0], "pivot": [0, -2.25, 0], "rotation": [67.5, 0, 0], "uv": [0, 11]},
						{"origin": [0, -3.75, -2], "size": [0, 3, 4], "pivot": [0, -2.25, 0], "rotation": [0, 0, -67.5], "uv": [0, 4]},
						{"origin": [-1.5, -3.5, 0], "size": [3, 1, 0], "uv": [9, 0]},
						{"origin": [0, -3.5, -1.5], "size": [0, 1, 3], "uv": [9, -2]}
					]
				}
			]
		}
	]
}