{
	"format_version": "1.12.0",
	"minecraft:geometry": [
		{
			"description": {
				"identifier": "geometry.shuca_berry",
				"texture_width": 8,
				"texture_height": 8,
				"visible_bounds_width": 2,
				"visible_bounds_height": 1.5,
				"visible_bounds_offset": [0, 0.25, 0]
			},
			"bones": [
				{
					"name": "Shuca",
					"pivot": [0, 0, 0],
					"cubes": [
						{"origin": [-1, -3.5, -1], "size": [2, 2, 2], "uv": [0, 0]},
						{"origin": [-0.5, -2, -0.5], "size": [1, 2, 1], "inflate": 0.001, "uv": [0, 4]}
					]
				}
			]
		}
	]
}