{
	"format_version": "1.12.0",
	"minecraft:geometry": [
		{
			"description": {
				"identifier": "geometry.sitrus_berry",
				"texture_width": 16,
				"texture_height": 16,
				"visible_bounds_width": 2,
				"visible_bounds_height": 1.5,
				"visible_bounds_offset": [0, 0.25, 0]
			},
			"bones": [
				{
					"name": "Sitrus",
					"pivot": [0, 0, 0],
					"cubes": [
						{"origin": [-1.5, -4, -1.5], "size": [3, 2, 3], "uv": [0, 0]},
						{"origin": [-1, -2.75, -1], "size": [2, 2, 2], "uv": [0, 5]},
						{"origin": [-0.5, -4.5, -0.5], "size": [1, 1, 1], "uv": [9, 0]},
						{"origin": [0, -1, -0.5], "size": [0, 1, 1], "uv": [0, -1]},
						{"origin": [-0.5, -1, 0], "size": [1, 1, 0], "uv": [0, 1]}
					]
				}
			]
		}
	]
}