{
	"format_version": "1.12.0",
	"minecraft:geometry": [
		{
			"description": {
				"identifier": "geometry.spelon_berry",
				"texture_width": 16,
				"texture_height": 8,
				"visible_bounds_width": 2,
				"visible_bounds_height": 1.5,
				"visible_bounds_offset": [0, 0.25, 0]
			},
			"bones": [
				{
					"name": "spelon",
					"pivot": [0, 0, 0],
					"cubes": [
						{"origin": [-1, -5, -1], "size": [2, 5, 2], "uv": [0, 0]},
						{"origin": [-1.75, -4.75, 0], "size": [1, 4, 0], "pivot": [0, -2.75, 0], "rotation": [-22.5, 0, 0], "uv": [8, 0]},
						{"origin": [0.75, -4.75, 0], "size": [1, 4, 0], "pivot": [0, -2.75, 0], "rotation": [22.5, 0, 0], "uv": [10, 0]},
						{"origin": [0, -4.25, -1.75], "size": [0, 4, 1], "pivot": [0, -2.25, -1.25], "rotation": [0, 0, -22.5], "uv": [12, -1]},
						{"origin": [0, -4.25, 0.75], "size": [0, 4, 1], "pivot": [0, -2.25, 1.25], "rotation": [0, 0, 22.5], "uv": [14, -1]}
					]
				}
			]
		}
	]
}