{
	"format_version": "1.12.0",
	"minecraft:geometry": [
		{
			"description": {
				"identifier": "geometry.starf_berry",
				"texture_width": 16,
				"texture_height": 16,
				"visible_bounds_width": 2,
				"visible_bounds_height": 1.5,
				"visible_bounds_offset": [0, 0.25, 0]
			},
			"bones": [
				{
					"name": "Starf",
					"pivot": [0, 0, 0],
					"cubes": [
						{"origin": [-0.5, -5, -2], "size": [1, 3, 2], "inflate": 0.03, "uv": [0, 6]},
						{"origin": [0, -2, -2], "size": [0, 2, 2], "uv": [4, 10]},
						{"origin": [-0.5, -5, 0], "size": [1, 3, 2], "pivot": [0, -2, 0], "rotation": [0, -37.5, 0], "uv": [4, 3]},
						{"origin": [0, -2, 0], "size": [0, 2, 2], "pivot": [0, -2, 0], "rotation": [0, -37.5, 0], "uv": [10, 2]},
						{"origin": [-0.5, -5, 0], "size": [1, 3, 2], "inflate": 0.01, "pivot": [0, -2, 0], "rotation": [0, 37.5, 0], "uv": [0, 0]},
						{"origin": [0, -2, 0], "size": [0, 2, 2], "pivot": [0, -2, 0], "rotation": [0, 37.5, 0], "uv": [0, 9]},
						{"origin": [0, -5, -0.5], "size": [2, 3, 1], "pivot": [0, -2, 0], "rotation": [0, 17.5, 0], "uv": [6, 8]},
						{"origin": [0, -2, 0], "size": [2, 2, 0], "pivot": [0, -2, 0], "rotation": [0, 17.5, 0], "uv": [10, 6]},
						{"origin": [-2, -5, -0.5], "size": [2, 3, 1], "inflate": 0.02, "pivot": [0, -2, 0], "rotation": [0, -17.5, 0], "uv": [8, 0]},
						{"origin": [-2, -2, 0], "size": [2, 2, 0], "pivot": [0, -2, 0], "rotation": [0, -17.5, 0], "uv": [4, 0]}
					]
				}
			]
		}
	]
}