{
	"format_version": "1.12.0",
	"minecraft:geometry": [
		{
			"description": {
				"identifier": "geometry.tamato_berry",
				"texture_width": 16,
				"texture_height": 16,
				"visible_bounds_width": 2,
				"visible_bounds_height": 1.5,
				"visible_bounds_offset": [0, 0.25, 0]
			},
			"bones": [
				{
					"name": "Tamato",
					"pivot": [0, 0, 0],
					"cubes": [
						{"origin": [0, -4, -2.25], "size": [0, 3, 1], "pivot": [0, -2.5, -2], "rotation": [0, 0, -45], "uv": [12, 5]},
						{"origin": [-2.25, -4, 0], "size": [1, 3, 0], "pivot": [-2, -2.5, 0], "rotation": [-45, 0, 0], "uv": [8, 6]},
						{"origin": [-1.5, -4, -1.5], "size": [3, 3, 3], "uv": [0, 0]},
						{"origin": [1.25, -4, 0], "size": [1, 3, 0], "pivot": [2, -2.5, 0], "rotation": [-45, 0, 0], "uv": [2, 6]},
						{"origin": [0, -4, 1.25], "size": [0, 3, 1], "pivot": [0, -2.5, 2], "rotation": [0, 0, 45], "uv": [4, 5]},
						{"origin": [1.25, -4, 0], "size": [1, 3, 0], "pivot": [2, -2.5, 0], "rotation": [45, 0, 0], "uv": [0, 6]},
						{"origin": [0, -4, 1.25], "size": [0, 3, 1], "pivot": [0, -2.5, 2], "rotation": [0, 0, -45], "uv": [6, 5]},
						{"origin": [-2.25, -4, 0], "size": [1, 3, 0], "pivot": [-2, -2.5, 0], "rotation": [45, 0, 0], "uv": [10, 6]},
						{"origin": [0, -4, -2.25], "size": [0, 3, 1], "pivot": [0, -2.5, -2], "rotation": [0, 0, 45], "uv": [14, 5]},
						{"origin": [0, -1.94291, -0.53701], "size": [0, 2, 1], "uv": [0, 0]},
						{"origin": [-0.21299, -1.94291, 0], "size": [1, 2, 0], "pivot": [0, -0.75, 0], "rotation": [0, 0, 22.5], "uv": [11, 1]},
						{"origin": [-0.78701, -1.94291, 0], "size": [1, 2, 0], "pivot": [0, -0.75, 0], "rotation": [0, 0, -22.5], "uv": [9, 1]}
					]
				}
			]
		}
	]
}