{
	"format_version": "1.12.0",
	"minecraft:geometry": [
		{
			"description": {
				"identifier": "geometry.tanga_berry",
				"texture_width": 16,
				"texture_height": 8,
				"visible_bounds_width": 2,
				"visible_bounds_height": 1.5,
				"visible_bounds_offset": [0, 0.25, 0]
			},
			"bones": [
				{
					"name": "Tanga",
					"pivot": [0, 0, 0],
					"cubes": [
						{"origin": [-1.5, -5, -1.5], "size": [3, 3, 3], "uv": [0, 0]},
						{"origin": [-0.5, -5.5, -0.5], "size": [1, 1, 1], "uv": [9, 0]},
						{"origin": [0, -2.5, -0.5], "size": [0, 3, 1], "uv": [14, 2]},
						{"origin": [-0.5, -2.5, 0], "size": [1, 3, 0], "uv": [12, 3]}
					]
				}
			]
		}
	]
}