{
	"format_version": "1.12.0",
	"minecraft:geometry": [
		{
			"description": {
				"identifier": "geometry.hopo_berry",
				"texture_width": 8,
				"texture_height": 4,
				"visible_bounds_width": 2,
				"visible_bounds_height": 1.5,
				"visible_bounds_offset": [0, 0.25, 0]
			},
			"bones": [
				{
					"name": "touga",
					"pivot": [0, 0, 0],
					"cubes": [
						{"origin": [-0.5, -4.75, -0.5], "size": [1, 3, 1], "uv": [0, 0]},
						{"origin": [-0.25, -2, 0], "size": [1, 2, 0], "pivot": [0.25, -1.25, 0], "rotation": [0, 0, 45], "uv": [6, 2]},
						{"origin": [0, -2, -0.5], "size": [0, 2, 1], "uv": [4, 1]},
						{"origin": [-0.75, -2, 0], "size": [1, 2, 0], "pivot": [-0.25, -1.25, 0], "rotation": [0, 0, -45], "uv": [6, 0]},
						{"origin": [0, -6.25, -0.5], "size": [0, 2, 1], "uv": [4, -1]}
					]
				}
			]
		}
	]
}