{
	"format_version": "1.12.0",
	"minecraft:geometry": [
		{
			"description": {
				"identifier": "geometry.wacan_berry",
				"texture_width": 16,
				"texture_height": 8,
				"visible_bounds_width": 2,
				"visible_bounds_height": 1.5,
				"visible_bounds_offset": [0, 0.25, 0]
			},
			"bones": [
				{
					"name": "Wacan",
					"pivot": [0, 0, 0],
					"cubes": [
						{"origin": [-1, -5, -1], "size": [2, 4, 2], "uv": [0, 0]},
						{"origin": [-1.5, -2.99, -1.5], "size": [3, 0, 3], "pivot": [0, -3, 0], "rotation": [0, -45, 0], "uv": [5, 0]},
						{"origin": [-1.5, -3, -1.5], "size": [3, 0, 3], "uv": [5, 3]},
						{"origin": [0, -1, -0.5], "size": [0, 1, 1], "uv": [0, -1]}
					]
				}
			]
		}
	]
}