{
	"format_version": "1.12.0",
	"minecraft:geometry": [
		{
			"description": {
				"identifier": "geometry.watmel_berry",
				"texture_width": 16,
				"texture_height": 8,
				"visible_bounds_width": 2,
				"visible_bounds_height": 1.5,
				"visible_bounds_offset": [0, 0.25, 0]
			},
			"bones": [
				{
					"name": "watmel",
					"pivot": [0, 0, 0],
					"cubes": [
						{"origin": [-2, -5, -2], "size": [4, 4, 4], "uv": [0, 0]},
						{"origin": [-0.5, -1, 0], "size": [1, 1, 0], "uv": [0, 0]},
						{"origin": [0, -1, -0.5], "size": [0, 1, 1], "uv": [0, 0]}
					]
				}
			]
		}
	]
}