{
	"format_version": "1.12.0",
	"minecraft:geometry": [
		{
			"description": {
				"identifier": "geometry.yache_berry",
				"texture_width": 16,
				"texture_height": 8,
				"visible_bounds_width": 2,
				"visible_bounds_height": 1.5,
				"visible_bounds_offset": [0, 0.25, 0]
			},
			"bones": [
				{
					"name": "yache",
					"pivot": [0, 0, 0],
					"cubes": [
						{"origin": [-1.5, -4, -1.5], "size": [3, 3, 3], "uv": [0, 0]},
						{"origin": [0.25, -1, -0.5], "size": [0, 1, 1], "pivot": [0.25, -1, 0], "rotation": [0, 0, 45], "uv": [0, 1]},
						{"origin": [-0.5, -1, 0], "size": [1, 1, 0], "uv": [0, 0]},
						{"origin": [-0.25, -1, -0.5], "size": [0, 1, 1], "pivot": [-0.25, -1, 0], "rotation": [0, 0, -45], "uv": [0, 0]}
					]
				}
			]
		}
	]
}