{
	"format_version": "1.8.0",
	"animations": {
		"animation.porygon2.ground_idle": {
			"loop": true,
			"bones": {
				"tail": {
					"rotation": ["30+Math.cos((query.anim_time-0.9) * 90 * 1) * 5", 0, 0]
				},
				"neck": {
					"rotation": [10, 0, 0]
				},
				"head": {
					"rotation": [-10, 0, 0]
				},
				"leg_left": {
					"rotation": ["2.5+Math.cos((query.anim_time-0.9) * 90 * 1) * 15", 0, 0]
				},
				"leg_right": {
					"rotation": ["2.5+Math.cos((query.anim_time-0.9) * 90 * 1) * -15", 0, 0]
				},
				"body": {
					"rotation": ["2.5+Math.cos((query.anim_time-0.5) * 90 * 1) * 2", 0, 0],
					"position": [0, "8+Math.cos((query.anim_time) * 90 * 1) * 2", 0]
				}
			}
		},
		"animation.porygon2.ground_walk": {
			"loop": true,
			"bones": {
				"body": {
					"rotation": ["10+Math.cos((query.anim_time-0.25) * 90 * 4) * 3", 0, 0],
					"position": [0, "4+Math.cos((query.anim_time) * 90 * 4) * 1", 0]
				},
				"neck": {
					"rotation": ["15+Math.cos((query.anim_time-0.5) * 90 * 4) * -3", 0, 0]
				},
				"head": {
					"rotation": [-17.5, 0, 0]
				},
				"tail": {
					"rotation": ["27.5+Math.cos((query.anim_time) * 90 * 4) * -3", 0, 0]
				},
				"leg_left": {
					"rotation": ["20+Math.cos((query.anim_time-0.1) * 90 * 4) * -10", 0, 0]
				},
				"leg_right": {
					"rotation": ["20+Math.cos((query.anim_time-0.1) * 90 * 4) * 10", 0, 0]
				}
			}
		},
		"animation.porygon2.sleep": {
			"loop": true,
			"bones": {
				"body": {
					"rotation": [0, 0, "Math.cos((query.anim_time+0.3) * 90 * 1/2) * 8"],
					"position": ["Math.sin((query.anim_time) * 90 * 1/2) * 2", "7+Math.cos((query.anim_time) * 90 * 1/2) * 2", 0]
				},
				"neck": {
					"rotation": [17.5, 0, 0]
				},
				"head": {
					"rotation": ["10+Math.cos((query.anim_time-0.5) * 90 * 1/2) * -8", "Math.cos((query.anim_time-0.5) * 90 * 1/2) * -8", 0]
				},
				"pupil_left": {
					"position": [-0.075, 0, 0]
				},
				"pupil_closed_left": {
					"position": [0.275, 0, 0]
				},
				"pupil_right": {
					"position": [0.075, 0, 0]
				},
				"pupil_closed_right": {
					"position": [-0.275, 0, 0]
				},
				"tail": {
					"rotation": ["-42.5+Math.cos((query.anim_time-0.7) * 90 * 1/2) * 8", 0, 0]
				},
				"leg_left": {
					"rotation": ["40+Math.cos((query.anim_time-0.7) * 90 * 1/2) * 15", 0, 0]
				},
				"leg_right": {
					"rotation": ["40+Math.cos((query.anim_time-0.7) * 90 * 1/2) * -15", 0, 0]
				}
			}
		},
		"animation.porygon2.faint": {
			"loop": true,
			"animation_length": 3,
			"bones": {
				"body": {
					"rotation": {
						"0.0": [0, 0, 0],
						"0.2083": [20, -132, 0],
						"0.25": [18.13, -156.25, 0],
						"0.3333": [8.98, -213, 0],
						"0.4583": [1.5, -233.5, 0],
						"0.5417": [0, -237.5, 0],
						"1.2083": [-17.5, -90.54, 0],
						"1.4583": [-15, -22.8, 0],
						"1.6667": [-7.5, 50.88, 0],
						"1.7917": [0, 67.5, 0],
						"1.8333": [5.5, 67.5, 0],
						"1.875": [6.5, 67.5, 0],
						"1.9583": [5, 67.5, 0],
						"2.0833": [0, 67.5, 0],
						"2.25": [-4.75, 67.5, 0],
						"2.3333": [-15, 67.5, 0],
						"2.375": [2.5, 67.5, 0],
						"2.5": [-7.5, 67.5, 0],
						"2.5833": [-10.75, 67.5, 0],
						"2.625": [0, 67.5, 0]
					},
					"position": {
						"0.0": [0, 0, 0],
						"0.125": [0, 0.29, -2.14],
						"0.2083": [0, 1.15, -3.57],
						"0.2917": [0, 3, -5],
						"0.375": [0, 3.5, -5.25],
						"0.5417": [0, 3.75, -5.425],
						"0.625": [-1.89, 3.75, -5.39],
						"0.6667": [-5.08, 3.75, -3.88],
						"0.7917": [-9.92, 3.75, 0.91],
						"0.9167": [-10.58, 3.75, 6.62],
						"1.0": [-10.25, 3.75, 13.58],
						"1.0833": [-6.62, 5.13, 17.72],
						"1.2083": [0.23, 6.98, 20.08],
						"1.2917": [6.12, 8.37, 18.45],
						"1.375": [9, 9.75, 15.08],
						"1.4583": [10.34, 11.66, 11.24],
						"1.5833": [9.18, 13.57, 3.4],
						"1.6667": [6.81, 14.84, -0.58],
						"1.75": [2, 16.75, -3.42],
						"1.875": [0, 18, -3.67],
						"1.9583": [0.3, 17, -3.67],
						"2.0833": [0.75, 16.75, -3.67],
						"2.2083": [0.75, 15.75, -3.67],
						"2.2917": [0.75, 12.75, -3.67],
						"2.375": [0.75, -1.25, -3.67],
						"2.4167": [0.75, 2.75, -3.67],
						"2.5": [0.75, 4.75, -3.67],
						"2.5833": [0.75, 2.75, -3.67],
						"2.625": [0.75, -1.25, -3.67],
						"2.6667": [0.75, -1.75, -3.67],
						"2.7083": [0.75, -1.25, -3.67]
					}
				},
				"neck": {
					"rotation": {
						"0.0": [6, 0, 0],
						"1.6667": [6, 0, 0],
						"1.875": [20, 0, 0],
						"1.9583": [7.5, 0, 0]
					}
				},
				"head": {
					"rotation": {
						"0.0": [0, 0, 0],
						"0.125": [0, 30, 0],
						"0.4167": [0, 0, 0],
						"1.7917": [0, 352.5, 0],
						"1.9167": [17.5, 352.5, 0],
						"2.0417": [2.5, 352.5, 0],
						"2.1667": [0, 352.5, 0],
						"2.2917": [-12.5, 352.5, 0],
						"2.3333": [-17.5, 352.5, 0],
						"2.375": [12.5, 352.5, 0],
						"2.5": [-2.5, 352.5, 0],
						"2.5833": [-12.5, 352.5, 0],
						"2.625": [0, 352.5, 0],
						"2.6667": [8.5, 352.5, 0],
						"2.75": [3.5, 352.5, 0]
					}
				},
				"pupil_left": {
					"position": {
						"0.0": [0, 0, 0],
						"0.0417": [-0.275, 0, 0],
						"0.4167": [-0.275, 0, 0],
						"0.4583": [0, 0, 0],
						"0.6667": [0, 0, 0],
						"0.7083": [-0.275, 0, 0],
						"1.9583": [-0.275, 0, 0],
						"2.0": [0, 0, 0],
						"2.3333": [0, 0, 0],
						"2.375": [-0.275, 0, 0]
					}
				},
				"pupil_closed_left": {
					"position": {
						"0.0": [0, 0, 0],
						"0.0417": [0.275, 0, 0],
						"0.4167": [0.275, 0, 0],
						"0.4583": [0, 0, 0],
						"0.6667": [0, 0, 0],
						"0.7083": [0.275, 0, 0],
						"1.9583": [0.275, 0, 0],
						"2.0": [0, 0, 0],
						"2.3333": [0, 0, 0],
						"2.375": [0.275, 0, 0]
					}
				},
				"pupil_right": {
					"position": {
						"0.0": [0, 0, 0],
						"0.0417": [0.275, 0, 0],
						"0.4167": [0.275, 0, 0],
						"0.4583": [0, 0, 0],
						"0.6667": [0, 0, 0],
						"0.7083": [0.275, 0, 0],
						"1.9583": [0.275, 0, 0],
						"2.0": [0, 0, 0],
						"2.3333": [0, 0, 0],
						"2.375": [0.275, 0, 0]
					}
				},
				"pupil_closed_right": {
					"position": {
						"0.0": [0, 0, 0],
						"0.0417": [-0.275, 0, 0],
						"0.4167": [-0.275, 0, 0],
						"0.4583": [0, 0, 0],
						"0.6667": [0, 0, 0],
						"0.7083": [-0.275, 0, 0],
						"1.9583": [-0.275, 0, 0],
						"2.0": [0, 0, 0],
						"2.3333": [0, 0, 0],
						"2.375": [-0.275, 0, 0]
					}
				},
				"tail": {
					"rotation": {
						"0.0": [26, 0, 0],
						"0.0833": [26, 37.5, 0],
						"0.2917": [26, 47.5, 0],
						"0.4167": [26, 5, 0],
						"0.5417": [26, -20, 0],
						"0.7917": [26, -37.5, 0],
						"1.75": [26, -25, 0],
						"1.9167": [33.5, 24, 0],
						"2.0": [21, 13, 0],
						"2.125": [26, 7.75, 0],
						"2.3333": [58.5, 7.75, 0],
						"2.4167": [3.5, 7.75, 0],
						"2.5": [38.5, 7.75, 0],
						"2.5833": [43.5, 7.75, 0],
						"2.6667": [-8.25, 7.75, 0],
						"2.7917": [-16, 7.75, 0]
					}
				},
				"leg_left": {
					"rotation": {
						"0.0": [0, 0, 0],
						"0.125": [32.5, 0, 0],
						"0.375": [27.27, 0, 0],
						"0.5833": [0, 0, 0],
						"0.625": ["5+Math.cos((query.anim_time) * 90 * 12) * 20", 0, 0],
						"1.5833": ["5+Math.cos((query.anim_time) * 90 * 12) * 20", 0, 0],
						"2.0": [0, 0, 0],
						"2.25": [-15, 0, 0],
						"2.3333": [-37.5, 0, 0],
						"2.4167": [5, 0, 0],
						"2.4583": [-10.33, 0, 0],
						"2.5833": [-21, 0, 0],
						"2.6667": [3, 0, 0],
						"2.75": [0.5, 0, 0]
					}
				},
				"leg_right": {
					"rotation": {
						"0.0": [0, 0, 0],
						"0.125": [32.5, 0, 0],
						"0.375": [27.27, 0, 0],
						"0.5833": [0, 0, 0],
						"0.625": ["5+Math.cos((query.anim_time) * 90 * 12) * -20", 0, 0],
						"1.5833": ["5+Math.cos((query.anim_time) * 90 * 12) * -20", 0, 0],
						"2.0": [0, 0, 0],
						"2.25": [-15, 0, 0],
						"2.3333": [-37.5, 0, 0],
						"2.4167": [5, 0, 0],
						"2.4583": [-10.33, 0, 0],
						"2.5833": [-21, 0, 0],
						"2.6667": [3, 0, 0],
						"2.75": [0.5, 0, 0]
					}
				}
			}
		},
		"animation.porygon2.blink": {
			"animation_length": 0.16667,
			"bones": {
				"pupil_left": {
					"position": {
						"0.0": [-0.25, 0, 0],
						"0.125": [-0.25, 0, 0],
						"0.1667": [0, 0, 0]
					}
				},
				"pupil_closed_left": {
					"position": {
						"0.0": [0.25, 0, 0],
						"0.125": [0.25, 0, 0],
						"0.1667": [0, 0, 0]
					}
				},
				"pupil_right": {
					"position": {
						"0.0": [0.25, 0, 0],
						"0.125": [0.25, 0, 0],
						"0.1667": [0, 0, 0]
					}
				},
				"pupil_closed_right": {
					"position": {
						"0.0": [-0.25, 0, 0],
						"0.125": [-0.25, 0, 0],
						"0.1667": [0, 0, 0]
					}
				}
			}
		}
	}
}