{
	"format_version": "1.8.0",
	"animations": {
		"animation.vaporeon.ground_idle": {
			"loop": true,
			"override_previous_animation": true,
			"bones": {
				"head": {
					"rotation": ["-math.sin(q.anim_time*90*4)*0.2", 0, "math.clamp(math.sin(q.anim_time*90*4+45)*0.2,-1.2,1.2)"]
				},
				"ear_right": {
					"rotation": [0, "5-2*math.sin(q.anim_time*90*2+90)+math.clamp(math.sin(q.anim_time*90*2-90),-2,2)", 0]
				},
				"ear_left": {
					"rotation": [0, "-5+2*math.sin(q.anim_time*90*2+90)-math.clamp(math.sin(q.anim_time*90*2-90),-2,2)", 0]
				},
				"tail": {
					"rotation": [-22.5, "6*(math.sin(q.anim_time*90*2)*1)+6*(math.sin(q.anim_time*90*2/2)*1)", 0],
					"position": [0, 0.25, -1.25]
				},
				"tail2": {
					"rotation": [-12.5, "6*(math.sin(q.anim_time*90*2-90)*1)+6*(math.sin(q.anim_time*90*2/2-90)*1)", 0]
				},
				"tail3": {
					"rotation": [20, "6*(math.sin(q.anim_time*90*2-90)*1)+6*(math.sin(q.anim_time*90*2/2-90)*1)", 0]
				},
				"tailfin": {
					"rotation": [10, 0, 0]
				},
				"torso": {
					"rotation": ["math.sin(q.anim_time*90*4)*0.2", 0, 0],
					"position": [0, "(math.clamp(math.sin(q.anim_time*90*4+180)*0.1,-0.03,0.03)+math.clamp(math.sin(q.anim_time*90*2+180)*0.15,-0.5,0.5))*0.5", 0]
				},
				"leg_back_right": {
					"rotation": ["-math.sin(q.anim_time*90*4)*0.2", 0, 0],
					"position": [0, "-(math.clamp(math.sin(q.anim_time*90*4+180)*0.1,-0.03,0.03)+math.clamp(math.sin(q.anim_time*90*2+180)*0.15,-0.5,0.5))*0.5", 0]
				},
				"leg_back_left": {
					"rotation": ["-math.sin(q.anim_time*90*4)*0.2", 0, 0],
					"position": [0, "-(math.clamp(math.sin(q.anim_time*90*4+180)*0.1,-0.03,0.03)+math.clamp(math.sin(q.anim_time*90*2+180)*0.15,-0.5,0.5))*0.5", 0]
				},
				"leg_back_right2": {
					"position": [0, 0, 0]
				}
			}
		},
		"animation.vaporeon.ground_walk": {
			"loop": true,
			"override_previous_animation": true,
			"bones": {
				"body": {
					"rotation": [0, 0, "math.clamp(math.sin(q.anim_time*90*4-90)*1,-0.8,0.8)+math.sin(q.anim_time*90*4-180)*1"],
					"position": [0, "-1.5+math.clamp(math.sin(q.anim_time*90*4)*1.1,0.5,1)+math.clamp(math.sin(q.anim_time*90*4+180)*1.1,0.5,1)", 0]
				},
				"head": {
					"rotation": [0, 0, "-math.clamp(math.sin(q.anim_time*90*4-90)*1,-0.8,0.8)-math.sin(q.anim_time*90*4-180)*1"],
					"position": [
						"math.sin(q.anim_time*90*4-45)*0.1",
						"math.clamp(math.sin(q.anim_time*90*4+30)*0.05,0.5,1)+math.clamp(math.sin(-q.anim_time*90*4+30)*0.05,0.5,1)+math.sin(-q.anim_time*90*8+30)*0.2-1",
						0
					]
				},
				"leg_front_right": {
					"rotation": [
						"30-math.clamp(20*(math.sin(q.anim_time*90*4-90+180)*1+1),-0,60)",
						0,
						"math.clamp(math.sin(q.anim_time*90*4-90+180)*1,-0.8,0.8)+math.sin(q.anim_time*90*4-180+180)*1"
					],
					"position": [
						0,
						"-0.5+0.8*(math.clamp(math.sin(q.anim_time*90*4-155+180)*1.6,1,1.6)-0.2)+0.5*(math.clamp(math.sin(q.anim_time*90*4-75+180)*1.8,1,1.8)-1)-0.2*(math.clamp(math.sin(q.anim_time*90*4+180)*1.4,1,1.4)+1)",
						0
					]
				},
				"leg_front_left": {
					"rotation": [
						"30-math.clamp(20*(math.sin(q.anim_time*90*4-90)*1+1),-0,60)",
						0,
						"-math.clamp(math.sin(q.anim_time*90*4-90)*1,-0.8,0.8)-math.sin(q.anim_time*90*4-180)*1"
					],
					"position": [
						0,
						"-0.5+0.8*(math.clamp(math.sin(q.anim_time*90*4-155)*1.6,1,1.6)-0.2)+0.5*(math.clamp(math.sin(q.anim_time*90*4-75)*1.8,1,1.8)-1)-0.2*(math.clamp(math.sin(q.anim_time*90*4)*1.4,1,1.4)+1)",
						0
					]
				},
				"leg_back_right": {
					"rotation": [
						"-20+math.clamp(15*(math.sin(q.anim_time*90*4-90+180)*1+1),-0,60)",
						0,
						"math.clamp(math.sin(q.anim_time*90*4-90+180)*1,-0.8,0.8)+math.sin(q.anim_time*90*4-180+180)*1"
					],
					"position": [
						0,
						"-math.clamp(-math.sin(q.anim_time*90*4+90+180)*0.01,0,0.01)+math.clamp(-math.sin(q.anim_time*90*4+20+180)*1,0.4,1)-0.4+math.clamp(math.sin(q.anim_time*90*4-130+180)*1.5,0.4,0.6)-0.3",
						-0.1
					]
				},
				"leg_back_left": {
					"rotation": [
						"-20+math.clamp(15*(math.sin(q.anim_time*90*4-90)*1+1),-0,60)",
						0,
						"-math.clamp(math.sin(q.anim_time*90*4-90)*1,-0.8,0.8)-math.sin(q.anim_time*90*4-180)*1"
					],
					"position": [
						0,
						"-math.clamp(-math.sin(q.anim_time*90*4+90)*0.01,0,0.01)+math.clamp(-math.sin(q.anim_time*90*4+20)*1,0.4,1)-0.4+math.clamp(math.sin(q.anim_time*90*4-130)*1.5,0.4,0.6)-0.3",
						-0.1
					]
				},
				"ear_right": {
					"rotation": [
						0,
						"5+2*math.sin(q.anim_time*90*4+45)+math.clamp(math.sin(q.anim_time*90*4+90),-2,2)",
						"0.01*math.sin(q.anim_time*90*8+45)+math.clamp(math.sin(q.anim_time*90*8+90),-2,2)"
					]
				},
				"ear_left": {
					"rotation": [
						0,
						"-5-2*math.sin(q.anim_time*90*4+45)-math.clamp(math.sin(q.anim_time*90*4+90),-2,2)",
						"-0.01*math.sin(q.anim_time*90*8+45)-math.clamp(math.sin(q.anim_time*90*8+90),-2,2)"
					]
				},
				"leg_front_right2": {
					"rotation": [
						"math.clamp(math.sin(q.anim_time*90*4-180+10+180)*20,0,10)+math.clamp(math.sin(q.anim_time*90*4-180+10+180)*20,-50,50)-math.clamp(math.sin(q.anim_time*90*4+10+180)*70,50,60)+25",
						0,
						0
					]
				},
				"leg_front_right3": {
					"rotation": [
						"-45+math.clamp(20*(math.sin(q.anim_time*90*4-90+180)*1+1),-0,60)-math.clamp(math.sin(q.anim_time*90*4-180+10+180)*20,0,10)-math.clamp(math.sin(q.anim_time*90*4-180+10+180)*20,-50,50)+math.clamp(math.sin(q.anim_time*90*4+10+180)*70,50,60)+math.clamp(math.sin(q.anim_time*90*4+40+180)*80,50,80)-60",
						0,
						0
					],
					"position": [0, "math.clamp(math.sin(q.anim_time*90*4-120+180)*1.1,0.9,1)-0.9+math.clamp(math.sin(q.anim_time*90*2-130+180)*1.3,0.9,1)-0.9", 0]
				},
				"leg_front_left2": {
					"rotation": [
						"math.clamp(math.sin(q.anim_time*90*4-180+10)*20,0,10)+math.clamp(math.sin(q.anim_time*90*4-180+10)*20,-50,50)-math.clamp(math.sin(q.anim_time*90*4+10)*70,50,60)+25",
						0,
						0
					]
				},
				"leg_front_left3": {
					"rotation": [
						"-45+math.clamp(20*(math.sin(q.anim_time*90*4-90)*1+1),-0,60)-math.clamp(math.sin(q.anim_time*90*4-180+10)*20,0,10)-math.clamp(math.sin(q.anim_time*90*4-180+10)*20,-50,50)+math.clamp(math.sin(q.anim_time*90*4+10)*70,50,60)+math.clamp(math.sin(q.anim_time*90*4+40)*80,50,80)-60",
						0,
						0
					],
					"position": [0, "math.clamp(math.sin(q.anim_time*90*4-120)*1.1,0.9,1)-0.9+math.clamp(math.sin(q.anim_time*90*2-130)*1.3,0.9,1)-0.9", 0]
				},
				"leg_back_right2": {
					"rotation": [
						"math.clamp(math.sin(q.anim_time*90*4+180)*10,0,10)+math.clamp(math.sin(q.anim_time*90*4-95+180)*25,0,45)-math.clamp(math.sin(q.anim_time*90*4+180+180)*10,0,45)",
						0,
						0
					],
					"position": [0, "math.clamp(math.sin(q.anim_time*90*4-130+180)*1.5,0.5,0.8)-0.5", 0]
				},
				"leg_back_right3": {
					"rotation": [
						"-math.clamp(math.sin(q.anim_time*90*4+180)*10,0,10)-math.clamp(math.sin(q.anim_time*90*4-95+180)*25,0,45)+math.clamp(math.sin(q.anim_time*90*4+180+180)*15,0,45)-(-20+math.clamp(15*(math.sin(q.anim_time*90*4-90+180)*1+1),-0,60))+math.clamp(math.sin(q.anim_time*90*4-100+180)*100,60,100)-60",
						0,
						0
					],
					"position": [0, "math.clamp(math.sin(q.anim_time*90*4-110)*1,0.8,1)-0.8", 0]
				},
				"leg_back_left2": {
					"rotation": [
						"math.clamp(math.sin(q.anim_time*90*4)*10,0,10)+math.clamp(math.sin(q.anim_time*90*4-95)*25,0,45)-math.clamp(math.sin(q.anim_time*90*4+180)*10,0,45)",
						0,
						0
					],
					"position": [0, "math.clamp(math.sin(q.anim_time*90*4-130)*1.5,0.5,0.8)-0.5", 0]
				},
				"leg_back_left3": {
					"rotation": [
						"-math.clamp(math.sin(q.anim_time*90*4)*10,0,10)-math.clamp(math.sin(q.anim_time*90*4-95)*25,0,45)+math.clamp(math.sin(q.anim_time*90*4+180)*15,0,45)-(-20+math.clamp(15*(math.sin(q.anim_time*90*4-90)*1+1),-0,60))+math.clamp(math.sin(q.anim_time*90*4-100)*100,60,100)-60",
						0,
						0
					],
					"position": [0, "math.clamp(math.sin(q.anim_time*90*4-110+180)*1,0.8,1)-0.8", 0]
				}
			}
		},
		"animation.vaporeon.ground_run": {
			"loop": true,
			"override_previous_animation": true,
			"bones": {
				"body": {
					"rotation": ["5*(math.sin(q.anim_time*90*4*2-90)*1+1)-math.clamp(10*(math.sin(q.anim_time*90*4*2+45)*1+1),15,20)+15", 0, 0],
					"position": [
						0,
						"math.clamp(math.sin(q.anim_time*90*4*2+45)*1,0.5,2)-0.5+math.clamp(math.sin(q.anim_time*90*4*2)*1,0,2)",
						"-math.clamp(math.sin(q.anim_time*90*4*2-30)*2,0,2)+math.clamp(math.sin(-q.anim_time*90*4*2-30)*1,0,2)"
					]
				},
				"head": {
					"rotation": ["-5*(math.sin(q.anim_time*90*4*2-90)*1+1)+math.clamp(10*(math.sin(q.anim_time*90*4*2+45)*1+1),15,20)-15", 0, 0],
					"position": [0, -1, -1]
				},
				"tail": {
					"rotation": ["-5-math.sin(q.anim_time*90*4*2+60)*10", 0, 0],
					"position": [0, 0, -0.5]
				},
				"leg_front_right": {
					"rotation": [
						"5+math.clamp(math.sin(-q.anim_time*90*4*1-20)*30,-40,0)+math.clamp(math.sin(q.anim_time*90*4*1+20)*30,-40,0)+math.clamp(math.sin(-q.anim_time*90*4*2-40)*50,0,70)-math.clamp(math.sin(-q.anim_time*90*4*2-30+180)*20,5,70)+5",
						0,
						0
					]
				},
				"leg_front_left": {
					"rotation": [
						"5+math.clamp(math.sin(-q.anim_time*90*4*1-20+30)*30,-40,0)+math.clamp(math.sin(q.anim_time*90*4*1+20-30)*30,-40,0)+math.clamp(math.sin(-q.anim_time*90*4*2-40+30)*50,0,70)-math.clamp(math.sin(-q.anim_time*90*4*2-30+180+30)*20,5,70)+5",
						0,
						0
					]
				},
				"leg_back_right": {
					"rotation": ["math.clamp(math.sin(q.anim_time*90*4*2)*40,0,50)-math.clamp(math.sin(-q.anim_time*90*4*2)*40,0,50)", 0, 0],
					"position": [
						0,
						"-math.clamp(math.sin(q.anim_time*90*4*2)*0.3,-1,2)-math.clamp(math.sin(-q.anim_time*90*4*2)*0.8,-1,2)",
						"-0.3+math.clamp(math.sin(q.anim_time*90*4*2-30)*0.5,0,2)-math.clamp(math.sin(q.anim_time*90*4*2-30+180)*0.5,0,2)"
					]
				},
				"leg_back_left": {
					"rotation": ["math.clamp(math.sin(q.anim_time*90*4*2+20)*40,0,50)-math.clamp(math.sin(-q.anim_time*90*4*2-20)*40,0,50)", 0, 0],
					"position": [
						0,
						"-math.clamp(math.sin(q.anim_time*90*4*2)*0.3,-1,2)-math.clamp(math.sin(-q.anim_time*90*4*2)*0.8,0,2)",
						"-0.3+math.clamp(math.sin(q.anim_time*90*4*2-30)*0.5,0,2)-math.clamp(math.sin(q.anim_time*90*4*2-30+180)*0.5,0,2)"
					]
				},
				"ear_right": {
					"rotation": [
						0,
						"15+5*math.sin(q.anim_time*90*4*2+45)+math.clamp(4*math.sin(q.anim_time*90*4*2+90),-2,2)",
						"math.sin(q.anim_time*90*4*2-135)+math.clamp(4*math.sin(q.anim_time*90*4*2-90),-2,2)"
					]
				},
				"ear_left": {
					"rotation": [
						0,
						"-15-5*math.sin(q.anim_time*90*4*2+45)-math.clamp(4*math.sin(q.anim_time*90*4*2+90),-2,2)",
						"-math.sin(q.anim_time*90*4*2-135)-math.clamp(4*math.sin(q.anim_time*90*4*2-90),-2,2)"
					]
				},
				"leg_front_right2": {
					"rotation": ["-math.clamp(math.sin(-q.anim_time*90*4*2-90)*20,5,70)+5-math.clamp(math.sin(-q.anim_time*90*4*2+180)*10,5,70)+5", 0, 0]
				},
				"leg_front_right3": {
					"rotation": ["12*math.sin(q.anim_time*90*8+30)-math.clamp(math.sin(q.anim_time*90*8),1,1)", 0, 0]
				},
				"leg_front_left2": {
					"rotation": ["-math.clamp(math.sin(-q.anim_time*90*8-90+30)*20,5,70)+5-math.clamp(math.sin(-q.anim_time*90*8+180+30)*10,5,70)+5", 0, 0]
				},
				"leg_front_left3": {
					"rotation": ["8*math.sin(q.anim_time*90*8+30-90)-math.clamp(math.sin(q.anim_time*90*8-90),1,1)", 0, 0]
				},
				"tail2": {
					"rotation": ["-5-math.sin(q.anim_time*90*4*2-60)*10", 0, 0]
				},
				"tail3": {
					"rotation": ["-math.sin(q.anim_time*90*4*2-30)*10", 0, 0]
				},
				"leg_back_right2": {
					"rotation": ["math.clamp(math.sin(q.anim_time*90*8-180-30)*5,0,5)-math.clamp(math.sin(-q.anim_time*90*8-90)*10,0,50)", 0, 0]
				},
				"leg_back_right3": {
					"rotation": ["20+20*math.sin(q.anim_time*90*8+45-30)-math.clamp(math.sin(q.anim_time*90*8+90-30),1,1)", 0, 0]
				},
				"leg_back_left2": {
					"rotation": ["math.clamp(math.sin(q.anim_time*90*8-90)*5,0,5)-math.clamp(math.sin(-q.anim_time*90*8-90)*10,0,10)", 0, 0]
				},
				"leg_back_left3": {
					"rotation": ["20+20*math.sin(q.anim_time*90*8+15)-math.clamp(math.sin(q.anim_time*90*8+90),1,1)", 0, 0]
				},
				"tailfin": {
					"rotation": ["-math.sin(q.anim_time*90*4*2-450)*10", 0, 0]
				}
			}
		},
		"animation.vaporeon.water_idle": {
			"loop": true,
			"override_previous_animation": true,
			"bones": {
				"body": {
					"rotation": ["-20+4*(math.sin(q.anim_time*90*4+180)*1)+4*(math.sin(q.anim_time*90*4/2+180)*1)", 0, 0]
				},
				"head": {
					"rotation": ["15-4*(math.sin(q.anim_time*90*4+150)*1)-4*(math.sin(q.anim_time*90*4/2+150)*1)", 0, 0],
					"position": [0, -1, -0.5]
				},
				"tail": {
					"rotation": ["-6*(math.sin(q.anim_time*90*4-90)*1)-6*(math.sin(q.anim_time*90*4/2-90)*1)", 0, 0],
					"position": [0, 0, -0.25]
				},
				"tail2": {
					"rotation": ["-6*(math.sin(q.anim_time*90*4-60)*1)-6*(math.sin(q.anim_time*90*4/2-60)*1)", 0, 0]
				},
				"tail3": {
					"rotation": ["-6*(math.sin(q.anim_time*90*4-120)*1)-6*(math.sin(q.anim_time*90*4/2-120)*1)", 0, 0]
				},
				"tailfin": {
					"rotation": ["-8*(math.sin(q.anim_time*90*4-150)*1)-8*(math.sin(q.anim_time*90*4/2-150)*1)", 0, 0]
				},
				"leg_front_right": {
					"rotation": ["45-4*(math.sin(q.anim_time*90*4+180)*1)-4*(math.sin(q.anim_time*90*4/2+180)*1)", 0, 0]
				},
				"leg_front_right2": {
					"rotation": ["-60+4*(math.sin(q.anim_time*90*4+180)*1)+4*(math.sin(q.anim_time*90*4/2+180)*1)", 0, 0]
				},
				"leg_front_right3": {
					"rotation": ["97.5-4*(math.sin(q.anim_time*90*4+180)*1)-4*(math.sin(q.anim_time*90*4/2+180)*1)", 0, 0]
				},
				"leg_front_left": {
					"rotation": ["45-4*(math.sin(q.anim_time*90*4+180)*1)-4*(math.sin(q.anim_time*90*4/2+180)*1)", 0, 0]
				},
				"leg_front_left2": {
					"rotation": ["-60+4*(math.sin(q.anim_time*90*4+180)*1)+4*(math.sin(q.anim_time*90*4/2+180)*1)", 0, 0]
				},
				"leg_front_left3": {
					"rotation": ["97.5-4*(math.sin(q.anim_time*90*4+180)*1)-4*(math.sin(q.anim_time*90*4/2+180)*1)", 0, 0]
				},
				"leg_back_right": {
					"rotation": ["47.5-4*(math.sin(q.anim_time*90*4+180)*1)-4*(math.sin(q.anim_time*90*4/2+180)*1)", 0, 0]
				},
				"leg_back_right2": {
					"rotation": ["-40+4*(math.sin(q.anim_time*90*4+180)*1)+4*(math.sin(q.anim_time*90*4/2+180)*1)", 0, 0]
				},
				"leg_back_right3": {
					"rotation": ["90-4*(math.sin(q.anim_time*90*4+180)*1)-4*(math.sin(q.anim_time*90*4/2+180)*1)", 0, 0]
				},
				"leg_back_left": {
					"rotation": ["47.5-4*(math.sin(q.anim_time*90*4+180)*1)-4*(math.sin(q.anim_time*90*4/2+180)*1)", 0, 0]
				},
				"leg_back_left2": {
					"rotation": ["-40+4*(math.sin(q.anim_time*90*4+180)*1)+4*(math.sin(q.anim_time*90*4/2+180)*1)", 0, 0]
				},
				"leg_back_left3": {
					"rotation": ["90-4*(math.sin(q.anim_time*90*4+180)*1)-4*(math.sin(q.anim_time*90*4/2+180)*1)", 0, 0]
				},
				"hips": {
					"rotation": ["-4*(math.sin(q.anim_time*90*4+60)*1)-4*(math.sin(q.anim_time*90*4/2+60)*1)", 0, 0]
				},
				"ear_right": {
					"rotation": [
						0,
						"5-4*math.sin(q.anim_time*90*4+90)+math.clamp(math.sin(q.anim_time*90*4-90),-2,2)",
						"0.5*math.sin(q.anim_time*90*4-135)+math.clamp(math.sin(q.anim_time*90*4-90),-2,2)"
					]
				},
				"ear_left": {
					"rotation": [
						0,
						"-5+4*math.sin(q.anim_time*90*4+90)-math.clamp(math.sin(q.anim_time*90*4-90),-2,2)",
						"-0.5*math.sin(q.anim_time*90*4-135)-math.clamp(math.sin(q.anim_time*90*4-90),-2,2)"
					]
				}
			}
		},
		"animation.vaporeon.water_swim": {
			"loop": true,
			"override_previous_animation": true,
			"bones": {
				"body": {
					"rotation": ["math.sin(q.anim_time*90*4*2+90)*15", 0, 0]
				},
				"head": {
					"rotation": ["-math.sin(q.anim_time*90*4*2+60)*10", 0, 0],
					"position": [0, -1, -0.5]
				},
				"tail": {
					"rotation": ["-math.sin(q.anim_time*90*4*2+140)*10", 0, 0],
					"position": [0, 0, -0.25]
				},
				"tail2": {
					"rotation": ["-math.sin(q.anim_time*90*4*2+110)*10", 0, 0]
				},
				"tail3": {
					"rotation": ["-math.sin(q.anim_time*90*4*2+90)*10", 0, 0]
				},
				"tailfin": {
					"rotation": ["-math.sin(q.anim_time*90*4*2+60)*15", 0, 0]
				},
				"leg_front_right": {
					"rotation": ["60+math.sin(q.anim_time*90*4*2-15)*10", 0, 0]
				},
				"leg_front_right2": {
					"rotation": ["-40-4*math.sin(q.anim_time*90*4-90)", 0, 0]
				},
				"leg_front_right3": {
					"rotation": ["97.5+4*math.sin(q.anim_time*90*4+90)", 0, 0]
				},
				"leg_front_left": {
					"rotation": ["60+math.sin(q.anim_time*90*4*2-15)*10", 0, 0]
				},
				"leg_front_left2": {
					"rotation": ["-40-4*math.sin(q.anim_time*90*4-90)", 0, 0]
				},
				"leg_front_left3": {
					"rotation": ["97.5+4*math.sin(q.anim_time*90*4+90)", 0, 0]
				},
				"leg_back_right": {
					"rotation": ["60+math.sin(q.anim_time*90*4*2-45)*10", 0, 0]
				},
				"leg_back_right2": {
					"rotation": ["-30-8*math.sin(q.anim_time*90*8+90)", 0, 0]
				},
				"leg_back_right3": {
					"rotation": ["90+4*math.sin(q.anim_time*90*4+90)", 0, 0]
				},
				"leg_back_left": {
					"rotation": ["60+math.sin(q.anim_time*90*4*2-45)*10", 0, 0]
				},
				"leg_back_left2": {
					"rotation": ["-30-8*math.sin(q.anim_time*90*8+90)", 0, 0]
				},
				"leg_back_left3": {
					"rotation": ["90+4*math.sin(q.anim_time*90*4+90)", 0, 0]
				},
				"hips": {
					"rotation": ["-math.sin(q.anim_time*90*4*2+160)*5", 0, 0]
				},
				"ear_right": {
					"rotation": [
						0,
						"10-8*math.sin(q.anim_time*90*8-45)+math.clamp(math.sin(q.anim_time*90*8-45),-2,2)",
						"math.sin(q.anim_time*90*8-135)+math.clamp(math.sin(q.anim_time*90*8-90),-2,2)"
					]
				},
				"ear_left": {
					"rotation": [
						0,
						"-10+8*math.sin(q.anim_time*90*8-45)-math.clamp(math.sin(q.anim_time*90*8-45),-2,2)",
						"-math.sin(q.anim_time*90*8-135)-math.clamp(math.sin(q.anim_time*90*8-90),-2,2)"
					]
				}
			}
		},
		"animation.vaporeon.cry": {
			"animation_length": 1.45833,
			"bones": {
				"torso": {
					"rotation": {
						"0.0": {
							"post": [0, 0, 0],
							"lerp_mode": "catmullrom"
						},
						"0.25": {
							"post": [-12.5, 0, 0],
							"lerp_mode": "catmullrom"
						},
						"1.25": {
							"post": [0, 0, 0],
							"lerp_mode": "catmullrom"
						}
					}
				},
				"head": {
					"rotation": {
						"0.0": {
							"post": [0, 0, 0],
							"lerp_mode": "catmullrom"
						},
						"0.25": {
							"post": [-12.94747, 4.87543, -0.82759],
							"lerp_mode": "catmullrom"
						},
						"0.375": {
							"post": [-12.37673, 4.88568, -1.06437],
							"lerp_mode": "catmullrom"
						},
						"0.75": {
							"post": [-6.31372, -6.71183, -0.23449],
							"lerp_mode": "catmullrom"
						},
						"1.25": {
							"post": [0, 0, 0],
							"lerp_mode": "catmullrom"
						}
					}
				},
				"mouth": {
					"position": {
						"0.0": {
							"post": [0, 0, 0],
							"lerp_mode": "catmullrom"
						},
						"0.2083": {
							"post": [0, 0, -0.1],
							"lerp_mode": "catmullrom"
						},
						"0.5": {
							"post": [0, 0, -0.1],
							"lerp_mode": "catmullrom"
						},
						"0.625": {
							"post": [0, 0, 0],
							"lerp_mode": "catmullrom"
						},
						"0.7083": {
							"post": [0, 0, -0.1],
							"lerp_mode": "catmullrom"
						},
						"1.125": {
							"post": [0, 0, -0.1],
							"lerp_mode": "catmullrom"
						},
						"1.25": {
							"post": [0, 0, 0],
							"lerp_mode": "catmullrom"
						}
					}
				},
				"leg_back_right": {
					"rotation": {
						"0.0": {
							"post": [0, 0, 0],
							"lerp_mode": "catmullrom"
						},
						"0.25": {
							"post": [40, 0, 0],
							"lerp_mode": "catmullrom"
						},
						"1.25": {
							"post": [0, 0, 0],
							"lerp_mode": "catmullrom"
						}
					},
					"position": {
						"0.0": {
							"post": [0, 0, 0],
							"lerp_mode": "catmullrom"
						},
						"0.25": {
							"post": [0, -0.35229, -0.43404],
							"lerp_mode": "catmullrom"
						},
						"1.25": {
							"post": [0, 0, 0],
							"lerp_mode": "catmullrom"
						}
					}
				},
				"leg_back_right2": {
					"rotation": {
						"0.0": {
							"post": [0, 0, 0],
							"lerp_mode": "catmullrom"
						},
						"0.25": {
							"post": [-45, 0, 0],
							"lerp_mode": "catmullrom"
						},
						"1.25": {
							"post": [0, 0, 0],
							"lerp_mode": "catmullrom"
						}
					},
					"position": {
						"0.0": {
							"post": [0, -0.03502, -0.03301],
							"lerp_mode": "catmullrom"
						},
						"0.25": {
							"post": [0, -0.32189, -0.47184],
							"lerp_mode": "catmullrom"
						},
						"1.25": {
							"post": [0, -0.03502, -0.03301],
							"lerp_mode": "catmullrom"
						}
					}
				},
				"leg_back_right3": {
					"rotation": {
						"0.0": {
							"post": [0, 0, 0],
							"lerp_mode": "catmullrom"
						},
						"0.25": {
							"post": [17.5, 0, 0],
							"lerp_mode": "catmullrom"
						},
						"1.25": {
							"post": [0, 0, 0],
							"lerp_mode": "catmullrom"
						}
					}
				},
				"leg_back_left": {
					"rotation": {
						"0.0": {
							"post": [0, 0, 0],
							"lerp_mode": "catmullrom"
						},
						"0.25": {
							"post": [40, 0, 0],
							"lerp_mode": "catmullrom"
						},
						"1.25": {
							"post": [0, 0, 0],
							"lerp_mode": "catmullrom"
						}
					},
					"position": {
						"0.0": {
							"post": [0, 0, 0],
							"lerp_mode": "catmullrom"
						},
						"0.25": {
							"post": [0, -0.35229, -0.43404],
							"lerp_mode": "catmullrom"
						},
						"1.25": {
							"post": [0, 0, 0],
							"lerp_mode": "catmullrom"
						}
					}
				},
				"leg_back_left2": {
					"rotation": {
						"0.0": {
							"post": [0, 0, 0],
							"lerp_mode": "catmullrom"
						},
						"0.25": {
							"post": [-45, 0, 0],
							"lerp_mode": "catmullrom"
						},
						"1.25": {
							"post": [0, 0, 0],
							"lerp_mode": "catmullrom"
						}
					},
					"position": {
						"0.0": {
							"post": [0, -0.03502, -0.03301],
							"lerp_mode": "catmullrom"
						},
						"0.25": {
							"post": [0, -0.32189, -0.47184],
							"lerp_mode": "catmullrom"
						},
						"1.25": {
							"post": [0, -0.03502, -0.03301],
							"lerp_mode": "catmullrom"
						}
					}
				},
				"leg_back_left3": {
					"rotation": {
						"0.0": {
							"post": [0, 0, 0],
							"lerp_mode": "catmullrom"
						},
						"0.25": {
							"post": [17.5, 0, 0],
							"lerp_mode": "catmullrom"
						},
						"1.25": {
							"post": [0, 0, 0],
							"lerp_mode": "catmullrom"
						}
					}
				},
				"tail": {
					"rotation": {
						"0.0": {
							"post": [0, 0, 0],
							"lerp_mode": "catmullrom"
						},
						"0.2083": {
							"post": [12.5, 0, 0],
							"lerp_mode": "catmullrom"
						},
						"1.125": {
							"post": [0, 0, 0],
							"lerp_mode": "catmullrom"
						}
					}
				},
				"leg_front_right": {
					"rotation": {
						"0.0": {
							"post": [0, 0, 0],
							"lerp_mode": "catmullrom"
						},
						"0.25": {
							"post": [-7.5, 0, 0],
							"lerp_mode": "catmullrom"
						},
						"1.25": {
							"post": [0, 0, 0],
							"lerp_mode": "catmullrom"
						}
					},
					"position": {
						"0.0": {
							"post": [0, 0, 0],
							"lerp_mode": "catmullrom"
						},
						"0.25": {
							"post": [0, 0.75, 0],
							"lerp_mode": "catmullrom"
						},
						"1.25": {
							"post": [0, 0, 0],
							"lerp_mode": "catmullrom"
						}
					}
				},
				"leg_front_right2": {
					"rotation": {
						"0.0": {
							"post": [0, 0, 0],
							"lerp_mode": "catmullrom"
						},
						"0.25": {
							"post": [17.5, 0, 0],
							"lerp_mode": "catmullrom"
						},
						"1.25": {
							"post": [0, 0, 0],
							"lerp_mode": "catmullrom"
						}
					}
				},
				"leg_front_right3": {
					"rotation": {
						"0.0": {
							"post": [0, 0, 0],
							"lerp_mode": "catmullrom"
						},
						"0.25": {
							"post": [-7.5, 0, 0],
							"lerp_mode": "catmullrom"
						},
						"1.25": {
							"post": [0, 0, 0],
							"lerp_mode": "catmullrom"
						}
					}
				},
				"leg_front_left": {
					"rotation": {
						"0.0": {
							"post": [0, 0, 0],
							"lerp_mode": "catmullrom"
						},
						"0.25": {
							"post": [-7.5, 0, 0],
							"lerp_mode": "catmullrom"
						},
						"1.25": {
							"post": [0, 0, 0],
							"lerp_mode": "catmullrom"
						}
					},
					"position": {
						"0.0": {
							"post": [0, 0, 0],
							"lerp_mode": "catmullrom"
						},
						"0.25": {
							"post": [0, 0.75, 0],
							"lerp_mode": "catmullrom"
						},
						"1.25": {
							"post": [0, 0, 0],
							"lerp_mode": "catmullrom"
						}
					}
				},
				"leg_front_left2": {
					"rotation": {
						"0.0": {
							"post": [0, 0, 0],
							"lerp_mode": "catmullrom"
						},
						"0.25": {
							"post": [17.5, 0, 0],
							"lerp_mode": "catmullrom"
						},
						"1.25": {
							"post": [0, 0, 0],
							"lerp_mode": "catmullrom"
						}
					}
				},
				"leg_front_left3": {
					"rotation": {
						"0.0": {
							"post": [0, 0, 0],
							"lerp_mode": "catmullrom"
						},
						"0.25": {
							"post": [-7.5, 0, 0],
							"lerp_mode": "catmullrom"
						},
						"1.25": {
							"post": [0, 0, 0],
							"lerp_mode": "catmullrom"
						}
					}
				},
				"ear_right": {
					"rotation": {
						"0.0": {
							"post": [0, 0, 0],
							"lerp_mode": "catmullrom"
						},
						"0.25": {
							"post": [0, -7.5, 0],
							"lerp_mode": "catmullrom"
						},
						"0.7083": {
							"post": [0, 10, 0],
							"lerp_mode": "catmullrom"
						},
						"1.125": {
							"post": [0, 0, 0],
							"lerp_mode": "catmullrom"
						}
					}
				},
				"ear_left": {
					"rotation": {
						"0.0": {
							"post": [0, 0, 0],
							"lerp_mode": "catmullrom"
						},
						"0.25": {
							"post": [0, -12.5, 0],
							"lerp_mode": "catmullrom"
						},
						"0.7083": {
							"post": [0, 7.5, 0],
							"lerp_mode": "catmullrom"
						},
						"1.125": {
							"post": [0, 0, 0],
							"lerp_mode": "catmullrom"
						}
					}
				}
			},
			"sound_effects": {
				"0.125": {
					"effect": "pokemon.vaporeon.cry"
				}
			}
		},
		"animation.vaporeon.blink": {
			"animation_length": 0.1667,
			"bones": {
				"eyelid_right": {
					"position": {
						"0.0": [-0.1, 0, -0.1],
						"0.125": [-0.1, 0, -0.1],
						"0.1667": [0, 0, 0]
					}
				},
				"eyelid_left": {
					"position": {
						"0.0": [0.1, 0, -0.1],
						"0.125": [0.1, 0, -0.1],
						"0.1667": [0, 0, 0]
					}
				}
			}
		}
	}
}