{
	"format_version": "1.8.0",
	"animations": {
		"animation.lopunny.ground_idle": {
			"loop": true,
			"bones": {
				"ear_left": {
					"rotation": [-7.5, 0, 10]
				},
				"ear_left3": {
					"rotation": [0, 0, 5]
				},
				"ear_left4": {
					"rotation": [0, 0, 5]
				},
				"ear_left5": {
					"rotation": [0, 0, 5]
				},
				"arm_right": {
					"rotation": [15, 15, -50]
				},
				"arm_right2": {
					"rotation": [0, -30, 0]
				},
				"arm_left": {
					"rotation": [15, -15, 50]
				},
				"arm_left2": {
					"rotation": [0, 30, 0]
				},
				"eyebrow_left": {
					"rotation": [0, 5, 0]
				},
				"eyebrow_right": {
					"rotation": [0, -5, 0]
				},
				"eyebrow_right2": {
					"rotation": [0, -2.5, 0]
				},
				"ear_left2": {
					"rotation": [-0.98448, -7.43547, 42.56397]
				},
				"ear_right": {
					"rotation": [-7.5, 0, -10]
				},
				"ear_right2": {
					"rotation": [-0.98448, 7.43547, -42.56397]
				},
				"ear_right3": {
					"rotation": [0, 0, -5]
				},
				"ear_right4": {
					"rotation": [0, 0, -5]
				},
				"ear_right5": {
					"rotation": [0, 0, -5]
				},
				"tail": {
					"rotation": [5, 0, 0]
				}
			}
		},
		"animation.lopunny.blink": {
			"animation_length": 0.1667,
			"bones": {
				"eyelid_left": {
					"position": {
						"0.0": [0.1, 0, 0],
						"0.125": [0.1, 0, 0],
						"0.1667": [0, 0, 0]
					}
				},
				"eyelid_right": {
					"position": {
						"0.0": [-0.1, 0, 0],
						"0.125": [-0.1, 0, 0],
						"0.1667": [0, 0, 0]
					}
				}
			}
		},
		"animation.lopunny.cry": {
			"animation_length": 1.95833,
			"bones": {
				"neck": {
					"rotation": {
						"0.0": {
							"post": [0, 0, 0],
							"lerp_mode": "catmullrom"
						},
						"0.2083": {
							"post": [10, 0, 0],
							"lerp_mode": "catmullrom"
						},
						"1.0": {
							"post": [15, 0, 0],
							"lerp_mode": "catmullrom"
						},
						"1.0833": {
							"post": [12.5, 0, 0],
							"lerp_mode": "catmullrom"
						},
						"1.1667": {
							"post": [7.5, 0, 0],
							"lerp_mode": "catmullrom"
						},
						"1.7917": {
							"post": [0, 0, 0],
							"lerp_mode": "catmullrom"
						}
					}
				},
				"head": {
					"rotation": {
						"0.0": {
							"post": [0, 0, 0],
							"lerp_mode": "catmullrom"
						},
						"0.2083": {
							"post": [-20, 0, 0],
							"lerp_mode": "catmullrom"
						},
						"1.0": {
							"post": [-12.5, 0, 0],
							"lerp_mode": "catmullrom"
						},
						"1.0833": {
							"post": [-22.5, 0, 0],
							"lerp_mode": "catmullrom"
						},
						"1.1667": {
							"post": [-12.5, 0, 0],
							"lerp_mode": "catmullrom"
						},
						"1.3333": {
							"post": [-22.5, 0, 0],
							"lerp_mode": "catmullrom"
						},
						"1.4583": {
							"post": [-12.5, 0, 0],
							"lerp_mode": "catmullrom"
						},
						"1.7917": {
							"post": [0, 0, 0],
							"lerp_mode": "catmullrom"
						}
					}
				},
				"mouth_closed": {
					"position": {
						"0.0": [0, 0, 0],
						"0.2083": [0, 0, 0]
					}
				},
				"mouth_open": {
					"position": {
						"0.0": [0, 0, 0],
						"0.2083": [0, 0, -0.101],
						"0.875": [0, 0, -0.101],
						"0.9167": [0, 0, 0],
						"1.0833": [0, 0, -0.101],
						"1.25": [0, 0, -0.101],
						"1.2917": [0, 0, 0],
						"1.3333": [0, 0, -0.101],
						"1.7083": [0, 0, -0.101],
						"1.75": [0, 0, 0]
					}
				}
			},
			"sound_effects": {
				"0.125": {
					"effect": "pokemon.lopunny.cry"
				}
			}
		}
	}
}