{
	"format_version": "1.8.0",
	"animations": {
		"animation.kabutops.ground_idle": {
			"loop": true,
			"bones": {
				"kabutops": {
					"position": [0, -0.55, 0]
				},
				"body": {
					"rotation": [22.5, 0, 0]
				},
				"leftleg": {
					"rotation": [-22.5, 0, 0]
				},
				"rightleg": {
					"rotation": [-22.5, 0, 0]
				},
				"tail": {
					"rotation": [-75, 0, 0]
				},
				"leftarm": {
					"rotation": [0, 30, 30]
				},
				"leftforearm": {
					"rotation": [-45, 45, -75]
				},
				"rightarm": {
					"rotation": [0, -30, -30]
				},
				"rightforearm": {
					"rotation": [-45, -45, 75]
				},
				"tail2": {
					"rotation": [5, 0, 0]
				},
				"neck": {
					"rotation": [15, 0, 0]
				},
				"head": {
					"rotation": [-15, 0, 0]
				}
			}
		},
		"animation.kabutops.water_idle": {
			"loop": true,
			"bones": {
				"kabutops": {
					"position": [0, -0.55, 0]
				},
				"body": {
					"rotation": [45, 0, 0],
					"position": [0, 0, -3]
				},
				"tail": {
					"rotation": [-60, 0, 0]
				},
				"leftarm": {
					"rotation": [0, 30, 30]
				},
				"leftforearm": {
					"rotation": [45, 30, -15]
				},
				"rightarm": {
					"rotation": [0, -30, -30]
				},
				"rightforearm": {
					"rotation": [45, -30, 15]
				},
				"tail2": {
					"rotation": [5, 0, 0]
				},
				"neck": {
					"rotation": [10, 0, 0]
				},
				"head": {
					"rotation": [-30, 0, 0]
				},
				"leftfoot": {
					"rotation": [60, 0, 0]
				},
				"rightfoot": {
					"rotation": [60, 0, 0]
				}
			}
		},
		"animation.kabutops.water_swim": {
			"loop": true,
			"bones": {
				"kabutops": {
					"position": [0, -0.55, 0]
				},
				"body": {
					"rotation": [60, 0, 0],
					"position": [0, 0, -4]
				},
				"leftleg": {
					"rotation": [15, 0, 0]
				},
				"rightleg": {
					"rotation": [15, 0, 0]
				},
				"tail": {
					"rotation": [-75, 0, 0]
				},
				"leftarm": {
					"rotation": [15, 15, 60]
				},
				"leftforearm": {
					"rotation": [45, 30, -15]
				},
				"rightarm": {
					"rotation": [15, -15, -60]
				},
				"rightforearm": {
					"rotation": [45, -30, 15]
				},
				"tail2": {
					"rotation": [5, 0, 0]
				},
				"neck": {
					"rotation": [7.5, 0, 0]
				},
				"head": {
					"rotation": [-45, 0, 0]
				},
				"leftknee": {
					"rotation": [-15, 0, 0]
				},
				"leftfoot": {
					"rotation": [60, 0, 0]
				},
				"rightknee": {
					"rotation": [-15, 0, 0]
				},
				"rightfoot": {
					"rotation": [60, 0, 0]
				}
			}
		}
	}
}