{
	"format_version": "1.8.0",
	"animations": {
		"animation.hypno.test": {
			"loop": true,
			"bones": {
				"hypno": {
					"position": [0, 0.25, 0]
				},
				"head": {
					"rotation": [-7.5, 0, 0]
				},
				"nose": {
					"rotation": [0, 0, 0]
				},
				"left_ear": {
					"rotation": [0, 0, 0]
				},
				"lower_torso": {
					"rotation": [0, 0, 0]
				},
				"upper_torso": {
					"rotation": [7.5, 0, 0]
				},
				"left_upper_leg": {
					"rotation": [0.84807, 11.10964, 0.41718]
				},
				"left_lower_leg": {
					"rotation": [12.5, 0, 0]
				},
				"left_upper_arm": {
					"rotation": [-64.10747, 13.30117, -4.59128],
					"position": [0, 0, 1.5]
				},
				"left_lower_arm": {
					"rotation": [-7.40096, 84.97196, -4.95788]
				},
				"left_thumb1": {
					"rotation": [17.76282, -6.93144, 48.89521]
				},
				"left_hand": {
					"rotation": [-0.34331, 6.36046, 27.87598]
				},
				"left_thumb2": {
					"rotation": [0, -52.5, 0]
				},
				"left_index_finger1": {
					"rotation": [0, 0, 42.5]
				},
				"left_index_finger2": {
					"rotation": [0, 0, 80]
				},
				"left_middle_finger1": {
					"rotation": [-2.5, 0, 60]
				},
				"left_middle_finger2": {
					"rotation": [0, 0, 75]
				},
				"left_ring_finger1": {
					"rotation": [-1, 0, 65]
				},
				"left_ring_finger2": {
					"rotation": [0, 0, 72.5]
				},
				"left_pinky_finger1": {
					"rotation": [0, 0, 70]
				},
				"left_pinky_finger2": {
					"rotation": [0, 0, 80]
				},
				"left_toes": {
					"rotation": [-40, 0, 0]
				},
				"left_foot": {
					"rotation": [27.5, 0, 0]
				},
				"neck_fluff": {
					"rotation": [-5, 0, 0]
				},
				"base_fluff": {
					"rotation": [0, 0, 0]
				},
				"front_fluff": {
					"rotation": [2.5, 0, 0]
				},
				"right_upper_arm": {
					"rotation": [-32.648, -22.5347, -24.64068],
					"position": [0, 0, 0.75]
				},
				"right_lower_arm": {
					"rotation": [0, -70, 0]
				},
				"right_hand": {
					"rotation": [14.49305, -7.37276, 13.08647]
				},
				"right_thumb1": {
					"rotation": [-39.86729, -27.44386, -6.22524]
				},
				"right_thumb2": {
					"rotation": [0, 60, 0]
				},
				"right_index_finger1": {
					"rotation": [0, -7.5, 0]
				},
				"right_index_finger2": {
					"rotation": [0, 0, -45]
				},
				"right_middle_finger1": {
					"rotation": [0.7522, -2.38422, -17.51565]
				},
				"right_middle_finger2": {
					"rotation": [0, 0, -35]
				},
				"right_ring_finger1": {
					"rotation": [-0.85553, 2.34914, -20.01754]
				},
				"right_ring_finger2": {
					"rotation": [0, 0, -42.5]
				},
				"right_pinky_finger1": {
					"rotation": [-5.08269, 5.52235, -42.74529]
				},
				"right_pinky_finger2": {
					"rotation": [0, 0, -35]
				},
				"right_upper_leg": {
					"rotation": [0.84807, -11.10964, -0.41718]
				},
				"right_lower_leg": {
					"rotation": [12.5, 0, 0]
				},
				"right_foot": {
					"rotation": [27.5, 0, 0]
				},
				"right_toes": {
					"rotation": [-40, 0, 0]
				},
				"string_1": {
					"rotation": [13.93483, -16.76559, 34.13554],
					"position": [0, -1.5, 0.25]
				},
				"string_2": {
					"rotation": [5, 0, 0]
				},
				"string_3": {
					"rotation": [10, 0, 0]
				},
				"weight": {
					"rotation": [15, 0, 0]
				}
			}
		},
		"animation.hypno.pose": {
			"loop": true,
			"bones": {
				"hypno": {
					"position": [0, 0.15, 0]
				},
				"lower_torso": {
					"rotation": [0, -7.5, 0]
				},
				"upper_torso": {
					"rotation": [7.22339, 13.03468, -3.38141]
				},
				"head": {
					"rotation": [-2.21536, 24.87137, -0.97091]
				},
				"nose": {
					"rotation": [0, -2.5, 0]
				},
				"left_ear": {
					"rotation": [-2.86843, -2.26119, 5.75897]
				},
				"right_ear": {
					"rotation": [-0.03148, 2.49934, 2.43451]
				},
				"left_upper_arm": {
					"rotation": [-63.13697, 36.75053, -1.15022],
					"position": [0, -0.5, 0.75]
				},
				"left_lower_arm": {
					"rotation": [0.01878, 62.47196, -5.03988]
				},
				"left_hand": {
					"rotation": [-1.17386, 6.26102, 20.33085]
				},
				"left_thumb1": {
					"rotation": [17.76282, -6.93144, 48.89521]
				},
				"left_thumb2": {
					"rotation": [0, -52.5, 0]
				},
				"left_index_finger1": {
					"rotation": [0, 0, 42.5]
				},
				"left_index_finger2": {
					"rotation": [0, 0, 80]
				},
				"left_middle_finger1": {
					"rotation": [-2.5, 0, 60]
				},
				"left_middle_finger2": {
					"rotation": [0, 0, 75]
				},
				"left_ring_finger1": {
					"rotation": [-1, 0, 65]
				},
				"left_ring_finger2": {
					"rotation": [0, 0, 72.5]
				},
				"left_pinky_finger1": {
					"rotation": [0, 0, 70]
				},
				"left_pinky_finger2": {
					"rotation": [0, 0, 80]
				},
				"string_1": {
					"rotation": [13.93483, -16.76559, 34.13554],
					"position": [0, -1.5, 0.25]
				},
				"string_2": {
					"rotation": [5, 0, 0]
				},
				"string_3": {
					"rotation": [7.5, 0, 0]
				},
				"weight": {
					"rotation": [12.5, 0, 0]
				},
				"right_upper_arm": {
					"rotation": [-90.48976, 1.93707, 2.54839],
					"position": [0, -0.5, 0.75]
				},
				"right_lower_arm": {
					"rotation": [0, -77.5, 0]
				},
				"right_hand": {
					"rotation": [88.99068, 60.12312, 12.14622]
				},
				"right_thumb1": {
					"rotation": [-6.26984, -22.82003, -24.00808]
				},
				"right_thumb2": {
					"rotation": [0, 75, 0]
				},
				"right_index_finger1": {
					"rotation": [5.08269, -5.52235, -42.74529]
				},
				"right_index_finger2": {
					"rotation": [0, 0, -75]
				},
				"right_middle_finger1": {
					"rotation": [1.68956, -1.84293, -42.52718]
				},
				"right_middle_finger2": {
					"rotation": [0, 0, -75]
				},
				"right_ring_finger1": {
					"rotation": [-1.98385, 1.5216, -52.52635]
				},
				"right_ring_finger2": {
					"rotation": [0, 0, -82.5]
				},
				"right_pinky_finger1": {
					"rotation": [-7.05239, 2.55868, -70.1577]
				},
				"right_pinky_finger2": {
					"rotation": [0, 0, -77.5]
				},
				"neck_fluff": {
					"rotation": [-4.97274, 4.01716, 3.88862]
				},
				"base_fluff": {
					"rotation": [0, 0, 0]
				},
				"front_fluff": {
					"rotation": [2.5, 0, 0]
				},
				"left_upper_leg": {
					"rotation": [20.84807, 11.10964, 0.41718]
				},
				"left_lower_leg": {
					"rotation": [20.32611, 2.27053, 2.70571]
				},
				"left_foot": {
					"rotation": [15, -2.5, 0]
				},
				"left_toes": {
					"rotation": [-55, 0, 0]
				},
				"right_upper_leg": {
					"rotation": [-14.15193, -11.10964, -0.41718]
				},
				"right_lower_leg": {
					"rotation": [-2.48436, -0.75155, -2.38443]
				},
				"right_foot": {
					"rotation": [31.01153, -2.4407, -0.54143]
				},
				"right_toes": {
					"rotation": [-13.5, 0, 0]
				}
			}
		},
		"animation.hypno.ground_idle": {
			"loop": true,
			"bones": {
				"body": {
					"position": [0, "0+math.sin(q.anim_time*90*2-20)*0.1", "0+math.sin(q.anim_time*90*2+20+180)*0.1"]
				},
				"lower_torso": {
					"rotation": ["5+math.sin(q.anim_time*90*2+40)*1", 0, "0+math.sin(q.anim_time*90*1-60+180)*1"],
					"position": [0, "0+math.sin(q.anim_time*90*2-0)*0.1", 0]
				},
				"upper_torso": {
					"rotation": ["0+math.sin(q.anim_time*90*2+20+180)*2", 0, "0+math.sin(q.anim_time*90*1-80)*2"]
				},
				"head": {
					"rotation": ["0+math.sin(q.anim_time*90*2+0+180)*1.5", 0, 0]
				},
				"nose": {
					"rotation": ["0+math.sin(q.anim_time*90*2-20+180)*1", 0, 0]
				},
				"left_ear": {
					"rotation": ["0+math.sin(q.anim_time*90*2-20+180)*3", 0, 0]
				},
				"right_ear": {
					"rotation": ["0+math.sin(q.anim_time*90*2-20+180)*3", 0, 0]
				},
				"left_upper_arm": {
					"rotation": ["11.8225+math.sin(q.anim_time*90*1-0)*2", -10.29658, "50.2744+math.sin(q.anim_time*90*2-0)*1"]
				},
				"left_lower_arm": {
					"rotation": [1.44261, "29.9685+math.sin(q.anim_time*90*1-20)*3", "2.8861+math.sin(q.anim_time*90*2-20)*1"]
				},
				"left_hand": {
					"rotation": [0, "0+math.sin(q.anim_time*90*1-40)*2", "22.5+math.sin(q.anim_time*90*2-40)*3"]
				},
				"left_thumb1": {
					"rotation": [0, 22.5, 0]
				},
				"left_thumb2": {
					"rotation": [0, -90, 0]
				},
				"left_index_finger1": {
					"rotation": [0, 0, 75]
				},
				"left_index_finger2": {
					"rotation": [0, 0, 75]
				},
				"left_middle_finger1": {
					"rotation": [0, 0, 75]
				},
				"left_middle_finger2": {
					"rotation": [0, 0, 75]
				},
				"left_ring_finger1": {
					"rotation": [0, 0, 75]
				},
				"left_ring_finger2": {
					"rotation": [0, 0, 75]
				},
				"left_pinky_finger1": {
					"rotation": [0, 0, 75]
				},
				"left_pinky_finger2": {
					"rotation": [0, 0, 75]
				},
				"pendulum": {
					"position": [-2.5, -1.5, 1]
				},
				"string_1": {
					"rotation": [180, 0, 60]
				},
				"string_2": {
					"rotation": [0, 0, -180]
				},
				"string_3": {
					"rotation": [0, 0, -180]
				},
				"weight": {
					"rotation": [0, 0, 180]
				},
				"right_upper_arm": {
					"rotation": ["11.8225+math.sin(q.anim_time*90*1-0)*2", 10.2966, "-50.2744+math.sin(q.anim_time*90*2-0+180)*1"]
				},
				"right_lower_arm": {
					"rotation": [1.44261, "-29.9685+math.sin(q.anim_time*90*1-20+180)*3", "-2.8861+math.sin(q.anim_time*90*2-20+180)*1"]
				},
				"right_hand": {
					"rotation": [0, "0+math.sin(q.anim_time*90*1-40+180)*2", "-22.5+math.sin(q.anim_time*90*2-40+180)*3"]
				},
				"right_thumb1": {
					"rotation": [0, -25, -22.5]
				},
				"right_thumb2": {
					"rotation": [0, 27.5, 0]
				},
				"right_index_finger1": {
					"rotation": [0, 0, -5]
				},
				"right_index_finger2": {
					"rotation": [0, 0, -37.5]
				},
				"right_middle_finger1": {
					"rotation": [0, 0, -15]
				},
				"right_middle_finger2": {
					"rotation": [0, 0, -37.5]
				},
				"right_ring_finger1": {
					"rotation": [0, 0, -30]
				},
				"right_ring_finger2": {
					"rotation": [0, 0, -32.5]
				},
				"right_pinky_finger1": {
					"rotation": [0, 0, -22.5]
				},
				"right_pinky_finger2": {
					"rotation": [0, 0, -60]
				},
				"neck_fluff": {
					"rotation": ["0+math.sin(q.anim_time*90*2-40+180)*2", 0, "0+math.sin(q.anim_time*90*1-100)*1.5"]
				},
				"front_fluff": {
					"rotation": ["0+math.sin(q.anim_time*90*2-60+180)*2", "0+math.sin(q.anim_time*90*1-120)*1", 0]
				},
				"back_fluff": {
					"rotation": ["0+math.sin(q.anim_time*90*2-60+180)*2", "0+math.sin(q.anim_time*90*1-120)*2", 0]
				},
				"left_fluff": {
					"rotation": [0, "0+math.sin(q.anim_time*90*2-60)*1", "0+math.sin(q.anim_time*90*1-120)*2"]
				},
				"right_fluff": {
					"rotation": [0, "0+math.sin(q.anim_time*90*2-60+180)*1", "0+math.sin(q.anim_time*90*1-120)*2"]
				},
				"left_upper_leg": {
					"rotation": ["1+math.sin(q.anim_time*90*2+0)*1.5", 5, 0],
					"position": ["math.sin(q.anim_time*90*2+20)*0.08", "math.sin(q.anim_time*90*2)*0.02", 0]
				},
				"left_lower_leg": {
					"rotation": ["0+math.sin(q.anim_time*90*2-20+180)*1", 0, 0]
				},
				"left_foot": {
					"rotation": ["-0.1803-math.sin(q.anim_time*90*2+40)*1", 1.98398, -0.85897],
					"position": [0, 0, "math.sin(q.anim_time*90*2+20)*0.04"]
				},
				"right_upper_leg": {
					"rotation": ["1+math.sin(q.anim_time*90*2+0)*1.5", -5, 0],
					"position": ["-math.sin(q.anim_time*90*2+20)*0.08", "math.sin(q.anim_time*90*2)*0.02", 0]
				},
				"right_lower_leg": {
					"rotation": ["0+math.sin(q.anim_time*90*2-20+180)*1", 0, 0]
				},
				"right_foot": {
					"rotation": ["-0.1803-math.sin(q.anim_time*90*2+40)*1", -1.98398, 0.85897],
					"position": [0, 0, "math.sin(q.anim_time*90*2+20)*0.04"]
				}
			}
		},
		"animation.hypno.ground_walk": {
			"loop": true,
			"bones": {
				"body": {
					"position": [0, "1+math.clamp(math.sin(query.anim_time*90*6*1-80)*1,-0.85,1)", 0]
				},
				"lower_torso": {
					"rotation": ["2.5+math.sin(q.anim_time*90*6-90+180)*2", "math.sin(q.anim_time*90*3-40+180)*5", "math.sin(q.anim_time*90*3-30)*2"],
					"position": [0, "0+math.sin(q.anim_time*90*6-90+180)*0.1", 0]
				},
				"upper_torso": {
					"rotation": ["2.5+math.sin(q.anim_time*90*6-120)*1.5", "math.sin(q.anim_time*90*3-60)*3", "math.sin(q.anim_time*90*3-75+180)*1.5"]
				},
				"head": {
					"rotation": ["0+math.sin(q.anim_time*90*6-140)*1", "0+math.sin(q.anim_time*90*3-80)*1", "0+math.sin(q.anim_time*90*3-50+180)*1"]
				},
				"nose": {
					"rotation": ["0+math.sin(q.anim_time*90*6-140+180)*1.5", 0, 0]
				},
				"left_ear": {
					"rotation": ["0+math.sin(q.anim_time*90*6-140+180)*5", 0, "0+math.sin(q.anim_time*90*3-75+180)*2"]
				},
				"right_ear": {
					"rotation": ["0+math.sin(q.anim_time*90*6-140+180)*5", 0, "0+math.sin(q.anim_time*90*3-75+180)*2"]
				},
				"left_upper_arm": {
					"rotation": ["11.8225+math.sin(q.anim_time*90*1.5-0)*2", "-10.2966+math.sin(q.anim_time*90*3+20)*20", "50.2744+math.sin(q.anim_time*90*3-0)*1"]
				},
				"left_lower_arm": {
					"rotation": [1.44261, "29.9685+math.sin(q.anim_time*90*3-10)*10", "2.8861+math.sin(q.anim_time*90*3-20)*1"]
				},
				"left_hand": {
					"rotation": [0, "0+math.sin(q.anim_time*90*3-35)*10", "22.5+math.sin(q.anim_time*90*2-40)*3"]
				},
				"left_thumb1": {
					"rotation": [0, 22.5, 0]
				},
				"left_thumb2": {
					"rotation": [0, -90, 0]
				},
				"left_index_finger1": {
					"rotation": [0, 0, 75]
				},
				"left_index_finger2": {
					"rotation": [0, 0, 75]
				},
				"left_middle_finger1": {
					"rotation": [0, 0, 75]
				},
				"left_middle_finger2": {
					"rotation": [0, 0, 75]
				},
				"left_ring_finger1": {
					"rotation": [0, 0, 75]
				},
				"left_ring_finger2": {
					"rotation": [0, 0, 75]
				},
				"left_pinky_finger1": {
					"rotation": [0, 0, 75]
				},
				"left_pinky_finger2": {
					"rotation": [0, 0, 75]
				},
				"pendulum": {
					"position": [-2.5, -1.5, 1]
				},
				"string_1": {
					"rotation": [180, 0, 60]
				},
				"string_2": {
					"rotation": [0, 0, -180]
				},
				"string_3": {
					"rotation": [0, 0, -180]
				},
				"weight": {
					"rotation": [0, 0, 180]
				},
				"right_upper_arm": {
					"rotation": ["11.8225+math.sin(q.anim_time*90*1.5-0)*2", "10.2966+math.sin(q.anim_time*90*3+20)*20", "-50.2744+math.sin(q.anim_time*90*3-0+180)*1"]
				},
				"right_lower_arm": {
					"rotation": [1.44261, "-29.9685+math.sin(q.anim_time*90*3-10)*10", "-2.8861+math.sin(q.anim_time*90*3-20+180)*1"]
				},
				"right_hand": {
					"rotation": [0, "0+math.sin(q.anim_time*90*3-35)*10", "-22.5+math.sin(q.anim_time*90*2-40+180)*3"]
				},
				"right_thumb1": {
					"rotation": [0, -25, -22.5]
				},
				"right_thumb2": {
					"rotation": [0, 27.5, 0]
				},
				"right_index_finger1": {
					"rotation": [0, 0, -5]
				},
				"right_index_finger2": {
					"rotation": [0, 0, -37.5]
				},
				"right_middle_finger1": {
					"rotation": [0, 0, -15]
				},
				"right_middle_finger2": {
					"rotation": [0, 0, -37.5]
				},
				"right_ring_finger1": {
					"rotation": [0, 0, -30]
				},
				"right_ring_finger2": {
					"rotation": [0, 0, -32.5]
				},
				"right_pinky_finger1": {
					"rotation": [0, 0, -22.5]
				},
				"right_pinky_finger2": {
					"rotation": [0, 0, -60]
				},
				"neck_fluff": {
					"rotation": ["0+math.sin(q.anim_time*90*6-120+180)*3", "0+math.sin(q.anim_time*90*3-90)*2", "0+math.sin(q.anim_time*90*3-100)*1.5"]
				},
				"front_fluff": {
					"rotation": ["0+math.sin(q.anim_time*90*6-140+180)*4", "0+math.sin(q.anim_time*90*3-120)*1", 0]
				},
				"back_fluff": {
					"rotation": ["-2.5+math.sin(q.anim_time*90*6-140+180)*4", "math.sin(q.anim_time*90*3-120)*2", 0]
				},
				"left_fluff": {
					"rotation": [0, "0+math.sin(q.anim_time*90*6-150)*2", "0+math.sin(q.anim_time*90*3-120)*2"]
				},
				"right_fluff": {
					"rotation": [0, "0+math.sin(q.anim_time*90*6-150+180)*2", "0+math.sin(q.anim_time*90*3-120)*2"]
				},
				"left_upper_leg": {
					"rotation": [
						"0.5927+math.clamp(math.sin(query.anim_time*90*3*1+0)*22.5,-22,0)+math.clamp(math.sin(query.anim_time*90*3*1+0)*22.5,0,22)",
						"26.4464+math.sin(q.anim_time*90*3+60)*10",
						-0.91184
					],
					"position": [0, "math.clamp(math.sin(query.anim_time*90*3*1+200)*0.75,-0.1,0.75)", "0+math.sin(q.anim_time*90*3-75)*1"]
				},
				"left_lower_leg": {
					"rotation": ["0+math.clamp(math.sin(query.anim_time*90*3*1-450)*15,-10,14)", 0, 0]
				},
				"left_foot": {
					"rotation": ["-0.1829+math.clamp(math.sin(query.anim_time*90*3*1-40)*30,-10,30)", "4.5292+math.sin(q.anim_time*90*2-0+180)*1", -1.2316]
				},
				"right_upper_leg": {
					"rotation": [
						"0.503+math.clamp(math.sin(query.anim_time*90*3*1+0+180)*22.5,-22,0)+math.clamp(math.sin(query.anim_time*90*3*1+0+180)*22.5,0,22)",
						"-26.449+math.sin(q.anim_time*90*3+60)*10",
						0.88733
					],
					"position": [0, "math.clamp(math.sin(query.anim_time*90*3*1+200+180)*0.75,-0.1,0.75)", "0+math.sin(q.anim_time*90*3-75+180)*1"]
				},
				"right_lower_leg": {
					"rotation": ["0+math.clamp(math.sin(query.anim_time*90*3*1-450+180)*15,-10,14)", 0, 0]
				},
				"right_foot": {
					"rotation": ["-0.3039+math.clamp(math.sin(query.anim_time*90*3*1-40+180)*30,-10,30)", "-4.2427+math.sin(q.anim_time*90*2-0)*1", 2.46579]
				},
				"left_toes": {
					"rotation": ["-15+math.clamp(math.sin(query.anim_time*90*3*1-45+180)*40,-37.5,30)", 0, 0]
				},
				"right_toes": {
					"rotation": ["-15+math.clamp(math.sin(query.anim_time*90*3*1-45)*40,-37.5,30)", 0, 0]
				}
			}
		},
		"animation.hypno.battle_idle": {
			"loop": true,
			"bones": {
				"hypno": {
					"position": [0, 0.5, 0]
				},
				"head": {
					"rotation": ["-7.5+math.sin(q.anim_time*90*2+0+180)*1.5", 0, 0]
				},
				"nose": {
					"rotation": ["0+math.sin(q.anim_time*90*2-20+180)*1", 0, 0]
				},
				"left_ear": {
					"rotation": ["0+math.sin(q.anim_time*90*2-20+180)*3", 0, 0]
				},
				"lower_torso": {
					"rotation": ["10+math.sin(q.anim_time*90*2+40)*1", 0, "0+math.sin(q.anim_time*90*1-60+180)*1"],
					"position": [0, "0+math.sin(q.anim_time*90*2-0)*0.1", 0]
				},
				"upper_torso": {
					"rotation": ["7.5+math.sin(q.anim_time*90*2+20+180)*2", 0, "0+math.sin(q.anim_time*90*1-80)*2"]
				},
				"left_upper_leg": {
					"rotation": ["0.8481+math.sin(q.anim_time*90*2+0)*1.5", 11.10964, 0.41718]
				},
				"left_lower_leg": {
					"rotation": ["12.5+math.sin(q.anim_time*90*2-20+180)*1", 0, 0]
				},
				"left_upper_arm": {
					"rotation": ["-64.1075+math.sin(q.anim_time*90*1.5-0)*2", 13.30117, "-4.5913+math.sin(q.anim_time*90*1.5-0)*1"],
					"position": [0, 0, 1.5]
				},
				"left_lower_arm": {
					"rotation": [-7.40096, "84.972+math.sin(q.anim_time*90*1.5-20)*3", "-4.9579+math.sin(q.anim_time*90*1.5-20)*1"]
				},
				"left_thumb1": {
					"rotation": [17.76282, -6.93144, 48.89521]
				},
				"left_hand": {
					"rotation": ["-5.032+math.sin(q.anim_time*90*1.5-40+180)*3", "0.1366+math.sin(q.anim_time*90*1.5-40)*2", "17.9975+math.sin(q.anim_time*90*1.5-40)*3"]
				},
				"left_thumb2": {
					"rotation": [0, -37.5, 0]
				},
				"left_index_finger1": {
					"rotation": [0, 0, 42.5]
				},
				"left_index_finger2": {
					"rotation": [0, 0, 80]
				},
				"left_middle_finger1": {
					"rotation": [-2.5, 0, 60]
				},
				"left_middle_finger2": {
					"rotation": [0, 0, 75]
				},
				"left_ring_finger1": {
					"rotation": [-1, 0, 65]
				},
				"left_ring_finger2": {
					"rotation": [0, 0, 72.5]
				},
				"left_pinky_finger1": {
					"rotation": [0, 0, 70]
				},
				"left_pinky_finger2": {
					"rotation": [0, 0, 80]
				},
				"left_toes": {
					"rotation": ["-40-math.sin(q.anim_time*90*2+110)*1", "-math.sin(q.anim_time*90*2+160)*1", 0]
				},
				"left_foot": {
					"rotation": ["27.5+math.sin(q.anim_time*90*2+180)*1", "0+math.sin(q.anim_time*90*2-0+180)*1", 0]
				},
				"neck_fluff": {
					"rotation": ["-5+math.sin(q.anim_time*90*2-40+180)*2", 0, "0+math.sin(q.anim_time*90*1-100)*1.5"]
				},
				"base_fluff": {
					"rotation": [0, 0, 0]
				},
				"front_fluff": {
					"rotation": ["2.5+math.sin(q.anim_time*90*2-60+180)*2", "0+math.sin(q.anim_time*90*1-120)*1", 0]
				},
				"right_upper_arm": {
					"rotation": ["-32.648+math.sin(q.anim_time*90*1-0)*2", -22.5347, "-24.6407+math.sin(q.anim_time*90*2-0+180)*1"],
					"position": [0, 0, 0.75]
				},
				"right_lower_arm": {
					"rotation": [0, "-70+math.sin(q.anim_time*90*1-20+180)*3", "0+math.sin(q.anim_time*90*2-20+180)*1"]
				},
				"right_hand": {
					"rotation": [14.49305, "-7.3728+math.sin(q.anim_time*90*1-40+180)*2", "13.0865+math.sin(q.anim_time*90*2-40+180)*3"]
				},
				"right_thumb1": {
					"rotation": ["-41.6955+math.sin(q.anim_time*90*1-70)*5", "-33.1271+math.sin(q.anim_time*90*1-60+180)*10", -0.99927]
				},
				"right_thumb2": {
					"rotation": [0, 60, 0]
				},
				"right_index_finger1": {
					"rotation": [1.30962, -7.38542, "-10.0845+math.sin(q.anim_time*90*1-80+180)*10"]
				},
				"right_index_finger2": {
					"rotation": [0, 0, -45]
				},
				"right_middle_finger1": {
					"rotation": [1.0571, -2.26564, "-25.0209+math.sin(q.anim_time*90*1-110+180)*10"]
				},
				"right_middle_finger2": {
					"rotation": [0, 0, -35]
				},
				"right_ring_finger1": {
					"rotation": [-1.15495, 2.21738, "-27.5224+math.sin(q.anim_time*90*1-140+180)*10"]
				},
				"right_ring_finger2": {
					"rotation": [0, 0, -42.5]
				},
				"right_pinky_finger1": {
					"rotation": [-5.7589, 4.81281, "-50.2422+math.sin(q.anim_time*90*1-170+180)*7.5"]
				},
				"right_pinky_finger2": {
					"rotation": [0, 0, -35]
				},
				"right_upper_leg": {
					"rotation": ["0.8481+math.sin(q.anim_time*90*2+0)*1.5", -11.10964, -0.41718]
				},
				"right_lower_leg": {
					"rotation": ["12.5+math.sin(q.anim_time*90*2-20+180)*1", 0, 0]
				},
				"right_foot": {
					"rotation": ["27.5+math.sin(q.anim_time*90*2+180)*1", "0+math.sin(q.anim_time*90*2-0)*1", 0]
				},
				"right_toes": {
					"rotation": ["-40-math.sin(q.anim_time*90*2+110)*1", "math.sin(q.anim_time*90*2+160)*1", 0]
				},
				"string_1": {
					"rotation": ["10.833+math.sin(q.anim_time*90*1.5-80+180)*30", -9.86148, 37.14382],
					"position": [0, -1.5, 0.25]
				},
				"string_2": {
					"rotation": ["0+math.sin(q.anim_time*90*1.5-105+180)*20", 0, 0]
				},
				"string_3": {
					"rotation": ["0+math.sin(q.anim_time*90*1.5-135+180)*12.5", 0, 0]
				},
				"weight": {
					"rotation": ["0+math.sin(q.anim_time*90*1.5-180+180)*10", 0, 0]
				},
				"body": {
					"position": [0, "0+math.sin(q.anim_time*90*2-20)*0.1", "0+math.sin(q.anim_time*90*2+20+180)*0.1"]
				},
				"right_ear": {
					"rotation": ["0+math.sin(q.anim_time*90*2-20+180)*3", 0, 0]
				},
				"back_fluff": {
					"rotation": ["0+math.sin(q.anim_time*90*2-60+180)*2", "0+math.sin(q.anim_time*90*1-120)*1", 0]
				},
				"left_fluff": {
					"rotation": ["0+math.sin(q.anim_time*90*2-60+180)*2", "0+math.sin(q.anim_time*90*1-120)*1", 0]
				},
				"right_fluff": {
					"rotation": ["0+math.sin(q.anim_time*90*2-60+180)*2", "0+math.sin(q.anim_time*90*1-120)*1", 0]
				}
			}
		},
		"animation.hypno.sleep": {
			"loop": true,
			"bones": {
				"body": {
					"position": [0, "-0.35+math.sin(q.anim_time*90*1-20)*0.1", "0+math.sin(q.anim_time*90*1+20+180)*0.1"]
				},
				"lower_torso": {
					"rotation": ["-7.4976+math.sin(q.anim_time*90*1+40)*1", 4.99968, "0.0563+math.sin(q.anim_time*90*0.5-60+180)*1"],
					"position": [0, "0+math.sin(q.anim_time*90*1-0)*0.1", 0]
				},
				"upper_torso": {
					"rotation": ["14.9713+math.sin(q.anim_time*90*1+20+180)*2", 3.52589, "-0.3901+math.sin(q.anim_time*90*0.5-80)*2"]
				},
				"head": {
					"rotation": ["30.4674+math.sin(q.anim_time*90*1+0+180)*1.5", -29.74904, -11.13918]
				},
				"nose": {
					"rotation": ["0+math.sin(q.anim_time*90*1-20+180)*1", 0, 0]
				},
				"left_ear": {
					"rotation": ["22.5+math.sin(q.anim_time*90*1-20+180)*3", 0, 0]
				},
				"right_ear": {
					"rotation": ["30+math.sin(q.anim_time*90*1-20+180)*3", 0, 0]
				},
				"left_upper_arm": {
					"rotation": ["-55.1459+math.sin(q.anim_time*90*0.5-0)*2", 15.35271, "-3.2812+math.sin(q.anim_time*90*1-0)*1"]
				},
				"left_lower_arm": {
					"rotation": [4.5572, "74.9278+math.sin(q.anim_time*90*1-20)*3", "6.5669+math.sin(q.anim_time*90*1-20)*1"]
				},
				"left_hand": {
					"rotation": [-0.34331, 6.36046, 27.87598]
				},
				"left_thumb1": {
					"rotation": [17.76282, -6.93144, 48.89521]
				},
				"left_thumb2": {
					"rotation": [0, -52.5, 0]
				},
				"left_index_finger1": {
					"rotation": [0, 0, 42.5]
				},
				"left_index_finger2": {
					"rotation": [0, 0, 80]
				},
				"left_middle_finger1": {
					"rotation": [-2.5, 0, 60]
				},
				"left_middle_finger2": {
					"rotation": [0, 0, 75]
				},
				"left_ring_finger1": {
					"rotation": [-1, 0, 65]
				},
				"left_ring_finger2": {
					"rotation": [0, 0, 72.5]
				},
				"left_pinky_finger1": {
					"rotation": [0, 0, 70]
				},
				"left_pinky_finger2": {
					"rotation": [0, 0, 80]
				},
				"pendulum": {
					"position": [0, 0, 0]
				},
				"string_1": {
					"rotation": ["8.8894+math.sin(q.anim_time*90*1-70+180)*25", -14.79423, 16.05925],
					"position": [0, -1.5, 0.25]
				},
				"string_2": {
					"rotation": ["0+math.sin(q.anim_time*90*1-95+180)*15", 0, 0]
				},
				"string_3": {
					"rotation": ["0+math.sin(q.anim_time*90*1-125+180)*10", 0, 0]
				},
				"weight": {
					"rotation": ["0+math.sin(q.anim_time*90*1-170+180)*7.5", 0, 0]
				},
				"right_upper_arm": {
					"rotation": ["10.1019+math.sin(q.anim_time*90*0.5-0)*2", 9.71865, "-60.7593+math.sin(q.anim_time*90*1-0+180)*1"]
				},
				"right_lower_arm": {
					"rotation": [1.33472, "-19.9714+math.sin(q.anim_time*90*0.5-20+180)*3", "-2.6213+math.sin(q.anim_time*90*1-20+180)*1"]
				},
				"right_hand": {
					"rotation": [0, "0+math.sin(q.anim_time*90*0.5-40+180)*2", "-22.5+math.sin(q.anim_time*90*1-40+180)*3"]
				},
				"right_thumb1": {
					"rotation": [0, -25, -22.5]
				},
				"right_thumb2": {
					"rotation": [0, 27.5, 0]
				},
				"right_index_finger1": {
					"rotation": [0, 0, -5]
				},
				"right_index_finger2": {
					"rotation": [0, 0, -37.5]
				},
				"right_middle_finger1": {
					"rotation": [0, 0, -15]
				},
				"right_middle_finger2": {
					"rotation": [0, 0, -37.5]
				},
				"right_ring_finger1": {
					"rotation": [0, 0, -30]
				},
				"right_ring_finger2": {
					"rotation": [0, 0, -32.5]
				},
				"right_pinky_finger1": {
					"rotation": [0, 0, -22.5]
				},
				"right_pinky_finger2": {
					"rotation": [0, 0, -60]
				},
				"neck_fluff": {
					"rotation": ["2.6372+math.sin(q.anim_time*90*1-40+180)*2", -24.9943, "-11.8571+math.sin(q.anim_time*90*0.5-100)*1.5"]
				},
				"front_fluff": {
					"rotation": ["0+math.sin(q.anim_time*90*1-60+180)*2", "0+math.sin(q.anim_time*90*0.5-120)*1", 0]
				},
				"back_fluff": {
					"rotation": ["0+math.sin(q.anim_time*90*1-60+180)*2", "0+math.sin(q.anim_time*90*0.5-120)*2", 0]
				},
				"left_fluff": {
					"rotation": [0, "0+math.sin(q.anim_time*90*1-60)*1", "0+math.sin(q.anim_time*90*0.5-120)*2"]
				},
				"right_fluff": {
					"rotation": [0, "0+math.sin(q.anim_time*90*1-60+180)*1", "0+math.sin(q.anim_time*90*0.5-120)*2"]
				},
				"left_upper_leg": {
					"rotation": ["-4+math.sin(q.anim_time*90*1+0)*1.5", 5, 0]
				},
				"left_lower_leg": {
					"rotation": ["5+math.sin(q.anim_time*90*1-20+180)*1", 0, 0]
				},
				"left_foot": {
					"rotation": ["-0.2977+math.sin(q.anim_time*90*1+180)*1", "6.7419+math.sin(q.anim_time*90*1-0+180)*1", -2.40084]
				},
				"right_upper_leg": {
					"rotation": ["-4+math.sin(q.anim_time*90*1+0)*1.5", -5, 0]
				},
				"right_lower_leg": {
					"rotation": ["5+math.sin(q.anim_time*90*1-20+180)*1", 0, 0]
				},
				"right_foot": {
					"rotation": ["-0.2977+math.sin(q.anim_time*90*1+180)*1", "-6.7419+math.sin(q.anim_time*90*1-0)*1", 2.40084]
				},
				"right_eyelid": {
					"position": [-0.1, 0, -0.1]
				},
				"left_eyelid": {
					"position": [0.1, 0, -0.1]
				},
				"base_fluff": {
					"rotation": [0, 0, 0]
				}
			}
		},
		"animation.hypno.cry": {
			"animation_length": 1.25,
			"bones": {
				"head": {
					"rotation": {
						"0.0": {
							"post": [0, 0, 0],
							"lerp_mode": "catmullrom"
						},
						"0.125": {
							"post": [5, 0, 0],
							"lerp_mode": "catmullrom"
						},
						"0.25": {
							"post": [-5, 0, 0],
							"lerp_mode": "catmullrom"
						},
						"1.0": {
							"post": [-5, 0, 0],
							"lerp_mode": "catmullrom"
						},
						"1.25": {
							"post": [0, 0, 0],
							"lerp_mode": "catmullrom"
						}
					}
				},
				"mouth": {
					"position": {
						"0.0": [0, 0, 0],
						"0.2083": [0, 0, -0.1],
						"0.25": [0, -0.8, -0.1],
						"1.0": [0, -0.8, -0.1],
						"1.0417": [0, 0, -0.1],
						"1.25": [0, 0, 0]
					}
				}
			}
		},
		"animation.hypno.blink": {
			"animation_length": 0.16667,
			"bones": {
				"right_eyelid": {
					"position": {
						"0.0": [-0.1, 0, -0.1],
						"0.125": [-0.1, 0, -0.1],
						"0.1667": [0, 0, 0]
					}
				},
				"left_eyelid": {
					"position": {
						"0.0": [0.1, 0, -0.1],
						"0.125": [0.1, 0, -0.1],
						"0.1667": [0, 0, 0]
					}
				}
			}
		}
	}
}