{
	"format_version": "1.8.0",
	"animations": {
		"animation.ludicolo.ground_idle": {
			"loop": true,
			"bones": {
				"arm_left": {
					"rotation": [-51.18112, "24.8382+Math.cos((query.anim_time+0.1) * 90 * 3) * -10", "53.1001+Math.cos((query.anim_time+0.1) * 90 * 3) * 10"]
				},
				"arm_left2": {
					"rotation": [-0.81625, "37.5823+Math.cos((query.anim_time-0.2) * 90 * 3) * -5", 14.48852]
				},
				"hand_left": {
					"rotation": [0, 77.5, -72.5]
				},
				"thumb_left": {
					"rotation": [30.40773, -24.1782, -13.51584]
				},
				"finger_left": {
					"rotation": [0, 0, 25]
				},
				"arm_right": {
					"rotation": [-51.18112, "-24.8382+Math.cos((query.anim_time) * 90 * 3) * -10", "-53.1001+Math.cos((query.anim_time) * 90 * 3) * 10"]
				},
				"arm_right2": {
					"rotation": [-0.81625, "-37.5823+Math.cos((query.anim_time-0.1) * 90 * 3) * -5", -14.48852]
				},
				"hand_right": {
					"rotation": [0, -77.5, 72.5]
				},
				"thumb_right": {
					"rotation": [30.40773, 24.1782, 13.51584]
				},
				"finger_right": {
					"rotation": [0, 0, -25]
				},
				"torso": {
					"rotation": [0, 0, "0+Math.cos((query.anim_time) * 90 * 3) * 3"],
					"position": [
						"0+Math.sin((query.anim_time) * 90 * 3) * -0.5",
						"0+1.3*math.clamp(math.sin((q.anim_time-0.5)*90*3)*1+0,0,1.3)-1*math.clamp(math.sin((q.anim_time-0.5)*90*3)*1+1,0,1.3)",
						0
					]
				},
				"pineapple": {
					"rotation": [0, 0, "0+Math.cos((query.anim_time-0.3) * 90 * 3) * 5"]
				},
				"jaw": {
					"rotation": ["7.5+Math.cos((query.anim_time-0.2) * 90 * 3) * 5", 0, 0],
					"position": [0, "0.3+Math.cos((query.anim_time-0.1) * 90 * 3) * -0.2", 0]
				},
				"leg_left": {
					"rotation": [0, 0, "0-10*math.clamp(math.sin((q.anim_time-1.1)*90*3)*1.1+0.2,0,1.3)+1*math.clamp(math.sin((q.anim_time)*90*3)*1+1,0,0)"],
					"position": [0, "0+1*math.clamp(math.sin((q.anim_time-1)*90*3)*1.1+0.2,0,1.3)+1*math.clamp(math.sin((q.anim_time)*90*3)*1+1,0,0)", 0]
				},
				"leg_right": {
					"rotation": [0, 0, "0+10*math.clamp(math.sin((q.anim_time-0.5)*90*3)*1.1+0.2,0,1.3)+1*math.clamp(math.sin((q.anim_time)*90*3)*1+1,0,0)"],
					"position": [0, "0+1*math.clamp(math.sin((q.anim_time-0.4)*90*3)*1.1+0.2,0,1.3)+1*math.clamp(math.sin((q.anim_time)*90*3)*1+1,0,0)", 0]
				}
			}
		},
		"animation.ludicolo.ground_walk": {
			"loop": true,
			"bones": {
				"torso": {
					"rotation": ["Math.cos((query.anim_time-0.3) * 90 * 2) * 4", 0, "Math.cos((query.anim_time-0.3) * 90 * 4) * 4"],
					"position": [0, "0+1.2*math.clamp(math.sin((q.anim_time-0.1)*90*4)*1+0,0,1.3)-1.2*math.clamp(math.sin((q.anim_time-0.1)*90*4)*1+1,0,1)", 0]
				},
				"pineapple": {
					"rotation": [0, 0, "Math.cos((query.anim_time-0.5) * 90 * 4) * 6"]
				},
				"tail": {
					"rotation": ["7.5+Math.cos((query.anim_time-0.5) * 90 * 4) * 6", 0, 0]
				},
				"jaw": {
					"rotation": [0, 0, 0],
					"position": [0, "Math.cos((query.anim_time-0.7) * 90 * 2) * 0.2", 0]
				},
				"arm_left": {
					"rotation": [-87.29431, "22.4774+Math.cos((query.anim_time-0.3) * 90 * 4) * 10", "31.0351+Math.cos((query.anim_time-0.5) * 90 * 4) * 10"]
				},
				"arm_left2": {
					"rotation": [0, 0, 47.5]
				},
				"hand_left": {
					"rotation": [0, "97.5+Math.cos((query.anim_time-0.5) * 90 * 4) * 10", -90]
				},
				"thumb_left": {
					"rotation": [7.5, -20, 0]
				},
				"finger_left": {
					"rotation": [0, 0, 22.5]
				},
				"arm_right": {
					"rotation": [-87.29431, "-22.4774+Math.cos((query.anim_time-0.3) * 90 * 4) * 10", "-31.0351+Math.cos((query.anim_time-0.5) * 90 * 4) * 10"]
				},
				"arm_right2": {
					"rotation": [0, 0, -47.5]
				},
				"hand_right": {
					"rotation": [0, "-97.5+Math.cos((query.anim_time-0.5) * 90 * 4) * 10", 90]
				},
				"thumb_right": {
					"rotation": [7.5, 20, 0]
				},
				"finger_right": {
					"rotation": [0, 0, -22.5]
				},
				"leg_left": {
					"rotation": ["0+Math.cos((query.anim_time) * 90 * 4) * -15", 0, 0],
					"position": [
						0,
						"0+1*math.clamp(math.sin((q.anim_time-0.5)*90*4)*1.1+0.2,0,1.3)+1*math.clamp(math.sin((q.anim_time)*90*4)*1+1,0,0)",
						"-0.5+Math.cos((query.anim_time) * 90 * 4) * -1"
					]
				},
				"leg_right": {
					"rotation": ["0+Math.cos((query.anim_time) * 90 * 4) * 15", 0, 0],
					"position": [
						0,
						"0+1*math.clamp(math.sin((q.anim_time)*90*4)*1.1+0.2,0,1.3)+1*math.clamp(math.sin((q.anim_time)*90*4)*1+1,0,0)",
						"-0.5+Math.cos((query.anim_time) * 90 * 4) * 1"
					]
				}
			}
		},
		"animation.ludicolo.water_idle": {
			"loop": true,
			"bones": {
				"body": {
					"rotation": ["7.5+Math.cos((query.anim_time) * 90 * 2) * 1", 0, 0],
					"position": [0, "-6+Math.cos((query.anim_time-0.5) * 90 * 2) * 0.3", 0]
				},
				"pineapple": {
					"rotation": ["0+Math.cos((query.anim_time-0.3) * 90 * 2) * 3", 0, 0]
				},
				"tail": {
					"rotation": ["30+Math.cos((query.anim_time-0.2) * 90 * 2) * -3", 0, 0]
				},
				"jaw": {
					"rotation": ["0+Math.cos((query.anim_time-0.2) * 90 * 2) * -3", 0, 0]
				},
				"arm_left": {
					"rotation": [25, 32.5, "20+Math.cos((query.anim_time-0.3) * 90 * 2) * 3"]
				},
				"arm_left2": {
					"rotation": [0, 35, 0]
				},
				"hand_left": {
					"rotation": [0, 0, -22.5]
				},
				"thumb_left": {
					"rotation": [17.5, -47.5, 0]
				},
				"finger_left": {
					"rotation": [0, 0, 35]
				},
				"arm_right": {
					"rotation": [25, -32.5, "-20+Math.cos((query.anim_time-0.3) * 90 * 2) * -3"]
				},
				"arm_right2": {
					"rotation": [0, -35, 0]
				},
				"hand_right": {
					"rotation": [0, 0, 22.5]
				},
				"thumb_right": {
					"rotation": [17.5, 47.5, 0]
				},
				"finger_right": {
					"rotation": [0, 0, -35]
				},
				"leg_left": {
					"rotation": ["29.8376+Math.cos((query.anim_time-0.2) * 90 * 2) * 5", 19.20748, -29.83757],
					"position": [1, 1, 0]
				},
				"leg_right": {
					"rotation": ["29.8376+Math.cos((query.anim_time-0.2) * 90 * 2) * 5", -19.20748, 29.83757],
					"position": [-1, 1, 0]
				}
			}
		},
		"animation.ludicolo.water_swim": {
			"loop": true,
			"animation_length": 1,
			"bones": {
				"body": {
					"rotation": ["87.5+Math.cos((query.anim_time-0.2) * 90 * 4-20) * -3", 0, 0],
					"position": [0, -10, "0+Math.cos((query.anim_time-0.1) * 90 * 4) * 2"]
				},
				"jaw": {
					"rotation": [-12.5, 0, 0],
					"position": [0, 1, 0]
				},
				"arm_left": {
					"rotation": {
						"0.0": [-180, 0, -42.5],
						"0.0833": [-183.33017, -0.14532, -37.99578],
						"0.125": [-182.75, 0, -29.25],
						"0.3333": [-157.5, 0, 41.75],
						"0.4167": [-143.90098, -1.47357, 53.89478],
						"0.5": [-130.25, 0, 57.5],
						"0.5833": [-118.65098, -1.47357, 53.89478],
						"0.6667": [-120, 0, 43.75],
						"0.875": [-150.5, 0, -31.5],
						"0.9167": [-162.33017, -0.14532, -37.99578],
						"1.0": [-180, 0, -42.5]
					}
				},
				"arm_left2": {
					"rotation": {
						"0.0": [0, 0, 17.5],
						"0.25": [0, 0, 22.5],
						"0.5": [0, 0, 12.5],
						"0.5417": [0, 0, 17.75],
						"0.6667": [0, 0, 74.75],
						"0.75": [0, 0, 85],
						"0.8333": [0, 0, 63.33],
						"0.9167": [0, 0, 32.92],
						"1.0": [0, 0, 17.5]
					}
				},
				"hand_left": {
					"rotation": {
						"0.0": [171.93569, -7.43547, -29.14743],
						"0.125": [166.52305, 5.17936, 20.67716],
						"0.25": [167.26585, 7.99365, 31.60659],
						"0.375": [166.52305, 5.17936, 20.67716],
						"0.5": [166.92285, -0.38427, 0.02417],
						"0.5833": [167.9988, -9.06524, -30.54514],
						"0.75": [170.00636, -10.35543, -45.3919],
						"1.0": [166.93569, -7.43547, -29.14743]
					}
				},
				"thumb_left": {
					"rotation": {
						"0.0": [30.40773, -24.1782, -13.51584],
						"0.25": [17.90773, -24.1782, -13.51584],
						"0.75": [90.40773, -24.1782, -13.51584],
						"1.0": [30.40773, -24.1782, -13.51584]
					}
				},
				"finger_left": {
					"rotation": {
						"0.0": [0, 0, 37.5],
						"0.2917": [0, 0, 12.5],
						"0.75": [0, 0, 81.18],
						"1.0": [0, 0, 37.5]
					}
				},
				"arm_right": {
					"rotation": {
						"0.0": [-180, 0, 42.5],
						"0.0833": [-183.33017, 0.14532, 37.99578],
						"0.125": [-182.75, 0, 29.25],
						"0.3333": [-157.5, 0, -41.75],
						"0.4167": [-143.90098, 1.47357, -53.89478],
						"0.5": [-130.25, 0, -57.5],
						"0.5833": [-118.65098, 1.47357, -53.89478],
						"0.6667": [-120, 0, -43.75],
						"0.875": [-150.5, 0, 31.5],
						"0.9167": [-162.33017, 0.14532, 37.99578],
						"1.0": [-180, 0, 42.5]
					}
				},
				"arm_right2": {
					"rotation": {
						"0.0": [0, 0, -17.5],
						"0.25": [0, 0, -22.5],
						"0.5": [0, 0, -12.5],
						"0.5417": [0, 0, -17.75],
						"0.6667": [0, 0, -74.75],
						"0.75": [0, 0, -85],
						"0.8333": [0, 0, -63.33],
						"0.9167": [0, 0, -32.92],
						"1.0": [0, 0, -17.5]
					}
				},
				"hand_right": {
					"rotation": {
						"0.0": [171.93569, 7.43547, 29.14743],
						"0.125": [166.52305, -5.17936, -20.67716],
						"0.25": [167.26585, -7.99365, -31.60659],
						"0.375": [166.52305, -5.17936, -20.67716],
						"0.5": [166.92285, 0.38427, -0.02417],
						"0.5833": [167.9988, 9.06524, 30.54514],
						"0.75": [170.00636, 10.35543, 45.3919],
						"1.0": [166.93569, 7.43547, 29.14743]
					}
				},
				"thumb_right": {
					"rotation": {
						"0.0": [30.40773, 24.1782, 13.51584],
						"0.25": [17.90773, 24.1782, 13.51584],
						"0.75": [90.40773, 24.1782, 13.51584],
						"1.0": [30.40773, 24.1782, 13.51584]
					}
				},
				"finger_right": {
					"rotation": {
						"0.0": [0, 0, -37.5],
						"0.2917": [0, 0, -12.5],
						"0.75": [0, 0, -81.18],
						"1.0": [0, 0, -37.5]
					}
				},
				"leg_left": {
					"rotation": ["0+Math.cos((query.anim_time-0.2) * 90 * 8) * 8", 0, 0]
				},
				"leg_right": {
					"rotation": ["0+Math.cos((query.anim_time-0.2) * 90 * 8) * -8", 0, 0]
				}
			}
		},
		"animation.ludicolo.faint": {
			"loop": true,
			"animation_length": 3,
			"bones": {
				"body": {
					"rotation": {
						"0.0": [0, 0, 0],
						"0.2083": [7.6, 13.42, 0],
						"0.375": [10.53, 19.66, 0],
						"0.6667": [12.5, 22.5, 0],
						"0.9167": [13, 23.25, 0],
						"1.125": [1.5, -206.88, 11.5],
						"1.4167": [0, -327.75, 13],
						"1.5833": [5, -343.37, 11.75],
						"1.75": [20, -359, 0],
						"1.875": [12.75, -359, 0],
						"1.9583": [-17, -359, 0],
						"2.125": [-34.75, -359, 0],
						"2.25": [-93, -365, 0],
						"2.2917": [-100.5, -365, 0],
						"2.375": [-92.5, -365, 0],
						"2.5": [-90.5, -365, 0]
					},
					"position": {
						"0.0": [0, 0, 0],
						"0.75": [0, 0, 0],
						"0.875": [0, -1.75, 0],
						"0.9167": [0, 0, 0],
						"1.0": [0, 2.5, 0],
						"1.2917": [0, 3.35, 0],
						"1.5417": [0, 1.25, 0],
						"1.625": [0, -1.4, 0],
						"1.75": [0, -2.25, 0],
						"1.875": [0, 5.75, -1],
						"2.0": [0, 6.25, 0],
						"2.125": [0, 3.5, 2.4],
						"2.25": [0, -6.25, 8.1],
						"2.2917": [0, -7.08, 8.25],
						"2.375": [0, -5.75, 8.55],
						"2.4583": [0, -5, 8.5]
					}
				},
				"pineapple": {
					"rotation": {
						"0.0": [0, 0, 0],
						"0.8333": [0, 0, 0],
						"0.9583": [12.08681, 3.21132, -14.65993],
						"1.875": [0, 0, 0],
						"2.0833": [30, 0, 0],
						"2.2083": [30, 0, 0],
						"2.2917": [-2.5, 0, 0],
						"2.4583": [10, 0, 0],
						"2.625": [2.5, 0, 0],
						"2.8333": [0, 0, 0]
					}
				},
				"jaw": {
					"rotation": {
						"0.0": [0, 0, 0],
						"0.4583": [-20.28, 0, 0],
						"0.75": [-25, 0, 0],
						"0.875": [-19, 0, 0],
						"0.9583": [42.5, 0, 0],
						"1.5833": [43.5, 0, 0],
						"1.7083": [1, 0, 0],
						"1.9167": [7.14, 0, 0],
						"2.0833": [40, 0, 0],
						"2.1667": [32.5, 0, 0],
						"2.25": [10, 0, 0],
						"2.4167": [23.75, 0, 0],
						"2.625": [26.25, 0, 0]
					}
				},
				"eyelid_left": {
					"position": {
						"0.0": [0, 0, 0],
						"0.0417": [0, 0, -0.15],
						"0.9167": [0, 0, -0.15],
						"0.9583": [0, 0, 0],
						"1.5417": [0, 0, 0],
						"1.5833": [0, 0, -0.15],
						"1.875": [0, 0, -0.15],
						"1.9167": [0, 0, 0],
						"2.25": [0, 0, 0],
						"2.2917": [0, 0, -0.15]
					}
				},
				"eyelid_right": {
					"position": {
						"0.0": [0, 0, 0],
						"0.0417": [0, 0, -0.15],
						"0.9167": [0, 0, -0.15],
						"0.9583": [0, 0, 0],
						"1.5417": [0, 0, 0],
						"1.5833": [0, 0, -0.15],
						"1.875": [0, 0, -0.15],
						"1.9167": [0, 0, 0],
						"2.25": [0, 0, 0],
						"2.2917": [0, 0, -0.15]
					}
				},
				"arm_left": {
					"rotation": {
						"0.0": [-42.5, 0, 0],
						"0.2917": [-54.88991, 47.12759, 20.30911],
						"0.5": [-63.49475, 54.55312, 22.11016],
						"0.875": [-66.24308, 50.02461, 18.63923],
						"1.0": [-68.36598, 45.41054, 15.77241],
						"1.375": [-73.52973, -24.09293, -6.8817],
						"1.7083": [-74.30716, 16.88547, 4.6653],
						"1.7917": [-73.05716, 11.13547, 12.1653],
						"1.875": [-67.21016, 8.00194, 45.2756],
						"2.0": [-72.27073, 14.72571, -16.11923],
						"2.125": [-85.10385, 22.39284, -26.70861],
						"2.2083": [-83.59133, 36.04557, -24.87579],
						"2.2917": [-84.47797, -34.90812, -31.74435],
						"2.375": [-85.18368, -19.96815, -30.2259],
						"2.4167": [-85.36383, -12.49357, -29.58274],
						"2.5": [-85.40385, -18.75168, -29.37762],
						"2.5417": [-84.63593, -32.41938, -31.45945]
					}
				},
				"arm_left2": {
					"rotation": {
						"0.0": [0, 0, 30],
						"0.2917": [0, 0, 50],
						"0.5": [0, 0, 60],
						"0.875": [0, 0, 57.5],
						"1.0": [0, 0, 53.5],
						"1.4583": [0, 0, 31.77],
						"1.625": [0, 0, 0],
						"1.7917": [0, 0, 65],
						"1.9167": [0, 0, 21],
						"2.0833": [0, 0, 8.5],
						"2.25": [0, 0, 21],
						"2.4167": [0, 0, 16.83],
						"2.5833": [0, 0, 14.5]
					}
				},
				"hand_left": {
					"rotation": [0, 0, 0]
				},
				"thumb_left": {
					"rotation": {
						"0.0": [25, 0, 0],
						"0.2917": [67.08, 0, 0],
						"0.5": [85, 0, 0],
						"0.875": [85, 0, 0],
						"1.0": [7.5, 0, 0],
						"1.4167": [28.09, 0, 0],
						"1.7083": [85, 0, 0],
						"2.0": [22.5, 0, 0]
					}
				},
				"finger_left": {
					"rotation": {
						"0.0": [0, 0, 22.5],
						"0.2917": [0, 0, 73.54],
						"0.5": [0, 0, 87.5],
						"0.875": [0, 0, 87.5],
						"1.0": [0, 0, 12.5],
						"1.4167": [0, 0, 26.62],
						"1.7083": [0, 0, 87.5],
						"2.0": [0, 0, 25]
					}
				},
				"arm_right": {
					"rotation": {
						"0.0": [-47.5, 0, 0],
						"0.2917": [-54.88991, -47.12759, -20.30911],
						"0.5": [-63.49475, -54.55312, -22.11016],
						"0.875": [-66.24308, -50.02461, -18.63923],
						"1.0": [-72.37472, 31.26463, 9.36302],
						"1.375": [-73.52973, 24.09293, 6.8817],
						"1.7083": [-74.30716, -16.88547, -4.6653],
						"1.7917": [-73.05716, -11.13547, -12.1653],
						"1.875": [-67.21016, -8.00194, -45.2756],
						"2.0": [-72.27073, -14.72571, 16.11923],
						"2.125": [-85.10385, -22.39284, 26.70861],
						"2.2083": [-83.59133, -36.04557, 24.87579],
						"2.2917": [-84.47797, 34.90812, 31.74435],
						"2.375": [-85.18368, 19.96815, 30.2259],
						"2.4167": [-85.36383, 12.49357, 29.58274],
						"2.5": [-85.40385, 18.75168, 29.37762],
						"2.5417": [-84.63593, 32.41938, 31.45945]
					}
				},
				"arm_right2": {
					"rotation": {
						"0.0": [0, 0, -35],
						"0.2917": [0, 0, -50],
						"0.5": [0, 0, -60],
						"0.875": [0, 0, -57.5],
						"1.0": [0, 0, 0],
						"1.625": [0, 0, 0],
						"1.7917": [0, 0, -65],
						"2.0": [0, 0, -20],
						"2.1667": [0, 0, -7.5],
						"2.3333": [0, 0, -20],
						"2.5417": [0, 0, -14.83],
						"2.7083": [0, 0, -12.5]
					}
				},
				"hand_right": {
					"rotation": [0, 0, 0]
				},
				"thumb_right": {
					"rotation": {
						"0.0": [25, 0, 0],
						"0.2917": [67.08, 0, 0],
						"0.5": [85, 0, 0],
						"0.875": [85, 0, 0],
						"1.0": [7.5, 0, 0],
						"1.4167": [28.09, 0, 0],
						"1.7083": [85, 0, 0],
						"2.0": [22.5, 0, 0]
					}
				},
				"finger_right": {
					"rotation": {
						"0.0": [0, 0, -22.5],
						"0.2917": [0, 0, -73.54],
						"0.5": [0, 0, -87.5],
						"0.875": [0, 0, -87.5],
						"1.0": [0, 0, -12.5],
						"1.4167": [0, 0, -26.62],
						"1.7083": [0, 0, -87.5],
						"2.0": [0, 0, -25]
					}
				},
				"leg_left": {
					"rotation": {
						"0.0": [0, 0, 0],
						"0.2917": [-11.25905, -0.69372, -4.34389],
						"0.5": [-12.45392, -1.08089, -4.88206],
						"0.7083": [-15.78725, -1.08089, -4.88206],
						"0.875": [-49.95392, -1.08089, -4.88206],
						"1.0417": [-54.95392, -1.08089, -4.88206],
						"1.5417": [-32.45392, -1.08089, -4.88206],
						"1.625": [0.04608, -1.08089, -4.88206],
						"1.7083": [-47.0624, -9.10296, -7.61021],
						"1.875": [2.82525, -14.99042, -5.68361],
						"2.0833": [-38.3517, -14.68611, -4.84663],
						"2.2083": [-25.8517, -14.68611, -4.84663],
						"2.2917": [41.6483, -14.68611, -4.84663],
						"2.4167": [5.1483, -14.68611, -4.84663],
						"2.625": [-0.8517, -14.68611, -4.84663],
						"2.8333": [6.6483, -14.68611, -4.84663],
						"2.9167": [26.6483, -14.68611, -4.84663]
					}
				},
				"leg_right": {
					"rotation": {
						"0.0": [0, 0, 0],
						"0.2917": [-11.25905, 0.69372, 4.34389],
						"0.5": [-12.45392, 1.08089, 4.88206],
						"0.7083": [-15.78725, 1.08089, 4.88206],
						"0.875": [-49.95392, 1.08089, 4.88206],
						"1.0417": [-54.95392, 1.08089, 4.88206],
						"1.5417": [-32.45392, 1.08089, 4.88206],
						"1.625": [0.04608, 1.08089, 4.88206],
						"1.7083": [-47.0624, 9.10296, 7.61021],
						"1.875": [2.82525, 14.99042, 5.68361],
						"2.0833": [-38.3517, 14.68611, 4.84663],
						"2.2083": [-25.8517, 14.68611, 4.84663],
						"2.2917": [41.6483, 14.68611, 4.84663],
						"2.4167": [5.1483, 14.68611, 4.84663],
						"2.5833": [-0.8517, 14.68611, 4.84663],
						"2.75": [6.6483, 14.68611, 4.84663],
						"2.8333": [26.6483, 14.68611, 4.84663]
					}
				},
				"torso": {
					"rotation": {
						"0.0": [0, 0, 0],
						"1.8333": [0, 0, 0],
						"1.9583": [10, 0, 0],
						"2.375": [7.5, 0, 0],
						"2.4167": [10, 0, 0],
						"2.5": [7.5, 0, 0],
						"2.5417": [8.5, 0, 0],
						"2.75": [6.5, 0, 0]
					}
				}
			}
		},
		"animation.ludicolo.cry": {
			"animation_length": 1.5,
			"bones": {
				"neck": {
					"rotation": {
						"0.0": [0, 0, 0],
						"0.25": [10, 0, 0],
						"1.25": [10, 0, 0],
						"1.5": [0, 0, 0]
					}
				},
				"head": {
					"rotation": {
						"0.0": [0, 0, 0],
						"0.25": [-15, 0, 0],
						"1.25": [-15, 0, 0],
						"1.5": [0, 0, 0]
					}
				},
				"jaw": {
					"rotation": {
						"0.0": {
							"post": [0, 0, 0],
							"lerp_mode": "catmullrom"
						},
						"0.0833": {
							"post": [-12.59, 0, 0],
							"lerp_mode": "catmullrom"
						},
						"0.25": {
							"post": [25, 0, 0],
							"lerp_mode": "catmullrom"
						},
						"1.25": {
							"post": [25, 0, 0],
							"lerp_mode": "catmullrom"
						},
						"1.5": {
							"post": [0, 0, 0],
							"lerp_mode": "catmullrom"
						}
					},
					"position": {
						"0.0": {
							"post": [0, 1.5, 0],
							"lerp_mode": "catmullrom"
						},
						"0.25": {
							"post": [0, 0.5, 0],
							"lerp_mode": "catmullrom"
						},
						"1.25": {
							"post": [0, 0.5, 0],
							"lerp_mode": "catmullrom"
						},
						"1.5": {
							"post": [0, 1.5, 0],
							"lerp_mode": "catmullrom"
						}
					}
				}
			}
		},
		"animation.ludicolo.sleep": {
			"loop": true,
			"bones": {
				"body": {
					"rotation": [-90, 0, 0],
					"position": [0, -5, 0]
				},
				"torso": {
					"rotation": ["0+Math.cos((query.anim_time) * 90 * 1) * 1", 0, 0],
					"position": [0, 0, "0+Math.cos((query.anim_time-0.2) * 90 * 1) * 0.2"]
				},
				"pineapple": {
					"rotation": [-12.5, 0, 0]
				},
				"tail": {
					"rotation": ["-32.5+Math.cos((query.anim_time) * 90 * 1) * -3", 0, 0]
				},
				"jaw": {
					"rotation": ["30+Math.cos((query.anim_time-0.2) * 90 * 1) * 6", 0, 0]
				},
				"eyelid_left": {
					"position": [0, 0, -0.25]
				},
				"eyelid_right": {
					"position": [0, 0, -0.25]
				},
				"arm_left": {
					"rotation": [-38.68426, 40.70911, 46.49466],
					"position": [0, 0, 1]
				},
				"arm_left2": {
					"rotation": [0, 0, 45]
				},
				"hand_left": {
					"rotation": [20, 0, 55]
				},
				"thumb_left": {
					"rotation": [20, -77.5, 0]
				},
				"finger_left": {
					"rotation": [0, 0, 25]
				},
				"arm_right": {
					"rotation": [-38.68426, -40.70911, -46.49466],
					"position": [0, 0, 1]
				},
				"arm_right2": {
					"rotation": [0, 0, -45]
				},
				"hand_right": {
					"rotation": [20, 0, -55]
				},
				"thumb_right": {
					"rotation": [20, 77.5, 0]
				},
				"finger_right": {
					"rotation": [0, 0, -25]
				},
				"leg_left": {
					"rotation": [24.47761, 5.24826, -11.36081]
				},
				"leg_right": {
					"rotation": [24.47761, -5.24826, 11.36081]
				}
			}
		},
		"animation.ludicolo.blink": {
			"animation_length": 0.16667,
			"bones": {
				"eyelid_left": {
					"position": {
						"0.0": [0, 0, -0.1],
						"0.125": [0, 0, -0.1],
						"0.1667": [0, 0, 0]
					}
				},
				"eyelid_right": {
					"position": {
						"0.0": [0, 0, -0.1],
						"0.125": [0, 0, -0.1],
						"0.1667": [0, 0, 0]
					}
				}
			}
		},
		"animation.ludicolo.dance": {
			"loop": true,
			"animation_length": 8,
			"bones": {
				"body": {
					"rotation": {
						"0.0": [0, 0, 4],
						"0.375": [0, 0, -3.89],
						"0.5": [0, 0, -5],
						"0.625": [0, 0, -3.89],
						"0.875": [0, 0, 4.36],
						"1.0": [0, 0, 5.83],
						"1.125": [0, 0, 4.36],
						"1.25": [0, 0, 0],
						"1.3333": [0, 0, -1.75],
						"1.375": [0, 0, 0],
						"1.5417": [0, 0, 14],
						"1.75": [0, 0, 18],
						"1.9167": [0, 0, 13.21],
						"2.0": [0, 0, 4],
						"2.0833": [0, 0, -0.25],
						"2.1667": [0, 0, -1.88],
						"2.375": [0, 0, 3.89],
						"2.5": [0, 0, 5],
						"2.625": [0, 0, 3.89],
						"2.875": [0, 0, -4.36],
						"3.0": [0, 0, -5.83],
						"3.125": [0, 0, -4.36],
						"3.25": [0, 0, 0],
						"3.3333": [0, 0, 1.75],
						"3.375": [0, 0, 0],
						"3.5417": [0, 0, -14],
						"3.75": [0, 0, -18],
						"3.9583": [0, 0, -12.21],
						"4.0833": [0, 0, 0],
						"4.1667": [0, 0, 2.5],
						"4.2917": [0, 0, 0],
						"7.5": [0, 0, 0],
						"8.0": [0, 0, 4]
					},
					"position": {
						"0.0": [0, 0, 0],
						"0.2083": [0, -0.5, 0],
						"0.2917": [0, -0.485, 0],
						"0.5": [0, 0, 0],
						"0.75": [0, -0.5, 0],
						"0.8333": [0, -0.485, 0],
						"1.0": [0, 0, 0],
						"1.25": [0, -0.625, 0],
						"1.375": [0, -0.75, 0],
						"1.4583": [0, -0.5, 0],
						"1.5833": [2.25, 0.75, 0],
						"1.75": [2.75, 1, 0],
						"1.9167": [2.32, 0.57, 0],
						"2.0": [0, 0, 0],
						"2.2083": [0, -0.5, 0],
						"2.2917": [0, -0.485, 0],
						"2.5": [0, 0, 0],
						"2.75": [0, -0.5, 0],
						"2.8333": [0, -0.485, 0],
						"3.0": [0, 0, 0],
						"3.25": [0, -0.625, 0],
						"3.375": [0, -0.75, 0],
						"3.4583": [0, -0.5, 0],
						"3.5833": [-2.25, 0.75, 0],
						"3.75": [-2.75, 1, 0],
						"3.9583": [-2.32, 0.57, 0],
						"4.0833": [0.75, 0, 0],
						"4.1667": [1, -0.5, 0],
						"4.25": [0.75, 0, 0],
						"4.4167": [-0.67, 0, 0],
						"4.5": [-1, 0, 0],
						"4.5833": [-0.67, 0, 0],
						"4.6667": [0.67, 0, 0],
						"4.75": [1, 0, 0],
						"4.8333": [0.67, 0, 0],
						"4.9583": [0, 0, 0],
						"5.0417": [-0.02, 0, 0],
						"5.1667": [-0.67, 0, 0],
						"5.25": [-1, 0, 0],
						"5.3333": [-0.67, 0, 0],
						"5.4167": [0.67, 0, 0],
						"5.5": [1, 0, 0],
						"5.5833": [0.67, 0, 0],
						"5.6667": [-0.67, 0, 0],
						"5.75": [-1, 0, 0],
						"5.8333": [-0.67, 0, 0],
						"6.0": [0, 0, 0],
						"7.25": [0, 0, 0],
						"7.2917": [0, -1.25, 0],
						"7.3333": [0, 0, 0],
						"7.4583": [0, 4.93, 0],
						"7.5833": [0, 6, 0],
						"7.7083": [0, 4.9, 0],
						"7.7917": [0, 0, 0],
						"7.8333": [0, -0.75, 0],
						"7.9167": [0, -1.25, 0],
						"7.9583": [0, 0, 0]
					}
				},
				"torso": {
					"rotation": {
						"0.0": [0, 0, 0],
						"0.9583": [11.0863, 8.69106, 0.39784],
						"1.4167": [14.28, 9.8, 0.06],
						"1.5": [20.5, 10, 0],
						"1.7083": [2.29167, 1.83333, 0],
						"1.8333": [-1.19, 1.05, 0],
						"2.0": [0, 0, 0],
						"2.9583": [11.0863, -8.69106, -0.39784],
						"3.4167": [15.28, -9.8, -0.06],
						"3.5": [21.5, -10, 0],
						"3.7083": [2.29167, -1.83333, 0],
						"3.8333": [-1.09, -1.13, 0],
						"4.0": [-4, 0, 0],
						"4.0833": [-8, 0, -0.83],
						"4.1667": [-8, 0, 5.83],
						"4.25": [-8, 0, 8.5],
						"4.3333": [-8, 0, 5.83],
						"4.4167": [-8, 0, -6.17],
						"4.5": [-8, 0, -8.5],
						"4.5833": [-8, 0, -6.17],
						"4.6667": [-8, 0, 5.83],
						"4.75": [-8, 0, 8.5],
						"4.8333": [-8, 0, 5.83],
						"4.9167": [-8, 0, -1],
						"5.0833": [-8, 0, -1.75],
						"5.1667": [-8, 0, -6.17],
						"5.25": [-8, 0, -8.5],
						"5.3333": [-8, 0, -6.17],
						"5.4583": [-8, 0, 5.83],
						"5.5417": [-8, 0, 8.5],
						"5.625": [-8, 0, 5.83],
						"5.7083": [-8, 0, -6.17],
						"5.7917": [-8, 0, -8.5],
						"5.875": [-8, 0, -6.17],
						"5.9583": [-8, 0, 4.25],
						"6.0833": [-4.63, 0, 5.5],
						"6.2917": [-1.09193, "-0.9444+Math.cos((query.anim_time) * 90 * 16) * 2", 0.28348],
						"7.0833": [12.16, "0+Math.cos((query.anim_time) * 90 * 16) * 1", -0.06],
						"7.1667": [22.65, -0.5, -0.03],
						"7.25": [28.13, 0, 0],
						"7.4583": [-11.48, 0, 0],
						"7.5833": [-16.89, 0, 0],
						"7.75": [-15.93, 0, 0],
						"7.875": [-5.69, 0, 0],
						"8.0": [-0.46, 0, 0]
					},
					"position": {
						"0.0": [0, "0+Math.cos((query.anim_time) * 90 * 8) * 0.4", 0],
						"3.9583": [0, "0+Math.cos((query.anim_time) * 90 * 8) * 0.4", 0],
						"4.0": [0, 0.25, 0],
						"4.4583": [0, -0.08, 0],
						"5.0": [0, -0.25, 0],
						"5.5": [0, -0.08, 0],
						"5.9583": [0, 0.25, 0],
						"6.0": [0, 0, 0],
						"6.6667": [0, -1.035, 0],
						"7.1667": [0, -1.25, 0],
						"7.3333": [0, -0.91, 0],
						"7.5": [0, 1, 0],
						"7.6667": [0, 1.35, 0],
						"7.8333": [0, -0.4, 0],
						"8.0": [0, "0+Math.cos((query.anim_time) * 90 * 8) * 0.4", 0]
					}
				},
				"pineapple": {
					"rotation": {
						"0.0": [0, 0, "0+Math.cos((query.anim_time-0.2) * 90 * 4) * 5"],
						"2.0": [0, 0, "0+Math.cos((query.anim_time-0.2) * 90 * 4) * 5"]
					}
				},
				"tail": {
					"rotation": ["10+Math.cos((query.anim_time) * 90 * 4) * 8", 0, "0+Math.cos((query.anim_time-0.2) * 90 * 8) * 3"]
				},
				"jaw": {
					"rotation": {
						"0.0": [17.5, 0, 0],
						"1.5": [-7.5, 0, 0],
						"1.6667": [14.5, 0, 0],
						"2.0": [17.5, 0, 0],
						"3.5": [-7.5, 0, 0],
						"3.6667": [14.5, 0, 0],
						"4.0": [17.5, 0, 0],
						"4.125": [-5, 0, 0],
						"4.375": [10, 0, 0],
						"4.7083": [12.5, 0, 0],
						"6.0": [12.5, 0, 0],
						"6.6667": [-6.61, 0, 0],
						"7.2917": [-10, 0, 0],
						"7.5833": [17.5, 0, 0]
					},
					"position": {
						"0.0": [0, 0, 0],
						"1.0833": [0, 0.06, 0],
						"1.2917": [0, 1.04, 0],
						"1.5": [0, 1.25, 0],
						"1.6667": [0, 0.25, 0],
						"2.0": [0, 0, 0],
						"3.0833": [0, 0.06, 0],
						"3.2917": [0, 1.04, 0],
						"3.5": [0, 1.25, 0],
						"3.6667": [0, 0.25, 0],
						"4.0": [0, 0, 0],
						"4.125": [0, 1.25, 0],
						"4.25": [0, 0.3, 0],
						"4.5": [0, -0.25, 0],
						"4.7083": [0, 0, 0],
						"4.875": [0, 0.18, 0],
						"5.0": [0, 0.75, 0],
						"5.125": [0, 0.81, 0],
						"5.2917": [0, 0.18, 0],
						"6.0": [0, 0.18, 0],
						"6.7917": [0, 1.04, 0],
						"7.2917": [0, 1.18, 0],
						"7.5833": [0, 0, 0]
					}
				},
				"eyelid_left": {
					"position": {
						"0.0": [0, 0, 0],
						"1.0": [0, 0, 0],
						"1.0417": [0, 0, -0.15],
						"1.5": [0, 0, -0.15],
						"1.5417": [0, 0, 0],
						"2.0": [0, 0, 0],
						"3.0": [0, 0, 0],
						"3.0417": [0, 0, -0.15],
						"3.5": [0, 0, -0.15],
						"3.5417": [0, 0, 0],
						"4.0": [0, 0, 0],
						"4.0417": [0, 0, 0],
						"4.8333": [0, 0, 0],
						"4.875": [0, 0, -0.15],
						"5.1667": [0, 0, -0.15],
						"5.2083": [0, 0, 0],
						"5.875": [0, 0, 0],
						"5.9167": [0, 0, 0],
						"6.2083": [0, 0, 0],
						"6.25": [0, 0, -0.15],
						"7.375": [0, 0, -0.15],
						"7.4167": [0, 0, 0],
						"7.75": [0, 0, 0],
						"7.7917": [0, 0, -0.15],
						"7.875": [0, 0, -0.15],
						"7.9167": [0, 0, 0]
					}
				},
				"eyelid_right": {
					"position": {
						"0.0": [0, 0, 0],
						"1.0": [0, 0, 0],
						"1.0417": [0, 0, -0.15],
						"1.5": [0, 0, -0.15],
						"1.5417": [0, 0, 0],
						"2.0": [0, 0, 0],
						"3.0": [0, 0, 0],
						"3.0417": [0, 0, -0.15],
						"3.5": [0, 0, -0.15],
						"3.5417": [0, 0, 0],
						"4.0": [0, 0, 0],
						"4.0417": [0, 0, 0],
						"4.8333": [0, 0, 0],
						"4.875": [0, 0, -0.15],
						"5.1667": [0, 0, -0.15],
						"5.2083": [0, 0, 0],
						"5.875": [0, 0, 0],
						"5.9167": [0, 0, 0],
						"6.2083": [0, 0, 0],
						"6.25": [0, 0, -0.15],
						"7.375": [0, 0, -0.15],
						"7.4167": [0, 0, 0],
						"7.75": [0, 0, 0],
						"7.7917": [0, 0, -0.15],
						"7.875": [0, 0, -0.15],
						"7.9167": [0, 0, 0]
					}
				},
				"arm_left": {
					"rotation": {
						"0.0": [-59.81805, 32.41865, 40.94313],
						"0.25": [-56.00494, 44.62668, 51.40174],
						"0.5": [-54.57086, 47.16005, 54.72269],
						"0.75": [-59.2289, 35.53793, 44.50622],
						"1.0": [-59.81805, 32.41865, 40.94313],
						"1.25": [-54.68343, 43.93338, 51.59249],
						"1.5": [-54.57086, 47.16005, 54.72269],
						"1.6667": [-59.81805, 14.91865, 23.44313],
						"1.875": [-59.82, 21.48, 26.01],
						"2.0": [-59.81805, 32.41865, 35.94313],
						"2.25": [-56.00494, 41.87668, 51.40174],
						"2.5": [-54.57086, 47.16005, 54.72269],
						"2.75": [-59.2289, 35.53793, 44.50622],
						"3.0": [-59.81805, 32.41865, 40.94313],
						"3.25": [-54.68343, 43.93338, 51.59249],
						"3.5": [-54.57086, 47.16005, 54.72269],
						"3.6667": [-59.81805, 14.91865, 23.44313],
						"3.875": [-59.82, 21.48, 13.01],
						"4.0833": [-63, 0, 0],
						"4.3333": [-62.59, -0.56, -7.54],
						"5.8333": [-62.59, -0.56, -7.54],
						"6.0": [-59.82, -4.27, -5.02],
						"6.25": [-59.82, 0.73, -0.77],
						"6.4167": [-59.82, 11.39, 2.26],
						"6.625": [-59.82, 27.84, 0.27],
						"6.9583": [-59.82, 39.67, 0.27],
						"7.2083": [-59.82, 41.77, 0.27],
						"7.3333": [-7.32, 41.77, 0.27],
						"7.5": [-105.32, 41.77, 0.27],
						"7.5833": [-117.32, 24.27, 0.27],
						"7.6667": [-103.32, 19.27, 0.27],
						"7.7917": [-76, 18.16, 28.41],
						"7.9167": [-15.9, 24.01, 37.26],
						"8.0": [-59.81805, 32.41865, 40.94313]
					}
				},
				"arm_left2": {
					"rotation": {
						"0.0": [0, 0, 25],
						"0.5": [0, 0, 40],
						"1.0": [0, 0, 25],
						"1.5": [0, 0, 40],
						"1.6667": [0, 0, 25],
						"1.875": [0, 0, 20],
						"2.0": [0, 0, 25],
						"2.5": [0, 0, 40],
						"3.0": [0, 0, 25],
						"3.5": [0, 0, 40],
						"3.6667": [0, 0, 25],
						"3.875": [0, 0, 9],
						"4.0833": [0, 0, 0],
						"4.2083": [0, 57.5, 0],
						"4.3333": [0, 82.5, 0],
						"5.7083": [0, 82.5, 0],
						"5.9167": [0, 57.22, 0],
						"6.0833": [0, 9, 0],
						"6.2917": [0, -9.71, 20.63],
						"6.5": [0, -4.85, 35.37],
						"6.7083": [0, 25, 50.11],
						"6.9583": [0, 25, 58.8],
						"7.2083": [0, 25, 62.5],
						"7.3333": [0, 25, 58.5],
						"7.5": [0, 25, 15],
						"7.625": [0, 25, 10],
						"7.8333": [0, 40.11, 4.44],
						"8.0": [0, 0, 25]
					}
				},
				"hand_left": {
					"rotation": {
						"0.0": [-131.30916, 58.48349, -202.55978],
						"0.5": [-150.7905, 60.08498, -251.53032],
						"1.0": [-131.30916, 58.48349, -202.55978],
						"1.5": [-160.96716, 41.72935, -264.45366],
						"1.6667": [-28.72699, 50.04528, -87.53805],
						"1.875": [-46.31205, 59.81245, -105.21752],
						"2.0": [-106.011, 65.8887, -174.14117],
						"2.5": [-150.7905, 60.08498, -251.53032],
						"3.0": [-131.30916, 58.48349, -202.55978],
						"3.5": [-160.96716, 41.72935, -264.45366],
						"3.6667": [-28.72699, 50.04528, -87.53805],
						"3.875": [-46.31205, 49.81245, -105.21752],
						"4.125": [-81.98664, 29.92602, -24.30095],
						"4.2917": [-102.49, -17.57, -24.3],
						"5.7917": [-102.49, -17.57, -24.3],
						"6.0": [-44.98664, 29.92602, -24.30095],
						"6.25": [20.22328, 1.71628, -10.66784],
						"7.2083": [17.72, -1.72, 10.67],
						"7.375": [17.72, -1.72, 10.67],
						"7.5833": [80.22, 18.28, -14.33],
						"7.7083": [80.22, 24.28, -14.33],
						"7.875": [13.34, 33.16, -62.3],
						"8.0": [-131.30916, 58.48349, -202.55978]
					}
				},
				"thumb_left": {
					"rotation": {
						"0.0": [0, 0, 0],
						"0.7917": [11.04, 0, 0],
						"1.2083": [33.08, 0, 0],
						"1.5": [82.5, 0, 0],
						"1.6667": [13, 0, 0],
						"2.0": [0, 0, 0],
						"2.7917": [11.04, 0, 0],
						"3.2083": [33.08, 0, 0],
						"3.5": [82.5, 0, 0],
						"3.6667": [13, 0, 0],
						"4.0": [0, 0, 0],
						"4.2917": [47.5, 0, 0],
						"6.0": [47.5, 0, 0],
						"6.5833": [77.1, 0, 0],
						"6.9167": [85.15, 0, 0],
						"7.2083": [87.5, 0, 0],
						"7.5": [87.5, 0, 0],
						"7.5833": [30, 0, 0],
						"8.0": [0, 0, 0]
					}
				},
				"finger_left": {
					"rotation": {
						"0.0": [0, 0, 0],
						"0.8333": [0, 0, 13.61],
						"1.25": [0, 0, 44.79],
						"1.5": [0, 0, 87.5],
						"1.6667": [0, 0, 19],
						"2.0": [0, 0, 0],
						"2.8333": [0, 0, 13.61],
						"3.25": [0, 0, 44.79],
						"3.5": [0, 0, 87.5],
						"3.6667": [0, 0, 19],
						"4.0": [0, 0, 32],
						"6.0": [0, 0, 32],
						"6.1667": [0, 0, 10.5],
						"6.6667": [0, 0, 64],
						"6.9583": [0, 0, 80.33],
						"7.2083": [0, 0, 85.5],
						"7.5": [0, 0, 85.5],
						"7.5833": [0, 0, 23],
						"8.0": [0, 0, 0]
					}
				},
				"arm_right": {
					"rotation": {
						"0.0": [0, -17.5, -52.5],
						"0.1667": [0, -17.5, -48.33],
						"0.5": [0, -17.5, -17.5],
						"1.0": [7.5, -30, -47.5],
						"1.5": [22.5, -17.5, -35],
						"1.6667": [22.5, -25, -35],
						"2.0": [0, -17.5, -52.5],
						"2.5": [0, -17.5, -17.5],
						"3.0": [7.5, -30, -47.5],
						"3.5": [22.5, -17.5, -29],
						"3.6667": [22.5, -25, -23],
						"4.0": [0, 0, 0],
						"4.0833": [59, 0, 0],
						"4.3333": [99.91, 0.56, -22.46],
						"5.8333": [99.91, 0.56, -22.46],
						"6.0": [16.18, -2.98, -14.48],
						"6.125": [-28.32, -4.27, 1.98],
						"6.25": [-53.07, -4.27, 12.73],
						"6.375": [-55.3, -12.06, 3.44],
						"6.625": [-59.82, -27.84, -0.27],
						"6.9583": [-59.82, -39.67, -0.27],
						"7.2083": [-59.82, -41.77, -0.27],
						"7.3333": [-7.32, -41.77, -0.27],
						"7.5": [-105.32, -41.77, -0.27],
						"7.5833": [-117.32, -24.27, -0.27],
						"7.6667": [-103.32, -19.27, -0.27],
						"7.7917": [-76, -18.16, -41.91],
						"7.9167": [-15.9, -17.76, -51.51],
						"8.0": [0, -17.5, -52.5]
					}
				},
				"arm_right2": {
					"rotation": {
						"0.0": [0, -45, 0],
						"0.125": [0, -44, 0],
						"0.5": [0, -25, 0],
						"1.0": [0, -57.5, 0],
						"1.5": [0, -45, 0],
						"1.7083": [0, -25, 0],
						"2.0": [0, -45, 0],
						"2.5": [0, -25, 0],
						"3.0": [0, -57.5, 0],
						"3.5": [0, -45, 0],
						"3.7083": [0, -25, 0],
						"3.9167": [0, -25.5, 0.71],
						"4.0417": [0, -34.75, 0.85],
						"4.2083": [0, -57.5, 0],
						"4.3333": [0, -82.5, 0],
						"5.7083": [0, -82.5, 0],
						"5.9167": [0, -57.22, 0],
						"6.0": [0, 0, 0],
						"6.7083": [0, -25, -50.11],
						"6.9583": [0, -25, -58.8],
						"7.2083": [0, -25, -62.5],
						"7.3333": [0, -25, -58.5],
						"7.5": [0, -25, -15],
						"7.625": [0, -25, -10],
						"7.8333": [0, -40.11, -4.44],
						"8.0": [0, -45, 0]
					}
				},
				"hand_right": {
					"rotation": {
						"0.0": [0, -45, 82.5],
						"0.5": [-48.15815, -29.48905, 103.08417],
						"1.0": [1.84, -51.99, 103.08],
						"1.5": [-10.66, -34.49, 98.08],
						"1.75": [-35.66, 23.01, 93.08],
						"2.0": [0, -45, 82.5],
						"2.5": [-48.15815, -29.48905, 103.08417],
						"3.0": [1.84, -51.99, 103.08],
						"3.5": [-10.66, -34.49, 98.08],
						"3.75": [-35.66, -4.99, 56.08],
						"4.0833": [-81.98664, 8.07398, 24.30095],
						"4.2917": [-102.49, -4.93, 61.8],
						"5.8333": [-102.49, -4.93, 61.8],
						"6.0417": [-44.98664, -29.92602, 24.30095],
						"7.2083": [17.72, 1.72, -10.67],
						"7.375": [17.72, 1.72, -10.67],
						"7.5833": [80.22, -18.28, 14.33],
						"7.7083": [80.22, -24.28, 14.33],
						"7.875": [13.34, -33.16, 43.55],
						"8.0": [0, -45, 82.5]
					}
				},
				"thumb_right": {
					"rotation": {
						"0.0": [0, 0, 0],
						"0.7917": [11.04, 0, 0],
						"1.2083": [33.08, 0, 0],
						"1.5": [82.5, 0, 0],
						"1.6667": [13, 0, 0],
						"2.0": [0, 0, 0],
						"2.7917": [11.04, 0, 0],
						"3.2083": [33.08, 0, 0],
						"3.5": [82.5, 0, 0],
						"3.6667": [13, 0, 0],
						"4.0": [34, 0, 0],
						"4.2917": [64.15, 0, 0],
						"5.9167": [64.15, 0, 0],
						"6.5833": [77.1, 0, 0],
						"6.9167": [85.15, 0, 0],
						"7.2083": [87.5, 0, 0],
						"7.5": [87.5, 0, 0],
						"7.5833": [30, 0, 0],
						"8.0": [0, 0, 0]
					}
				},
				"finger_right": {
					"rotation": {
						"0.0": [0, 0, 0],
						"0.8333": [0, 0, -13.61],
						"1.25": [0, 0, -44.79],
						"1.5": [0, 0, -87.5],
						"1.6667": [0, 0, -19],
						"2.0": [0, 0, 0],
						"2.8333": [0, 0, -13.61],
						"3.25": [0, 0, -44.79],
						"3.5": [0, 0, -87.5],
						"3.6667": [0, 0, -19],
						"3.875": [0, 0, -11],
						"4.2917": [0, 0, -40.91],
						"5.8333": [0, 0, -40.91],
						"6.1667": [0, 0, -10.5],
						"6.6667": [0, 0, -64],
						"6.9583": [0, 0, -80.33],
						"7.2083": [0, 0, -85.5],
						"7.5": [0, 0, -85.5],
						"7.5833": [0, 0, -23],
						"8.0": [0, 0, 0]
					}
				},
				"leg_left": {
					"rotation": {
						"0.0": [0, 0, -5],
						"0.25": [0, 0, 2.5],
						"0.5": [-17.5, 0, -17.5],
						"0.6667": [-19.98247, 0.85481, -15.15059],
						"0.75": [0.85686, 5.90316, -0.99629],
						"1.0": [-6.95112, 5.34323, -9.05449],
						"1.375": [-16.08703, 7.31279, 3.83312],
						"1.5833": [-2.49509, 2.22064, -12.97383],
						"1.875": [2.32096, 1.99481, -17.97211],
						"2.0": [-2.5, 0, -14],
						"2.25": [1.33424, -3.21154, -0.10753],
						"2.5": [1.60925, -3.08304, -5.11343],
						"2.75": [-3.6463, -2.77599, -0.11633],
						"3.0": [-20.63609, -8.70102, -13.35138],
						"3.2083": [1.33424, -3.21154, -0.10753],
						"3.4583": [1.60925, -3.08304, -5.11343],
						"3.7083": [-24.05198, -0.45137, -27.08371],
						"3.9167": [-10.07175, -5.58715, -23.78505],
						"4.0": [0, 0, -5],
						"4.1667": [0, 0, 1.04],
						"4.25": [0, 0, 8.25],
						"4.3333": [0, 0, 8.04],
						"4.4167": [0, 0, -9.58],
						"4.5": [0, 0, -12.5],
						"4.5833": [0, 0, -9.58],
						"4.6667": [0, 0, 8.04],
						"4.75": [0, 0, 11.25],
						"4.8333": [0, 0, 8.04],
						"4.9583": [0, 0, 0],
						"5.0417": [0, 0, 0.17],
						"5.1667": [0, 0, -9.58],
						"5.25": [0, 0, -12.5],
						"5.3333": [0, 0, -9.58],
						"5.4167": [0, 0, 8.04],
						"5.5": [0, 0, 11.25],
						"5.5833": [0, 0, 8.04],
						"5.6667": [0, 0, -9.58],
						"5.75": [0, 0, -12.5],
						"5.8333": [0, 0, -9.58],
						"6.0": [0, 0, 0],
						"7.4167": [0, 0, 0],
						"7.6667": [-47.5, 0, -15],
						"7.7917": [-20.5, 0, -15.5],
						"7.875": [-7.3, 0, -11.3],
						"8.0": [0, 0, -5]
					},
					"position": {
						"0.0": [0, 0, 0],
						"0.5": [0, 0.75, 0],
						"0.7917": [0, 0, 0],
						"1.5": [0, 0, 0],
						"1.75": [0, -0.5, 0],
						"2.0": [0, 1, 0],
						"2.25": [0, 0, 0],
						"2.75": [0, 0, 0],
						"3.0": [0, 1, 0],
						"3.2083": [0, 0, 0],
						"3.4583": [0, 0, 0],
						"3.7083": [0, 1, 0],
						"3.9167": [0, 0.5, 0],
						"4.0": [0, 0, 0],
						"8.0": [0, 0, 0]
					}
				},
				"leg_right": {
					"rotation": {
						"0.0": [-27.5, 0, 10],
						"0.25": [1.33424, 3.21154, 0.10753],
						"0.5": [1.60925, 3.08304, 5.11343],
						"0.75": [-3.6463, 2.77599, 0.11633],
						"1.0": [-20.63609, 8.70102, 13.35138],
						"1.2083": [1.33424, 3.21154, 0.10753],
						"1.4583": [1.60925, 3.08304, 5.11343],
						"1.7083": [-24.05198, 0.45137, 27.08371],
						"1.9167": [-10.07175, 5.58715, 23.78505],
						"2.0": [0, 0, 5],
						"2.25": [0, 0, -2.5],
						"2.5": [-17.5, 0, 17.5],
						"2.6667": [-19.98247, -0.85481, 15.15059],
						"2.75": [0.85686, -5.90316, 0.99629],
						"3.0": [-6.95112, -5.34323, 9.05449],
						"3.375": [-16.08703, -7.31279, -3.83312],
						"3.5833": [-2.49509, -2.22064, 12.97383],
						"3.75": [0.26, -2.09, 10.83],
						"3.875": [2.32096, -1.99481, 7.97211],
						"4.0": [0, 0, 7],
						"4.1667": [0, 0, 10.04],
						"4.25": [0, 0, 11.25],
						"4.3333": [0, 0, 8.04],
						"4.4167": [0, 0, -9.58],
						"4.5": [0, 0, -12.5],
						"4.5833": [0, 0, -9.58],
						"4.6667": [0, 0, 8.04],
						"4.75": [0, 0, 11.25],
						"4.8333": [0, 0, 8.04],
						"4.9583": [0, 0, 0],
						"5.0417": [0, 0, 0.17],
						"5.1667": [0, 0, -9.58],
						"5.25": [0, 0, -12.5],
						"5.3333": [0, 0, -9.58],
						"5.4167": [0, 0, 8.04],
						"5.5": [0, 0, 11.25],
						"5.5833": [0, 0, 8.04],
						"5.6667": [0, 0, -9.58],
						"5.75": [0, 0, -12.5],
						"5.8333": [0, 0, -9.58],
						"6.0": [0, 0, 0],
						"7.4167": [0, 0, 0],
						"7.625": [-50, 0, 22.5],
						"7.75": [-50, 0, 20.5],
						"7.8333": [0, 0, 12],
						"8.0": [-27.5, 0, 10]
					},
					"position": {
						"0.0": [0, 1, 0],
						"0.25": [0, 0, 0],
						"0.75": [0, 0, 0],
						"1.0": [0, 1, 0],
						"1.2083": [0, 0, 0],
						"1.4583": [0, 0, 0],
						"1.7083": [0, 1, 0],
						"1.9167": [0, 0.5, 0],
						"2.0": [0, 0, 0],
						"2.5": [0, 0.75, 0],
						"2.7917": [0, 0, 0],
						"3.5": [0, 0, 0],
						"3.75": [0, -0.5, 0],
						"4.0": [0, 0, 0],
						"7.5833": [0, 0, 0],
						"7.7917": [0, 0.75, 0],
						"7.8333": [0, 0.05, 0],
						"7.9167": [0, 0.28, 0],
						"8.0": [0, 1, 0]
					}
				}
			}
		}
	}
}