{
	"format_version": "1.8.0",
	"animations": {
		"animation.swampert.ground_idle": {
			"loop": true,
			"bones": {
				"body": {
					"rotation": [60, 0, 0]
				},
				"head": {
					"rotation": [-60, 0, 0],
					"position": [0, 0, -2]
				},
				"arm_left": {
					"rotation": [0, 60, 0]
				},
				"forearm_left": {
					"rotation": [0, 30, 0]
				},
				"finger_left_middle": {
					"rotation": [0, 0, -30]
				},
				"finger_left_side3": {
					"rotation": [0, 15, -25]
				},
				"finger_left_side4": {
					"rotation": [0, -15, -25]
				},
				"arm_right": {
					"rotation": [0, -60, 0]
				},
				"forearm_right": {
					"rotation": [0, -30, 0]
				},
				"finger_right_middle": {
					"rotation": [0, 0, 30]
				},
				"finger_right_side": {
					"rotation": [0, -15, 25]
				},
				"finger_right_side2": {
					"rotation": [0, 15, 25]
				},
				"leg_left": {
					"rotation": [0, 0, -15],
					"position": [0, -0.25, 0]
				},
				"foot_left": {
					"rotation": [0, 0, 15]
				},
				"leg_right": {
					"rotation": [0, 0, 15],
					"position": [0, -0.25, 0]
				},
				"foot_right": {
					"rotation": [0, 0, -15]
				}
			}
		},
		"animation.swampert.water_idle": {
			"loop": true,
			"bones": {
				"body": {
					"rotation": [75, 0, 0]
				},
				"head": {
					"rotation": [-75, 0, 0],
					"position": [0, 0, -2]
				},
				"arm_left": {
					"rotation": [-60, 30, 0]
				},
				"forearm_left": {
					"rotation": [0, 45, 0]
				},
				"finger_left_middle": {
					"rotation": [0, 0, -20]
				},
				"finger_left_side3": {
					"rotation": [0, 15, -15]
				},
				"finger_left_side4": {
					"rotation": [0, -15, -15]
				},
				"arm_right": {
					"rotation": [-60, -30, 0]
				},
				"forearm_right": {
					"rotation": [0, -45, 0]
				},
				"finger_right_middle": {
					"rotation": [0, 0, 20]
				},
				"finger_right_side": {
					"rotation": [0, -15, 15]
				},
				"finger_right_side2": {
					"rotation": [0, 15, 15]
				},
				"leg_left": {
					"rotation": [30, 0, -45],
					"position": [0, -0.25, 0]
				},
				"foot_left": {
					"rotation": [30, 0, 0]
				},
				"leg_right": {
					"rotation": [30, 0, 45],
					"position": [0, -0.25, 0]
				},
				"foot_right": {
					"rotation": [30, 0, 0]
				},
				"tail": {
					"rotation": [-30, 0, 0]
				}
			}
		},
		"animation.swampert.water_swim": {
			"loop": true,
			"bones": {
				"body": {
					"rotation": [75, 0, 0]
				},
				"head": {
					"rotation": [-75, 0, 0],
					"position": [0, 0, -2]
				},
				"arm_left": {
					"rotation": [-75, 45, -45]
				},
				"forearm_left": {
					"rotation": [0, 45, 0]
				},
				"finger_left_middle": {
					"rotation": [0, 0, -20]
				},
				"finger_left_side3": {
					"rotation": [0, 15, -15]
				},
				"finger_left_side4": {
					"rotation": [0, -15, -15]
				},
				"arm_right": {
					"rotation": [-75, -45, 45]
				},
				"forearm_right": {
					"rotation": [0, -45, 0]
				},
				"finger_right_middle": {
					"rotation": [0, 0, 20]
				},
				"finger_right_side": {
					"rotation": [0, -15, 15]
				},
				"finger_right_side2": {
					"rotation": [0, 15, 15]
				},
				"leg_left": {
					"rotation": [45, 0, -30],
					"position": [0, -0.25, 0]
				},
				"foot_left": {
					"rotation": [30, 0, 0]
				},
				"leg_right": {
					"rotation": [45, 0, 30],
					"position": [0, -0.25, 0]
				},
				"foot_right": {
					"rotation": [30, 0, 0]
				},
				"tail": {
					"rotation": [-45, 0, 0]
				}
			}
		},
		"animation.swampert.blink": {
			"animation_length": 0.16667,
			"bones": {
				"eyelid_left": {
					"position": {
						"0.0": [0, 0, -0.1],
						"0.125": [0, 0, -0.1],
						"0.1667": [0, 0, 0]
					}
				},
				"eyelid_right": {
					"position": {
						"0.0": [0, 0, -0.1],
						"0.125": [0, 0, -0.1],
						"0.1667": [0, 0, 0]
					}
				}
			}
		},
		"animation.swampert.cry": {
			"animation_length": 1.29167,
			"bones": {
				"head": {
					"rotation": {
						"0.0": {
							"post": [0, 0, 0],
							"lerp_mode": "catmullrom"
						},
						"0.2083": {
							"post": [2.5, 0, 0],
							"lerp_mode": "catmullrom"
						},
						"0.4167": {
							"post": [-7.5, 0, 0],
							"lerp_mode": "catmullrom"
						},
						"0.5833": {
							"post": [-5, 0, 0],
							"lerp_mode": "catmullrom"
						},
						"0.75": {
							"post": [-7.5, 0, 0],
							"lerp_mode": "catmullrom"
						},
						"0.9167": {
							"post": [-5, 0, 0],
							"lerp_mode": "catmullrom"
						},
						"1.2917": {
							"post": [0, 0, 0],
							"lerp_mode": "catmullrom"
						}
					}
				}
			},
			"sound_effects": {
				"0.0417": {
					"effect": "pokemon.swampert.cry"
				}
			}
		}
	}
}