{
	"format_version": "1.8.0",
	"animations": {
		"animation.yanmega.ground_idle": {
			"loop": true,
			"bones": {
				"leg_right1": {
					"rotation": [0, 0, -60]
				},
				"leg_right_joint1": {
					"rotation": [0, 0, 75]
				},
				"leg_right2": {
					"rotation": [0, 0, -60]
				},
				"leg_right_joint2": {
					"rotation": [0, 0, 75]
				},
				"leg_right3": {
					"rotation": [0, 0, -60]
				},
				"leg_right_joint3": {
					"rotation": [0, 0, 75]
				},
				"leg_left1": {
					"rotation": [0, 0, 60]
				},
				"leg_left_joint1": {
					"rotation": [0, 0, -75]
				},
				"leg_left2": {
					"rotation": [0, 0, 60]
				},
				"leg_left_joint2": {
					"rotation": [0, 0, -75]
				},
				"leg_left3": {
					"rotation": [0, 0, 60]
				},
				"leg_left_joint3": {
					"rotation": [0, 0, -75]
				},
				"tail1": {
					"rotation": [-2.5, 0, 0]
				},
				"tail2": {
					"rotation": [2.5, 0, 0]
				},
				"tail3": {
					"rotation": [2.5, 0, 0]
				},
				"tail4": {
					"rotation": [2.5, 0, 0]
				},
				"tail5": {
					"rotation": [2.5, 0, 0]
				}
			}
		}
	}
}