{
	"format_version": "1.8.0",
	"animations": {
		"animation.shedinja.ground_idle": {
			"loop": true,
			"bones": {
				"body": {
					"rotation": ["0+Math.cos((query.anim_time) * 90 * 1 - 90) * -1.5", 0, 0],
					"position": [0, "2+Math.cos((query.anim_time) * 90 * 1) * 1.5", 0]
				},
				"main_body": {
					"rotation": [5, 0, 0]
				},
				"halo": {
					"rotation": [10, 0, 0],
					"position": [0, "0+Math.cos((query.anim_time) * 90 * 1 - 90) * 0.5", 0]
				}
			}
		},
		"animation.shedinja.ground_walk": {
			"loop": true,
			"bones": {
				"body": {
					"rotation": ["12.5+Math.cos((query.anim_time) * 90 * 2 - 90) * -3", 0, 0],
					"position": [0, "2+Math.cos((query.anim_time) * 90 * 2) * -1.5", 0]
				},
				"main_body": {
					"rotation": [5, 0, 0]
				},
				"halo": {
					"rotation": [10, 0, 0],
					"position": [0, "Math.cos((query.anim_time) * 90 * 2 - 90) * -0.5", 0]
				}
			}
		},
		"animation.shedinja.ground_run": {
			"loop": true,
			"bones": {
				"body": {
					"rotation": ["25+Math.cos((query.anim_time) * 90 * 4 - 90) * -3", 0, 0],
					"position": [0, "2+Math.cos((query.anim_time) * 90 * 4) * -1.5", 0]
				},
				"main_body": {
					"rotation": [5, 0, 0]
				},
				"halo": {
					"rotation": [10, 0, 0],
					"position": [0, "Math.cos((query.anim_time) * 90 * 4 - 90) * -0.5", 0]
				}
			}
		},
		"animation.shedinja.air_idle": {
			"loop": true,
			"bones": {
				"body": {
					"rotation": ["0+Math.cos((query.anim_time) * 90 * 1 - 90) * -1.5", 0, 0],
					"position": [0, "2+Math.cos((query.anim_time) * 90 * 1) * 1.5", 0]
				},
				"main_body": {
					"rotation": [5, 0, 0]
				},
				"halo": {
					"rotation": [10, 0, 0],
					"position": [0, "0+Math.cos((query.anim_time) * 90 * 1 - 90) * 0.5", 0]
				}
			}
		},
		"animation.shedinja.air_fly": {
			"loop": true,
			"bones": {
				"body": {
					"rotation": ["12.5+Math.cos((query.anim_time) * 90 * 2 - 90) * -3", 0, 0],
					"position": [0, "2+Math.cos((query.anim_time) * 90 * 2) * -1.5", 0]
				},
				"main_body": {
					"rotation": [5, 0, 0]
				},
				"halo": {
					"rotation": [10, 0, 0],
					"position": [0, "Math.cos((query.anim_time) * 90 * 2 - 90) * -0.5", 0]
				}
			}
		},
		"animation.shedinja.sleep": {
			"loop": true,
			"bones": {
				"body": {
					"rotation": [50, 0, "-52.5+Math.cos((query.anim_time) * 90 * 1/2 - 90) * 2"],
					"position": ["0+Math.cos((query.anim_time) * 90 * 1/2 - 90) * 0.2", -7, 0]
				},
				"halo": {
					"rotation": [-12.5, 0, 0],
					"position": [0, "-1+Math.cos((query.anim_time) * 90 * 1/2 - 180) * -0.5", 0]
				}
			}
		},
		"animation.shedinja.faint": {
			"animation_length": 3,
			"bones": {
				"body": {
					"rotation": {
						"0.0": [0, 0, 0],
						"0.1667": {
							"pre": [15, 0, 0],
							"post": [15, 0, 0],
							"lerp_mode": "catmullrom"
						},
						"0.4167": {
							"post": [18.06, 0, 0],
							"lerp_mode": "catmullrom"
						},
						"1.0417": [-3.25, 0, 0],
						"1.25": [-5.61, 0, 0],
						"1.5417": [-6.75, 0, 0],
						"1.5833": [0, 0, 0]
					},
					"position": {
						"0.0": [0, 0, 0],
						"0.125": [0, 0.89, 0],
						"0.9583": [0, 27.75, 0],
						"1.25": ["0+Math.cos((query.anim_time) * 90 * 48) * 1", "32.75+Math.cos((query.anim_time) * 90 * 48 - 45) * 1", 0],
						"1.5": ["0+Math.cos((query.anim_time) * 90 * 48 - 10) * 2", "34.5+Math.cos((query.anim_time) * 90 * 48 - 90) * 1", 0],
						"1.5833": [0, 34.5, 0]
					}
				},
				"main_body": {
					"rotation": {
						"1.5417": [0, 0, 0],
						"1.5833": [-15, 0, 0],
						"1.6667": [-15, 0, 0]
					},
					"position": {
						"1.5": [0, 0, 0],
						"1.5417": [0, -3, 0],
						"1.5833": {"pre": [0, -3, 0], "post": [0, 15.25, 0]},
						"1.6667": [0, 49, 0],
						"1.7083": {"pre": [0, 49, 0], "post": [0, 0, 0]}
					},
					"scale": {
						"1.5417": [1, 1, 1],
						"1.5833": {"pre": [1, 1, 1], "post": [0.4, 3.1, 0.3]},
						"1.6667": [0, 3.1, 0],
						"1.7083": {"pre": [0, 3.1, 0], "post": [0, 0, 0]}
					}
				},
				"halo": {
					"rotation": {
						"0.0": [-10, 0, 0],
						"0.25": [5, 0, 0],
						"1.5833": [0, 0, 0],
						"2.0": [-242.5, 0, 0],
						"2.0417": {"pre": [-242.5, 0, 0], "post": [-180, -13.5, 0]},
						"2.3333": [-80, -13.5, 0],
						"2.375": {"pre": [-80, -13.5, 0], "post": [2.5, -7.5, 0]},
						"2.5833": [-45, -7.5, 0],
						"2.625": [7.5, -7.5, 0],
						"2.7083": [-5, -7.5, 0],
						"2.75": [2.5, -7.5, 0]
					},
					"position": {
						"0.0": [0, 0, 0],
						"0.1667": [0, 0, 1],
						"0.625": [0, -2, -0.32],
						"1.5833": [0, 0, 0],
						"1.625": [0, 5.75, 0],
						"1.75": {
							"pre": [0, 11.75, 0],
							"post": [0, 11.75, 0],
							"lerp_mode": "catmullrom"
						},
						"1.875": {
							"post": [0, 6.25, 0],
							"lerp_mode": "catmullrom"
						},
						"1.9583": {
							"post": [0, -9, 0],
							"lerp_mode": "catmullrom"
						},
						"2.0417": [0, -54, 0],
						"2.0833": [0, -46.5, 0],
						"2.2083": {
							"pre": [0, -42.5, 0],
							"post": [0, -42.5, 0],
							"lerp_mode": "catmullrom"
						},
						"2.3333": {
							"post": [0, -47.5, 0],
							"lerp_mode": "catmullrom"
						},
						"2.375": [0, -54, 0],
						"2.4167": {
							"pre": [0, -51.5, 0],
							"post": [0, -51.5, 0],
							"lerp_mode": "catmullrom"
						},
						"2.5": {
							"post": [0, -47.5, 0],
							"lerp_mode": "catmullrom"
						},
						"2.5833": {
							"post": [0, -50.5, 0],
							"lerp_mode": "catmullrom"
						},
						"2.625": [0, -54, 0]
					},
					"scale": {
						"1.9583": [1, 1, 1],
						"2.0": [0.7, 1, 1.6],
						"2.0417": {"pre": [0.7, 1, 1.6], "post": [1.2, 1, 1.2]},
						"2.0833": [1, 1, 1]
					}
				}
			}
		},
		"animation.shedinja.cry": {
			"animation_length": 1.5,
			"bones": {
				"body": {
					"rotation": {
						"0.0": [0, 0, 0],
						"0.125": {
							"pre": [5.25, 0, 0],
							"post": [5.25, 0, 0],
							"lerp_mode": "catmullrom"
						},
						"0.2083": {
							"post": [6.75, 0, 0],
							"lerp_mode": "catmullrom"
						},
						"0.2917": {
							"post": [4.87, 0, 0],
							"lerp_mode": "catmullrom"
						},
						"0.5417": {
							"post": [-6.25, 0, 0],
							"lerp_mode": "catmullrom"
						},
						"0.6667": {
							"post": [-8.37, 0, 0],
							"lerp_mode": "catmullrom"
						},
						"0.8333": {
							"post": [-7.61, 0, 0],
							"lerp_mode": "catmullrom"
						},
						"1.25": [-0.54, 0, 0],
						"1.375": [0, 0, 0]
					},
					"position": {
						"0.0": [0, 0, 0],
						"0.0833": [0, -0.7, 0],
						"0.1667": [0, -0.75, 0],
						"0.5": {
							"pre": [0, 1.5, -1],
							"post": [0, 1.5, -1],
							"lerp_mode": "catmullrom"
						},
						"0.7083": {
							"post": [0, 2.25, -1.5],
							"lerp_mode": "catmullrom"
						},
						"0.9583": {
							"post": [0, 1.75, -1],
							"lerp_mode": "catmullrom"
						},
						"1.375": [0, 0.32, 0],
						"1.5": [0, 0, 0]
					}
				},
				"halo": {
					"position": {
						"0.0": [0, 0, 0],
						"0.125": {
							"pre": [0, 0.5, 0],
							"post": [0, 0.5, 0],
							"lerp_mode": "catmullrom"
						},
						"0.4167": {
							"post": [0, -0.75, 0],
							"lerp_mode": "catmullrom"
						},
						"0.8333": {
							"post": [0, 0.5, -0.75],
							"lerp_mode": "catmullrom"
						},
						"1.0833": {
							"post": [0, 0.79, -0.75],
							"lerp_mode": "catmullrom"
						},
						"1.375": [0, 0.12, 0],
						"1.4583": [0, 0, 0]
					}
				}
			},
			"sound_effects": {
				"0.0": {
					"effect": "pokemon.shedinja.cry"
				}
			}
		},
		"animation.shedinja.blink_WIP": {
			"loop": true
		}
	}
}