{
	"format_version": "1.8.0",
	"animations": {
		"animation.magnezone.ground_idle": {
			"loop": true,
			"bones": {
				"body": {
					"rotation": [5, 0, 0],
					"position": [0, 1, 0]
				},
				"magnet_back_rotation": {
					"rotation": [-42.5, 0, 0]
				},
				"magnet_left": {
					"rotation": [30, 0, 0]
				},
				"magnet_right": {
					"rotation": [30, 0, 0]
				}
			}
		},
		"animation.magnezone.blink": {
			"animation_length": 0.20833,
			"bones": {
				"pupil_left": {
					"position": {
						"0.0": [0, 0, 0.1],
						"0.1667": [0, 0, 0.1],
						"0.2083": [0, 0, 0]
					}
				},
				"pupil_closed_left": {
					"position": {
						"0.0": [0, 0, -0.1],
						"0.1667": [0, 0, -0.1],
						"0.2083": [0, 0, 0]
					}
				},
				"pupil_right": {
					"position": {
						"0.0": [0, 0, 0.1],
						"0.1667": [0, 0, 0.1],
						"0.2083": [0, 0, 0]
					}
				},
				"pupil_closed_right": {
					"position": {
						"0.0": [0, 0, -0.1],
						"0.1667": [0, 0, -0.1],
						"0.2083": [0, 0, 0]
					}
				}
			}
		}
	}
}