{
	"format_version": "1.8.0",
	"animations": {
		"animation.poochyena.demo": {
			"loop": true,
			"bones": {
				"neck": {
					"rotation": [0, -12.5, 0]
				},
				"head": {
					"rotation": [-17.94582, -11.73507, 4.3361]
				},
				"ear_right": {
					"rotation": [0, 0, -7.5]
				},
				"ear_left": {
					"rotation": [0, 0, 10]
				},
				"jaw": {
					"rotation": [52.5, 0, 0]
				},
				"waist": {
					"rotation": [0, 10, 0]
				},
				"tail": {
					"rotation": [-27.5, 0, 0]
				},
				"tail2": {
					"rotation": [-17.46461, 17.13971, 12.9966]
				},
				"tail3": {
					"rotation": [24.30871, -7.40691, -19.8029]
				},
				"tail4": {
					"rotation": [15.91527, -19.291, -5.38152]
				},
				"shoulder_left": {
					"rotation": [0, -12.5, 0],
					"position": [0.5, 0, 0]
				},
				"shoulder_right": {
					"rotation": [-22.5, 12.5, 0]
				},
				"arm_right": {
					"rotation": [-62.5, 0, 0]
				},
				"frontpaw_right": {
					"rotation": [132.5, 0, 0]
				},
				"leg_left": {
					"rotation": [0.55404, 12.48791, 2.56062],
					"position": [1, 0, 0]
				},
				"knee_left": {
					"rotation": [0, -27.5, 0]
				},
				"leg_right": {
					"rotation": [0, 12.5, 0]
				}
			}
		},
		"animation.poochyena.ground_idle": {
			"loop": true,
			"bones": {
				"tail": {
					"rotation": [-45, 0, 0]
				},
				"tail2": {
					"rotation": [22.5, 0, 0]
				},
				"tail3": {
					"rotation": [22.5, 0, 0]
				},
				"tail4": {
					"rotation": [22.5, 0, 0]
				},
				"shoulder_left": {
					"rotation": [15, 0, 0]
				},
				"arm_left": {
					"rotation": [-25, 0, 0]
				},
				"frontpaw_left": {
					"rotation": [10, 0, 0]
				},
				"shoulder_right": {
					"rotation": [15, 0, 0]
				},
				"arm_right": {
					"rotation": [-25, 0, 0]
				},
				"frontpaw_right": {
					"rotation": [10, 0, 0]
				},
				"knee_left": {
					"rotation": [5, 0, 0]
				},
				"ankle_left": {
					"rotation": [-5, 0, 0]
				},
				"knee_right": {
					"rotation": [5, 0, 0]
				},
				"ankle_right": {
					"rotation": [-5, 0, 0]
				},
				"body": {
					"position": [0, -0.35, 0]
				}
			}
		},
		"animation.poochyena.blink": {
			"animation_length": 0.16667,
			"bones": {
				"eye_right": {
					"position": {
						"0.0": [0.25, 0, 0.25],
						"0.125": [0, 0, 0]
					}
				},
				"eyelid_right": {
					"position": {
						"0.0": [-1, 0, -1],
						"0.125": [-1, 0, -1],
						"0.1667": [-0.75, 0, -0.75]
					}
				},
				"eye_left": {
					"position": {
						"0.0": [-0.25, 0, 0.25],
						"0.125": [0, 0, 0]
					}
				},
				"eyelid_left": {
					"position": {
						"0.0": [1, 0, -1],
						"0.125": [1, 0, -1],
						"0.1667": [0.75, 0, -0.75]
					}
				}
			}
		},
		"animation.poochyena.call": {
			"animation_length": 0.33333,
			"bones": {
				"head": {
					"rotation": {
						"0.0": [0, 0, 0],
						"0.1667": [-10, 0, 0],
						"0.3333": [0, 0, 0]
					}
				},
				"jaw": {
					"rotation": {
						"0.0": [0, 0, 0],
						"0.1667": [45, 0, 0],
						"0.3333": [0, 0, 0]
					}
				}
			}
		},
		"animation.poochyena.cry": {
			"animation_length": 0.83333,
			"bones": {
				"head": {
					"rotation": {
						"0.0": [0, 0, 0],
						"0.1667": [-10, 0, 0],
						"0.3333": [0, 0, 0]
					}
				},
				"jaw": {
					"rotation": {
						"0.0": [0, 0, 0],
						"0.1667": [45, 0, 0],
						"0.3333": [0, 0, 0]
					}
				}
			},
			"sound_effects": {
				"0.0833": {
					"effect": "pokemon.poochyena.cry"
				}
			}
		},
		"animation.poochyena.howl": {
			"animation_length": 2,
			"bones": {
				"head": {
					"rotation": {
						"0.0": [0, 0, 0],
						"0.25": [-45, 0, 0],
						"1.75": [-45, 0, 0],
						"2.0": [0, 0, 0]
					}
				},
				"eye_right": {
					"position": {
						"0.0": [0.25, 0, 0.25],
						"1.6667": [0.25, 0, 0.25],
						"1.7917": [0, 0, 0]
					}
				},
				"eyelid_right": {
					"position": {
						"0.0": [-1, 0, -1],
						"1.75": [-1, 0, -1],
						"1.7917": [-0.75, 0, -0.75]
					}
				},
				"eye_left": {
					"position": {
						"0.0": [-0.25, 0, 0.25],
						"1.6667": [-0.25, 0, 0.25],
						"1.7917": [0, 0, 0]
					}
				},
				"eyelid_left": {
					"position": {
						"0.0": [1, 0, -1],
						"1.75": [1, 0, -1],
						"1.7917": [0.75, 0, -0.75]
					}
				},
				"jaw": {
					"rotation": {
						"0.0": [0, 0, 0],
						"0.125": [35, 0, 0],
						"0.4167": [35, 0, 0],
						"1.5417": [12.5, 0, 0],
						"2.0": [0, 0, 0]
					}
				}
			}
		}
	}
}