{
	"format_version": "1.8.0",
	"animations": {
		"animation.weavile.ground_idle": {
			"loop": true,
			"bones": {
				"body": {
					"position": [0, -0.3, 0]
				},
				"waist": {
					"rotation": ["-1-0.3*(math.sin(q.anim_time*90*2-90)*1+1)", 0, 0],
					"position": [0, "0+0.01*(math.sin(q.anim_time*90*1-90)*1+1)", 0]
				},
				"head": {
					"rotation": ["2.5+0.5*(math.sin(q.anim_time*90*2)*1+1)", 0, 0],
					"position": [0, "+0.01*(math.sin(q.anim_time*90*1-90)*1+1)", 0]
				},
				"arm_right": {
					"rotation": [0, "10+0.8*(math.sin(q.anim_time*90*2-30)*1+1)", -55]
				},
				"arm_right2": {
					"rotation": [0, "-25-0.6*(math.sin(q.anim_time*90*2-30)*1+1)", 0]
				},
				"arm_claw_middle_right": {
					"rotation": [0, 0, "-7.5-3*math.clamp(-math.sin(q.anim_time*90*3/3-70)*1+1,0,1)"]
				},
				"arm_claw_front_right": {
					"rotation": [0, 0, "-15-3*math.clamp(-math.sin(q.anim_time*90*3/3)*1+1,0,1)"]
				},
				"leg_right": {
					"rotation": [-12, 20, 5]
				},
				"leg_right2": {
					"rotation": [22, 0, 0]
				},
				"foot_right": {
					"rotation": [-8, 0, -5]
				},
				"leg_left": {
					"rotation": [-12, -20, -5]
				},
				"leg_left2": {
					"rotation": [22, 0, 0]
				},
				"foot_left": {
					"rotation": [-8, 0, 5]
				},
				"arm_left": {
					"rotation": [0, "-10-0.8*(math.sin(q.anim_time*90*2-30)*1+1)", 55]
				},
				"arm_left2": {
					"rotation": [0, "20-0.6*(math.sin(q.anim_time*90*2-30)*1+1)", 0]
				},
				"torso": {
					"rotation": ["0-0.2*(math.sin(q.anim_time*90*2-90)*1+1)", 0, 0],
					"position": [0, "0+0.01*(math.sin(q.anim_time*90*1-90)*1+1)", 0]
				},
				"ear_right": {
					"rotation": [0, 0, "0-1*(math.sin(q.anim_time*90*2-90)*1+1)"]
				},
				"ear_left": {
					"rotation": [0, 0, "0+1*(math.sin(q.anim_time*90*2-90)*1+1)"]
				},
				"arm_claw_back_right": {
					"rotation": [0, 0, "0-3*math.clamp(-math.sin(q.anim_time*90*3/3-140)*1+1,0,1)"]
				},
				"arm_claw_back_left": {
					"rotation": [0, 0, "0+3*math.clamp(-math.sin(q.anim_time*90*3/3-140)*1+1,0,1)"]
				},
				"arm_claw_middle_left": {
					"rotation": [0, 0, "7.5+3*math.clamp(-math.sin(q.anim_time*90*3/3-70)*1+1,0,1)"]
				},
				"arm_claw_front_left": {
					"rotation": [0, 0, "15+3*math.clamp(-math.sin(q.anim_time*90*3/3)*1+1,0,1)"]
				},
				"tail_bottom": {
					"rotation": [0, "5*(math.sin(q.anim_time*90*2)*1)+4*(math.sin(q.anim_time*90*2/2)*1)", 0]
				},
				"tail_top": {
					"rotation": [0, "4*(math.sin(q.anim_time*90*2-70)*1)+4*(math.sin(q.anim_time*90*2/2)*1)", 0]
				}
			}
		},
		"animation.weavile.blink": {
			"animation_length": 0.16667,
			"bones": {
				"eyelid_right": {
					"position": {
						"0.0": [-0.1, 0, -0.1],
						"0.125": [-0.1, 0, -0.1],
						"0.1667": [0, 0, 0]
					}
				},
				"eyelid_left": {
					"position": {
						"0.0": [0.1, 0, -0.1],
						"0.125": [0.1, 0, -0.1],
						"0.1667": [0, 0, 0]
					}
				}
			}
		},
		"animation.weavile.cry": {
			"animation_length": 1,
			"bones": {
				"head": {
					"rotation": {
						"0.0": [0, 0, 0],
						"0.0417": [1.5, 0, 0],
						"0.0833": [1, 0, 0],
						"0.125": [-2.47, 0, 0],
						"0.1667": [-2.8, 0, 0],
						"0.25": [-2.03, 0, 0],
						"0.3333": [0.62, 0, 0],
						"0.375": [1, 0, 0],
						"0.4583": [0, 0, 0],
						"0.5": [0.6, 0, 0],
						"0.5833": [0, 0, 0],
						"0.6667": [0.3, 0, 0],
						"0.7917": [0, 0, 0]
					}
				},
				"fang_right": {
					"position": {
						"0.0": [0, 0, 0],
						"0.0417": {"pre": [0, 0, 0], "post": [0, 0.6, 0.4]},
						"0.375": {"pre": [0, 0.6, 0.4], "post": [0, 0.6, 0.4]},
						"0.4167": {"pre": [0, 0.6, 0.4], "post": [0, 0, 0]}
					}
				},
				"jaw": {
					"position": {
						"0.0": [0, 0, 0],
						"0.0417": {"pre": [0, 0, 0], "post": [0, 0.01, 0.56]},
						"0.375": {"pre": [0, 0.01, 0.56], "post": [0, 0.01, 0.56]},
						"0.4167": {"pre": [0, 0.01, 0.56], "post": [0, 0, 0]}
					}
				}
			},
			"sound_effects": {
				"0.0": {
					"effect": "weavile"
				}
			}
		},
		"animation.weavile.mouth_test": {
			"loop": true,
			"animation_length": 1.5,
			"bones": {
				"fang_right": {
					"position": {
						"0.2917": [0, 0, 0],
						"0.3333": {"pre": [0, 0, 0], "post": [0, 0.6, 0.4]},
						"1.1667": {"pre": [0, 0.6, 0.4], "post": [0, 0.6, 0.4]},
						"1.2083": {"pre": [0, 0.6, 0.4], "post": [0, 0, 0]}
					}
				},
				"jaw": {
					"position": {
						"0.2917": [0, 0, 0],
						"0.3333": {"pre": [0, 0, 0], "post": [0, 0.01, 0.56]},
						"1.1667": {"pre": [0, 0.01, 0.56], "post": [0, 0.01, 0.56]},
						"1.2083": {"pre": [0, 0.01, 0.56], "post": [0, 0, 0]}
					}
				}
			}
		}
	}
}