{
	"format_version": "1.8.0",
	"animations": {
		"animation.bayleef.ground_idle": {
			"loop": true,
			"bones": {
				"neck": {
					"rotation": ["15+math.cos(query.anim_time*90*2-60)*1", 0, "0+math.cos(query.anim_time*90*2/2-60)*1"]
				},
				"leaf1": {
					"rotation": ["12.5+math.cos(query.anim_time*90*2-120)*2", 25, 0]
				},
				"leaf2": {
					"rotation": ["12.5+math.cos(query.anim_time*90*2-120)*2", -25, 0]
				},
				"leaf3": {
					"rotation": ["math.cos(query.anim_time*90*2-160)*2", 12.5, 0]
				},
				"leaf4": {
					"rotation": ["math.cos(query.anim_time*90*2-160)*2", -12.5, 0]
				},
				"leaf5": {
					"rotation": [-10.7423, -14.4621, "3.8243+math.cos(query.anim_time*90*2-200)*2"]
				},
				"leaf6": {
					"rotation": ["27.5+math.cos(query.anim_time*90*2-210)*2", 0, 0]
				},
				"leaf7": {
					"rotation": [-10.7423, 14.4621, "-3.8243-math.cos(query.anim_time*90*2-200)*2"]
				},
				"neck2": {
					"rotation": ["-12.5+math.cos(query.anim_time*90*2-120)*1", 0, 0]
				},
				"head": {
					"rotation": ["2.5-math.cos(query.anim_time*90*2-120)*2", 0, "0-math.cos(query.anim_time*90*2/2-120)*1"]
				},
				"head_leaf": {
					"rotation": ["-7.5-math.cos(query.anim_time*90*2-160)*1", 0, "0-math.cos(query.anim_time*90*2/2-180)*2"]
				},
				"head_leaf2": {
					"rotation": ["-30-math.cos(query.anim_time*90*2-210)*1", 0, 0]
				},
				"head_leaf3": {
					"rotation": ["-72.5-math.cos(query.anim_time*90*2-260)*1", "-math.cos(query.anim_time*90*2/2-210)*2", "-math.cos(query.anim_time*90*2/2-210)*2"]
				},
				"head_leaf4": {
					"rotation": ["-40-math.cos(query.anim_time*90*2-300)*1", 0, 0]
				},
				"tail": {
					"rotation": ["-7.5+math.cos(query.anim_time*90*2-60)*2", "0+math.cos(query.anim_time*90*2/2-60)*4", 0]
				},
				"tail2": {
					"rotation": ["12.5+math.cos(query.anim_time*90*2-120)*2", "0+math.cos(query.anim_time*90*2/2-120)*3", 0]
				},
				"torso": {
					"rotation": ["0+math.cos(query.anim_time*90*2)*1/2", 0, "0+math.cos(query.anim_time*90*2/2)*1"],
					"position": [0, "0+math.sin(query.anim_time*90*2)*0.1", 0]
				},
				"leg_back_right": {
					"rotation": [0, 5, 0]
				},
				"leg_back_left": {
					"rotation": [0, -5, 0]
				},
				"leg_front_right": {
					"rotation": [0, 5, 0]
				},
				"leg_front_left": {
					"rotation": [0, -5, 0]
				},
				"vine_right": {
					"position": [4, 0, 0]
				},
				"vine_right2": {
					"position": [4, 0, 0]
				},
				"vine_right3": {
					"position": [4, 0, 0]
				},
				"vine_right4": {
					"position": [4, 0, 0]
				},
				"vine_right5": {
					"position": [4, 0, 0]
				},
				"vine_right6": {
					"position": [4, 0, 0]
				},
				"vine_right7": {
					"position": [4, 0, 0]
				},
				"vine_right_end": {
					"position": [4, 0, 0]
				},
				"vine_left": {
					"position": [-4, 0, 0]
				},
				"vine_left2": {
					"position": [-4, 0, 0]
				},
				"vine_left3": {
					"position": [-4, 0, 0]
				},
				"vine_left4": {
					"position": [-4, 0, 0]
				},
				"vine_left5": {
					"position": [-4, 0, 0]
				},
				"vine_left6": {
					"position": [-4, 0, 0]
				},
				"vine_left7": {
					"position": [-4, 0, 0]
				},
				"vine_left_end": {
					"position": [-4, 0, 0]
				}
			}
		},
		"animation.bayleef.battle_idle": {
			"loop": true,
			"bones": {
				"neck": {
					"rotation": ["30+math.cos(query.anim_time*90*2-60)*1", "0+math.cos(query.anim_time*90*2/2)*3", "0+math.cos(query.anim_time*90*2/2)*3"]
				},
				"leaf1": {
					"rotation": ["12.5+math.cos(query.anim_time*90*2-120)*2", "25+math.cos(query.anim_time*90*2/2-60)*5", 0]
				},
				"leaf2": {
					"rotation": ["12.5+math.cos(query.anim_time*90*2-120)*2", "-25+math.cos(query.anim_time*90*2/2-60)*5", 0]
				},
				"leaf3": {
					"rotation": ["-7.5+math.cos(query.anim_time*90*2-160)*2", "12.5+math.cos(query.anim_time*90*2/2-120)*5", 0]
				},
				"leaf4": {
					"rotation": ["-7.5+math.cos(query.anim_time*90*2-160)*2", "-12.5+math.cos(query.anim_time*90*2/2-120)*5", 0]
				},
				"leaf5": {
					"rotation": [4, "-20-math.cos(query.anim_time*90*2/2-150)*3", "0+math.cos(query.anim_time*90*2-200)*2"]
				},
				"leaf6": {
					"rotation": ["27.5+math.cos(query.anim_time*90*2-210)*2", "0-math.cos(query.anim_time*90*2/2-150)*6", 0]
				},
				"leaf7": {
					"rotation": [4, "20-math.cos(query.anim_time*90*2/2-150)*3", "0-math.cos(query.anim_time*90*2-200)*2"]
				},
				"neck2": {
					"rotation": [-15, 0, 0]
				},
				"head": {
					"rotation": ["-17.5-math.cos(query.anim_time*90*2-120)*2", "0-math.cos(query.anim_time*90*2/2)*3", "0-math.cos(query.anim_time*90*2/2)*3"],
					"position": [0, -1, -0.5]
				},
				"head_leaf": {
					"rotation": ["-7.5-math.cos(query.anim_time*90*2-160)*1", 0, 0]
				},
				"head_leaf2": {
					"rotation": ["-30-math.cos(query.anim_time*90*2-210)*1", 0, 0]
				},
				"head_leaf3": {
					"rotation": ["-80-math.cos(query.anim_time*90*2-260)*1", 0, 0]
				},
				"head_leaf4": {
					"rotation": ["-32.5-math.cos(query.anim_time*90*2-300)*1", 0, 0]
				},
				"tail2": {
					"rotation": ["12.5+math.cos(query.anim_time*90*2-120)*5", "0+math.cos(query.anim_time*90*2/2-120)*10", 0]
				},
				"torso": {
					"rotation": ["7.5+math.cos(query.anim_time*90*2)*1/2", 0, 0],
					"position": [0, "0+math.sin(query.anim_time*90*2)*0.1", 0]
				},
				"leg_back_right": {
					"rotation": [2.08902, 2.60125, 15.5614],
					"position": [-0.5, -0.75, 0]
				},
				"leg_back_left": {
					"rotation": [2.08902, -2.60125, -15.5614],
					"position": [0.5, -0.75, 0]
				},
				"leg_front_right": {
					"rotation": [-38.32046, 15.90506, 4.45243],
					"position": [-0.5, -2.4, -0.25]
				},
				"leg_front_left": {
					"rotation": [-38.32046, -15.90506, -4.45243],
					"position": [0.5, -2.4, -0.25]
				},
				"vine_right": {
					"rotation": ["0+math.cos(q.anim_time*90*3/2-60)*1", "47.5-math.cos(q.anim_time*90*3/2)*20", "-17.5-math.cos(q.anim_time*90*3/2-120)*15"]
				},
				"vine_right2": {
					"rotation": [-4.62935, "-12.0948-math.cos(q.anim_time*90*3/2-60)*25", "38.5097-math.cos(q.anim_time*90*3/2-120)*5"]
				},
				"vine_right3": {
					"rotation": [-13.80439, "-25.1992-math.cos(q.anim_time*90*3/2-120)*20", 22.02641]
				},
				"vine_right4": {
					"rotation": [5.25851, "-14.9368-math.cos(q.anim_time*90*3/2-180)*40", "26.3798-math.cos(q.anim_time*90*3/2-180)*5"]
				},
				"vine_right5": {
					"rotation": [0, "-22.5-math.cos(q.anim_time*90*3/2-240)*25", 25]
				},
				"vine_right6": {
					"rotation": [0, "-22.5-math.cos(q.anim_time*90*3/2-300)*50", 22.5]
				},
				"vine_right7": {
					"rotation": [-0.88093, "5.0736-math.cos(q.anim_time*90*3/2)*50", 4.23468]
				},
				"vine_right_end": {
					"rotation": [1.46208, "2.742-math.cos(q.anim_time*90*3/2-60)*30", 0]
				},
				"vine_left": {
					"rotation": ["0+math.cos(q.anim_time*90*3/2-60)*1", "-47.5+math.cos(q.anim_time*90*3/2)*20", "17.5+math.cos(q.anim_time*90*3/2-120)*15"]
				},
				"vine_left2": {
					"rotation": [-4.62935, "12.0948+math.cos(q.anim_time*90*3/2-60)*25", "-38.5097+math.cos(q.anim_time*90*3/2-120)*5"]
				},
				"vine_left3": {
					"rotation": [-13.80439, "25.1992+math.cos(q.anim_time*90*3/2-120)*20", -22.0264]
				},
				"vine_left4": {
					"rotation": [5.25851, "14.9368+math.cos(q.anim_time*90*3/2-180)*40", "-26.3798+math.cos(q.anim_time*90*3/2-180)*5"]
				},
				"vine_left5": {
					"rotation": [0, "22.5+math.cos(q.anim_time*90*3/2-240)*25", -25]
				},
				"vine_left6": {
					"rotation": [0, "22.5+math.cos(q.anim_time*90*3/2-300)*50", -22.5]
				},
				"vine_left7": {
					"rotation": [-0.88093, "-5.0736+math.cos(q.anim_time*90*3/2)*50", -4.2347]
				},
				"vine_left_end": {
					"rotation": [1.46208, "-2.742+math.cos(q.anim_time*90*3/2-60)*30", 0]
				},
				"tail": {
					"rotation": ["12.5+math.cos(query.anim_time*90*2-120)*2", "0+math.cos(query.anim_time*90*2/2-120)*4", 0]
				},
				"eye_right": {
					"rotation": [12.5, 0, 0],
					"position": [0.00243, 0.24823, 0.02963]
				},
				"eye_left": {
					"rotation": [7.5, 0, 0],
					"position": [0.00243, 0.24823, 0.02963]
				},
				"idle_eye_right": {
					"position": [0, 0, 0]
				},
				"idle_eye_right2": {
					"position": [-0.1, 0, 0]
				},
				"angry_eye_right3": {
					"position": [0.1, 0, 0]
				},
				"angry_eye_left3": {
					"position": [-0.1, 0, 0]
				},
				"leg_back_right2": {
					"rotation": [7.5, 0, 0]
				},
				"leg_back_left2": {
					"rotation": [7.5, 0, 0]
				},
				"leg_front_right2": {
					"rotation": [32.5, 0, 0]
				},
				"leg_front_left2": {
					"rotation": [32.5, 0, 0]
				}
			}
		},
		"animation.bayleef.ground_walk": {
			"loop": true,
			"animation_length": 1.58333,
			"bones": {
				"neck": {
					"rotation": ["15+math.cos(query.anim_time*90*5/2*2-60)*1", 0, "0+math.cos(query.anim_time*90*5/2-60)*1"]
				},
				"leaf1": {
					"rotation": ["12.5+math.cos(query.anim_time*90*5/2*2-120)*2", 25, 0]
				},
				"leaf2": {
					"rotation": ["12.5+math.cos(query.anim_time*90*5/2*2-120)*2", -25, 0]
				},
				"leaf3": {
					"rotation": ["math.cos(query.anim_time*90*5/2*2-160)*2", 12.5, 0]
				},
				"leaf4": {
					"rotation": ["math.cos(query.anim_time*90*5/2*2-160)*2", -12.5, 0]
				},
				"leaf5": {
					"rotation": [-8.704, -21.3958, "8.12-math.cos(query.anim_time*90*5/2*2-200)*2"]
				},
				"leaf6": {
					"rotation": ["25+math.cos(query.anim_time*90*5/2*2-250)*2", 0, 0]
				},
				"leaf7": {
					"rotation": [-8.704, 21.39576, "-8.12+math.cos(query.anim_time*90*5/2*2-200)*2"]
				},
				"neck2": {
					"rotation": ["-12.5+math.cos(query.anim_time*90*5/2*2-120)*1", 0, "0-math.cos(query.anim_time*90*5/2-60)*2"]
				},
				"head": {
					"rotation": ["2.5-math.cos(query.anim_time*90*5/2*2-120)*2", 0, "0+math.cos(query.anim_time*90*5/2-120)*2"]
				},
				"head_leaf": {
					"rotation": ["-7.5-math.cos(query.anim_time*90*5/2*2-160)*1", 0, "0-math.cos(query.anim_time*90*5/2-180)*2"]
				},
				"head_leaf2": {
					"rotation": ["-30-math.cos(query.anim_time*90*5/2*2-210)*1", 0, 0]
				},
				"head_leaf3": {
					"rotation": ["-75-math.cos(query.anim_time*90*5/2*2-260)*1", "0-math.cos(query.anim_time*90*5/2-210)*2", "0-math.cos(query.anim_time*90*5/2-210)*2"]
				},
				"head_leaf4": {
					"rotation": ["-27.5-math.cos(query.anim_time*90*5/2*2-300)*1", 0, 0]
				},
				"tail": {
					"rotation": ["-10+math.cos(query.anim_time*90*5/2*2-60)*3", "math.cos(query.anim_time*90*5/2-60)*8", 0]
				},
				"tail2": {
					"rotation": ["12.5+math.cos(query.anim_time*90*5/2*2-120)*2", "0+math.cos(query.anim_time*90*5/2-120)*3", 0]
				},
				"torso": {
					"rotation": ["0+math.cos(query.anim_time*90*5/2*2)*3/2", "0-math.cos(query.anim_time*90*5/2-90)*1", "0+math.cos(query.anim_time*90*5/2)*3"],
					"position": {
						"0.0": [0, "0+math.sin(query.anim_time*90*5/2*2)*0.4", 0],
						"0.4167": [0, "0+math.sin(query.anim_time*90*5/2*2)*0.4", 0],
						"0.4583": [0, "0+math.sin(query.anim_time*90*5/2*5)*0.1", 0],
						"0.75": [0, "0+math.sin(query.anim_time*90*5/2*2)*0.4", 0],
						"1.2083": [0, "0+math.sin(query.anim_time*90*5/2*2)*0.4", 0],
						"1.25": [0, "0+math.sin(query.anim_time*90*5/2*5)*0.1", 0],
						"1.5417": [0, "0+math.sin(query.anim_time*90*5/2*2)*0.4", 0]
					}
				},
				"leg_back_right": {
					"rotation": ["0+math.sin(q.anim_time*90*5/2)*20", 0, 0],
					"position": {
						"0.0": [0, "0+math.clamp(math.cos(q.anim_time*90*5/2-180)*1,0,1)", "0+math.sin(q.anim_time*90*5/2)*1"],
						"1.0833": [0, "0+math.clamp(math.cos(q.anim_time*90*5/2-180)*1,0,1)", "0+math.sin(q.anim_time*90*5/2)*1"],
						"1.2083": [0, "-1+math.clamp(math.cos(q.anim_time*90*5/2-180)*1,0,1)", "0+math.sin(q.anim_time*90*5/2)*1"],
						"1.5833": [0, "0+math.clamp(math.cos(q.anim_time*90*5/2-180)*1,0,1)", "0+math.sin(q.anim_time*90*5/2)*1"]
					}
				},
				"leg_back_left": {
					"rotation": ["0-math.sin(q.anim_time*90*5/2)*20", 0, 0],
					"position": {
						"0.0": [0, "0+math.clamp(math.cos(q.anim_time*90*5/2)*1,0,1)", "0-math.sin(q.anim_time*90*5/2)*1"],
						"0.2917": [0, "0+math.clamp(math.cos(q.anim_time*90*5/2)*1,0,1)", "0-math.sin(q.anim_time*90*5/2)*1"],
						"0.4167": [0, "-1+math.clamp(math.cos(q.anim_time*90*5/2)*1,0,1)", "0-math.sin(q.anim_time*90*5/2)*1"],
						"0.75": [0, "0+math.clamp(math.cos(q.anim_time*90*5/2)*1,0,1)", "0-math.sin(q.anim_time*90*5/2)*1"]
					}
				},
				"leg_front_right": {
					"rotation": ["0-math.sin(q.anim_time*90*5/2+30)*20", 0, 0],
					"position": {
						"0.0": [0, "0+math.clamp(math.cos(q.anim_time*90*5/2+3/4)*1,0,1)", "0-math.sin(q.anim_time*90*5/2+30/4)*1"],
						"0.2917": [0, "0+math.clamp(math.cos(q.anim_time*90*5/2+3/4)*1,0,1)", "0-math.sin(q.anim_time*90*5/2+30/4)*1"],
						"0.4167": [0, "-0.75+math.clamp(math.cos(q.anim_time*90*5/2+3/4)*1,0,1)", "0-math.sin(q.anim_time*90*5/2+30/4)*1"],
						"0.5833": [0, "0+math.clamp(math.cos(q.anim_time*90*5/2+3/4)*1,0,1)", "0-math.sin(q.anim_time*90*5/2+30/4)*1"]
					}
				},
				"leg_front_left": {
					"rotation": ["0+math.sin(q.anim_time*90*5/2+30)*20", 0, 0],
					"position": {
						"0.0": [0, "0+math.clamp(math.cos(q.anim_time*90*5/2+3/4-180)*1,0,1)", "0+math.sin(q.anim_time*90*5/2+3/4)*1"],
						"1.0833": [0, "0+math.clamp(math.cos(q.anim_time*90*5/2+3/4-180)*1,0,1)", "0+math.sin(q.anim_time*90*5/2+3/4)*1"],
						"1.125": [0, -0.06, "0+math.sin(q.anim_time*90*5/2+3/4)*1"],
						"1.2083": [0, "-1+math.clamp(math.cos(q.anim_time*90*5/2+3/4-180)*1,0,1)", "0+math.sin(q.anim_time*90*5/2+3/4)*1"],
						"1.5": [0, "0+math.clamp(math.cos(q.anim_time*90*5/2+3/4-180)*1,0,1)", "0+math.sin(q.anim_time*90*5/2+3/4)*1"]
					}
				},
				"vine_right": {
					"position": [4, 0, 0]
				},
				"vine_right2": {
					"position": [4, 0, 0]
				},
				"vine_right3": {
					"position": [4, 0, 0]
				},
				"vine_right4": {
					"position": [4, 0, 0]
				},
				"vine_right5": {
					"position": [4, 0, 0]
				},
				"vine_right6": {
					"position": [4, 0, 0]
				},
				"vine_right7": {
					"position": [4, 0, 0]
				},
				"vine_right_end": {
					"position": [4, 0, 0]
				},
				"vine_left": {
					"position": [-4, 0, 0]
				},
				"vine_left2": {
					"position": [-4, 0, 0]
				},
				"vine_left3": {
					"position": [-4, 0, 0]
				},
				"vine_left4": {
					"position": [-4, 0, 0]
				},
				"vine_left5": {
					"position": [-4, 0, 0]
				},
				"vine_left6": {
					"position": [-4, 0, 0]
				},
				"vine_left7": {
					"position": [-4, 0, 0]
				},
				"vine_left_end": {
					"position": [-4, 0, 0]
				},
				"leg_back_right2": {
					"rotation": {
						"0.0": [2.5, 0, 0],
						"0.0417": [2.5, 0, 0],
						"0.4583": [7.5, 0, 0],
						"0.7917": {
							"pre": [20, 0, 0],
							"post": [20, 0, 0],
							"lerp_mode": "catmullrom"
						},
						"1.0": {
							"post": [31.5, 0, 0],
							"lerp_mode": "catmullrom"
						},
						"1.1667": [20, 0, 0],
						"1.3333": [17.5, 0, 0],
						"1.5833": [2.5, 0, 0]
					},
					"position": [0, 0, 0]
				},
				"leg_back_left2": {
					"rotation": {
						"0.0": {
							"post": [16, 0, 0],
							"lerp_mode": "catmullrom"
						},
						"0.2083": {
							"post": [30, 0, 0],
							"lerp_mode": "catmullrom"
						},
						"0.375": {
							"post": [20, 0, 0],
							"lerp_mode": "catmullrom"
						},
						"0.5417": [17.5, 0, 0],
						"0.8333": {
							"pre": [2.5, 0, 0],
							"post": [2.5, 0, 0],
							"lerp_mode": "catmullrom"
						},
						"1.25": {
							"post": [7.5, 0, 0],
							"lerp_mode": "catmullrom"
						},
						"1.5833": {
							"post": [16, 0, 0],
							"lerp_mode": "catmullrom"
						}
					},
					"position": [0, 0, 0]
				},
				"leg_front_right2": {
					"rotation": {
						"0.0": [37.5, 0, 0],
						"0.2917": {
							"pre": [40.5, 0, 0],
							"post": [40.5, 0, 0],
							"lerp_mode": "catmullrom"
						},
						"0.4167": [17.5, 0, 0],
						"0.5833": [5, 0, 0],
						"0.875": [7.5, 0, 0],
						"1.2917": {
							"pre": [37.5, 0, 0],
							"post": [37.5, 0, 0],
							"lerp_mode": "catmullrom"
						},
						"1.5833": [37.5, 0, 0]
					},
					"position": [0, 0, 0]
				},
				"leg_front_left2": {
					"rotation": {
						"0.0": [0, 0, 0],
						"0.2917": {
							"pre": [12.5, 0, 0],
							"post": [12.5, 0, 0],
							"lerp_mode": "catmullrom"
						},
						"0.6667": {
							"post": [38.5, 0, 0],
							"lerp_mode": "catmullrom"
						},
						"1.0833": {
							"post": [40.5, 0, 0],
							"lerp_mode": "catmullrom"
						},
						"1.2083": [17.94, -0.55, 0.08],
						"1.4583": {
							"pre": [3.65, -0.18, 0.03],
							"post": [3.65, -0.18, 0.03],
							"lerp_mode": "catmullrom"
						},
						"1.5833": [0, 0, 0]
					}
				},
				"leaves": {
					"rotation": {
						"0.0": ["0+math.cos(query.anim_time*90*5/2*2-90)*2", 0, 0],
						"0.4167": ["0+math.cos(query.anim_time*90*5/2*2-90)*2", 0, 0],
						"0.4583": ["0+math.cos(query.anim_time*90*5/2*7)*2", 0, 0],
						"0.75": ["0+math.cos(query.anim_time*90*5/2*2-90)*2", 0, 0],
						"1.2083": ["0+math.cos(query.anim_time*90*5/2*2-90)*2", 0, 0],
						"1.25": ["0+math.cos(query.anim_time*90*5/2*7)*2", 0, 0],
						"1.5417": ["0+math.cos(query.anim_time*90*5/2*2-90)*2", 0, 0]
					}
				}
			}
		},
		"animation.bayleef.cry": {
			"animation_length": 1,
			"bones": {
				"neck": {
					"rotation": {
						"0.0": [0, 0, 0],
						"0.125": {
							"pre": [-2.5, 0, 0],
							"post": [-2.5, 0, 0],
							"lerp_mode": "catmullrom"
						},
						"0.2917": {
							"post": [16, 0, 0],
							"lerp_mode": "catmullrom"
						},
						"0.75": [16, 0, 0],
						"1.0": [0, 0, 0]
					}
				},
				"neck2": {
					"rotation": {
						"0.0": [0, 0, 0],
						"0.1667": {
							"pre": [1, 0, 0],
							"post": [1, 0, 0],
							"lerp_mode": "catmullrom"
						},
						"0.2083": {
							"post": [-7.5, 0, 0],
							"lerp_mode": "catmullrom"
						},
						"0.75": {
							"post": [3, 0, 0],
							"lerp_mode": "catmullrom"
						},
						"1.0": [0, 0, 0]
					}
				},
				"head": {
					"rotation": {
						"0.0": [0, 0, 0],
						"0.125": {
							"pre": [5, 0, 0],
							"post": [5, 0, 0],
							"lerp_mode": "catmullrom"
						},
						"0.25": {
							"post": [-20, 0, 0],
							"lerp_mode": "catmullrom"
						},
						"0.5833": {
							"post": [-23.5, 0, 0],
							"lerp_mode": "catmullrom"
						},
						"1.0": [0, 0, 0]
					}
				},
				"jaw": {
					"rotation": {
						"0.0": [0, 0, 0],
						"0.125": {
							"pre": [3, 0, 0],
							"post": [3, 0, 0],
							"lerp_mode": "catmullrom"
						},
						"0.25": {
							"post": [40, 0, 0],
							"lerp_mode": "catmullrom"
						},
						"0.625": {
							"post": [24, 0, 0],
							"lerp_mode": "catmullrom"
						},
						"0.9583": [0, 0, 0]
					}
				},
				"head_leaf": {
					"rotation": {
						"0.0": [0, 0, 0],
						"0.1667": {
							"pre": [5, 0, 0],
							"post": [5, 0, 0],
							"lerp_mode": "catmullrom"
						},
						"0.375": {
							"post": [-7.5, 0, 0],
							"lerp_mode": "catmullrom"
						},
						"0.625": {
							"post": [-6.5, 0, 0],
							"lerp_mode": "catmullrom"
						},
						"0.7917": {
							"post": [0, 0, 0],
							"lerp_mode": "catmullrom"
						},
						"1.0": [0, 0, 0]
					}
				},
				"head_leaf3": {
					"rotation": {
						"0.0": [0, 0, 0],
						"0.2083": {
							"pre": [5, 0, 0],
							"post": [5, 0, 0],
							"lerp_mode": "catmullrom"
						},
						"0.4167": {
							"post": [-7.5, 0, 0],
							"lerp_mode": "catmullrom"
						},
						"0.625": {
							"post": [-6.5, 0, 0],
							"lerp_mode": "catmullrom"
						},
						"0.875": {
							"post": [-1, 0, 0],
							"lerp_mode": "catmullrom"
						},
						"1.0": [0, 0, 0]
					}
				},
				"head_leaf4": {
					"rotation": {
						"0.0": [0, 0, 0],
						"0.2083": {
							"pre": [5, 0, 0],
							"post": [5, 0, 0],
							"lerp_mode": "catmullrom"
						},
						"0.4167": {
							"post": [-7.5, 0, 0],
							"lerp_mode": "catmullrom"
						},
						"0.625": {
							"post": [-6.5, 0, 0],
							"lerp_mode": "catmullrom"
						},
						"0.875": {
							"post": [-1, 0, 0],
							"lerp_mode": "catmullrom"
						},
						"1.0": [0, 0, 0]
					}
				}
			},
			"sound_effects": {
				"0.0833": {
					"effect": "pokemon.bayleef.cry"
				}
			}
		},
		"animation.bayleef.sleep": {
			"loop": true,
			"bones": {
				"neck": {
					"rotation": ["50+math.cos(query.anim_time*90*2/2-60)*1", 0, 0]
				},
				"leaf1": {
					"rotation": ["34.291+math.cos(query.anim_time*90*2/2-120)*2", 15.1875, -2.0558]
				},
				"leaf2": {
					"rotation": ["34.291+math.cos(query.anim_time*90*2/2-120)*2", -15.18749, 2.05579]
				},
				"leaf3": {
					"rotation": ["1.0659+math.cos(query.anim_time*90*2/2-160)*2", 29.99599, -1.1303]
				},
				"leaf4": {
					"rotation": ["1.0659+math.cos(query.anim_time*90*2/2-160)*2", -29.996, 1.1303]
				},
				"leaf5": {
					"rotation": [-48.72604, -1, "15.9323-math.cos(query.anim_time*90*2/2-210)*3"]
				},
				"leaf6": {
					"rotation": ["62.5-math.cos(query.anim_time*90*2/2-210)*2", 0, 0]
				},
				"leaf7": {
					"rotation": [-48.72604, 1, "-15.9323+math.cos(query.anim_time*90*2/2-210)*3"]
				},
				"neck2": {
					"rotation": ["-37.5+math.cos(query.anim_time*90*2/2-120)*1", 0, 0]
				},
				"head": {
					"rotation": ["12.5-math.cos(query.anim_time*90*2/2-120)*2", 0, 0]
				},
				"head_leaf": {
					"rotation": ["-7.5-math.cos(query.anim_time*90*2/2-160)*1", 0, 0]
				},
				"head_leaf2": {
					"rotation": ["-17.5-math.cos(query.anim_time*90*2/2-210)*1", 0, 0]
				},
				"head_leaf3": {
					"rotation": ["-77.5-math.cos(query.anim_time*90*2/2-260)*3", 0, 0]
				},
				"head_leaf4": {
					"rotation": ["-45-math.cos(query.anim_time*90*2/2-300)*2", 0, 0]
				},
				"tail": {
					"rotation": ["-27.5+math.cos(query.anim_time*90*2/2-60)*2", "math.cos(query.anim_time*90*2/2/2-60)*4", 0]
				},
				"tail2": {
					"rotation": ["-10+math.cos(query.anim_time*90*2/2-120)*2", "0+math.cos(query.anim_time*90*2/2/2-120)*3", 0]
				},
				"torso": {
					"rotation": ["0+math.cos(query.anim_time*90*2/2)*1/2", 0, 0],
					"position": [0, "0+math.sin(query.anim_time*90*2/2)*0.1", 0]
				},
				"leg_back_right": {
					"rotation": [-90, 67.5, 0],
					"position": [0, -1.1, 0]
				},
				"leg_back_left": {
					"rotation": [-90, -67.5, 0],
					"position": [0, -1.25, 0]
				},
				"leg_front_right": {
					"rotation": [-90, 35, 0],
					"position": [0, -1.4, 0]
				},
				"leg_front_left": {
					"rotation": [-90, -35, 0],
					"position": [0, -1.45, 0]
				},
				"vine_right": {
					"position": [4, 0, 0]
				},
				"vine_right2": {
					"position": [4, 0, 0]
				},
				"vine_right3": {
					"position": [4, 0, 0]
				},
				"vine_right4": {
					"position": [4, 0, 0]
				},
				"vine_right5": {
					"position": [4, 0, 0]
				},
				"vine_right6": {
					"position": [4, 0, 0]
				},
				"vine_right7": {
					"position": [4, 0, 0]
				},
				"vine_right_end": {
					"position": [4, 0, 0]
				},
				"vine_left": {
					"position": [-4, 0, 0]
				},
				"vine_left2": {
					"position": [-4, 0, 0]
				},
				"vine_left3": {
					"position": [-4, 0, 0]
				},
				"vine_left4": {
					"position": [-4, 0, 0]
				},
				"vine_left5": {
					"position": [-4, 0, 0]
				},
				"vine_left6": {
					"position": [-4, 0, 0]
				},
				"vine_left7": {
					"position": [-4, 0, 0]
				},
				"vine_left_end": {
					"position": [-4, 0, 0]
				},
				"body": {
					"position": [0, -5, 0]
				},
				"eyelid_right": {
					"position": [-0.1, 0, 0]
				},
				"eyelid_left": {
					"position": [0.1, 0, 0]
				},
				"jaw": {
					"rotation": ["10-math.cos(query.anim_time*90*2/2-160)*3", 0, 0]
				}
			}
		},
		"animation.bayleef.blink": {
			"animation_length": 0.1667,
			"bones": {
				"eyelid_right": {
					"position": {
						"0.0": [-0.1, 0, 0],
						"0.125": [-0.1, 0, 0],
						"0.1667": [0, 0, 0]
					}
				},
				"eyelid_left": {
					"position": {
						"0.0": [0.1, 0, 0],
						"0.125": [0.1, 0, 0],
						"0.1667": [0, 0, 0]
					}
				}
			}
		}
	}
}