{
	"format_version": "1.8.0",
	"animations": {
		"animation.haunter.ground_idle": {
			"loop": true,
			"bones": {
				"hand_left": {
					"rotation": [-15, 0, 30]
				},
				"finger_left_index": {
					"rotation": [-45, 15, -15]
				},
				"finger_left_index2": {
					"rotation": [30, 0, 0]
				},
				"finger_left_middle": {
					"rotation": [-45, 0, 0]
				},
				"finger_left_middle2": {
					"rotation": [30, 0, 0]
				},
				"finger_left_ring": {
					"rotation": [-45, -15, 15]
				},
				"finger_left_ring2": {
					"rotation": [30, 0, 0]
				},
				"hand_left2": {
					"rotation": [15, 0, 0]
				},
				"hand_right": {
					"rotation": [-15, 0, -30]
				},
				"finger_right_index": {
					"rotation": [-45, -15, 15]
				},
				"finger_right_index2": {
					"rotation": [30, 0, 0]
				},
				"finger_right_middle": {
					"rotation": [-45, 0, 0]
				},
				"finger_right_middle2": {
					"rotation": [30, 0, 0]
				},
				"finger_right_ring": {
					"rotation": [-45, 15, -15]
				},
				"finger_right_ring2": {
					"rotation": [30, 0, 0]
				},
				"hand_right2": {
					"rotation": [15, 0, 0]
				},
				"mouth_top": {
					"position": [0, 0, 0]
				}
			}
		},
		"animation.haunter.mouth_closed": {
			"loop": true,
			"bones": {
				"mouth_closed_cover": {
					"position": [0, -10, 0]
				}
			}
		},
		"animation.haunter.blink": {
			"animation_length": 0.1667,
			"bones": {
				"eyelid_right": {
					"position": {
						"0.0": [0, 0, -0.1],
						"0.125": [0, 0, -0.1],
						"0.1667": [0, 0, 0]
					}
				},
				"eyelid_left": {
					"position": {
						"0.0": [0, 0, -0.1],
						"0.125": [0, 0, -0.1],
						"0.1667": [0, 0, 0]
					}
				}
			}
		},
		"animation.haunter.cry": {
			"animation_length": 1.5,
			"bones": {
				"mouth_top": {
					"position": {
						"0.0": [0, 0, 0],
						"0.25": [0, 2, 0],
						"1.25": [0, 2, 0],
						"1.5": [0, 0, 0]
					}
				}
			},
			"sound_effects": {
				"0.0": {
					"effect": "pokemon.haunter.cry"
				}
			}
		}
	}
}