{
	"format_version": "1.8.0",
	"animations": {
		"animation.hitmonlee.ground_idle": {
			"loop": true,
			"bones": {
				"torso": {
					"rotation": ["-2.5212+2*math.sin(q.anim_time*90*1+40)", "2.0621-2*math.sin(q.anim_time*90*1+20)", "0.7332+0.2*math.cos(q.anim_time*90*2)"],
					"position": [0, "0.25+0.3*math.sin(q.anim_time*90*1)", "0.1+0.1*math.cos(q.anim_time*90*1)"]
				},
				"torso2": {
					"rotation": ["4.9136-2*math.sin(q.anim_time*90*1-40)", -2.4324, -0.75819]
				},
				"arm_left": {
					"rotation": [18.39504, "-2.912+5*math.sin(q.anim_time*90*1)", "51.4255-5*math.sin(q.anim_time*90*1)"]
				},
				"arm_left2": {
					"rotation": [10.62611, "43.8476+5*math.sin(q.anim_time*90*1-40)", 16.56143]
				},
				"arm_right": {
					"rotation": [5.98821, "14.3534+5*math.sin(q.anim_time*90*1)", "-65.1423+1*math.sin(q.anim_time*90*1)"]
				},
				"arm_right2": {
					"rotation": [0, "-35-5*math.sin(q.anim_time*90*1+30)", "5*math.sin(q.anim_time*90*1)"]
				},
				"leg_left": {
					"rotation": [3.17572, -22.28781, -3.41732],
					"position": [0, "0.5*math.sin(q.anim_time*90*1)", -0.25],
					"scale": [1, "1+0.03*math.sin(q.anim_time*90*1)", 1]
				},
				"leg_left3": {
					"rotation": [17.5, 0, 0],
					"position": [0, 0, 0]
				},
				"leg_left4": {
					"rotation": [15, 0, 0]
				},
				"foot_left": {
					"rotation": ["-11.4301+5*math.sin(q.anim_time*90*1)", -1.57606, -2.60629],
					"position": [0, "0.2*math.sin(q.anim_time*90*1)", 0],
					"scale": [1, "1-0.03*math.sin(q.anim_time*90*1)", 1]
				},
				"leg_right": {
					"rotation": [-5, 15, 0],
					"position": [0, "-0.3+0.3*math.sin(q.anim_time*90*1)", -1.5],
					"scale": [1, "1+0.03*math.sin(q.anim_time*90*1)", 1]
				},
				"leg_right2": {
					"rotation": [5, 0, 0]
				},
				"leg_right3": {
					"rotation": [2.5, 0, 0]
				},
				"leg_right4": {
					"rotation": [5, 0, 0]
				},
				"foot_right": {
					"rotation": [-7.5, 0, 0],
					"scale": [1, "1-0.03*math.sin(q.anim_time*90*1)", 1]
				},
				"hand_left": {
					"rotation": ["-11.6436+10*math.sin(q.anim_time*90*1-40)", "-0.5229+5*math.sin(q.anim_time*90*1-40)", 12.28096]
				},
				"finger_left": {
					"rotation": [5.25577, 9.19817, "17.5788+5*math.sin(q.anim_time*90*1)"]
				},
				"finger_left3": {
					"rotation": [-4.26175, -9.05478, "25.3376-10*math.sin(q.anim_time*90*1)"]
				},
				"finger_right": {
					"rotation": [2.57816, -7.04533, -20.15874]
				},
				"finger_right3": {
					"rotation": [-3.47875, 6.64851, -27.70212]
				},
				"leg_left2": {
					"rotation": [-5, 0, 0]
				},
				"finger_left2": {
					"rotation": [0, 2.5, 7.5]
				},
				"hand_right": {
					"rotation": ["-0.1094-5*math.sin(q.anim_time*90*2-40)", 0.83141, -14.97747]
				},
				"finger_right2": {
					"rotation": [0, 0, -10]
				}
			}
		},
		"animation.hitmonlee.ground_walk": {
			"loop": true,
			"animation_length": 4,
			"bones": {
				"torso": {
					"rotation": ["1*math.cos(q.anim_time*90*6)", "0-10*math.cos(q.anim_time*90*3)", "0-1*math.sin(q.anim_time*90*3+40)"],
					"position": [0, "-0.75+2*math.sin(q.anim_time*90*6+60)", 0]
				},
				"torso2": {
					"rotation": ["2.5-2*math.sin(q.anim_time*90*6-50)", "0-10*math.sin(q.anim_time*90*3-50)", "0+2*math.sin(q.anim_time*90*3-50)"]
				},
				"arm_left": {
					"rotation": ["20-20*math.cos(q.anim_time*90*3-40)", "-10*math.cos(q.anim_time*90*3-40)", 60],
					"position": [0, 0, "0.5*math.cos(q.anim_time*90*3-20)"]
				},
				"arm_left2": {
					"rotation": [27.23631, "20-20*math.cos(q.anim_time*90*3-90)", 18.88172]
				},
				"arm_right": {
					"rotation": ["20+20*math.cos(q.anim_time*90*3-40)", "-10*math.cos(q.anim_time*90*3-40)", -60],
					"position": [0, 0, "-0.5*math.cos(q.anim_time*90*3-20)"]
				},
				"arm_right2": {
					"rotation": [12.68664, "-20-20*math.cos(q.anim_time*90*3-90)", -2.18558]
				},
				"leg_left": {
					"rotation": {
						"0.0": {
							"post": [-25, 0, 0],
							"lerp_mode": "catmullrom"
						},
						"0.125": {
							"post": [-25, 0, 0],
							"lerp_mode": "catmullrom"
						},
						"0.25": {
							"post": [-3.34, 0, 0],
							"lerp_mode": "catmullrom"
						},
						"0.6667": {
							"post": [11.07353, -4.90737, -0.95917],
							"lerp_mode": "catmullrom"
						},
						"1.0": {
							"post": [16.31286, -5.1437, -1.64361],
							"lerp_mode": "catmullrom"
						},
						"1.3333": {
							"post": [-25, 0, 0],
							"lerp_mode": "catmullrom"
						},
						"1.4583": {
							"post": [-25, 0, 0],
							"lerp_mode": "catmullrom"
						},
						"1.5833": {
							"post": [-3.34, 0, 0],
							"lerp_mode": "catmullrom"
						},
						"2.0": {
							"post": [11.07353, -4.90737, -0.95917],
							"lerp_mode": "catmullrom"
						},
						"2.3333": {
							"post": [16.31286, -5.1437, -1.64361],
							"lerp_mode": "catmullrom"
						},
						"2.6667": {
							"post": [-25, 0, 0],
							"lerp_mode": "catmullrom"
						},
						"2.7917": {
							"post": [-25, 0, 0],
							"lerp_mode": "catmullrom"
						},
						"2.9167": {
							"post": [-3.34, 0, 0],
							"lerp_mode": "catmullrom"
						},
						"3.3333": {
							"post": [11.07353, -4.90737, -0.95917],
							"lerp_mode": "catmullrom"
						},
						"3.6667": {
							"post": [16.31286, -5.1437, -1.64361],
							"lerp_mode": "catmullrom"
						},
						"4.0": {
							"post": [-25, 0, 0],
							"lerp_mode": "catmullrom"
						}
					},
					"position": [0, "1*math.sin(q.anim_time*90*6+60)", "-0.5*math.sin(q.anim_time*90*3+40)"]
				},
				"leg_left2": {
					"rotation": {
						"0.0": {
							"post": [0, 0, 0],
							"lerp_mode": "catmullrom"
						},
						"0.6667": {
							"post": [22.5, 0, 0],
							"lerp_mode": "catmullrom"
						},
						"0.8333": {
							"post": [40, 0, 0],
							"lerp_mode": "catmullrom"
						},
						"1.3333": {
							"post": [0, 0, 0],
							"lerp_mode": "catmullrom"
						},
						"2.0": {
							"post": [22.5, 0, 0],
							"lerp_mode": "catmullrom"
						},
						"2.1667": {
							"post": [40, 0, 0],
							"lerp_mode": "catmullrom"
						},
						"2.6667": {
							"post": [0, 0, 0],
							"lerp_mode": "catmullrom"
						},
						"3.3333": {
							"post": [22.5, 0, 0],
							"lerp_mode": "catmullrom"
						},
						"3.5": {
							"post": [40, 0, 0],
							"lerp_mode": "catmullrom"
						},
						"4.0": {
							"post": [0, 0, 0],
							"lerp_mode": "catmullrom"
						}
					},
					"scale": {
						"0.0": {
							"post": [1, 1, 1],
							"lerp_mode": "catmullrom"
						},
						"0.125": {
							"post": [1, 1.125, 1],
							"lerp_mode": "catmullrom"
						},
						"0.2083": {
							"post": [1, 1, 1],
							"lerp_mode": "catmullrom"
						},
						"0.4167": {
							"post": [1, 1.0407, 1],
							"lerp_mode": "catmullrom"
						},
						"0.5833": {
							"post": [1, 1.3659, 1],
							"lerp_mode": "catmullrom"
						},
						"0.6667": {
							"post": [1, 1.3801, 1],
							"lerp_mode": "catmullrom"
						},
						"0.7917": {
							"post": [1, 1.3, 1],
							"lerp_mode": "catmullrom"
						},
						"1.2083": {
							"post": [1, 1, 1],
							"lerp_mode": "catmullrom"
						},
						"1.3333": {
							"post": [1, 1, 1],
							"lerp_mode": "catmullrom"
						},
						"1.4583": {
							"post": [1, 1.125, 1],
							"lerp_mode": "catmullrom"
						},
						"1.5417": {
							"post": [1, 1, 1],
							"lerp_mode": "catmullrom"
						},
						"1.75": {
							"post": [1, 1.0407, 1],
							"lerp_mode": "catmullrom"
						},
						"1.9167": {
							"post": [1, 1.3659, 1],
							"lerp_mode": "catmullrom"
						},
						"2.0": {
							"post": [1, 1.3801, 1],
							"lerp_mode": "catmullrom"
						},
						"2.125": {
							"post": [1, 1.3, 1],
							"lerp_mode": "catmullrom"
						},
						"2.5417": {
							"post": [1, 1, 1],
							"lerp_mode": "catmullrom"
						},
						"2.6667": {
							"post": [1, 1, 1],
							"lerp_mode": "catmullrom"
						},
						"2.7917": {
							"post": [1, 1.125, 1],
							"lerp_mode": "catmullrom"
						},
						"2.875": {
							"post": [1, 1, 1],
							"lerp_mode": "catmullrom"
						},
						"3.0833": {
							"post": [1, 1.0407, 1],
							"lerp_mode": "catmullrom"
						},
						"3.25": {
							"post": [1, 1.3659, 1],
							"lerp_mode": "catmullrom"
						},
						"3.3333": {
							"post": [1, 1.3801, 1],
							"lerp_mode": "catmullrom"
						},
						"3.4583": {
							"post": [1, 1.3, 1],
							"lerp_mode": "catmullrom"
						},
						"3.875": {
							"post": [1, 1, 1],
							"lerp_mode": "catmullrom"
						},
						"4.0": {
							"post": [1, 1, 1],
							"lerp_mode": "catmullrom"
						}
					}
				},
				"leg_left3": {
					"rotation": {
						"0.0": {
							"post": [28.57212, 0, 0],
							"lerp_mode": "catmullrom"
						},
						"0.1667": {
							"post": [0.03805, 0, 0],
							"lerp_mode": "catmullrom"
						},
						"0.6667": {
							"post": [16.42788, 0, 0],
							"lerp_mode": "catmullrom"
						},
						"0.8333": {
							"post": [7.46195, 0, 0],
							"lerp_mode": "catmullrom"
						},
						"1.3333": {
							"post": [28.57212, 0, 0],
							"lerp_mode": "catmullrom"
						},
						"1.5": {
							"post": [0.03805, 0, 0],
							"lerp_mode": "catmullrom"
						},
						"2.0": {
							"post": [16.42788, 0, 0],
							"lerp_mode": "catmullrom"
						},
						"2.1667": {
							"post": [7.46195, 0, 0],
							"lerp_mode": "catmullrom"
						},
						"2.6667": {
							"post": [28.57212, 0, 0],
							"lerp_mode": "catmullrom"
						},
						"2.8333": {
							"post": [0.03805, 0, 0],
							"lerp_mode": "catmullrom"
						},
						"3.3333": {
							"post": [16.42788, 0, 0],
							"lerp_mode": "catmullrom"
						},
						"3.5": {
							"post": [7.46195, 0, 0],
							"lerp_mode": "catmullrom"
						},
						"4.0": {
							"post": [28.57212, 0, 0],
							"lerp_mode": "catmullrom"
						}
					}
				},
				"leg_left4": {
					"rotation": ["10-10*math.sin(q.anim_time*90*3+40)", 0, 0]
				},
				"foot_left": {
					"rotation": {
						"0.0": {
							"post": [-17.5, 0, 0],
							"lerp_mode": "catmullrom"
						},
						"0.1667": {
							"post": [-25.27701, -5.62073, -0.22013],
							"lerp_mode": "catmullrom"
						},
						"0.2083": {
							"post": [2.25421, -9.99242, -0.39134],
							"lerp_mode": "catmullrom"
						},
						"0.5417": {
							"post": [-35.28, 0, 0],
							"lerp_mode": "catmullrom"
						},
						"0.6667": {
							"post": [-19.64, 1.2, 0.05],
							"lerp_mode": "catmullrom"
						},
						"0.8333": {
							"post": [12.22, 0, 0],
							"lerp_mode": "catmullrom"
						},
						"1.3333": {
							"post": [-17.5, 0, 0],
							"lerp_mode": "catmullrom"
						},
						"1.5": {
							"post": [-25.27701, -5.62073, -0.22013],
							"lerp_mode": "catmullrom"
						},
						"1.5417": {
							"post": [2.25421, -9.99242, -0.39134],
							"lerp_mode": "catmullrom"
						},
						"1.875": {
							"post": [-35.28, 0, 0],
							"lerp_mode": "catmullrom"
						},
						"2.0": {
							"post": [-19.64, 1.2, 0.05],
							"lerp_mode": "catmullrom"
						},
						"2.1667": {
							"post": [12.22, 0, 0],
							"lerp_mode": "catmullrom"
						},
						"2.6667": {
							"post": [-17.5, 0, 0],
							"lerp_mode": "catmullrom"
						},
						"2.8333": {
							"post": [-25.27701, -5.62073, -0.22013],
							"lerp_mode": "catmullrom"
						},
						"2.875": {
							"post": [2.25421, -9.99242, -0.39134],
							"lerp_mode": "catmullrom"
						},
						"3.2083": {
							"post": [-35.28, 0, 0],
							"lerp_mode": "catmullrom"
						},
						"3.3333": {
							"post": [-19.64, 1.2, 0.05],
							"lerp_mode": "catmullrom"
						},
						"3.5": {
							"post": [12.22, 0, 0],
							"lerp_mode": "catmullrom"
						},
						"4.0": {
							"post": [-17.5, 0, 0],
							"lerp_mode": "catmullrom"
						}
					},
					"scale": {
						"0.0": [1, 1, 1],
						"0.125": [1, 0.925, 1],
						"0.6667": [1, 0.85, 1],
						"0.875": [1, 0.85, 0.875],
						"1.3333": [1, 1, 1],
						"1.4583": [1, 0.925, 1],
						"2.0": [1, 0.85, 1],
						"2.2083": [1, 0.85, 0.875],
						"2.6667": [1, 1, 1],
						"2.7917": [1, 0.925, 1],
						"3.3333": [1, 0.85, 1],
						"3.5417": [1, 0.85, 0.875],
						"4.0": [1, 1, 1]
					}
				},
				"leg_right": {
					"rotation": {
						"0.0": {
							"post": [11.07353, 4.90737, 0.95917],
							"lerp_mode": "catmullrom"
						},
						"0.3333": {
							"post": [16.31286, 5.1437, 1.64361],
							"lerp_mode": "catmullrom"
						},
						"0.6667": {
							"post": [-25, 0, 0],
							"lerp_mode": "catmullrom"
						},
						"0.7917": {
							"post": [-25, 0, 0],
							"lerp_mode": "catmullrom"
						},
						"0.9167": {
							"post": [-3.34, 0, 0],
							"lerp_mode": "catmullrom"
						},
						"1.3333": {
							"post": [11.07353, 4.90737, 0.95917],
							"lerp_mode": "catmullrom"
						},
						"1.6667": {
							"post": [16.31286, 5.1437, 1.64361],
							"lerp_mode": "catmullrom"
						},
						"2.0": {
							"post": [-25, 0, 0],
							"lerp_mode": "catmullrom"
						},
						"2.125": {
							"post": [-25, 0, 0],
							"lerp_mode": "catmullrom"
						},
						"2.25": {
							"post": [-3.34, 0, 0],
							"lerp_mode": "catmullrom"
						},
						"2.6667": {
							"post": [11.07353, 4.90737, 0.95917],
							"lerp_mode": "catmullrom"
						},
						"3.0": {
							"post": [16.31286, 5.1437, 1.64361],
							"lerp_mode": "catmullrom"
						},
						"3.3333": {
							"post": [-25, 0, 0],
							"lerp_mode": "catmullrom"
						},
						"3.4583": {
							"post": [-25, 0, 0],
							"lerp_mode": "catmullrom"
						},
						"3.5833": {
							"post": [-3.34, 0, 0],
							"lerp_mode": "catmullrom"
						},
						"4.0": {
							"post": [11.07353, 4.90737, 0.95917],
							"lerp_mode": "catmullrom"
						}
					},
					"position": [0, "1*math.sin(q.anim_time*90*6+60)", "0.5*math.sin(q.anim_time*90*3+40)"]
				},
				"leg_right2": {
					"rotation": {
						"0.0": {
							"post": [22.5, 0, 0],
							"lerp_mode": "catmullrom"
						},
						"0.1667": {
							"post": [40, 0, 0],
							"lerp_mode": "catmullrom"
						},
						"0.6667": {
							"post": [0, 0, 0],
							"lerp_mode": "catmullrom"
						},
						"1.3333": {
							"post": [22.5, 0, 0],
							"lerp_mode": "catmullrom"
						},
						"1.5": {
							"post": [40, 0, 0],
							"lerp_mode": "catmullrom"
						},
						"2.0": {
							"post": [0, 0, 0],
							"lerp_mode": "catmullrom"
						},
						"2.6667": {
							"post": [22.5, 0, 0],
							"lerp_mode": "catmullrom"
						},
						"2.8333": {
							"post": [40, 0, 0],
							"lerp_mode": "catmullrom"
						},
						"3.3333": {
							"post": [0, 0, 0],
							"lerp_mode": "catmullrom"
						},
						"4.0": {
							"post": [22.5, 0, 0],
							"lerp_mode": "catmullrom"
						}
					},
					"scale": {
						"0.0": {
							"post": [1, 1.3801, 1],
							"lerp_mode": "catmullrom"
						},
						"0.125": {
							"post": [1, 1.3, 1],
							"lerp_mode": "catmullrom"
						},
						"0.5417": {
							"post": [1, 1, 1],
							"lerp_mode": "catmullrom"
						},
						"0.6667": {
							"post": [1, 1, 1],
							"lerp_mode": "catmullrom"
						},
						"0.7917": {
							"post": [1, 1.125, 1],
							"lerp_mode": "catmullrom"
						},
						"0.875": {
							"post": [1, 1, 1],
							"lerp_mode": "catmullrom"
						},
						"1.0833": {
							"post": [1, 1.0407, 1],
							"lerp_mode": "catmullrom"
						},
						"1.25": {
							"post": [1, 1.3659, 1],
							"lerp_mode": "catmullrom"
						},
						"1.3333": {
							"post": [1, 1.3801, 1],
							"lerp_mode": "catmullrom"
						},
						"1.5": {
							"post": [1, 1.3, 1],
							"lerp_mode": "catmullrom"
						},
						"1.875": {
							"post": [1, 1, 1],
							"lerp_mode": "catmullrom"
						},
						"2.0": {
							"post": [1, 1, 1],
							"lerp_mode": "catmullrom"
						},
						"2.125": {
							"post": [1, 1.125, 1],
							"lerp_mode": "catmullrom"
						},
						"2.25": {
							"post": [1, 1, 1],
							"lerp_mode": "catmullrom"
						},
						"2.4167": {
							"post": [1, 1.0407, 1],
							"lerp_mode": "catmullrom"
						},
						"2.5833": {
							"post": [1, 1.3659, 1],
							"lerp_mode": "catmullrom"
						},
						"2.6667": {
							"post": [1, 1.3801, 1],
							"lerp_mode": "catmullrom"
						},
						"2.7917": {
							"post": [1, 1.3, 1],
							"lerp_mode": "catmullrom"
						},
						"3.2083": {
							"post": [1, 1, 1],
							"lerp_mode": "catmullrom"
						},
						"3.3333": {
							"post": [1, 1, 1],
							"lerp_mode": "catmullrom"
						},
						"3.4583": {
							"post": [1, 1.125, 1],
							"lerp_mode": "catmullrom"
						},
						"3.5417": {
							"post": [1, 1, 1],
							"lerp_mode": "catmullrom"
						},
						"3.75": {
							"post": [1, 1.0407, 1],
							"lerp_mode": "catmullrom"
						},
						"3.9167": {
							"post": [1, 1.3659, 1],
							"lerp_mode": "catmullrom"
						},
						"4.0": {
							"post": [1, 1.3801, 1],
							"lerp_mode": "catmullrom"
						}
					}
				},
				"leg_right3": {
					"rotation": {
						"0.0": {
							"post": [16.42788, 0, 0],
							"lerp_mode": "catmullrom"
						},
						"0.1667": {
							"post": [7.46195, 0, 0],
							"lerp_mode": "catmullrom"
						},
						"0.6667": {
							"post": [28.57212, 0, 0],
							"lerp_mode": "catmullrom"
						},
						"0.8333": {
							"post": [0.03805, 0, 0],
							"lerp_mode": "catmullrom"
						},
						"1.3333": {
							"post": [16.42788, 0, 0],
							"lerp_mode": "catmullrom"
						},
						"1.5": {
							"post": [7.46195, 0, 0],
							"lerp_mode": "catmullrom"
						},
						"2.0": {
							"post": [28.57212, 0, 0],
							"lerp_mode": "catmullrom"
						},
						"2.1667": {
							"post": [0.03805, 0, 0],
							"lerp_mode": "catmullrom"
						},
						"2.6667": {
							"post": [16.42788, 0, 0],
							"lerp_mode": "catmullrom"
						},
						"2.8333": {
							"post": [7.46195, 0, 0],
							"lerp_mode": "catmullrom"
						},
						"3.3333": {
							"post": [28.57212, 0, 0],
							"lerp_mode": "catmullrom"
						},
						"3.5": {
							"post": [0.03805, 0, 0],
							"lerp_mode": "catmullrom"
						},
						"4.0": {
							"post": [16.42788, 0, 0],
							"lerp_mode": "catmullrom"
						}
					}
				},
				"leg_right4": {
					"rotation": ["10+10*math.sin(q.anim_time*90*3+40)", 0, 0]
				},
				"foot_right": {
					"rotation": {
						"0.0": {
							"post": [-19.64, -1.2, -0.05],
							"lerp_mode": "catmullrom"
						},
						"0.1667": {
							"post": [12.22, 0, 0],
							"lerp_mode": "catmullrom"
						},
						"0.6667": {
							"post": [2.25421, 9.99242, 0.39134],
							"lerp_mode": "catmullrom"
						},
						"0.8333": {
							"post": [-25.27701, 5.62073, 0.22013],
							"lerp_mode": "catmullrom"
						},
						"0.875": {
							"post": [2.22, 0, 0],
							"lerp_mode": "catmullrom"
						},
						"1.2083": {
							"post": [-35.28, 0, 0],
							"lerp_mode": "catmullrom"
						},
						"1.3333": {
							"post": [-19.64, -1.2, -0.05],
							"lerp_mode": "catmullrom"
						},
						"1.5": {
							"post": [12.22, 0, 0],
							"lerp_mode": "catmullrom"
						},
						"2.0": {
							"post": [2.25421, 9.99242, 0.39134],
							"lerp_mode": "catmullrom"
						},
						"2.1667": {
							"post": [-25.27701, 5.62073, 0.22013],
							"lerp_mode": "catmullrom"
						},
						"2.2083": {
							"post": [2.22, 0, 0],
							"lerp_mode": "catmullrom"
						},
						"2.5833": {
							"post": [-35.28, 0, 0],
							"lerp_mode": "catmullrom"
						},
						"2.6667": {
							"post": [-19.64, -1.2, -0.05],
							"lerp_mode": "catmullrom"
						},
						"2.8333": {
							"post": [12.22, 0, 0],
							"lerp_mode": "catmullrom"
						},
						"3.3333": {
							"post": [2.25421, 9.99242, 0.39134],
							"lerp_mode": "catmullrom"
						},
						"3.5": {
							"post": [-25.27701, 5.62073, 0.22013],
							"lerp_mode": "catmullrom"
						},
						"3.5417": {
							"post": [2.22, 0, 0],
							"lerp_mode": "catmullrom"
						},
						"3.875": {
							"post": [-35.28, 0, 0],
							"lerp_mode": "catmullrom"
						},
						"4.0": {
							"post": [-19.64, -1.2, -0.05],
							"lerp_mode": "catmullrom"
						}
					},
					"scale": {
						"0.0": [1, 0.85, 1],
						"0.2083": [1, 0.85, 0.875],
						"0.6667": [1, 1, 1],
						"0.7917": [1, 0.925, 1],
						"1.3333": [1, 0.85, 1],
						"1.5417": [1, 0.85, 0.875],
						"2.0": [1, 1, 1],
						"2.1667": [1, 0.925, 1],
						"2.6667": [1, 0.85, 1],
						"2.875": [1, 0.85, 0.875],
						"3.3333": [1, 1, 1],
						"3.4583": [1, 0.925, 1],
						"4.0": [1, 0.85, 1]
					}
				},
				"body": {
					"position": [0, 0, "0.5*math.cos(q.anim_time*90*6)"]
				},
				"finger_left": {
					"rotation": [0, 7.5, 0]
				},
				"finger_left2": {
					"rotation": [0, 0, 7.5]
				},
				"finger_left3": {
					"rotation": [-1.50701, -4.76804, 17.56274]
				},
				"finger_right": {
					"rotation": [0, -7.5, 0]
				},
				"finger_right2": {
					"rotation": [0, 0, -7.5]
				},
				"finger_right3": {
					"rotation": [-1.50701, 4.76804, -17.56274]
				}
			}
		},
		"animation.hitmonlee.battle_idle": {
			"loop": true,
			"bones": {
				"body": {
					"position": [0, -1.4, 0]
				},
				"torso2": {
					"rotation": ["14.9736-2*math.sin(q.anim_time*90*1+45)", "0.8045+math.sin(q.anim_time*90*1)", -4.92079]
				},
				"arm_left": {
					"rotation": [8.29654, "11.9782+math.sin(q.anim_time*90*2)", "20.7073+2*math.sin(q.anim_time*90*1)"],
					"position": [0.00187, 0.96217, -0.89676]
				},
				"arm_left2": {
					"rotation": [52.02933, "85.6153+5*math.sin(q.anim_time*90*1)", 58.60851]
				},
				"hand_left": {
					"rotation": [0, "17.5+6*math.sin(q.anim_time*90*1)", 15]
				},
				"finger_left": {
					"rotation": [15, 12.5, 30]
				},
				"finger_left2": {
					"rotation": [0, 0, 17.5]
				},
				"finger_left3": {
					"rotation": [-2.5, -12.5, 30]
				},
				"arm_right": {
					"rotation": [-9.10034, "34.7026+5*math.sin(q.anim_time*90*1)", "-34.5532+1*math.sin(q.anim_time*90*2)"],
					"position": [-0.00291, 0.91835, 1.59703]
				},
				"arm_right2": {
					"rotation": [-6.25908, -29.73058, -8.13588]
				},
				"hand_right": {
					"rotation": [-0.87038, -4.92385, 20.03742]
				},
				"finger_right": {
					"rotation": [5.90224, -24.38325, -11.19622]
				},
				"finger_right2": {
					"rotation": [0, 0, -17.5]
				},
				"finger_right3": {
					"rotation": [-11.07152, 26.79524, -15.96729]
				},
				"leg_left": {
					"rotation": ["-2.5+5*math.sin(q.anim_time*90*1)", -30, 0],
					"position": [-1.25, "0.4*math.sin(q.anim_time*90*1-40)", -0.5],
					"scale": [1, "1+0.04*math.sin(q.anim_time*90*1-40)", 1]
				},
				"leg_left2": {
					"rotation": ["5-5*math.sin(q.anim_time*90*1)", 0, 0]
				},
				"leg_left3": {
					"rotation": ["2-2*math.sin(q.anim_time*90*1)", 0, 0]
				},
				"leg_left4": {
					"rotation": [7.79824, 0, 2.08508]
				},
				"foot_left": {
					"rotation": ["-7.5283-2*math.sin(q.anim_time*90*1)", 0, 0.65426],
					"position": [-0.03482, 0.99501, 0.09354],
					"scale": [1, "1-0.03*math.sin(q.anim_time*90*1-40)", 1]
				},
				"leg_right": {
					"rotation": ["-101.1553+math.sin(q.anim_time*90*1)", "34.8249-2*math.sin(q.anim_time*90*1)", "-2.3646-10*math.cos(q.anim_time*90*1-50)"],
					"position": [-0.5, "2+0.5*math.sin(q.anim_time*90*1)", -2]
				},
				"leg_right2": {
					"rotation": ["10+5*math.sin(q.anim_time*90*1)", 0, 0]
				},
				"leg_right3": {
					"rotation": ["60+5*math.sin(q.anim_time*90*1-90)", 0, 0],
					"scale": [1, "1-0.05*math.sin(q.anim_time*90*1-40)", 1]
				},
				"leg_right4": {
					"rotation": [60, 0, 0]
				},
				"foot_right": {
					"rotation": ["-2.5096-10*math.sin(q.anim_time*90*1)", 4.99523, -0.21865],
					"scale": [1, 1, "1+0.05*math.sin(q.anim_time*90*1-40)"]
				},
				"torso": {
					"rotation": ["-7.4782+2*math.sin(q.anim_time*90*1+120)", 0.50187, "7.4749-2*math.sin(q.anim_time*90*1+120)"],
					"position": [0.25, "0.75+0.3*math.sin(q.anim_time*90*1)", 0]
				}
			}
		},
		"animation.hitmonlee.sleep": {
			"loop": true,
			"bones": {
				"torso": {
					"rotation": ["-6.2356-2*math.sin(q.anim_time*90*1)", "1*math.cos(q.anim_time*90*2)", "0.9332+3*math.cos(q.anim_time*90*1)"],
					"position": [0, "-0.5+0.6*math.sin(q.anim_time*90*1)", 1.6]
				},
				"torso2": {
					"rotation": [31.19918, 0, -0.75819]
				},
				"arm_left": {
					"rotation": [77.72994, 24.8254, "64.7343-5*math.cos(q.anim_time*90*1)"]
				},
				"arm_left2": {
					"rotation": [-10, "19.2861-5*math.cos(q.anim_time*90*1-80)", 0]
				},
				"arm_right": {
					"rotation": [77.72994, -24.82537, "-64.7343-5*math.cos(q.anim_time*90*1)"]
				},
				"arm_right2": {
					"rotation": [-10, "-19.2861-5*math.cos(q.anim_time*90*1-80)", 0]
				},
				"leg_left": {
					"rotation": [-4.57032, -7.55994, -1.51496],
					"position": [0, "-0.3+0.8*math.sin(q.anim_time*90*1-20)", 1.25],
					"scale": [1, "1+0.08*math.sin(q.anim_time*90*1-20)", 1]
				},
				"leg_left3": {
					"rotation": [2.5, 0, 0],
					"position": [0, 0, 0]
				},
				"leg_left4": {
					"rotation": [5, 0, 0]
				},
				"foot_left": {
					"rotation": [-7.56397, -7.43547, 0.98448],
					"position": [0, 0, 0],
					"scale": [1, "1-0.08*math.sin(q.anim_time*90*1-20)", 1]
				},
				"leg_right": {
					"rotation": [-4.54263, 12.55127, 1.32421],
					"position": [0, "-0.3+0.8*math.sin(q.anim_time*90*1+20)", 1],
					"scale": [1, "1+0.08*math.sin(q.anim_time*90*1+20)", 1]
				},
				"leg_right2": {
					"rotation": [5, 0, 0]
				},
				"leg_right3": {
					"rotation": [2.5, 0, 0]
				},
				"leg_right4": {
					"rotation": [5, 0, 0]
				},
				"foot_right": {
					"rotation": [-7.5, 0, 0],
					"scale": [1, "1-0.08*math.sin(q.anim_time*90*1+20)", 1]
				},
				"hand_left": {
					"rotation": [1.08752, 1.78606, -2.69879]
				},
				"finger_left": {
					"rotation": [-0.98448, 7.43547, "-7.564+5*math.cos(q.anim_time*90*2-50)"]
				},
				"finger_left3": {
					"rotation": [-3.47331, 5.82868, "26.9457-5*math.cos(q.anim_time*90*2)"]
				},
				"finger_right": {
					"rotation": [-0.98448, -7.43547, "7.564-5*math.cos(q.anim_time*90*2)"]
				},
				"finger_right3": {
					"rotation": [-3.47331, -5.82868, "-26.9457-5*math.cos(q.anim_time*90*2)"]
				},
				"leg_left2": {
					"rotation": [5, 0, 0]
				},
				"finger_left2": {
					"rotation": [0, 5, "10+5*math.cos(q.anim_time*90*2-30)"]
				},
				"hand_right": {
					"rotation": [1.08752, -1.78606, 2.69879]
				},
				"finger_right2": {
					"rotation": [0, -5, "-10+5*math.cos(q.anim_time*90*2-30)"]
				},
				"eyelid_left": {
					"position": [0, 0, -0.1]
				},
				"eyelid_right": {
					"position": [0, 0, -0.1]
				}
			}
		},
		"animation.hitmonlee.faint": {
			"animation_length": 3,
			"bones": {
				"torso": {
					"rotation": {
						"0.0": [8.76438, 1.37806, 0.9332],
						"0.3333": {
							"pre": [-10.40491, -10.34442, 1.92811],
							"post": [-10.40491, -10.34442, 1.92811],
							"lerp_mode": "catmullrom"
						},
						"0.4583": {
							"post": [-6.21397, -9.96263, 1.43906],
							"lerp_mode": "catmullrom"
						},
						"0.5417": {
							"post": [-1.81916, -13.56938, 2.13703],
							"lerp_mode": "catmullrom"
						},
						"0.625": {
							"post": [3.39869, -11.97693, 1.39753],
							"lerp_mode": "catmullrom"
						},
						"0.75": {
							"post": [10.91339, -13.93007, 1.13331],
							"lerp_mode": "catmullrom"
						},
						"1.0": {
							"post": [10.1064, -5.22926, -4.74479],
							"lerp_mode": "catmullrom"
						},
						"1.1667": {
							"post": [-22.3936, -5.22926, -4.74479],
							"lerp_mode": "catmullrom"
						},
						"1.4583": {
							"post": [32.6064, -5.22926, -4.74479],
							"lerp_mode": "catmullrom"
						},
						"1.5833": {
							"post": [-7.3936, -5.22926, -4.74479],
							"lerp_mode": "catmullrom"
						},
						"1.6667": {
							"post": [12.74636, -5.23942, -4.73407],
							"lerp_mode": "catmullrom"
						},
						"1.7917": [7.6064, -5.22926, -4.74479],
						"2.125": [10.10742, -5.01758, -4.96817]
					},
					"position": {
						"0.0": [0, 0.25, 0.6],
						"0.4583": [0, 0.25, 1.25],
						"0.875": [0, 0.25, 1.85],
						"1.1667": [0, 0.25, 0.6]
					}
				},
				"torso2": {
					"rotation": {
						"0.0": [11.19918, -2.4324, -0.75819],
						"0.25": [7.86103, 2.25572, -0.01377],
						"0.5": {
							"pre": [5.52859, -2.31345, -3.42307],
							"post": [5.52859, -2.31345, -3.42307],
							"lerp_mode": "catmullrom"
						},
						"0.75": {
							"post": [11.2, -2.43, -0.76],
							"lerp_mode": "catmullrom"
						},
						"0.9167": {
							"post": [51.25024, 3.81058, 3.40231],
							"lerp_mode": "catmullrom"
						},
						"1.125": {
							"post": [-18.33101, -9.84226, 2.77145],
							"lerp_mode": "catmullrom"
						},
						"1.75": {
							"post": [6.2, -2.43, -0.76],
							"lerp_mode": "catmullrom"
						},
						"1.9167": {
							"post": [6.29027, 9.99641, 0.60008],
							"lerp_mode": "catmullrom"
						},
						"2.2083": [6.24823, 7.51135, 0.32388]
					}
				},
				"arm_left": {
					"rotation": {
						"0.0": [28.87734, 11.0374, 42.4393],
						"0.7083": [8.76662, 24.03975, 50.30573],
						"0.9167": [6.98703, -21.23921, 70.34162],
						"1.0417": [-70.63911, 11.0212, -36.32725],
						"1.5833": [-90.08402, 0.00158, -35.81147],
						"1.6667": [-93.10079, -44.96293, -35.65774],
						"1.75": [-70.97644, 25.52172, -24.08433],
						"1.9167": [-72.84803, 4.10448, -31.2685],
						"2.0833": [-70.94495, 27.34363, -13.3603]
					}
				},
				"arm_left2": {
					"rotation": {
						"0.0": [0, 46.78606, 0],
						"0.5417": [-38.90172, 27.04356, 7.3405],
						"1.7083": [-9.08324, 11.7779, -51.77637],
						"1.875": [-0.56416, 14.82382, -15.91093],
						"2.0833": [-9.58858, 11.37228, -54.29447],
						"2.2083": [-1.88302, 14.71698, -31.08073]
					}
				},
				"arm_right": {
					"rotation": {
						"0.0": [-17.44091, 36.389, -60.1652],
						"0.1667": [-18.46103, 23.31075, -48.54346],
						"0.5": [-67.21458, 3.42228, -60.78896],
						"0.7083": [-37.57468, -33.99283, -53.63012],
						"0.9167": [15.38184, 14.32775, -74.61923],
						"1.0417": [-111.40635, -40.31783, 40.17826],
						"1.625": {
							"pre": [-101.52687, 33.34254, 19.92702],
							"post": [-101.52687, 33.34254, 19.92702],
							"lerp_mode": "catmullrom"
						},
						"1.6667": {
							"post": [-98.96963, 14.90013, 23.27122],
							"lerp_mode": "catmullrom"
						},
						"1.8333": {
							"post": [-98.87019, -12.27971, 27.49645],
							"lerp_mode": "catmullrom"
						},
						"2.0": {
							"post": [-76.37019, -12.27971, 27.49645],
							"lerp_mode": "catmullrom"
						},
						"2.1667": [-78.74903, -21.33358, -2.50988]
					}
				},
				"arm_right2": {
					"rotation": {
						"0.0": [0, -22.5, 0],
						"0.375": {
							"pre": [0, -64.21, 0],
							"post": [0, -64.21, 0],
							"lerp_mode": "catmullrom"
						},
						"0.9167": {
							"post": [0, 2.5, 0],
							"lerp_mode": "catmullrom"
						},
						"1.2917": {
							"post": [0, -42.5, 0],
							"lerp_mode": "catmullrom"
						},
						"1.7083": {
							"post": [-29.28593, -32.04177, 52.39455],
							"lerp_mode": "catmullrom"
						},
						"1.875": {
							"post": [-3.46967, -36.76041, 13.59156],
							"lerp_mode": "catmullrom"
						},
						"2.125": {
							"post": [2.77343, -39.16436, 6.26728],
							"lerp_mode": "catmullrom"
						},
						"2.4583": [7.58364, -34.86414, 9.14316]
					}
				},
				"leg_left": {
					"rotation": {
						"0.0": [1.69405, -52.46696, 1.06996],
						"0.75": {
							"pre": [-45.69694, -26.16652, 8.34447],
							"post": [-45.69694, -26.16652, 8.34447],
							"lerp_mode": "catmullrom"
						},
						"0.875": {
							"post": [-42.0782, -43.72627, 19.45055],
							"lerp_mode": "catmullrom"
						},
						"0.9167": {
							"post": [-69.31476, -34.9781, 8.99768],
							"lerp_mode": "catmullrom"
						},
						"1.0417": {
							"post": [58.97554, -8.7336, -22.36094],
							"lerp_mode": "catmullrom"
						},
						"1.2083": {
							"post": [-58.86791, -26.8244, -26.41422],
							"lerp_mode": "catmullrom"
						},
						"1.4167": {
							"post": [58.3427, -6.28584, -9.02147],
							"lerp_mode": "catmullrom"
						},
						"1.5833": {
							"post": [19.36818, -0.00976, -4.90868],
							"lerp_mode": "catmullrom"
						},
						"1.625": {
							"post": [-4.38, -0.01, -4.91],
							"lerp_mode": "catmullrom"
						},
						"1.75": {
							"post": [78.12, -0.01, -4.91],
							"lerp_mode": "catmullrom"
						},
						"2.0417": {
							"post": [78.12, -0.01, -4.91],
							"lerp_mode": "catmullrom"
						},
						"2.1667": [-4.38, -0.01, -4.91],
						"2.2917": [10.62, -0.01, -4.91],
						"2.5417": [3.12, -0.01, -4.91]
					},
					"position": {
						"0.0": [-0.5, 0, 1.25],
						"1.5417": [-0.5, 0, 0.25]
					},
					"scale": {
						"0.0": [1, 1, 1],
						"0.9583": [1, 1, 1],
						"1.125": [1, 1.5, 1],
						"1.2917": [1, 1, 1]
					}
				},
				"leg_left3": {
					"rotation": {
						"0.0": [17.5, 0, 0],
						"0.75": [25, 0, 0],
						"0.9167": [52.5, 0, 0],
						"1.2083": [7.5, 0, 0],
						"1.6667": [7.5, 0, 0]
					},
					"position": [0, 0, 0]
				},
				"leg_left4": {
					"rotation": {
						"0.0": [15, 0, 0],
						"0.75": [37.5, 0, 0],
						"1.2083": [15, 0, 0],
						"1.6667": [15, 0, 0],
						"1.8333": [40, 0, 0],
						"2.2083": [20, 0, 0],
						"2.4167": [25, 0, 0],
						"2.625": [12.5, 0, 0]
					}
				},
				"foot_left": {
					"rotation": {
						"0.0": [-11.4301, -1.57606, -2.60629],
						"0.75": {
							"pre": [-14.4, -1.58, -2.61],
							"post": [-14.4, -1.58, -2.61],
							"lerp_mode": "catmullrom"
						},
						"0.7917": {
							"post": [-37.20422, -1.57979, -2.6098],
							"lerp_mode": "catmullrom"
						},
						"0.9167": {
							"post": [-58.11686, -1.57917, -2.60922],
							"lerp_mode": "catmullrom"
						},
						"1.2083": {
							"post": [55.43795, -1.5777, -2.60784],
							"lerp_mode": "catmullrom"
						},
						"1.5417": [23.5699, -1.57606, -2.60629]
					},
					"position": [0, 0, 0],
					"scale": 1
				},
				"leg_right": {
					"rotation": {
						"0.0": [-5, 15, 0],
						"0.375": {
							"pre": [-27.42804, 0.93634, 5.5773],
							"post": [-27.42804, 0.93634, 5.5773],
							"lerp_mode": "catmullrom"
						},
						"0.7083": {
							"post": [-55.00436, 14.76689, -2.66399],
							"lerp_mode": "catmullrom"
						},
						"0.9167": {
							"post": [-107.66404, 24.8465, -1.79687],
							"lerp_mode": "catmullrom"
						},
						"1.0833": {
							"post": [44.39703, 4.65194, 11.03754],
							"lerp_mode": "catmullrom"
						},
						"1.5833": {
							"post": [4.06247, 1.09795, 4.42239],
							"lerp_mode": "catmullrom"
						},
						"1.625": {
							"post": [-28.44, 1.1, 4.42],
							"lerp_mode": "catmullrom"
						},
						"1.75": {
							"post": [65.69472, -14.92361, 11.53105],
							"lerp_mode": "catmullrom"
						},
						"1.9583": {
							"post": [65.69472, -14.92361, 11.53105],
							"lerp_mode": "catmullrom"
						},
						"2.0833": [-28.44, 1.1, 4.42],
						"2.25": [-8.44, 1.1, 4.42],
						"2.5417": [-18.44, 1.1, 4.42]
					},
					"position": {
						"0.0": [0, -0.3, -1.5],
						"0.875": [0, -0.3, -1.5],
						"1.0833": [0, -0.3, 3.5],
						"1.5": [0, -0.3, 0.25]
					},
					"scale": 1
				},
				"leg_right2": {
					"rotation": {
						"0.0": [5, 0, 0],
						"0.7083": [22.98, 0, 0],
						"0.875": [-5.29, 0, 0],
						"1.0833": [32.5, 0, 0]
					},
					"scale": {
						"0.0": [1, 1, 1],
						"0.9583": [1, 1, 1],
						"1.0833": [1, 1.8, 1],
						"1.375": [1, 1, 1]
					}
				},
				"leg_right3": {
					"rotation": {
						"0.0": [2.5, 0, 0],
						"0.7083": [0.39, 0, 0],
						"0.875": [77.89, 0, 0],
						"1.1667": [2.89, 0, 0]
					}
				},
				"leg_right4": {
					"rotation": {
						"0.0": [5, 0, 0],
						"0.7083": [8.42, 0, 0],
						"0.875": [40.92, 0, 0],
						"1.5": [40.92, 0, 0],
						"1.875": [8.42, 0, 0],
						"2.1667": [8.42, 0, 0],
						"2.2917": [18.42, 0, 0],
						"2.5": [10.92, 0, 0]
					}
				},
				"foot_right": {
					"rotation": {
						"0.0": [-7.5, 0, 0],
						"0.375": {
							"pre": [1.33, 0, 0],
							"post": [1.33, 0, 0],
							"lerp_mode": "catmullrom"
						},
						"0.625": {
							"post": [-0.29, 0, 0],
							"lerp_mode": "catmullrom"
						},
						"0.7083": {
							"post": [10, 0, 0],
							"lerp_mode": "catmullrom"
						},
						"0.875": {
							"post": [-14.5, 0, 0],
							"lerp_mode": "catmullrom"
						},
						"1.5417": [85, 0, 0],
						"1.875": [35, 0, 0]
					},
					"position": {
						"0.0": [0, 0, 0],
						"0.375": {
							"pre": [0, 0.9, 0],
							"post": [0, 0.9, 0],
							"lerp_mode": "catmullrom"
						},
						"0.625": {
							"post": [0, 0.6, 0],
							"lerp_mode": "catmullrom"
						},
						"0.7083": [0, 0, 0]
					},
					"scale": 1
				},
				"hand_left": {
					"rotation": {
						"0.0": [-18.91248, 1.78606, -2.69879],
						"1.9167": [-18.91, 1.79, -2.7],
						"2.0417": [-18.42861, -4.67112, -21.64372],
						"2.2917": [-8.93727, -1.46046, 0.34171]
					}
				},
				"finger_left": {
					"rotation": {
						"0.0": [0, 17.5, 0],
						"0.6667": [15.62489, 7.98133, 63.59681],
						"1.5417": [3.90399, 17.07228, 13.08619],
						"1.9583": [3.74379, 4.59988, 12.23911]
					}
				},
				"finger_left3": {
					"rotation": {
						"0.0": [-4.26175, -9.05478, 25.3376],
						"0.6667": [-9.07947, -4.20854, 65.33429],
						"1.5417": [-4.65468, -8.86042, 27.86081],
						"1.9583": [-4.60036, -1.3848, 27.25373]
					}
				},
				"finger_right": {
					"rotation": {
						"0.0": [-0.98448, -7.43547, 7.56397],
						"0.875": [7.05239, -2.55868, -70.1577],
						"1.5417": [0.32902, -7.49282, -2.52154],
						"1.9583": [-0.33193, -14.99282, 0.02211]
					}
				},
				"finger_right3": {
					"rotation": {
						"0.0": [-3.47875, 6.64851, -27.70212],
						"0.875": [-7.24721, 1.93597, -75.12261],
						"1.5417": [-3.47875, 6.64851, -27.70212],
						"1.9583": [-2.39688, 4.86449, -5.11528]
					}
				},
				"leg_left2": {
					"rotation": {
						"0.0": [-5, 0, 0],
						"0.75": [19.8, 0, 0],
						"0.9167": [51.42, 0, 0],
						"1.5417": [10, 0, 0]
					}
				},
				"finger_left2": {
					"rotation": {
						"0.0": [0, 2.5, 7.5],
						"0.6667": [1.91561, 1.60667, 57.52686],
						"1.5417": [-0.10912, 2.49762, 4.99762],
						"1.9583": [-0.10602, 2.52592, 19.99773]
					}
				},
				"hand_right": {
					"rotation": {
						"0.0": [3.21394, 0, 0],
						"1.625": [3.21, 0, 0],
						"1.875": [3.13406, 0.69442, -12.481],
						"1.9583": [3.01678, -1.09738, 19.9711],
						"2.2083": [-4.53389, -1.22787, 14.96821]
					}
				},
				"finger_right2": {
					"rotation": {
						"0.0": [0, 0, -10],
						"0.875": [0, 0, -72.5],
						"1.5417": [0, 0, 2.5],
						"1.9583": [0, 0, 0]
					}
				},
				"body": {
					"rotation": {
						"0.0": [0, 0, 0],
						"0.9167": {
							"pre": [10, 0, 0],
							"post": [10, 0, 0],
							"lerp_mode": "catmullrom"
						},
						"1.1667": {
							"post": [-105, 0, 0],
							"lerp_mode": "catmullrom"
						},
						"1.25": {
							"post": [-172.5, 0, 0],
							"lerp_mode": "catmullrom"
						},
						"1.4583": {
							"post": [-277.5, 0, 0],
							"lerp_mode": "catmullrom"
						},
						"1.5833": [-320, 0, 0],
						"1.7083": [-287.5, 0, 0],
						"1.8333": [-262.5, 0, 0],
						"1.9167": [-262.5, 0, 0],
						"2.0417": [-287.5, 0, 0],
						"2.1667": [-290, 0, 0],
						"2.375": [-287.5, 0, 0]
					},
					"position": {
						"0.0": [0, 0, 0],
						"0.5417": {
							"pre": [0, -1.28, 0.98],
							"post": [0, -1.28, 0.98],
							"lerp_mode": "catmullrom"
						},
						"0.5833": {
							"post": [0, -1.11, 1.09],
							"lerp_mode": "catmullrom"
						},
						"0.625": {
							"post": [0, -1.37, 1.14],
							"lerp_mode": "catmullrom"
						},
						"0.6667": {
							"post": [0, -1.08, 1.19],
							"lerp_mode": "catmullrom"
						},
						"0.75": {
							"post": [0, -1.88, 1.28],
							"lerp_mode": "catmullrom"
						},
						"0.9167": {
							"post": [0, -7.5, 1.25],
							"lerp_mode": "catmullrom"
						},
						"1.1667": {
							"post": [0, 8.5, -2],
							"lerp_mode": "catmullrom"
						},
						"1.25": {
							"post": [0, 5.5, 0],
							"lerp_mode": "catmullrom"
						},
						"1.4583": {
							"post": [0, -1.75, 1.75],
							"lerp_mode": "catmullrom"
						},
						"1.5833": [0, -11.5, 2.25],
						"1.7917": [0, -16.25, 0.5],
						"1.9167": [0, -15.5, -1],
						"2.0": [0, -16.25, -2],
						"2.125": [0, -15.75, -2.75],
						"2.2917": [0, -16.25, -3.75]
					}
				},
				"eyelid_left": {
					"position": {
						"0.0": [0, 0, 0],
						"0.0417": [0, 0, -0.1],
						"0.2917": [0, 0, -0.1],
						"0.3333": [0, 0, 0],
						"0.5833": [0, 0, 0],
						"0.625": [0, 0, -0.1],
						"0.75": [0, 0, -0.1],
						"0.7917": [0, 0, 0],
						"1.0417": [0, 0, 0],
						"1.0833": [0, 0, -0.1]
					}
				}
			}
		},
		"animation.hitmonlee.blink": {
			"animation_length": 0.1667,
			"bones": {
				"eyelid_left": {
					"position": {
						"0.0": [0, 0, -0.1],
						"0.125": [0, 0, -0.1],
						"0.1667": [0, 0, 0]
					}
				},
				"eyelid_right": {
					"position": {
						"0.0": [0, 0, -0.1],
						"0.125": [0, 0, -0.1],
						"0.1667": [0, 0, 0]
					}
				}
			}
		},
		"animation.hitmonlee.cry": {
			"animation_length": 2,
			"bones": {
				"torso": {
					"rotation": {
						"0.0": {
							"post": [0, 0, 0],
							"lerp_mode": "catmullrom"
						},
						"0.25": {
							"post": [10.03742, 4.92385, 0.87038],
							"lerp_mode": "catmullrom"
						},
						"0.5833": {
							"post": [-11.21079, -9.37816, -0.82175],
							"lerp_mode": "catmullrom"
						},
						"1.0833": {
							"post": [-5.44723, -0.23163, -0.08214],
							"lerp_mode": "catmullrom"
						},
						"2.0": {
							"post": [0, 0, 0],
							"lerp_mode": "catmullrom"
						}
					},
					"position": {
						"0.0": {
							"post": [0, 0, 0],
							"lerp_mode": "catmullrom"
						},
						"0.2083": {
							"post": [0, -0.5, 0],
							"lerp_mode": "catmullrom"
						},
						"0.7917": {
							"post": [0, 0.41, 0],
							"lerp_mode": "catmullrom"
						},
						"2.0": {
							"post": [0, 0, 0],
							"lerp_mode": "catmullrom"
						}
					}
				},
				"torso2": {
					"rotation": {
						"0.0": {
							"post": [0, 0, 0],
							"lerp_mode": "catmullrom"
						},
						"0.5": {
							"post": [10, 0, 0],
							"lerp_mode": "catmullrom"
						},
						"0.5417": {
							"post": [7.11, 0, 0],
							"lerp_mode": "catmullrom"
						},
						"0.5833": {
							"post": [8.87, 0, 0],
							"lerp_mode": "catmullrom"
						},
						"0.625": {
							"post": [5.62, 0, 0],
							"lerp_mode": "catmullrom"
						},
						"0.6667": {
							"post": [7.28, 0, 0],
							"lerp_mode": "catmullrom"
						},
						"1.0417": {
							"post": [-5.05, 0, 0],
							"lerp_mode": "catmullrom"
						},
						"2.0": {
							"post": [0, 0, 0],
							"lerp_mode": "catmullrom"
						}
					}
				},
				"arm_left": {
					"rotation": {
						"0.0": [0, 0, 0],
						"0.25": {
							"pre": [0, 7.5, 10],
							"post": [0, 7.5, 10],
							"lerp_mode": "catmullrom"
						},
						"0.7917": {
							"post": [0, -12.5, 0],
							"lerp_mode": "catmullrom"
						},
						"2.0": [0, 0, 0]
					}
				},
				"arm_left2": {
					"rotation": {
						"0.0": [0, 0, 0],
						"0.2083": {
							"pre": [0, 25.46, 0],
							"post": [0, 25.46, 0],
							"lerp_mode": "catmullrom"
						},
						"0.9583": {
							"post": [0, -27.5, 0],
							"lerp_mode": "catmullrom"
						},
						"2.0": [0, 0, 0]
					}
				},
				"hand_left": {
					"rotation": {
						"0.0": [0, 0, 0],
						"0.25": {
							"pre": [0, 15, 0],
							"post": [0, 15, 0],
							"lerp_mode": "catmullrom"
						},
						"0.9167": {
							"post": [0, -27.5, 0],
							"lerp_mode": "catmullrom"
						},
						"2.0": [0, 0, 0]
					}
				},
				"arm_right": {
					"rotation": {
						"0.0": [0, 0, 0],
						"0.25": {
							"pre": [0, -7.5, -10],
							"post": [0, -7.5, -10],
							"lerp_mode": "catmullrom"
						},
						"0.7917": {
							"post": [0, 12.5, 0],
							"lerp_mode": "catmullrom"
						},
						"2.0": [0, 0, 0]
					}
				},
				"arm_right2": {
					"rotation": {
						"0.0": [0, 0, 0],
						"0.2083": {
							"pre": [0, -30.46, 0],
							"post": [0, -30.46, 0],
							"lerp_mode": "catmullrom"
						},
						"0.9583": {
							"post": [0, 7.5, 0],
							"lerp_mode": "catmullrom"
						},
						"2.0": [0, 0, 0]
					}
				},
				"hand_right": {
					"rotation": {
						"0.0": [0, 0, 0],
						"0.25": {
							"pre": [0, -17.5, 0],
							"post": [0, -17.5, 0],
							"lerp_mode": "catmullrom"
						},
						"0.9167": {
							"post": [0, 15, 0],
							"lerp_mode": "catmullrom"
						},
						"2.0": [0, 0, 0]
					}
				}
			},
			"sound_effects": {
				"0.0": {
					"effect": "pokemon.hitmonlee.cry"
				}
			}
		},
		"animation.hitmonlee.pose": {
			"animation_length": 0.29167,
			"bones": {
				"arm_left": {
					"rotation": [0, 32.5, 17.5]
				},
				"arm_left2": {
					"rotation": [28.04994, 64.37266, 29.99627]
				},
				"hand_left": {
					"rotation": [7.05309, 13.27207, 28.32159]
				},
				"finger_left": {
					"rotation": [15.57939, 12.70001, 51.74437]
				},
				"finger_left2": {
					"rotation": [0, 0, 25]
				},
				"finger_left3": {
					"rotation": [-5.23619, -14.0761, 50.6469]
				},
				"arm_right": {
					"rotation": [0, 0, -40]
				},
				"arm_right2": {
					"rotation": [0, -42.5, 0]
				},
				"hand_right": {
					"rotation": [26.82396, -31.99975, -15.00046]
				},
				"finger_right": {
					"rotation": [2.00307, -14.8687, -7.7614]
				},
				"finger_right3": {
					"rotation": [-8.28342, 15.46973, -28.62702]
				},
				"leg_left": {
					"rotation": [-10, -27.5, 0]
				},
				"leg_left3": {
					"rotation": [15, 0, 0]
				},
				"leg_left4": {
					"rotation": [15, 0, 0]
				},
				"foot_left": {
					"rotation": [-10, 0, 0]
				},
				"leg_right": {
					"rotation": [-100, 30, 0],
					"position": [-1, 1, -1]
				},
				"leg_right2": {
					"rotation": [20, 0, 0]
				},
				"leg_right3": {
					"rotation": [52.5, 0, 0]
				},
				"leg_right4": {
					"rotation": [52.5, 0, 0]
				},
				"foot_right": {
					"rotation": [22.5, 0, 0]
				},
				"torso2": {
					"rotation": [7.5, 0, 0]
				}
			}
		}
	}
}