{
	"format_version": "1.8.0",
	"animations": {
		"animation.pignite.ground_idle": {
			"loop": true,
			"bones": {
				"tail": {
					"rotation": [12.5, "Math.cos((query.anim_time-0.3) * 90 * 4) * 10", 0]
				},
				"tail2": {
					"rotation": ["12.5+Math.cos((query.anim_time-0.3) * 90 * 8) * 4", 0, 0]
				},
				"arm_right": {
					"rotation": [0, "-(Math.cos((query.anim_time-0.2) * 90 * 4) * -10)", -30]
				},
				"arm_right2": {
					"rotation": [0, "-10+Math.cos((query.anim_time-0.4) * 90 * 4) * 5", 0]
				},
				"finger_right": {
					"rotation": [0, 0, -25]
				},
				"finger_right2": {
					"rotation": [0, 0, -25]
				},
				"arm_left": {
					"rotation": [0, "Math.cos((query.anim_time-0.2) * 90 * 4) * 10", 30]
				},
				"arm_left2": {
					"rotation": [0, "10+Math.cos((query.anim_time-0.4) * 90 * 4) * 5", 0]
				},
				"finger_left": {
					"rotation": [0, 0, 25]
				},
				"finger_left2": {
					"rotation": [0, 0, 25]
				},
				"torso": {
					"rotation": [0, "Math.sin((query.anim_time + 0.3) * 90 * 2) * 4", "Math.cos((query.anim_time + 0.3) * 90 * 4) * 2"],
					"position": [0, "Math.cos((query.anim_time + 0.3) * 90 * 8) * 0.1", 0]
				},
				"head": {
					"rotation": [0, "Math.sin((query.anim_time + 0.3) * 90 * 2) * -5", 0]
				},
				"snout": {
					"rotation": ["Math.cos((query.anim_time-0.4) * 90 * 8) * -2", 0, 0]
				},
				"ear_left": {
					"rotation": [0, 0, "Math.cos((query.anim_time-0.5) * 90 * 8) * 3"]
				},
				"ear_right": {
					"rotation": [0, 0, "-(Math.cos((query.anim_time-0.5) * 90 * 8) * 3)"]
				},
				"leg_left": {
					"rotation": [0, -20, 0]
				},
				"leg_right": {
					"rotation": [0, 12.5, 0]
				}
			}
		},
		"animation.pignite.ground_walk": {
			"loop": true,
			"animation_length": 1.5,
			"bones": {
				"body": {
					"rotation": [0, 0, 0],
					"position": [0, "Math.cos((query.anim_time + 0.4) * 90 * 5.3) * 0.5", 0]
				},
				"torso": {
					"rotation": ["-5+Math.cos((query.anim_time) * 90 * 5.3) * 3", 0, "Math.cos((query.anim_time + 0.2) * 90 * 5.3 * 0.5) * -8"],
					"position": [0, "Math.cos((query.anim_time + 0.2) * 90 * 5.3) * 0.2", 0]
				},
				"tail": {
					"rotation": ["22.5+Math.cos((query.anim_time + 0.1) * 90 * 5.3) * 10", 0, 0]
				},
				"tail2": {
					"rotation": ["22.5+Math.cos((query.anim_time - 0.2) * 90 * 5.3) * 10", 0, 0]
				},
				"head": {
					"rotation": ["5+Math.cos((query.anim_time - 0.2) * 90 * 5.3) * 5", "Math.cos((query.anim_time - 0.2) * 90 * 5.3 * 0.5) * 5", 0]
				},
				"snout": {
					"rotation": ["Math.cos((query.anim_time + 0.5) * 90 * 5.3) * 5", 0, 0]
				},
				"ear_left": {
					"rotation": ["Math.cos((query.anim_time + 0.5) * 90 * 5.3) * 10", 0, 0]
				},
				"ear_right": {
					"rotation": ["Math.cos((query.anim_time + 0.55) * 90 * 5.3) * 10", 0, 0]
				},
				"arm_right": {
					"rotation": [0, "(Math.cos((query.anim_time - 0.4) * 90 * 5.3 * 0.5) * 30)", -42.5]
				},
				"arm_right2": {
					"rotation": [0, "-10+Math.cos((query.anim_time - 0.4) * 90 * 5.3 * 0.5) * 20", -7.5]
				},
				"arm_left": {
					"rotation": [0, "Math.cos((query.anim_time - 0.4) * 90 * 5.3 * 0.5) * 30", 42.5]
				},
				"arm_left2": {
					"rotation": [0, "10+Math.cos((query.anim_time - 0.4) * 90 * 5.3 * 0.5) * 20", 7.5]
				},
				"leg_left": {
					"rotation": {
						"0.0": [-40.73074, -0.10981, -0.02126],
						"0.2083": [-6.5251, -0.09661, -0.27956],
						"0.4583": [22.60598, 0.16371, 0.2979],
						"0.6667": [42.16347, 0.20923, -0.17162],
						"0.7917": [56.66347, 0.20923, -0.17162],
						"0.875": [11.66347, 0.20923, -0.17162],
						"1.0417": [-34.81738, 0.00464, 0.14986],
						"1.2917": [-50.78866, -0.17725, 0.13208],
						"1.5": [-40.73074, -0.10981, -0.02126]
					}
				},
				"leg_left2": {
					"rotation": {
						"0.0": [5, 0, 0],
						"0.2917": [10, 0, 0],
						"0.625": [25, 0, 0],
						"0.9167": [20, 0, 0],
						"1.2083": [7.5, 0, 0],
						"1.5": [5, 0, 0]
					}
				},
				"leg_right": {
					"rotation": {
						"0.0": [51.83, -0.21, 0.17],
						"0.0417": [56.66347, -0.20923, 0.17162],
						"0.125": [11.66347, -0.20923, 0.17162],
						"0.2917": [-34.81738, -0.00464, -0.14986],
						"0.5417": [-50.78866, 0.17725, -0.13208],
						"0.75": [-40.73074, 0.10981, 0.02126],
						"0.9583": [-6.5251, 0.09661, 0.27956],
						"1.2083": [22.60598, -0.16371, -0.2979],
						"1.4167": [42.16347, -0.20923, 0.17162],
						"1.5": [51.83, -0.21, 0.17]
					}
				},
				"leg_right2": {
					"rotation": {
						"0.0": [22.86, 0, 0],
						"0.1667": [20, 0, 0],
						"0.4583": [7.5, 0, 0],
						"0.75": [5, 0, 0],
						"1.0417": [10, 0, 0],
						"1.375": [25, 0, 0],
						"1.5": [22.86, 0, 0]
					}
				}
			}
		},
		"animation.pignite.ground_run": {
			"loop": true,
			"animation_length": 1.25,
			"bones": {
				"body": {
					"position": [0, "0.4+Math.cos((query.anim_time) * 90 * 6.4) * 0.8", 0]
				},
				"torso": {
					"rotation": [
						"-10+Math.cos((query.anim_time + 0.8) * 90 * 6.4) * 8",
						"Math.cos((query.anim_time) * 90 * 6.4*0.5) * 6",
						"Math.cos((query.anim_time+0.6) * 90 * 6.4*0.5) * 6"
					],
					"position": [0, "Math.cos((query.anim_time-0.1) * 90 * 6.4*1) * 1", 0]
				},
				"tail": {
					"rotation": ["20+Math.cos((query.anim_time -0.5) * 90 * 6.4) * -20", 0, 0]
				},
				"tail2": {
					"rotation": ["20+Math.cos((query.anim_time -0.1) * 90 * 6.4) * -20", 0, 0]
				},
				"head": {
					"rotation": ["8+Math.cos((query.anim_time + 0.3) * 90 * 6.4) * -7", 0, 0]
				},
				"ear_left": {
					"rotation": ["-12.5+Math.cos((query.anim_time + 0.6) * 90 * 6.4) * 8", 0, 0]
				},
				"ear_right": {
					"rotation": ["-22.5+Math.cos((query.anim_time + 0.7) * 90 * 6.4) * 8", 0, 0]
				},
				"arm_right": {
					"rotation": [-6.26039, "-4.3476+Math.cos((query.anim_time+0.6) * 90 * 6.4*0.5) * 30", -10.41469]
				},
				"arm_right2": {
					"rotation": [0, "-30+Math.cos((query.anim_time+0.4) * 90 * 6.4*0.5) * 20", 0]
				},
				"arm_left": {
					"rotation": [-6.26039, "4.3476+Math.cos((query.anim_time+0.6) * 90 * 6.4*0.5) * 30", 10.41469]
				},
				"arm_left2": {
					"rotation": [0, "30+Math.cos((query.anim_time+0.4) * 90 * 6.4*0.5) * 20", 0]
				},
				"leg_left": {
					"rotation": {
						"0.0": [-65, 0, 0],
						"0.25": [-44.5, 0, 0],
						"0.4167": [1.5, 0, 0],
						"0.5833": [75, 0, 0],
						"0.75": [86.81, 0, 0],
						"0.9167": [58.5, 0, 0],
						"1.0417": [-20.5, 0, 0],
						"1.25": [-65, 0, 0]
					},
					"position": [0.25, 0, 0]
				},
				"leg_left2": {
					"rotation": {
						"0.0": [10, 0, 0],
						"0.25": [5, 0, 0],
						"0.5": [-2.5, 0, 0],
						"0.6667": [17.5, 0, 0],
						"1.0": [50, 0, 0],
						"1.25": [10, 0, 0]
					}
				},
				"leg_right": {
					"rotation": {
						"0.0": [77.95, 0, 0],
						"0.125": [86.81, 0, 0],
						"0.2917": [58.5, 0, 0],
						"0.4167": [-20.5, 0, 0],
						"0.625": [-65, 0, 0],
						"0.875": [-44.5, 0, 0],
						"1.0417": [1.5, 0, 0],
						"1.2083": [75, 0, 0],
						"1.25": [77.95, 0, 0]
					},
					"position": [-0.25, 0, 0]
				},
				"leg_right2": {
					"rotation": {
						"0.0": [12.5, 0, 0],
						"0.0417": [17.5, 0, 0],
						"0.375": [50, 0, 0],
						"0.625": [10, 0, 0],
						"0.875": [5, 0, 0],
						"1.125": [-2.5, 0, 0],
						"1.25": [12.5, 0, 0]
					}
				}
			}
		},
		"animation.pignite.cry": {
			"animation_length": 1.5,
			"bones": {
				"neck": {
					"rotation": {
						"0.0": [0, 0, 0],
						"0.25": [10, 0, 0],
						"1.25": [10, 0, 0],
						"1.5": [0, 0, 0]
					}
				},
				"mouth": {
					"position": {
						"0.0": [0, 0, 0],
						"0.25": [0, -2, 0],
						"1.25": [0, -2, 0],
						"1.5": [0, 0, 0]
					}
				},
				"mouth2": {
					"position": {
						"0.0": [0, 0, 0],
						"0.25": [0, -5, 0],
						"1.25": [0, -5, 0],
						"1.5": [0, 0, 0]
					}
				},
				"jaw": {
					"position": {
						"0.0": [0, 0, 0],
						"0.25": [0, -3, 0],
						"1.25": [0, -3, 0],
						"1.5": [0, 0, 0]
					}
				},
				"head": {
					"rotation": {
						"0.0": [0, 0, 0],
						"0.25": [-15, 0, 0],
						"1.25": [-15, 0, 0],
						"1.5": [0, 0, 0]
					}
				},
				"head2": {
					"rotation": {
						"0.0": [0, 0, 0],
						"0.25": [-15, 0, 0],
						"1.25": [-15, 0, 0],
						"1.5": [0, 0, 0]
					}
				},
				"mouth_closed2": {
					"position": {
						"0.25": [0, 0, -0.1],
						"0.3333": [0, 0, 0],
						"1.1667": [0, 0, 0],
						"1.25": [0, 0, -0.1]
					}
				},
				"mouth_open2": {
					"position": {
						"0.0": [0, 0, 0.1],
						"0.25": [0, 0, 0],
						"1.25": [0, 0, 0],
						"1.5": [0, 0, 0.1]
					}
				},
				"head3": {
					"rotation": {
						"0.0": [0, 0, 0],
						"0.25": [-15, 0, 0],
						"1.25": [-15, 0, 0],
						"1.5": [0, 0, 0]
					}
				},
				"mouth_closed3": {
					"position": {
						"0.25": [0, 0, -0.1],
						"0.3333": [0, 0, 0],
						"1.1667": [0, 0, 0],
						"1.25": [0, 0, -0.1]
					}
				},
				"mouth_open3": {
					"position": {
						"0.0": [0, 0, 0.1],
						"0.25": [0, 0, 0],
						"1.25": [0, 0, 0],
						"1.5": [0, 0, 0.1]
					}
				},
				"mouth_closed": {
					"position": {
						"0.25": [0, 0, 0],
						"0.3333": [0, 0, 0.1],
						"1.1667": [0, 0, 0.1],
						"1.25": [0, 0, 0]
					}
				},
				"mouth_open": {
					"position": {
						"0.0": [0, 0, 0],
						"0.25": [0, 0, -0.1],
						"1.25": [0, 0, -0.1],
						"1.5": [0, 0, 0]
					}
				}
			},
			"sound_effects": {
				"0.25": {
					"effect": "pokemon.pignite.cry"
				}
			}
		},
		"animation.pignite.blink": {
			"animation_length": 0.16667,
			"bones": {
				"eyelid_right": {
					"position": {
						"0.0": [0, 0, -0.1],
						"0.125": [0, 0, -0.1],
						"0.1667": [0, 0, 0]
					}
				},
				"eyelid_left": {
					"position": {
						"0.0": [0, 0, -0.1],
						"0.125": [0, 0, -0.1],
						"0.1667": [0, 0, 0]
					}
				}
			}
		},
		"animation.pignite.faint": {
			"loop": true,
			"animation_length": 3,
			"bones": {
				"body": {
					"rotation": {
						"0.0": [0, 0, 0],
						"0.2083": [0, -13.21, 0],
						"0.5": [0, -22.5, 0],
						"0.75": [0, -3.77, 0],
						"0.9583": [0, 22.88, 0],
						"1.25": [0, 32.7, 0],
						"1.4583": [0, 22.5, 0],
						"1.6667": [3.42, 7.5, 0],
						"1.8333": [19.4, 0, 0],
						"2.0417": [87.5, 0, 0]
					},
					"position": {
						"0.0": [0, 0, 0],
						"0.3333": [-3, 0, 3],
						"0.6667": [-2.75, 0, 3.25],
						"1.0": [2, 0, 5],
						"1.4583": [2.5, 0, 5.5],
						"1.6667": [2.5, -0.38, 4.5],
						"1.8333": [2.5, -1.52, 2.2],
						"2.0417": [2.5, -6, -7.5]
					}
				},
				"torso": {
					"rotation": {
						"0.0": [0, 0, 0],
						"0.25": [-15, 0, 10],
						"0.375": [-8.23789, -2.06699, -0.92957],
						"0.5417": [21.7385, -4.13398, -8.85915],
						"0.7083": [31.0958, -5.68422, -11.80633],
						"0.7917": [-2.02429, -4.67422, -3.84575],
						"0.9167": [-7.95444, -3.15921, 8.09511],
						"1.0417": [-5.47811, -4.55175, 10.29253],
						"1.1667": [6.99822, -5.94429, 11.48995],
						"1.3333": [-16.53335, -7.80102, 10.75318],
						"1.5833": [-25.5807, -10.58611, 9.14802],
						"1.8333": [-21.5807, -0.58611, 0.14802],
						"2.0": [1.9193, -0.58611, 0.14802],
						"2.0833": [-8.0807, -0.58611, 0.14802],
						"2.2083": [-6.0807, -0.58611, 0.14802],
						"2.2917": [-0.5807, -0.58611, 0.14802]
					},
					"position": {
						"0.0": [0, 0, 0],
						"0.1667": [0, -0.44, 0],
						"0.2917": [0, 1.25, 0],
						"0.4167": [0, 1, 0],
						"0.5": [0, 0, 0],
						"0.5833": [0, -0.5, 0],
						"0.7083": [0, -0.7, 0],
						"0.7917": [0, 0, 0],
						"0.9167": [0, 2, 0],
						"1.0417": [0, 0, 0],
						"1.1667": [0, 2, 0],
						"1.2917": [0, 1.75, 0],
						"1.375": [0, 0, 0],
						"1.5": [0, 2.25, 0],
						"1.625": [0, 2, 0],
						"1.7083": [0, 0, 0],
						"1.875": [0, 2.5, 0],
						"2.0417": [0, 1.5, 0],
						"2.125": [0, 0, 0]
					}
				},
				"tail": {
					"rotation": {
						"0.0": [0, 0, 0],
						"0.1667": [20.83333, 14.44444, 0],
						"0.375": [7.5, 32.5, 0],
						"0.7083": [-37.97768, -3.97219, 17.30877],
						"0.9583": [-42.83973, -33.49773, 31.87643],
						"1.0833": [-29.56586, -37.88449, 34.83249],
						"1.2083": [-34.12371, -4.92334, 18.7229],
						"1.3333": [6.31844, 28.0378, 2.61332],
						"1.5833": [21.31844, 28.0378, 2.61332],
						"1.875": [41.31844, 28.0378, 2.61332],
						"2.0417": [-86.18156, 28.0378, 2.61332],
						"2.125": [-56.18156, 28.0378, 2.61332],
						"2.25": [-86.18156, 28.0378, 2.61332]
					}
				},
				"tail2": {
					"rotation": {
						"0.0": [0, 0, 0],
						"0.2083": [22.5, 0, 0],
						"0.4583": [-17.5, 0, 0],
						"0.75": [15, 0, 0],
						"1.0": [-12.5, 0, 0],
						"1.2083": [15, 0, 0],
						"1.5417": [-30, 0, 0],
						"1.7917": [7.5, 0, 0],
						"2.0": [30, 0, 0],
						"2.0833": [-17.5, 0, 0],
						"2.1667": [5, 0, 0],
						"2.2917": [-2.5, 0, 0]
					}
				},
				"tail3": {
					"rotation": [0, 0, 0]
				},
				"head": {
					"rotation": {
						"0.0": [0, 0, 0],
						"0.1667": [20, 0, 0],
						"0.375": [-12.31594, 2.15393, 9.76758],
						"0.5833": [7.68406, -2.15393, -9.76758],
						"0.75": [12.31649, 8.9286, -8.31949],
						"0.875": [15.66486, 12.96558, -8.1724],
						"1.0417": [5.42507, 10.04598, -5.12583],
						"1.3333": [-12.59487, -1.90773, -0.44981],
						"1.9583": [-35.09487, -1.90773, -0.44981],
						"2.0417": [9.90513, -1.90773, -0.44981],
						"2.1667": [-2.59487, -1.90773, -0.44981]
					},
					"position": {
						"0.0": [0, 0, 0],
						"1.9167": [0, 0, 0],
						"2.0833": [0, 0, -1],
						"2.1667": [0, 0, -0.5],
						"2.3333": [0, 0, -1]
					}
				},
				"mouth_closed": {
					"position": {
						"0.0": [0, 0, 0],
						"0.4583": [0, 0, 0],
						"0.5": [0, 0, 1],
						"1.9583": [0, 0, 1],
						"2.0": [0, 0, 0]
					}
				},
				"mouth_open": {
					"position": {
						"0.0": [0, 0, 0],
						"0.4583": [0, 0, 0],
						"0.5": [0, 0, -0.25],
						"1.9583": [0, 0, -0.25],
						"2.0": [0, 0, 0]
					}
				},
				"ear_left": {
					"rotation": {
						"0.0": [0, 0, 0],
						"0.4167": [27.5, 0, 0],
						"0.5417": [15.36, 0, 0],
						"0.7083": [-47.5, 0, 0],
						"0.875": [27.5, 0, 0],
						"1.0833": [-25, 0, 0],
						"1.2917": [32.5, 0, 0],
						"1.5833": [-42.5, 0, 0],
						"1.75": [0, 0, 0],
						"1.8333": [-30, 0, 0],
						"2.0": [-52.5, 0, 0],
						"2.0833": [32.5, 0, 0],
						"2.2083": [7.5, 0, 0],
						"2.2917": [20, 0, 0],
						"2.4583": [40.5, 0, 0]
					}
				},
				"ear_right": {
					"rotation": {
						"0.0": [0, 0, 0],
						"0.375": [27.5, 0, 0],
						"0.5": [15.36, 0, 0],
						"0.6667": [-47.5, 0, 0],
						"0.8333": [27.5, 0, 0],
						"1.0417": [-25, 0, 0],
						"1.25": [32.5, 0, 0],
						"1.5417": [-42.5, 0, 0],
						"1.7083": [0, 0, 0],
						"1.7917": [-30, 0, 0],
						"1.9583": [-52.5, 0, 0],
						"2.0417": [32.5, 0, 0],
						"2.1667": [7.5, 0, 0],
						"2.25": [20, 0, 0],
						"2.4167": [40.5, 0, 0]
					}
				},
				"eyelid_left": {
					"position": {
						"0.0": [0, 0, -0.25],
						"0.2917": [0, 0, -0.25],
						"0.3333": [0, 0, 0],
						"1.875": [0, 0, 0],
						"1.9167": [0, 0, -0.25]
					}
				},
				"eyelid_right": {
					"position": {
						"0.0": [0, 0, -0.25],
						"0.2917": [0, 0, -0.25],
						"0.3333": [0, 0, 0],
						"1.875": [0, 0, 0],
						"1.9167": [0, 0, -0.25]
					}
				},
				"arm_right": {
					"rotation": {
						"0.0": [0, -12.5, -45],
						"0.25": [-3.09472, -22.29711, -46.88997],
						"0.5": [-8.07688, 8.09632, 0.33946],
						"0.7917": [4.27877, 3.94825, -24.45861],
						"0.9167": [6.54228, -34.53308, 18.77804],
						"0.9583": [6.01896, -26.6795, 3.80223],
						"1.0417": [4.27877, 3.94825, -18.45861],
						"1.125": [5.48158, 19.27033, -0.1958],
						"1.2083": [6.39987, 24.6369, 17.08247],
						"1.2917": [5.48158, 19.27033, -0.1958],
						"1.375": [4.27877, 3.94825, -15.45861],
						"1.4583": [5.32257, -13.06394, -3.56351],
						"1.5417": [6.19448, -20.1185, 12.26736],
						"1.625": [6.25716, -10.41911, 2.77141],
						"1.7083": [6.11312, 19.16368, -5.55555],
						"1.7917": [7.52279, 38.52877, 14.89191],
						"1.9167": [7.71933, 41.50623, 30.5639],
						"2.0417": [7.67006, -16.63604, 24.20326],
						"2.125": [7.59995, -40.48498, 20.47985],
						"2.25": [6.54648, -28.07884, 22.33908],
						"2.375": [6.89216, -33.04456, 21.65988]
					}
				},
				"arm_right2": {
					"rotation": {
						"0.0": [0, 0, 0],
						"0.5417": [0, -12.5, -10],
						"0.75": [-1.6575, 12.39135, -17.67995],
						"0.9167": [4.36065, 9.01117, 15.33187],
						"1.0833": [0.98882, 9.95447, -4.9258],
						"1.25": [3.13914, 9.5024, 7.74906],
						"1.6667": [3.98027, -10.76037, 11.42859],
						"2.0": [3.99308, 11.68657, 12.98296],
						"2.0833": [4.18145, -20.73516, 10.69013],
						"2.25": [3.93013, -5.77226, 11.77698]
					}
				},
				"arm_left": {
					"rotation": {
						"0.0": [0, 12.5, 45],
						"0.25": [-3.09472, 22.29711, 46.88997],
						"0.5": [-8.07688, -8.09632, -0.33946],
						"0.7917": [4.27877, -3.94825, 24.45861],
						"0.9167": [6.54228, 34.53308, -18.77804],
						"0.9583": [6.01896, 26.6795, -3.80223],
						"1.0417": [4.27877, -3.94825, 18.45861],
						"1.125": [5.48158, -19.27033, 0.1958],
						"1.2083": [6.39987, -24.6369, -17.08247],
						"1.2917": [5.48158, -19.27033, 0.1958],
						"1.375": [4.27877, -3.94825, 15.45861],
						"1.4583": [5.32257, 13.06394, 3.56351],
						"1.5417": [6.19448, 20.1185, -12.26736],
						"1.625": [6.25716, 10.41911, -2.77141],
						"1.7083": [6.11312, -19.16368, 5.55555],
						"1.7917": [7.52279, -38.52877, -14.89191],
						"1.9167": [7.71933, -41.50623, -30.5639],
						"2.0417": [7.67006, 16.63604, -24.20326],
						"2.125": [7.59995, 40.48498, -20.47985],
						"2.25": [6.54648, 28.07884, -22.33908],
						"2.375": [6.89216, 33.04456, -21.65988]
					}
				},
				"arm_left2": {
					"rotation": {
						"0.0": [0, 0, 0],
						"0.5417": [0, 12.5, 10],
						"0.75": [-1.6575, -12.39135, 17.67995],
						"0.9167": [4.36065, -9.01117, -15.33187],
						"1.0833": [0.98882, -9.95447, 4.9258],
						"1.25": [3.13914, -9.5024, -7.74906],
						"1.6667": [3.98027, 10.76037, -11.42859],
						"2.0": [3.99308, -11.68657, -12.98296],
						"2.0833": [4.18145, 20.73516, -10.69013],
						"2.25": [3.93013, 5.77226, -11.77698]
					}
				},
				"leg_left": {
					"rotation": {
						"0.0": [0, 0, 0],
						"0.1667": [10, -7.5, 0],
						"0.3333": [15, -15, 0],
						"0.4583": [0.15842, -9.25351, -0.26663],
						"0.6667": [-17.68315, -3.50703, -0.53327],
						"0.8333": [-26.52473, 2.23946, -0.7999],
						"1.4167": [-32.14961, -33.00797, 19.21772],
						"1.8333": [21.9346, -11.05653, 6.39796],
						"1.9583": [28.40986, -4.4711, 2.55203],
						"2.0417": [-41.09014, -4.4711, 2.55203],
						"2.125": [-33.59014, -4.4711, 2.55203],
						"2.25": [-4.09014, -4.4711, 2.55203],
						"2.4583": [-15.09014, -4.4711, 2.55203]
					},
					"position": {
						"0.0": [0, 0, 0],
						"0.2083": [0, 2, 0],
						"0.4167": [0, 0, 0],
						"0.6667": [0, 0, 0],
						"0.7917": [0, 2, 0],
						"0.875": [0, 1.7, 0],
						"1.0": [0, 0, 0],
						"1.125": [0, 2, 0],
						"1.25": [0, 1.7, 0],
						"1.3333": [0, 0, 0],
						"1.4167": [0, 2, 0],
						"1.625": [0, 1.7, 0],
						"1.75": [0, 0, 0],
						"1.875": [0, 1.95, 0],
						"2.0417": [0, 1.2, 0],
						"2.125": [0, -0.05, 0]
					}
				},
				"leg_left2": {
					"rotation": {
						"0.0": [0, 0, 0],
						"0.3333": [22.5, 0, 0],
						"0.9167": [2.5, 0, 0],
						"1.2083": [22.5, 0, 0],
						"1.5": [7.5, 0, 0],
						"1.875": [20, 0, 0],
						"2.0833": [2.5, 0, 0],
						"2.2083": [22.5, 0, 0],
						"2.4583": [10, 0, 0]
					}
				},
				"leg_right": {
					"rotation": {
						"0.0": [0, 0, 0],
						"0.0833": [-32.79841, 3.99067, -7.81245],
						"0.2083": [-58.78689, 21.32727, -8.52763],
						"0.2917": [-69.96441, 23.49485, -8.63082],
						"0.4167": [-62.20746, 21.58178, -8.08851],
						"0.5": [-19.32203, 18.71218, -7.27506],
						"0.6667": [4.3844, 14.99378, -5.2083],
						"0.8333": [16.72636, 13.31511, 11.77795],
						"1.0": [-42.95792, 15.0972, 5.1367],
						"1.0833": [-53.30006, 15.98825, 1.81608],
						"1.1667": [-37.05006, 15.98825, 1.81608],
						"1.25": [-30.80006, 15.98825, 1.81608],
						"1.3333": [-48.30006, 15.98825, 1.81608],
						"1.375": [-64.30006, 15.98825, 1.81608],
						"1.4583": [-70.80006, 15.98825, 1.81608],
						"1.5833": [-57.30006, 15.98825, 1.81608],
						"1.7083": [-15.30006, 15.98825, 1.81608],
						"1.875": [21.9346, -11.05653, 6.39796],
						"2.0": [28.40986, -4.4711, 2.55203],
						"2.0833": [-41.09014, -4.4711, 2.55203],
						"2.1667": [-33.59014, -4.4711, 2.55203],
						"2.2917": [-4.09014, -4.4711, 2.55203],
						"2.5": [-15.09014, -4.4711, 2.55203]
					},
					"position": {
						"0.0": [0, 0, 0],
						"0.125": [0, 1, 0],
						"0.3333": [0, 0.87, 0],
						"0.5": [0, 0.33, 0],
						"0.6667": [0, 0, 0],
						"1.0833": [0, 1, -3],
						"1.3333": [0, 0.92, -1.46],
						"1.5417": [0, 0.69, -0.47],
						"2.0": [0, 0, 0]
					}
				},
				"leg_right2": {
					"rotation": {
						"0.0": [0, 0, 0],
						"0.2083": [35, 0, 0],
						"0.3333": [12.5, 0, 0],
						"0.6667": [0, 0, 0],
						"0.9583": [35, 0, 0],
						"1.125": [12.5, 0, 0],
						"1.25": [40, 0, 0],
						"1.375": [10, 0, 0],
						"1.5417": [37.5, 0, 0],
						"1.7083": [12.5, 0, 0]
					}
				}
			}
		},
		"animation.pignite.sleep": {
			"loop": true,
			"bones": {
				"body": {
					"rotation": [-90, 0, 0],
					"position": [0, -6, 0]
				},
				"torso": {
					"position": [0, 0, "Math.sin((query.anim_time + 0.3) * 90 * 1) * 0.3"]
				},
				"tail": {
					"rotation": [-136.53147, 64.7392, -148.80812],
					"position": [0, 0, "Math.sin((query.anim_time + 0.3) * 90 * 1) * -0.3"]
				},
				"tail2": {
					"rotation": [0, -15, 0]
				},
				"tail3": {
					"rotation": [-25, 0, 0]
				},
				"head": {
					"rotation": ["-20+Math.sin((query.anim_time - 0.2) * 90 * 1) * 5", 12.5, 0]
				},
				"snout": {
					"rotation": ["-10+Math.sin((query.anim_time - 0.2) * 90 * 2) * 2", 0, 0]
				},
				"ear_left": {
					"rotation": ["-10+Math.sin((query.anim_time - 0.6) * 90 * 1) * -5", -7.5, 0]
				},
				"ear_right": {
					"rotation": ["-10+Math.sin((query.anim_time - 0.7) * 90 * 1) * -5", 7.5, 0]
				},
				"eyelid_left": {
					"position": [0, 0, -0.15]
				},
				"eyelid_right": {
					"position": [0, 0, -0.2]
				},
				"arm_right": {
					"rotation": [-47.32791, -63.66309, -39.56292],
					"position": [0, 0, "Math.sin((query.anim_time + 0.1) * 90 * 1) * 0.3"]
				},
				"arm_right2": {
					"rotation": [0, 0, -45]
				},
				"arm_left": {
					"rotation": [-80.99762, -21.07593, "-8.0634+Math.sin((query.anim_time - 0) * 90 * 1) * 5"],
					"position": [0, 0, "Math.sin((query.anim_time + 0.3) * 90 * 1) * -0.3"]
				},
				"arm_left2": {
					"rotation": [0, 0, 7.5]
				},
				"leg_left": {
					"rotation": [22.47096, 11.2531, -25.25766]
				},
				"leg_left2": {
					"rotation": [25, 0, 0]
				},
				"leg_right": {
					"rotation": [26.69458, -6.86379, 13.36965]
				},
				"leg_right2": {
					"rotation": [25, 0, 0]
				}
			}
		}
	}
}