{
	"format_version": "1.8.0",
	"animations": {
		"animation.exeggutor.ground_idle": {
			"loop": true,
			"bones": {
				"leg_left": {
					"rotation": ["-15+math.sin(q.anim_time*90*1)*3", -10, 0],
					"position": ["math.sin(q.anim_time*90*1)*0.05", "math.sin(q.anim_time*90*1)*0.2", "-math.sin(q.anim_time*90*1)*0.3"]
				},
				"leg_left2": {
					"rotation": ["20-math.sin(q.anim_time*90*1)*3", 0, 0]
				},
				"foot_left": {
					"rotation": [-5, 0, 0]
				},
				"leg_right": {
					"rotation": ["-15+math.sin(q.anim_time*90*1)*3", 10, 0],
					"position": ["-math.sin(q.anim_time*90*1)*0.05", "math.sin(q.anim_time*90*1)*0.2", "-math.sin(q.anim_time*90*1)*0.3"]
				},
				"leg_right2": {
					"rotation": ["20-math.sin(q.anim_time*90*1)*3", 0, 0]
				},
				"foot_right": {
					"rotation": [-5, 0, 0]
				},
				"body": {
					"position": [0, "-2.35+math.sin(q.anim_time*90*1)*0.15", 0]
				},
				"torso": {
					"rotation": ["5+math.sin(q.anim_time*90*1+45)*3", 0, 0],
					"position": [0, 0.5, 0]
				},
				"head": {
					"rotation": ["-math.sin(q.anim_time*90*1-60)*3", 0, "math.sin(q.anim_time*90*2)*3"],
					"position": [0, 0.5, 0]
				},
				"head2": {
					"rotation": ["0-math.sin(q.anim_time*90*1-120)*2", 10, "math.sin(q.anim_time*90*1)*2"]
				},
				"head3": {
					"rotation": ["0-math.sin(q.anim_time*90*1-120)*2", -10, "math.sin(q.anim_time*90*1)*2"],
					"position": [0, 0, 0]
				},
				"leaf28": {
					"rotation": ["-2.5+math.sin(q.anim_time*90*1-60)*3", 0, 0]
				},
				"leaf29": {
					"rotation": ["-17.5+math.sin(q.anim_time*90*1-120)*6", 0, 0]
				},
				"leaf30": {
					"rotation": ["-22.5+math.sin(q.anim_time*90*1-180)*8", 0, 0]
				},
				"leaf37": {
					"rotation": ["15+math.sin(q.anim_time*90*1-60)*3", 0, 0]
				},
				"leaf38": {
					"rotation": ["-20+math.sin(q.anim_time*90*1-120)*6", 0, 0]
				},
				"leaf39": {
					"rotation": ["-15+math.sin(q.anim_time*90*1-180)*8", 0, 0]
				},
				"leaf": {
					"rotation": ["15+math.sin(q.anim_time*90*1-60)*3", 0, 0]
				},
				"leaf2": {
					"rotation": ["-25+math.sin(q.anim_time*90*1-120)*6", 0, 0]
				},
				"leaf3": {
					"rotation": ["-10+math.sin(q.anim_time*90*1-180)*8", 0, 0]
				},
				"leaf4": {
					"rotation": ["0+math.sin(q.anim_time*90*1-60)*3", 0, 0]
				},
				"leaf5": {
					"rotation": ["-20+math.sin(q.anim_time*90*1-120)*6", 0, 0]
				},
				"leaf6": {
					"rotation": ["-15+math.sin(q.anim_time*90*1-180)*8", 0, 0]
				},
				"leaf23": {
					"rotation": ["-20+math.sin(q.anim_time*90*1-120)*6", 0, 0]
				},
				"leaf24": {
					"rotation": ["-12.5+math.sin(q.anim_time*90*1-180)*8", 0, 0]
				},
				"leaf31": {
					"rotation": ["15+math.sin(q.anim_time*90*1-60)*3", 0, 0]
				},
				"leaf32": {
					"rotation": ["42.5+math.sin(q.anim_time*90*1-120)*6", 0, 0]
				},
				"leaf33": {
					"rotation": ["-20+math.sin(q.anim_time*90*1-180)*8", 0, 0]
				},
				"leaf34": {
					"rotation": ["15+math.sin(q.anim_time*90*1-60)*3", 7.5, -2.5]
				},
				"leaf35": {
					"rotation": ["42.5+math.sin(q.anim_time*90*1-120)*6", 0, 0]
				},
				"leaf36": {
					"rotation": ["-20+math.sin(q.anim_time*90*1-180)*8", 0, 0]
				},
				"leaf25": {
					"rotation": ["10+math.sin(q.anim_time*90*1-60)*3", 0, 0]
				},
				"leaf26": {
					"rotation": ["-10+math.sin(q.anim_time*90*1-120)*6", 0, 0]
				},
				"leaf27": {
					"rotation": ["-10+math.sin(q.anim_time*90*1-180)*8", 0, 0]
				},
				"leaf7": {
					"rotation": ["0+math.sin(q.anim_time*90*1-60)*3", 0, "-math.sin(q.anim_time*90*1-60)*2"]
				},
				"leaf8": {
					"rotation": ["-20+math.sin(q.anim_time*90*1-120)*6", 0, 0]
				},
				"leaf9": {
					"rotation": ["-12.5+math.sin(q.anim_time*90*1-180)*8", 0, 0]
				},
				"leaf10": {
					"rotation": ["10+math.sin(q.anim_time*90*1-60)*3", 0, 0]
				},
				"leaf11": {
					"rotation": ["-10+math.sin(q.anim_time*90*1-120)*6", 0, 0]
				},
				"leaf12": {
					"rotation": ["-10+math.sin(q.anim_time*90*1-180)*8", 0, 0]
				},
				"leaf13": {
					"rotation": ["-2.5+math.sin(q.anim_time*90*1-60)*3", 0, 0]
				},
				"leaf14": {
					"rotation": ["-17.5+math.sin(q.anim_time*90*1-120)*6", 0, 0]
				},
				"leaf15": {
					"rotation": ["-22.5+math.sin(q.anim_time*90*1-180)*8", 0, 0]
				},
				"leaf16": {
					"rotation": ["15+math.sin(q.anim_time*90*1-60)*3", 0, 0]
				},
				"leaf17": {
					"rotation": ["-22.5+math.sin(q.anim_time*90*1-120)*6", 0, 0]
				},
				"leaf18": {
					"rotation": ["-10+math.sin(q.anim_time*90*1-180)*8", 0, 0]
				},
				"leaf19": {
					"rotation": ["2.5+math.sin(q.anim_time*90*1-60)*3", 0, "math.sin(q.anim_time*90*1-60)*2"]
				},
				"leaf20": {
					"rotation": ["-20+math.sin(q.anim_time*90*1-120)*6", 0, 0]
				},
				"leaf21": {
					"rotation": ["-15+math.sin(q.anim_time*90*1-180)*8", 0, 0]
				},
				"leaf22": {
					"rotation": ["0+math.sin(q.anim_time*90*1-60)*3", 0, 0]
				}
			}
		},
		"animation.exeggutor.ground_walk": {
			"loop": true,
			"animation_length": 4.79167,
			"bones": {
				"leg_left": {
					"rotation": {
						"0.0": [-7.35, -7.37, -0.66],
						"0.7083": [10.17458, -6.92618, -2.88419],
						"1.2083": [-24.4748, -7.23101, 1.53649],
						"1.4167": [-12.5, -7.5, 0],
						"2.3333": [10.17458, -6.92618, -2.88419],
						"2.8333": [-24.4748, -7.23101, 1.53649],
						"3.0": [-12.5, -7.5, 0],
						"3.9167": [10.17458, -6.92618, -2.88419],
						"4.4167": [-24.4748, -7.23101, 1.53649],
						"4.5833": [-12.5, -7.5, 0],
						"4.7917": [-7.35, -7.37, -0.66]
					},
					"position": {
						"0.0": {
							"post": [0, -0.74, -1.81],
							"lerp_mode": "catmullrom"
						},
						"0.3333": {
							"post": [0, -0.56, 1.82],
							"lerp_mode": "catmullrom"
						},
						"0.7083": {
							"post": [0, -0.5, 4.5],
							"lerp_mode": "catmullrom"
						},
						"1.2917": {
							"post": [0, 2.5, -2.25],
							"lerp_mode": "catmullrom"
						},
						"1.4167": {
							"post": [0, -0.5, -3.5],
							"lerp_mode": "catmullrom"
						},
						"1.9583": {
							"post": [0, -0.56, 1.82],
							"lerp_mode": "catmullrom"
						},
						"2.3333": {
							"post": [0, -0.5, 4.5],
							"lerp_mode": "catmullrom"
						},
						"2.9167": {
							"post": [0, 2.5, -2.25],
							"lerp_mode": "catmullrom"
						},
						"3.0": {
							"post": [0, -0.5, -3.5],
							"lerp_mode": "catmullrom"
						},
						"3.5417": {
							"post": [0, -0.56, 1.82],
							"lerp_mode": "catmullrom"
						},
						"3.9167": {
							"post": [0, -0.5, 4.5],
							"lerp_mode": "catmullrom"
						},
						"4.5": {
							"post": [0, 2.5, -2.25],
							"lerp_mode": "catmullrom"
						},
						"4.5833": {
							"post": [0, -0.5, -3.5],
							"lerp_mode": "catmullrom"
						},
						"4.7917": {
							"post": [0, -0.74, -1.81],
							"lerp_mode": "catmullrom"
						}
					}
				},
				"leg_left2": {
					"rotation": {
						"0.0": {
							"post": [7.84, 0, 0.55],
							"lerp_mode": "catmullrom"
						},
						"0.4583": {
							"post": [7.54209, 0, 0.64247],
							"lerp_mode": "catmullrom"
						},
						"1.1667": {
							"post": [41.74253, 0, -3.2648],
							"lerp_mode": "catmullrom"
						},
						"1.4167": {
							"post": [12.5, 0, 0],
							"lerp_mode": "catmullrom"
						},
						"2.0833": {
							"post": [7.54209, 0, 0.64247],
							"lerp_mode": "catmullrom"
						},
						"2.7917": {
							"post": [41.74253, 0, -3.2648],
							"lerp_mode": "catmullrom"
						},
						"3.0": {
							"post": [12.5, 0, 0],
							"lerp_mode": "catmullrom"
						},
						"3.6667": {
							"post": [7.54209, 0, 0.64247],
							"lerp_mode": "catmullrom"
						},
						"4.375": {
							"post": [41.74253, 0, -3.2648],
							"lerp_mode": "catmullrom"
						},
						"4.5833": {
							"post": [12.5, 0, 0],
							"lerp_mode": "catmullrom"
						},
						"4.7917": {
							"post": [7.84, 0, 0.55],
							"lerp_mode": "catmullrom"
						}
					}
				},
				"foot_left": {
					"rotation": {
						"0.0": [-2.75, -1.3, 1.08],
						"0.7917": [-13.18019, -6.26227, 5.19145],
						"1.125": [7.43999, 0.06279, -0.94136],
						"1.4167": [0, 0, 0],
						"2.4167": [-13.18019, -6.26227, 5.19145],
						"2.75": [7.43999, 0.06279, -0.94136],
						"3.0": [0, 0, 0],
						"4.0": [-13.18019, -6.26227, 5.19145],
						"4.3333": [7.43999, 0.06279, -0.94136],
						"4.5833": [0, 0, 0],
						"4.7917": [-2.75, -1.3, 1.08]
					}
				},
				"leg_right": {
					"rotation": {
						"0.0": [4.4, 6.98, 2.15],
						"0.4167": [-24.4748, 7.23101, -1.53649],
						"0.5833": [-12.5, 7.5, 0],
						"0.7917": [-7.35, 7.37, 0.66],
						"1.5": [10.17458, 6.92618, 2.88419],
						"2.0": [-24.4748, 7.23101, -1.53649],
						"2.2083": [-12.5, 7.5, 0],
						"3.125": [10.17458, 6.92618, 2.88419],
						"3.625": [-24.4748, 7.23101, -1.53649],
						"3.7917": [-12.5, 7.5, 0],
						"4.7083": [10.17458, 6.92618, 2.88419],
						"4.7917": [4.4, 6.98, 2.15]
					},
					"position": {
						"0.0": {
							"post": [0, -0.18, 4.26],
							"lerp_mode": "catmullrom"
						},
						"0.5": {
							"post": [0, 2.5, -2.25],
							"lerp_mode": "catmullrom"
						},
						"0.5833": {
							"post": [0, -0.5, -3.5],
							"lerp_mode": "catmullrom"
						},
						"0.7917": {
							"post": [0, -0.76, -2.02],
							"lerp_mode": "catmullrom"
						},
						"1.5": {
							"post": [0, -0.5, 4.5],
							"lerp_mode": "catmullrom"
						},
						"2.0833": {
							"post": [0, 2.5, -2.25],
							"lerp_mode": "catmullrom"
						},
						"2.2083": {
							"post": [0, -0.5, -3.5],
							"lerp_mode": "catmullrom"
						},
						"3.125": {
							"post": [0, -0.5, 4.5],
							"lerp_mode": "catmullrom"
						},
						"3.7083": {
							"post": [0, 2.5, -2.25],
							"lerp_mode": "catmullrom"
						},
						"3.7917": {
							"post": [0, -0.5, -3.5],
							"lerp_mode": "catmullrom"
						},
						"4.7083": {
							"post": [0, -0.5, 4.5],
							"lerp_mode": "catmullrom"
						},
						"4.7917": {
							"post": [0, -0.18, 4.26],
							"lerp_mode": "catmullrom"
						}
					}
				},
				"leg_right2": {
					"rotation": {
						"0.0": {
							"post": [24.77, 0, 1.32],
							"lerp_mode": "catmullrom"
						},
						"0.375": {
							"post": [41.74253, 0, 3.2648],
							"lerp_mode": "catmullrom"
						},
						"0.5833": {
							"post": [12.5, 0, 0],
							"lerp_mode": "catmullrom"
						},
						"0.7917": {
							"post": [7.84, 0, -0.55],
							"lerp_mode": "catmullrom"
						},
						"1.25": {
							"post": [7.54209, 0, -0.64247],
							"lerp_mode": "catmullrom"
						},
						"1.9583": {
							"post": [41.74253, 0, 3.2648],
							"lerp_mode": "catmullrom"
						},
						"2.2083": {
							"post": [12.5, 0, 0],
							"lerp_mode": "catmullrom"
						},
						"2.875": {
							"post": [7.54209, 0, -0.64247],
							"lerp_mode": "catmullrom"
						},
						"3.5833": {
							"post": [41.74253, 0, 3.2648],
							"lerp_mode": "catmullrom"
						},
						"3.7917": {
							"post": [12.5, 0, 0],
							"lerp_mode": "catmullrom"
						},
						"4.4583": {
							"post": [7.54209, 0, -0.64247],
							"lerp_mode": "catmullrom"
						},
						"4.7917": {
							"post": [24.77, 0, 1.32],
							"lerp_mode": "catmullrom"
						}
					}
				},
				"foot_right": {
					"rotation": {
						"0.0": [-13.18019, 6.26227, -5.19145],
						"0.3333": [7.43999, -0.06279, 0.94136],
						"0.5833": [0, 0, 0],
						"0.7917": [-2.75, 1.3, -1.08],
						"1.5833": [-13.18019, 6.26227, -5.19145],
						"1.9167": [7.43999, -0.06279, 0.94136],
						"2.0417": [6.72526, -0.03148, 0.89722],
						"2.2083": [0, 0, 0],
						"3.2083": [-13.18019, 6.26227, -5.19145],
						"3.5417": [7.43999, -0.06279, 0.94136],
						"3.7917": [0, 0, 0],
						"4.7917": [-13.18019, 6.26227, -5.19145]
					}
				},
				"body": {
					"position": {
						"0.0": [0, "-0.25+math.sin(q.anim_time*90*1)*0.15", "0-math.sin(q.anim_time*90*1)*0.15"],
						"0.625": [0, "-0.25+math.sin(q.anim_time*90*1)*0.15", "0-math.sin(q.anim_time*90*1)*0.15"],
						"0.6667": [0, "-1.25+math.sin(q.anim_time*90*1)*0.15", "0-math.sin(q.anim_time*90*1)*0.15"],
						"0.7083": [0, "-0.25+math.sin(q.anim_time*90*1)*0.15", "0-math.sin(q.anim_time*90*1)*0.15"],
						"1.4167": [0, "-0.25+math.sin(q.anim_time*90*1)*0.15", "0-math.sin(q.anim_time*90*1)*0.15"],
						"1.4583": [0, "-1.25+math.sin(q.anim_time*90*1)*0.15", "0-math.sin(q.anim_time*90*1)*0.15"],
						"1.5": [0, "-0.25+math.sin(q.anim_time*90*1)*0.15", "0-math.sin(q.anim_time*90*1)*0.15"],
						"2.2083": [0, "-0.25+math.sin(q.anim_time*90*1)*0.15", "0-math.sin(q.anim_time*90*1)*0.15"],
						"2.25": [0, "-1.25+math.sin(q.anim_time*90*1)*0.15", "0-math.sin(q.anim_time*90*1)*0.15"],
						"2.2917": [0, "-0.25+math.sin(q.anim_time*90*1)*0.15", "0-math.sin(q.anim_time*90*1)*0.15"],
						"3.0": [0, "-0.25+math.sin(q.anim_time*90*1)*0.15", "0-math.sin(q.anim_time*90*1)*0.15"],
						"3.0417": [0, "-1.25+math.sin(q.anim_time*90*1)*0.15", "0-math.sin(q.anim_time*90*1)*0.15"],
						"3.0833": [0, "-0.25+math.sin(q.anim_time*90*1)*0.15", "0-math.sin(q.anim_time*90*1)*0.15"],
						"3.7917": [0, "-0.25+math.sin(q.anim_time*90*1)*0.15", "0-math.sin(q.anim_time*90*1)*0.15"],
						"3.8333": [0, "-1.25+math.sin(q.anim_time*90*1)*0.15", "0-math.sin(q.anim_time*90*1)*0.15"],
						"3.875": [0, "-0.25+math.sin(q.anim_time*90*1)*0.15", "0-math.sin(q.anim_time*90*1)*0.15"],
						"4.5833": [0, "-0.25+math.sin(q.anim_time*90*1)*0.15", "0-math.sin(q.anim_time*90*1)*0.15"],
						"4.625": [0, "-1.25+math.sin(q.anim_time*90*1)*0.15", "0-math.sin(q.anim_time*90*1)*0.15"],
						"4.6667": [0, "-0.25+math.sin(q.anim_time*90*1)*0.15", "0-math.sin(q.anim_time*90*1)*0.15"]
					}
				},
				"torso": {
					"rotation": ["15+math.sin(q.anim_time*90*5+45)*3", "-math.sin(q.anim_time*90*2.5+20)*5", "math.sin(q.anim_time*90*2.5+45)*3"],
					"position": [0, "0.5+math.abs(math.sin(q.anim_time*90*2.5+45)*1)", 1.5]
				},
				"head": {
					"rotation": ["0-math.sin(q.anim_time*90*5-60)*3", 0, "math.sin(q.anim_time*90*2.5)*3"],
					"position": [0, 0.5, 0]
				},
				"head2": {
					"rotation": ["0-math.sin(q.anim_time*90*5-120)*3", 10, "math.sin(q.anim_time*90*2.5)*2"],
					"position": [0.5, 0, 0]
				},
				"head3": {
					"rotation": ["0-math.sin(q.anim_time*90*5-120)*3", -10, "math.sin(q.anim_time*90*2.5)*2"],
					"position": [-0.5, 0, 0]
				},
				"leaf28": {
					"rotation": ["-2.5-math.abs(math.sin(q.anim_time*90*2.5-20)*8)", 0, 0]
				},
				"leaf29": {
					"rotation": ["-17.5+math.sin(q.anim_time*90*5-40)*8", 0, 0]
				},
				"leaf30": {
					"rotation": ["-22.5+math.sin(q.anim_time*90*5-80)*8", 0, 0]
				},
				"leaf37": {
					"rotation": ["15-math.abs(math.sin(q.anim_time*90*2.5-20)*8)", 0, 0]
				},
				"leaf38": {
					"rotation": ["-20+math.sin(q.anim_time*90*5-40)*8", 0, 0]
				},
				"leaf39": {
					"rotation": ["-15+math.sin(q.anim_time*90*5-80)*8", 0, 0]
				},
				"leaf": {
					"rotation": ["7.5-math.abs(math.sin(q.anim_time*90*2.5-20)*8)", 0, 0]
				},
				"leaf2": {
					"rotation": ["-15+math.sin(q.anim_time*90*5-40)*8", 0, 0]
				},
				"leaf3": {
					"rotation": ["-10+math.sin(q.anim_time*90*5-80)*8", 0, 0]
				},
				"leaf4": {
					"rotation": ["0-math.abs(math.sin(q.anim_time*90*2.5-20)*8)", 0, 0]
				},
				"leaf5": {
					"rotation": ["-15+math.sin(q.anim_time*90*5-40)*8", 0, 0]
				},
				"leaf6": {
					"rotation": ["-15+math.sin(q.anim_time*90*5-80)*8", 0, 0]
				},
				"leaf23": {
					"rotation": ["-20+math.sin(q.anim_time*90*5-40)*8", 0, 0]
				},
				"leaf24": {
					"rotation": ["-12.5+math.sin(q.anim_time*90*5-80)*8", 0, 0]
				},
				"leaf31": {
					"rotation": ["15-math.abs(math.sin(q.anim_time*90*2.5-20)*8)", 0, 0]
				},
				"leaf32": {
					"rotation": ["42.5+math.sin(q.anim_time*90*5-40)*8", 0, 0]
				},
				"leaf33": {
					"rotation": ["-20+math.sin(q.anim_time*90*5-80)*8", 0, 0]
				},
				"leaf34": {
					"rotation": ["15-math.abs(math.sin(q.anim_time*90*2.5-20)*8)", 7.5, -2.5]
				},
				"leaf35": {
					"rotation": ["42.5+math.sin(q.anim_time*90*5-40)*8", 0, 0]
				},
				"leaf36": {
					"rotation": ["-20+math.sin(q.anim_time*90*5-80)*8", 0, 0]
				},
				"leaf25": {
					"rotation": ["10-math.abs(math.sin(q.anim_time*90*2.5-20)*8)", 0, 0]
				},
				"leaf26": {
					"rotation": ["-10+math.sin(q.anim_time*90*5-40)*8", 0, 0]
				},
				"leaf27": {
					"rotation": ["-10+math.sin(q.anim_time*90*5-80)*8", 0, 0]
				},
				"leaf7": {
					"rotation": ["0-math.abs(math.sin(q.anim_time*90*2.5-20)*8)", 0, "-math.sin(q.anim_time*90*5-60)*2"]
				},
				"leaf8": {
					"rotation": ["-20+math.sin(q.anim_time*90*5-40)*8", 0, 0]
				},
				"leaf9": {
					"rotation": ["-12.5+math.sin(q.anim_time*90*5-80)*8", 0, 0]
				},
				"leaf10": {
					"rotation": ["10-math.abs(math.sin(q.anim_time*90*2.5-20)*8)", 0, 0]
				},
				"leaf11": {
					"rotation": ["-10+math.sin(q.anim_time*90*5-40)*8", 0, 0]
				},
				"leaf12": {
					"rotation": ["-10+math.sin(q.anim_time*90*5-80)*8", 0, 0]
				},
				"leaf13": {
					"rotation": ["-2.5-math.abs(math.sin(q.anim_time*90*2.5-20)*8)", 0, 0]
				},
				"leaf14": {
					"rotation": ["-17.5+math.sin(q.anim_time*90*5-40)*8", 0, 0]
				},
				"leaf15": {
					"rotation": ["-22.5+math.sin(q.anim_time*90*5-80)*8", 0, 0]
				},
				"leaf16": {
					"rotation": ["7.5--math.abs(math.sin(q.anim_time*90*2.5-20)*8)", 0, 0]
				},
				"leaf17": {
					"rotation": ["-15+math.sin(q.anim_time*90*5-40)*8", 0, 0]
				},
				"leaf18": {
					"rotation": ["-10+math.sin(q.anim_time*90*5-80)*8", 0, 0]
				},
				"leaf19": {
					"rotation": ["2.5-math.abs(math.sin(q.anim_time*90*2.5-20)*8)", 0, "math.sin(q.anim_time*90*5-60)*2"]
				},
				"leaf20": {
					"rotation": ["-20+math.sin(q.anim_time*90*5-40)*8", 0, 0]
				},
				"leaf21": {
					"rotation": ["-15+math.sin(q.anim_time*90*5-80)*8", 0, 0]
				},
				"leaf22": {
					"rotation": ["2.5-math.abs(math.sin(q.anim_time*90*2.5-20)*8)", 0, 0]
				},
				"exeggutor": {
					"position": [0, 0, 0]
				},
				"toe_left": {
					"rotation": {
						"0.0": [0, 0, 0],
						"0.25": [0, 0, 0],
						"0.6667": [-15, 0, 0],
						"1.125": [0, 0, 0],
						"1.4167": [0, 0, 0],
						"1.875": [0, 0, 0],
						"2.2917": [-15, 0, 0],
						"2.75": [0, 0, 0],
						"3.0": [0, 0, 0],
						"3.4583": [0, 0, 0],
						"3.875": [-15, 0, 0],
						"4.3333": [0, 0, 0],
						"4.5833": [0, 0, 0],
						"4.7917": [0, 0, 0]
					},
					"position": {
						"0.0": [0, 0, 0],
						"0.25": [0, 0, 0],
						"0.6667": [0, 0, 0.8],
						"1.125": [0, 0, 0],
						"1.875": [0, 0, 0],
						"2.2917": [0, 0, 0.8],
						"2.75": [0, 0, 0],
						"3.4583": [0, 0, 0],
						"3.875": [0, 0, 0.8],
						"4.3333": [0, 0, 0],
						"4.7917": [0, 0, 0]
					}
				},
				"toe_left2": {
					"rotation": {
						"0.0": [0, 0, 0],
						"0.25": [0, 0, 0],
						"0.6667": [-15, 0, 0],
						"1.125": [0, 0, 0],
						"1.4167": [0, 0, 0],
						"1.875": [0, 0, 0],
						"2.2917": [-15, 0, 0],
						"2.75": [0, 0, 0],
						"3.0": [0, 0, 0],
						"3.4583": [0, 0, 0],
						"3.875": [-15, 0, 0],
						"4.3333": [0, 0, 0],
						"4.5833": [0, 0, 0],
						"4.7917": [0, 0, 0]
					},
					"position": {
						"0.0": [0, 0, 0],
						"0.25": [0, 0, 0],
						"0.6667": [0, 0, 0.8],
						"1.125": [0, 0, 0],
						"1.875": [0, 0, 0],
						"2.2917": [0, 0, 0.8],
						"2.75": [0, 0, 0],
						"3.4583": [0, 0, 0],
						"3.875": [0, 0, 0.8],
						"4.3333": [0, 0, 0],
						"4.7917": [0, 0, 0]
					}
				},
				"toe_right": {
					"rotation": {
						"0.0": [-10.91, 0, 0],
						"0.3333": [0, 0, 0],
						"0.5833": [0, 0, 0],
						"0.7917": [0, 0, 0],
						"1.0417": [0, 0, 0],
						"1.4583": [-15, 0, 0],
						"1.9167": [0, 0, 0],
						"2.2083": [0, 0, 0],
						"2.6667": [0, 0, 0],
						"3.0833": [-15, 0, 0],
						"3.5417": [0, 0, 0],
						"3.7917": [0, 0, 0],
						"4.25": [0, 0, 0],
						"4.6667": [-15, 0, 0],
						"4.7917": [-10.91, 0, 0]
					},
					"position": {
						"0.0": [0, 0, 0.58],
						"0.3333": [0, 0, 0],
						"0.7917": [0, 0, 0],
						"1.0417": [0, 0, 0],
						"1.4583": [0, 0, 0.8],
						"1.9167": [0, 0, 0],
						"2.6667": [0, 0, 0],
						"3.0833": [0, 0, 0.8],
						"3.5417": [0, 0, 0],
						"4.25": [0, 0, 0],
						"4.6667": [0, 0, 0.8],
						"4.7917": [0, 0, 0.58]
					}
				},
				"toe_right2": {
					"rotation": {
						"0.0": [-10.91, 0, 0],
						"0.3333": [0, 0, 0],
						"0.5833": [0, 0, 0],
						"0.7917": [0, 0, 0],
						"1.0417": [0, 0, 0],
						"1.4583": [-15, 0, 0],
						"1.9167": [0, 0, 0],
						"2.2083": [0, 0, 0],
						"2.6667": [0, 0, 0],
						"3.0833": [-15, 0, 0],
						"3.5417": [0, 0, 0],
						"3.7917": [0, 0, 0],
						"4.25": [0, 0, 0],
						"4.6667": [-15, 0, 0],
						"4.7917": [-10.91, 0, 0]
					},
					"position": {
						"0.0": [0, 0, 0.58],
						"0.3333": [0, 0, 0],
						"0.7917": [0, 0, 0],
						"1.0417": [0, 0, 0],
						"1.4583": [0, 0, 0.8],
						"1.9167": [0, 0, 0],
						"2.6667": [0, 0, 0],
						"3.0833": [0, 0, 0.8],
						"3.5417": [0, 0, 0],
						"4.25": [0, 0, 0],
						"4.6667": [0, 0, 0.8],
						"4.7917": [0, 0, 0.58]
					}
				}
			}
		},
		"animation.exeggutor.cry": {
			"animation_length": 1.5,
			"bones": {
				"mouth": {
					"position": {
						"0.0": [0, 0, 0],
						"0.25": [0, -2, 0],
						"1.25": [0, -2, 0],
						"1.5": [0, 0, 0]
					}
				},
				"mouth2": {
					"position": {
						"0.0": [0, 0, 0],
						"0.25": [0, -5, 0],
						"1.25": [0, -5, 0],
						"1.5": [0, 0, 0]
					}
				},
				"jaw": {
					"position": {
						"0.0": [0, 0, 0],
						"0.25": [0, -3, 0],
						"1.25": [0, -3, 0],
						"1.5": [0, 0, 0]
					}
				},
				"head": {
					"rotation": {
						"0.0": [0, 0, 0],
						"0.25": [-15, 0, 0],
						"1.25": [-15, 0, 0],
						"1.5": [0, 0, 0]
					}
				},
				"mouth_closed": {
					"position": {
						"0.0": [0, 0, -0.1],
						"0.25": {"pre": [0, 0, -0.1], "post": [0, 0, 0]},
						"1.25": {"pre": [0, 0, 0], "post": [0, 0, -0.1]}
					}
				},
				"mouth_open": {
					"position": {
						"0.0": [0, 0, 0.1],
						"0.25": {"pre": [0, 0, 0.1], "post": [0, 0, 0]},
						"1.25": {"pre": [0, 0, 0], "post": [0, 0, 0.1]}
					}
				},
				"head2": {
					"rotation": {
						"0.0": [0, 0, 0],
						"0.25": [-15, 0, 0],
						"1.25": [-15, 0, 0],
						"1.5": [0, 0, 0]
					}
				},
				"mouth_closed2": {
					"position": {
						"0.0": [0, 0, 0],
						"0.25": {"pre": [0, 0, 0], "post": [0, 0, 0.2]},
						"1.25": {"pre": [0, 0, 0.2], "post": [0, 0, 0]}
					}
				},
				"mouth_open2": {
					"position": {
						"0.0": [0, 0, 0],
						"0.25": {"pre": [0, 0, 0], "post": [0, 0, -0.1]},
						"1.25": {"pre": [0, 0, -0.1], "post": [0, 0, 0]}
					}
				},
				"head3": {
					"rotation": {
						"0.0": [0, 0, 0],
						"0.25": [-15, 0, 0],
						"1.25": [-15, 0, 0],
						"1.5": [0, 0, 0]
					}
				},
				"mouth_closed3": {
					"position": {
						"0.0": [0, 0, -0.1],
						"0.25": {"pre": [0, 0, -0.1], "post": [0, 0, 0]},
						"1.25": {"pre": [0, 0, 0], "post": [0, 0, -0.1]}
					}
				},
				"mouth_open3": {
					"position": {
						"0.0": [0, 0, 0.1],
						"0.25": {"pre": [0, 0, 0.1], "post": [0, 0, 0]},
						"1.25": {"pre": [0, 0, 0], "post": [0, 0, 0.1]}
					}
				}
			}
		},
		"animation.exeggutor.battle_idle": {
			"loop": true,
			"animation_length": 1.58333,
			"bones": {
				"leg_left": {
					"rotation": {
						"0.0": ["-15+math.clamp(-math.sin(q.anim_time*90*2.5+225)*65,-90,0)", -35, 0],
						"0.5833": [-15, -35, 0],
						"0.625": ["-15+math.clamp(-math.sin(q.anim_time*90*2.5+225)*65,-90,0)", -35, 0],
						"1.125": ["-15+math.clamp(-math.sin(q.anim_time*90*2.5+225)*65,-90,0)", -35, 0],
						"1.2917": [-15, -35, 0],
						"1.5833": [-15, -35, 0]
					},
					"position": {
						"0.0": [
							"math.clamp(math.sin(q.anim_time*90*2.5+225)*0.5,0,90)",
							"math.clamp(math.sin(q.anim_time*90*2.5+225)*3.5,0,90)",
							"math.clamp(-math.sin(q.anim_time*90*2.5+225)*2,-90,0)"
						],
						"0.5833": [0, 0, 0],
						"0.625": [
							"math.clamp(math.sin(q.anim_time*90*2.5+225)*0.5,0,90)",
							"math.clamp(math.sin(q.anim_time*90*2.5+225)*3.5,0,90)",
							"math.clamp(-math.sin(q.anim_time*90*2.5+225)*2,-90,0)"
						],
						"1.2917": [0, 0, 0],
						"1.5833": [0, 0, 0]
					}
				},
				"leg_left2": {
					"rotation": {
						"0.0": [20, 0, 0],
						"0.5833": [20, 0, 0],
						"0.875": [5, 0, 0],
						"1.125": [20, 0, 0]
					}
				},
				"foot_left": {
					"rotation": {
						"0.0": [-5, 0, 0],
						"0.5833": [-5, 0, 0],
						"0.7083": [30, 0, 0],
						"0.9167": [10, 0, 0],
						"1.125": [-5, 0, 0],
						"1.25": [-5, 0, 0]
					}
				},
				"leg_right": {
					"rotation": {
						"0.0": ["-15+math.clamp(math.sin(q.anim_time*90*2.5+225)*65,-90,0)", 35, 0],
						"0.3333": ["-15+math.clamp(math.sin(q.anim_time*90*2.5+225)*65,-90,0)", 35, 0],
						"0.5": [-15, 35, 0],
						"1.3333": [-15, 35, 0],
						"1.375": ["-15+math.clamp(math.sin(q.anim_time*90*2.5+225)*65,-90,0)", 35, 0]
					},
					"position": {
						"0.0": [
							"math.clamp(math.sin(q.anim_time*90*2.5+225)*0.5,-90,0)",
							"math.clamp(-math.sin(q.anim_time*90*2.5+225)*3.5,0,90)",
							"math.clamp(math.sin(q.anim_time*90*2.5+225)*2,-90,0)"
						],
						"0.5": [0, 0, 0],
						"1.3333": [0, 0, 0],
						"1.375": [
							"math.clamp(math.sin(q.anim_time*90*2.5+225)*0.5,-90,0)",
							"math.clamp(-math.sin(q.anim_time*90*2.5+225)*3.5,0,90)",
							"math.clamp(math.sin(q.anim_time*90*2.5+225)*2,-90,0)"
						]
					}
				},
				"leg_right2": {
					"rotation": {
						"0.0": [7, 0, 0],
						"0.125": [5, 0, 0],
						"0.375": [20, 0, 0],
						"1.375": [20, 0, 0],
						"1.5833": [7, 0, 0]
					}
				},
				"foot_right": {
					"rotation": {
						"0.0": [22, 0, 0],
						"0.125": [10, 0, 0],
						"0.3333": [-5, 0, 0],
						"0.4583": [-5, 0, 0],
						"1.375": [-5, 0, 0],
						"1.5": [30, 0, 0],
						"1.5833": [22, 0, 0]
					}
				},
				"body": {
					"position": {
						"0.0": [0, -2, "0-math.sin(q.anim_time*90*1)*0.15"],
						"0.4583": [0, -2, "0-math.sin(q.anim_time*90*1)*0.15"],
						"0.5417": [0, "-2.3-math.sin(q.anim_time*90*30)*0.2", "0-math.sin(q.anim_time*90*1)*0.15"],
						"0.625": [0, -2, "0-math.sin(q.anim_time*90*1)*0.15"],
						"1.25": [0, -2, "0-math.sin(q.anim_time*90*1)*0.15"],
						"1.3333": [0, "-2.3-math.sin(q.anim_time*90*30)*0.2", "0-math.sin(q.anim_time*90*1)*0.15"],
						"1.4167": [0, -2, "0-math.sin(q.anim_time*90*1)*0.15"]
					}
				},
				"torso": {
					"rotation": ["2.5+math.sin(q.anim_time*90*5+180)*6", 0, "0+math.sin(q.anim_time*90*2.5+45)*3"],
					"position": {
						"0.0": [0, "0.5+math.clamp(math.sin(q.anim_time*90*5+45)*1.5,-0.05,90)", 1],
						"0.4583": [0, "0.5+math.clamp(math.sin(q.anim_time*90*5+45)*1.5,-0.05,90)", 1],
						"0.5417": [0, "0.5+math.clamp(math.sin(q.anim_time*90*5+45)*1.5,-0.05,90)-math.sin(q.anim_time*90*50)*0.5", 1],
						"0.75": [0, "0.5+math.clamp(math.sin(q.anim_time*90*5+45)*1.5,-0.05,90)", 1],
						"1.25": [0, "0.5+math.clamp(math.sin(q.anim_time*90*5+45)*1.5,-0.05,90)", 1],
						"1.3333": [0, "0.5+math.clamp(math.sin(q.anim_time*90*5+45)*1.5,-0.05,90)-math.sin(q.anim_time*90*50)*0.5", 1],
						"1.5417": [0, "0.5+math.clamp(math.sin(q.anim_time*90*5+45)*1.5,-0.05,90)", 1]
					}
				},
				"head": {
					"rotation": ["10-math.sin(q.anim_time*90*5-120)*8", 0, "math.sin(q.anim_time*90*2.5+135)*4"],
					"position": [0, 0.3, 0]
				},
				"head2": {
					"rotation": ["10-math.sin(q.anim_time*90*5-120)*8", 20, "math.sin(q.anim_time*90*2.5+135)*4"],
					"position": [0.5, 0, 0]
				},
				"head3": {
					"rotation": ["10-math.sin(q.anim_time*90*5-120)*8", -20, "math.sin(q.anim_time*90*2.5+135)*4"],
					"position": [-0.5, 0, 0]
				},
				"leaf28": {
					"rotation": ["-2.5-math.sin(q.anim_time*90*5-90)*8", 0, 0]
				},
				"leaf29": {
					"rotation": ["-17.5+math.sin(q.anim_time*90*5)*12", 0, 0]
				},
				"leaf30": {
					"rotation": ["-22.5+math.sin(q.anim_time*90*5-80)*8", 0, 0]
				},
				"leaf37": {
					"rotation": ["15-math.sin(q.anim_time*90*5-90)*8", 0, 0]
				},
				"leaf38": {
					"rotation": ["-20+math.sin(q.anim_time*90*5)*12", 0, 0]
				},
				"leaf39": {
					"rotation": ["-15+math.sin(q.anim_time*90*5-80)*8", 0, 0]
				},
				"leaf": {
					"rotation": ["7.5-math.sin(q.anim_time*90*5-90)*8", 0, 0]
				},
				"leaf2": {
					"rotation": ["-15+math.sin(q.anim_time*90*5)*12", 0, 0]
				},
				"leaf3": {
					"rotation": ["-10+math.sin(q.anim_time*90*5-20)*25", 0, 0]
				},
				"leaf4": {
					"rotation": ["0-math.sin(q.anim_time*90*5-90)*8", 0, 0]
				},
				"leaf5": {
					"rotation": ["-15+math.sin(q.anim_time*90*5)*12", 0, 0]
				},
				"leaf6": {
					"rotation": ["-15+math.sin(q.anim_time*90*5-20)*25", 0, 0]
				},
				"leaf23": {
					"rotation": ["-20+math.sin(q.anim_time*90*5)*12", 0, 0]
				},
				"leaf24": {
					"rotation": ["-10+math.sin(q.anim_time*90*5-20)*25", 0, 0]
				},
				"leaf31": {
					"rotation": ["15-math.sin(q.anim_time*90*5-90)*8", 0, 0]
				},
				"leaf32": {
					"rotation": ["42.5+math.sin(q.anim_time*90*5)*6", 0, 0]
				},
				"leaf33": {
					"rotation": ["-20+math.sin(q.anim_time*90*5-80)*8", 0, 0]
				},
				"leaf34": {
					"rotation": ["15-math.sin(q.anim_time*90*5-90)*8", 7.5, -2.5]
				},
				"leaf35": {
					"rotation": ["42.5+math.sin(q.anim_time*90*5)*6", 0, 0]
				},
				"leaf36": {
					"rotation": ["-20+math.sin(q.anim_time*90*5-80)*8", 0, 0]
				},
				"leaf25": {
					"rotation": ["10-math.sin(q.anim_time*90*5-90)*8", 0, 0]
				},
				"leaf26": {
					"rotation": ["-10+math.sin(q.anim_time*90*5)*12", 0, 0]
				},
				"leaf27": {
					"rotation": ["-10+math.sin(q.anim_time*90*5-80)*8", 0, 0]
				},
				"leaf7": {
					"rotation": ["0-math.sin(q.anim_time*90*5-90)*8", 0, "-math.sin(q.anim_time*90*5-60)*2"]
				},
				"leaf8": {
					"rotation": ["-20+math.sin(q.anim_time*90*5)*12", 0, 0]
				},
				"leaf9": {
					"rotation": ["-12.5+math.sin(q.anim_time*90*5-40)*15", 0, 0]
				},
				"leaf10": {
					"rotation": ["10-math.sin(q.anim_time*90*5-90)*8", 0, 0]
				},
				"leaf11": {
					"rotation": ["-10+math.sin(q.anim_time*90*5)*12", 0, 0]
				},
				"leaf12": {
					"rotation": ["-10+math.sin(q.anim_time*90*5-20)*20", 0, 0]
				},
				"leaf13": {
					"rotation": ["-2.5-math.sin(q.anim_time*90*5-90)*8", 0, 0]
				},
				"leaf14": {
					"rotation": ["-17.5+math.sin(q.anim_time*90*5)*12", 0, 0]
				},
				"leaf15": {
					"rotation": ["-22.5+math.sin(q.anim_time*90*5-20)*20", 0, 0]
				},
				"leaf16": {
					"rotation": ["7.5-math.sin(q.anim_time*90*5-90)*8", 0, 0]
				},
				"leaf17": {
					"rotation": ["-15+math.sin(q.anim_time*90*5)*12", 0, 0]
				},
				"leaf18": {
					"rotation": ["-10+math.sin(q.anim_time*90*5-20)*20", 0, 0]
				},
				"leaf19": {
					"rotation": ["2.5-math.sin(q.anim_time*90*5-90)*8", 0, "math.sin(q.anim_time*90*5-60)*2"]
				},
				"leaf20": {
					"rotation": ["-20+math.sin(q.anim_time*90*5)*12", 0, 0]
				},
				"leaf21": {
					"rotation": ["-15+math.sin(q.anim_time*90*5-40)*15", 0, 0]
				},
				"leaf22": {
					"rotation": ["2.5-math.sin(q.anim_time*90*5-90)*8", 0, 0]
				}
			}
		},
		"animation.exeggutor.sleep": {
			"loop": true,
			"animation_length": 8,
			"bones": {
				"leg_left": {
					"rotation": [-92.5, -30, 0],
					"position": [0, -1.75, -4]
				},
				"foot_left": {
					"rotation": [10, 0, 0]
				},
				"leg_right": {
					"rotation": [-92.5, 30, 0],
					"position": [0, -1.75, -4]
				},
				"foot_right": {
					"rotation": [10, 0, 0]
				},
				"body": {
					"position": [0, -11.5, 3]
				},
				"torso": {
					"rotation": ["7.5+math.sin(q.anim_time*90*1+45)*1", 0, 0],
					"position": [0, 0.5, 0]
				},
				"head": {
					"rotation": ["15-math.sin(q.anim_time*90*0.5-60)*2", 0, "math.sin(q.anim_time*90*1)*2"],
					"position": [0, 1, 0]
				},
				"head2": {
					"rotation": ["15-math.sin(q.anim_time*90*0.5-120)*2", 0, "math.sin(q.anim_time*90*0.5)*2"],
					"position": [0, 0.5, 0]
				},
				"head3": {
					"rotation": ["15-math.sin(q.anim_time*90*0.5-120)*2", 0, "math.sin(q.anim_time*90*0.5)*2"],
					"position": [0, 0.5, 0]
				},
				"leaf28": {
					"rotation": ["-2.5+math.sin(q.anim_time*90*1-60)*3", 0, 0]
				},
				"leaf29": {
					"rotation": ["-17.5+math.sin(q.anim_time*90*1-120)*6", 0, 0]
				},
				"leaf30": {
					"rotation": ["-22.5+math.sin(q.anim_time*90*1-180)*8", 0, 0]
				},
				"leaf37": {
					"rotation": ["15+math.sin(q.anim_time*90*1-60)*3", 0, 0]
				},
				"leaf38": {
					"rotation": ["-20+math.sin(q.anim_time*90*1-120)*6", 0, 0]
				},
				"leaf39": {
					"rotation": ["-15+math.sin(q.anim_time*90*1-180)*8", 0, 0]
				},
				"leaf": {
					"rotation": ["2.5+math.sin(q.anim_time*90*1-60)*3", 0, 0]
				},
				"leaf2": {
					"rotation": ["-12.5+math.sin(q.anim_time*90*1-120)*6", 0, 0]
				},
				"leaf3": {
					"rotation": ["-10+math.sin(q.anim_time*90*1-180)*8", 0, 0]
				},
				"leaf4": {
					"rotation": ["0+math.sin(q.anim_time*90*1-60)*3", 0, 0]
				},
				"leaf5": {
					"rotation": ["-20+math.sin(q.anim_time*90*1-120)*6", 0, 0]
				},
				"leaf6": {
					"rotation": ["-15+math.sin(q.anim_time*90*1-180)*8", 0, 0]
				},
				"leaf23": {
					"rotation": ["-20+math.sin(q.anim_time*90*1-120)*6", 0, 0]
				},
				"leaf24": {
					"rotation": ["-12.5+math.sin(q.anim_time*90*1-180)*8", 0, 0]
				},
				"leaf31": {
					"rotation": ["15+math.sin(q.anim_time*90*1-60)*3", 0, 0]
				},
				"leaf32": {
					"rotation": ["42.5+math.sin(q.anim_time*90*1-120)*6", 0, 0]
				},
				"leaf33": {
					"rotation": ["-20+math.sin(q.anim_time*90*1-180)*8", 0, 0]
				},
				"leaf34": {
					"rotation": ["15+math.sin(q.anim_time*90*1-60)*3", 7.5, -2.5]
				},
				"leaf35": {
					"rotation": ["42.5+math.sin(q.anim_time*90*1-120)*6", 0, 0]
				},
				"leaf36": {
					"rotation": ["-20+math.sin(q.anim_time*90*1-180)*8", 0, 0]
				},
				"leaf25": {
					"rotation": ["10+math.sin(q.anim_time*90*1-60)*3", 0, 0]
				},
				"leaf26": {
					"rotation": ["-10+math.sin(q.anim_time*90*1-120)*6", 0, 0]
				},
				"leaf27": {
					"rotation": ["-10+math.sin(q.anim_time*90*1-180)*8", 0, 0]
				},
				"leaf7": {
					"rotation": ["0+math.sin(q.anim_time*90*1-60)*3", 0, "-math.sin(q.anim_time*90*1-60)*2"]
				},
				"leaf8": {
					"rotation": ["-20+math.sin(q.anim_time*90*1-120)*6", 0, 0]
				},
				"leaf9": {
					"rotation": ["-12.5+math.sin(q.anim_time*90*1-180)*8", 0, 0]
				},
				"leaf10": {
					"rotation": ["10+math.sin(q.anim_time*90*1-60)*3", 0, 0]
				},
				"leaf11": {
					"rotation": ["-10+math.sin(q.anim_time*90*1-120)*6", 0, 0]
				},
				"leaf12": {
					"rotation": ["-10+math.sin(q.anim_time*90*1-180)*8", 0, 0]
				},
				"leaf13": {
					"rotation": ["-2.5+math.sin(q.anim_time*90*1-60)*3", 0, 0]
				},
				"leaf14": {
					"rotation": ["-17.5+math.sin(q.anim_time*90*1-120)*6", 0, 0]
				},
				"leaf15": {
					"rotation": ["-22.5+math.sin(q.anim_time*90*1-180)*8", 0, 0]
				},
				"leaf16": {
					"rotation": ["2.5+math.sin(q.anim_time*90*1-60)*3", 0, 0]
				},
				"leaf17": {
					"rotation": ["-15+math.sin(q.anim_time*90*1-120)*6", 0, 0]
				},
				"leaf18": {
					"rotation": ["-10+math.sin(q.anim_time*90*1-180)*8", 0, 0]
				},
				"leaf19": {
					"rotation": ["2.5+math.sin(q.anim_time*90*1-60)*3", 0, "math.sin(q.anim_time*90*1-60)*2"]
				},
				"leaf20": {
					"rotation": ["-20+math.sin(q.anim_time*90*1-120)*6", 0, 0]
				},
				"leaf21": {
					"rotation": ["-15+math.sin(q.anim_time*90*1-180)*8", 0, 0]
				},
				"leaf22": {
					"rotation": ["0+math.sin(q.anim_time*90*1-60)*3", 0, 0]
				},
				"mouth_closed": {
					"position": [-1, 0, -0.1]
				},
				"mouth_open": {
					"position": [0, 0, 1]
				},
				"eyelid_left": {
					"position": [0.1, 0, -0.1]
				},
				"eyelid_right": {
					"position": [-0.1, 0, -0.1]
				},
				"mouth_closed2": {
					"position": [0, 0, -0.1]
				},
				"mouth_open2": {
					"position": [0, 0, 1]
				},
				"eyelid_left2": {
					"position": [0.1, 0, -0.1]
				},
				"eyelid_right2": {
					"position": [-0.1, 0, -0.1]
				},
				"mouth_closed3": {
					"position": [-1, 0, -0.1]
				},
				"mouth_open3": {
					"position": [0, 0, 1]
				},
				"eyelid_left3": {
					"position": [0.1, 0, -0.1]
				},
				"eyelid_right3": {
					"position": [-0.1, 0, -0.1]
				}
			}
		},
		"animation.exeggutor.blink": {
			"animation_length": 0.1667,
			"bones": {
				"eyelid_right": {
					"position": {
						"0.0": [-0.1, 0, -0.1],
						"0.125": [-0.1, 0, -0.1],
						"0.1667": [0, 0, 0]
					}
				},
				"eyelid_left": {
					"position": {
						"0.0": [0.1, 0, -0.1],
						"0.125": [0.1, 0, -0.1],
						"0.1667": [0, 0, 0]
					}
				}
			}
		},
		"animation.exeggutor.blink2": {
			"animation_length": 0.1667,
			"bones": {
				"eyelid_right2": {
					"position": {
						"0.0": [-0.1, 0, -0.1],
						"0.125": [-0.1, 0, -0.1],
						"0.1667": [0, 0, 0]
					}
				},
				"eyelid_left2": {
					"position": {
						"0.0": [0.1, 0, -0.1],
						"0.125": [0.1, 0, -0.1],
						"0.1667": [0, 0, 0]
					}
				}
			}
		},
		"animation.exeggutor.blink3": {
			"animation_length": 0.16667,
			"bones": {
				"eyelid_right3": {
					"position": {
						"0.0": [-0.1, 0, -0.1],
						"0.125": [-0.1, 0, -0.1],
						"0.1667": [0, 0, 0]
					}
				},
				"eyelid_left3": {
					"position": {
						"0.0": [0.1, 0, -0.1],
						"0.125": [0.1, 0, -0.1],
						"0.1667": [0, 0, 0]
					}
				}
			}
		},
		"animation.exeggutor.faint_WIP": {
			"animation_length": 2.375,
			"bones": {
				"body": {
					"rotation": {
						"0.0": [0, 0, 0],
						"1.0417": [-12.5, 0, 0],
						"1.1667": [32.5, 0, 0],
						"1.2917": [77.5, 0, 0],
						"1.4167": [82.5, 0, 0],
						"1.5417": [102.5, 0, 0],
						"1.5833": [107.5, 0, 0],
						"1.6667": [105, 0, 0],
						"1.7083": [102.5, 0, 0],
						"1.7917": [100, 0, 0],
						"1.875": [105, 0, 0],
						"1.9167": [102.5, 0, 0],
						"2.0": [105, 0, 0]
					},
					"position": {
						"0.0": [0, -6.5, 0],
						"0.125": [0, -3.1, 0],
						"1.0417": [0, -3.1, 0],
						"1.1667": [0, -0.1, 4],
						"1.2917": [0, 7.9, 8],
						"1.4167": [0, 9.9, 8],
						"1.5417": [0, -4.1, 6],
						"1.5833": [0, -4.1, 5],
						"1.6667": [0, -2.1, 3],
						"1.7083": [0, -2.1, 2.5],
						"1.7917": [0, -5.1, 2],
						"1.9167": [0, -5.1, 1.5],
						"2.0833": [0, -5.1, 0.5],
						"2.25": [0, -5.1, 0.25]
					}
				},
				"torso": {
					"rotation": {
						"0.0": [17.5, 0, 0],
						"0.125": [-20, 0, 0],
						"0.4583": {
							"pre": [-7.91907, -21.39099, 8.6801],
							"post": [-7.91907, -21.39099, 8.6801],
							"lerp_mode": "catmullrom"
						},
						"1.0417": {
							"post": [-17.21055, -5.69391, 15.99181],
							"lerp_mode": "catmullrom"
						},
						"1.1667": {
							"post": [-15, 0, 0],
							"lerp_mode": "catmullrom"
						},
						"1.4167": [-12.5, 0, 0],
						"1.5417": [-25, 0, 0],
						"1.6667": [-30, 0, 0],
						"1.7917": [-22.86, 0, 0],
						"1.9583": [-25, 0, 0]
					},
					"position": {
						"0.0": [0, 1, 2],
						"0.125": [0, 3, -4],
						"1.0417": [0, 3, -4],
						"1.4167": [0, 3, -5]
					}
				},
				"head": {
					"rotation": {
						"0.0": [0, 0, 0],
						"0.125": [17.5, 0, 0],
						"0.3333": [17.5, 0, 0],
						"0.4583": [2.5, 0, 0],
						"1.0417": [-2.5, 0, 0],
						"1.2083": [-10, 0, 0],
						"1.3333": [-20, 0, 0],
						"1.4583": [-30, 0, 0],
						"1.5417": [-72.5, 0, 0],
						"1.5833": [-52.5, 0, 0],
						"1.7917": [-55, 0, 0],
						"1.875": [-82.5, 0, 0],
						"2.0": [-80, 0, 0]
					},
					"position": [0, 0, 0]
				},
				"head2": {
					"rotation": {
						"0.0": [0, 10, 0],
						"0.125": [27.5, 10, 0],
						"0.25": [32.21647, -3.67263, -11.51342],
						"0.3333": [28.64518, 0.93492, -7.44828],
						"1.0417": [3.81324, 5.9337, -7.64947],
						"1.2083": [-6.25548, -1.39166, -4.61789],
						"1.3333": [-24.63403, 2.34891, 13.75642],
						"1.4583": [-39.93378, 7.53065, 23.25433],
						"1.5417": [-92.06708, 43.64612, 51.6962],
						"1.5833": [-45.4205, 50.0299, 22.91251],
						"1.7917": [-55.05265, 51.17525, 20.66004],
						"1.875": [-75.05265, 51.17525, 20.66004],
						"2.0": [-72.61006, 53.6379, 21.09444]
					},
					"position": {
						"0.0": [0, 0, 0],
						"1.4583": [0, 0, 0],
						"1.5417": [0, 0, -2],
						"1.5833": [2, -1, -1]
					}
				},
				"head3": {
					"rotation": {
						"0.0": [2.5, 10, 0],
						"0.125": [26.29192, -5.79079, -0.61574],
						"0.25": [24.46575, 1.13863, -8.88439],
						"0.3333": [12.1489, 0.86021, -17.73789],
						"0.5417": [-6.97807, 0.98026, -11.25283],
						"1.0417": [-6.10504, 1.1003, -4.76777],
						"1.2083": [-12.4965, -6.34213, -3.14595],
						"1.3333": [-23.50921, -24.0306, -10.86454],
						"1.4583": [-34.8005, -28.89867, -17.71534],
						"1.5417": [-85.23539, -55.00144, -26.9249],
						"1.5833": [-52.52815, -46.72055, -18.47263],
						"1.7083": [-52.52815, -46.72055, -18.47263],
						"1.7917": [-52.52815, -46.72055, -18.47263],
						"1.875": [-85.23539, -55.00144, -26.9249],
						"2.0": [-80.23539, -55.00144, -26.9249]
					},
					"position": {
						"0.0": [0, 0, 0],
						"1.2083": [0, 0, 0],
						"1.3333": [-1, 0, 0],
						"1.4583": [-1, 0, 0],
						"1.5417": [-2, 0, -2],
						"1.5833": [-2, -0.5, -1],
						"1.7917": [-2, -0.5, -1],
						"1.875": [-2, 0, -2]
					}
				},
				"leaf_set10": {
					"rotation": {
						"0.0": [0, 0, 0],
						"1.0833": [0, 0, 0],
						"1.2917": [-35, 35, -15],
						"1.4167": [-30, 35, -15]
					},
					"position": {
						"0.0": [0, 0, 0],
						"1.0833": [0, 0, 0]
					}
				},
				"leaf28": {
					"rotation": {
						"0.0": [0, 0, 0],
						"1.5417": [0, 0, 0],
						"1.6667": [3.97363, 9.76039, 0.62983]
					},
					"position": {
						"0.0": [0, 0, 0],
						"1.5417": [0, 0, 0],
						"1.6667": [2, 0, 2]
					}
				},
				"leaf29": {
					"rotation": {
						"0.0": [0, 0, 0],
						"1.0417": [0, 0, 0],
						"1.2917": [-35, 0, 0],
						"1.4167": [-47.5, 0, 0],
						"1.6667": [-30, 0, 0],
						"1.875": [-77.5, 0, 0],
						"2.0417": [-40, 0, 0],
						"2.1667": [-35, 0, 0]
					}
				},
				"leaf30": {
					"rotation": {
						"0.0": [0, 0, 0],
						"1.1667": [0, 0, 0],
						"1.4583": [-47.5, 0, 0],
						"1.5417": [-77.5, 0, 0],
						"1.5833": [-95, 0, 0],
						"1.6667": [-30, 0, 0],
						"1.875": [-77.5, 0, 0],
						"1.9167": [-95, 0, 0],
						"2.0417": [-40, 0, 0],
						"2.2917": [-20, 0, 0]
					}
				},
				"leaf_set13": {
					"rotation": {
						"0.0": [0, 0, 0],
						"1.0833": [0, 0, 0],
						"1.2917": [-35, -35, 15],
						"1.4167": [-30, -35, 15]
					},
					"position": {
						"0.0": [0, 0, 0],
						"1.0833": [0, 0, 0]
					}
				},
				"leaf37": {
					"rotation": {
						"0.0": [0, 0, 0],
						"1.5417": [0, 0, 0],
						"1.6667": [3.97363, 9.76039, 0.62983]
					},
					"position": {
						"0.0": [0, 0, 0],
						"1.5417": [0, 0, 0],
						"1.6667": [2, 0, 2]
					}
				},
				"leaf38": {
					"rotation": {
						"0.0": [0, 0, 0],
						"1.0417": [0, 0, 0],
						"1.2917": [-35, 0, 0],
						"1.4167": [-47.5, 0, 0],
						"1.6667": [-30, 0, 0],
						"1.875": [-77.5, 0, 0],
						"2.0417": [-40, 0, 0],
						"2.1667": [-35, 0, 0]
					}
				},
				"leaf39": {
					"rotation": {
						"0.0": [0, 0, 0],
						"1.1667": [0, 0, 0],
						"1.4583": [-47.5, 0, 0],
						"1.5417": [-77.5, 0, 0],
						"1.5833": [-95, 0, 0],
						"1.6667": [-30, 0, 0],
						"1.875": [-77.5, 0, 0],
						"1.9167": [-95, 0, 0],
						"2.0417": [-40, 0, 0],
						"2.2917": [-20, 0, 0]
					}
				},
				"leaf_set": {
					"rotation": {
						"0.0": [0, 0, 0],
						"1.0833": [0, 0, 0],
						"1.2917": [-25, 0, 0],
						"1.4167": [-35, 0, 0]
					},
					"position": {
						"0.0": [0, 0, 0],
						"1.0833": [0, 0, 0]
					}
				},
				"leaf": {
					"rotation": {
						"0.0": [0, 0, 0],
						"1.4583": [0, 0, 0],
						"1.5417": [12.5, 0, 0]
					},
					"position": {
						"0.0": [0, 0, 0],
						"1.4583": [0, 0, 0],
						"1.5417": [0, 0, 3]
					}
				},
				"leaf2": {
					"rotation": {
						"0.0": [0, 0, 0],
						"1.0417": [0, 0, 0],
						"1.2917": [-35, 0, 0],
						"1.4167": [-37.5, 0, 0],
						"1.4583": [-77.5, 0, 0],
						"1.5417": [-95, 0, 0],
						"1.5833": [-30, 0, 0],
						"1.875": [-95, 0, 0],
						"2.0": [-40, 0, 0],
						"2.0833": [-35, 0, 0]
					},
					"position": {
						"0.0": [0, 0, 0],
						"1.0417": [0, 0, 0]
					}
				},
				"leaf3": {
					"rotation": {
						"0.0": [0, 0, 0],
						"1.1667": [0, 0, 0],
						"1.4583": [-47.5, 0, 0],
						"1.5417": [-77.5, 0, 0],
						"1.5833": [-95, 0, 0],
						"1.6667": [-30, 0, 0],
						"1.875": [-77.5, 0, 0],
						"1.9167": [-95, 0, 0],
						"2.0417": [-40, 0, 0],
						"2.2917": [-20, 0, 0]
					}
				},
				"leaf_set2": {
					"rotation": {
						"0.0": [0, 0, 0],
						"1.0833": [-7.5, 0, 0],
						"1.2917": [-25.0426, 0.6518, -7.4718],
						"1.4167": [-34.83045, -1.2926, -14.9455]
					},
					"position": {
						"0.0": [0, 0, 0],
						"1.0833": [0, 0, 0]
					}
				},
				"leaf4": {
					"rotation": {
						"0.0": [0, 0, 0],
						"1.4167": [0, 0, 0],
						"1.5417": [16.77697, -30.09117, -27.24296]
					},
					"position": {
						"0.0": [0, 0, 0],
						"1.4167": [0, 0, 0],
						"1.5417": [-2, 0, 2]
					}
				},
				"leaf5": {
					"rotation": {
						"0.0": [0, 0, 0],
						"1.0417": [0, 0, 0],
						"1.2917": [-35, 0, 0],
						"1.4167": [-37.5, 0, 0],
						"1.4583": [-77.5, 0, 0],
						"1.5417": [-95, 0, 0],
						"1.5833": [-30, 0, 0],
						"1.875": [-95, 0, 0],
						"2.0": [-40, 0, 0],
						"2.0833": [-35, 0, 0]
					},
					"position": {
						"0.0": [0, 0, 0],
						"1.0417": [0, 0, 0]
					}
				},
				"leaf6": {
					"rotation": {
						"0.0": [0, 0, 0],
						"1.1667": [0, 0, 0],
						"1.4583": [-47.5, 0, 0],
						"1.5417": [-77.5, 0, 0],
						"1.5833": [-95, 0, 0],
						"1.6667": [-30, 0, 0],
						"1.875": [-77.5, 0, 0],
						"1.9167": [-95, 0, 0],
						"2.0417": [-40, 0, 0],
						"2.2917": [-20, 0, 0]
					}
				},
				"leaf_set8": {
					"rotation": {
						"0.0": [0, 0, 0],
						"1.0833": [-7.5, 0, 0],
						"1.2917": [-25.04256, -0.65182, 7.47178],
						"1.4167": [-34.83045, 1.29256, 14.94548]
					},
					"position": {
						"0.0": [0, 0, 0],
						"1.0833": [0, 0, 0]
					}
				},
				"leaf22": {
					"rotation": {
						"0.0": [0, 0, 0],
						"1.4167": [0, 0, 0],
						"1.5417": [18.67848, 25.30863, 25.82708]
					},
					"position": {
						"0.0": [0, 0, 0],
						"1.4167": [0, 0, 0],
						"1.5417": [2, 0, 2]
					}
				},
				"leaf23": {
					"rotation": {
						"0.0": [0, 0, 0],
						"1.0417": [0, 0, 0],
						"1.2917": [-35, 0, 0],
						"1.4167": [-37.5, 0, 0],
						"1.4583": [-77.5, 0, 0],
						"1.5417": [-95, 0, 0],
						"1.5833": [-30, 0, 0],
						"1.875": [-95, 0, 0],
						"2.0": [-40, 0, 0],
						"2.0833": [-35, 0, 0]
					},
					"position": {
						"0.0": [0, 0, 0],
						"1.0417": [0, 0, 0]
					}
				},
				"leaf24": {
					"rotation": {
						"0.0": [0, 0, 0],
						"1.1667": [0, 0, 0],
						"1.4583": [-47.5, 0, 0],
						"1.5417": [-77.5, 0, 0],
						"1.5833": [-95, 0, 0],
						"1.6667": [-30, 0, 0],
						"1.875": [-77.5, 0, 0],
						"1.9167": [-95, 0, 0],
						"2.0417": [-40, 0, 0],
						"2.2917": [-20, 0, 0]
					}
				},
				"leg_left": {
					"rotation": {
						"0.0": [-22.5, 0, 0],
						"0.125": [2.88614, -29.96852, -1.44261],
						"1.0417": [-5.92236, -32.36121, 3.17805],
						"1.1667": [-5.17544, -14.94159, 1.3378],
						"1.2917": [-40, 0, 0],
						"1.4167": [-12.5, 0, 0],
						"1.5417": [32.5, 0, 0],
						"1.5833": [-45, 0, 0],
						"1.6667": [-25, 0, 0],
						"1.7083": [-10, 0, 0],
						"1.8333": [15, 0, 0],
						"1.875": [30, 0, 0],
						"2.0": [-33.12598, -10.51794, 6.79286],
						"2.125": [-32.71047, -11.8767, 4.65357]
					},
					"position": {
						"1.0417": [0, 0, 0],
						"1.1667": [0, 0, 0],
						"1.2917": [0, 0, -3],
						"1.4167": [0, 0, -3],
						"1.5417": [0, 0, -1],
						"1.5833": [0, 1, -3],
						"1.8333": [0, 0, -1],
						"2.0": [0, 1, -4]
					}
				},
				"leg_left2": {
					"rotation": {
						"0.0": [45, 0, 0],
						"0.125": [17.5, 0, 0],
						"1.0417": [25, 0, 0]
					},
					"position": {
						"0.0": [0, 0, 0],
						"0.125": [0, 0, 0],
						"1.0417": [0, -0.4, 0]
					}
				},
				"foot_left": {
					"rotation": {
						"0.0": [-20, 0, 0],
						"1.6667": [-20, 0, 0],
						"1.7083": [-2.5, 0, 0],
						"1.875": [-2.5, 0, 0],
						"1.9583": [25, 0, 0]
					}
				},
				"leg_right": {
					"rotation": {
						"0.0": [-22.5, 0, 0],
						"0.25": ["-100+math.sin(q.anim_time*90*5)*12", "-math.sin(q.anim_time*90*8)*6", 0],
						"1.0417": ["-97.4862+math.sin(q.anim_time*90*5)*24", "25.3542-math.sin(q.anim_time*90*8)*6", -11.02094],
						"1.1667": [-35, 0, 0],
						"1.2917": [47.23891, 5.71829, -1.6821],
						"1.4167": [57.23891, 5.71829, -1.6821],
						"1.5417": [62.24, 5.72, -1.68],
						"1.5833": [-57.76, 5.72, -1.68],
						"1.6667": [-20.26, 5.72, -1.68],
						"1.7083": [7.24, 5.72, -1.68],
						"1.8333": [29.74, 5.72, -1.68],
						"1.875": [47.24, 5.72, -1.68],
						"2.0": [-38.8161, 13.57704, -7.96023],
						"2.125": [-38.31571, 15.13574, -5.94255]
					},
					"position": {
						"0.0": [0, 0, 0],
						"0.25": ["math.sin(q.anim_time*90*9+10)*1", 3.5, -6],
						"1.0417": [0, 5, -6],
						"1.1667": [0, 4, -6],
						"1.2917": [0, 2, 2],
						"1.5417": [0, 2, 2],
						"1.5833": [0, 2, -2],
						"1.6667": [0, 2, -1],
						"1.8333": [0, 0, 1],
						"2.0": [0, 1, -3]
					}
				},
				"leg_right2": {
					"rotation": {
						"0.0": [45, 0, 0],
						"0.125": [15, 0, 0],
						"0.4583": [42.5, 0, 0],
						"1.2917": [15, 0, 0],
						"1.4167": [22.5, 0, 0],
						"1.5833": [22.5, 0, 0],
						"1.6667": [15, 0, 0]
					},
					"position": {
						"1.2917": [0, 0, 0],
						"1.5833": [0, 0, 0]
					}
				},
				"foot_right": {
					"rotation": {
						"0.0": [-20, 0, 0],
						"0.125": [12.5, 0, 0],
						"1.0417": [12.5, 0, 0],
						"1.1667": [-12.5, 0, 0],
						"1.2917": [-12.5, 0, 0],
						"1.4167": [5, 0, 0],
						"1.875": [5, 0, 0],
						"1.9583": [40, 0, 0]
					}
				},
				"eyelid_left": {
					"position": {
						"0.0": [0, 0, 0],
						"0.4583": [0, 0, 0],
						"0.5417": [0.1, 0, -0.1]
					}
				},
				"eyelid_right": {
					"position": {
						"0.0": [0, 0, 0],
						"0.4583": [0, 0, 0],
						"0.5417": [-0.1, 0, -0.1]
					}
				},
				"eyelid_left2": {
					"position": {
						"0.0": [0, 0, 0],
						"0.3333": [0, 0, 0],
						"0.4167": [0.1, 0, -0.1]
					}
				},
				"eyelid_right2": {
					"position": {
						"0.0": [0, 0, 0],
						"0.3333": [0, 0, 0],
						"0.4167": [-0.1, 0, -0.1]
					}
				},
				"eyelid_left3": {
					"position": {
						"0.0": [0, 0, 0],
						"0.25": [0, 0, 0],
						"0.2917": [0.1, 0, -0.1]
					}
				},
				"eyelid_right3": {
					"position": {
						"0.0": [0, 0, 0],
						"0.25": [0, 0, 0],
						"0.2917": [-0.1, 0, -0.1]
					}
				},
				"leaf31": {
					"rotation": {
						"0.0": [0, 0, 0],
						"1.0417": [0, 0, 0],
						"1.2917": [20, 0, 0],
						"1.4167": [30, 0, 0],
						"1.4583": [50, 0, 0],
						"1.5417": [20, 0, 0],
						"1.875": [30, 0, 0]
					},
					"position": {
						"0.0": [0, 0, 0],
						"1.0417": [0, 0, 0]
					}
				},
				"leaf32": {
					"rotation": {
						"0.0": [0, 0, 0],
						"1.0417": [0, 0, 0],
						"1.2917": [20, 0, 0],
						"1.375": [-3.75, 0, 0],
						"1.4167": [30, 0, 0],
						"1.4583": [50, 0, 0],
						"1.5417": [20, 0, 0],
						"1.875": [30, 0, 0]
					},
					"position": {
						"0.0": [0, 0, 0],
						"1.0417": [0, 0, 0]
					}
				},
				"leaf33": {
					"rotation": {
						"0.0": [0, 0, 0],
						"1.1667": [0, 0, 0],
						"1.4583": [-47.5, 0, 0],
						"1.5417": [-77.5, 0, 0],
						"1.5833": [-95, 0, 0],
						"1.875": [17.5, 0, 0],
						"2.0833": [-0.28, 0, 0],
						"2.375": [-2.5, 0, 0]
					}
				},
				"leaf34": {
					"rotation": {
						"0.0": [0, 0, 0],
						"1.0417": [0, 0, 0],
						"1.2917": [30, -26.1122, -70],
						"1.4167": [25, -10, -70],
						"1.4583": [14.92727, -10, -70],
						"1.5417": [40, -10, -70],
						"1.875": [35, -10, -70]
					},
					"position": {
						"0.0": [0, 0, 0],
						"1.0417": [0, 0, 0]
					}
				},
				"leaf35": {
					"rotation": {
						"0.0": [0, 0, 0],
						"1.0417": [0, 0, 0],
						"1.2917": [-20, 0, 0],
						"1.4167": [-30, 0, 0],
						"1.6667": [7.5, 0, 0],
						"1.875": [-62.5, 0, 0],
						"2.0417": [-12.5, 0, 0],
						"2.2083": [-2.5, 0, 0]
					}
				},
				"leaf36": {
					"rotation": {
						"0.0": [0, 0, 0],
						"1.1667": [0, 0, 0],
						"1.4583": [-47.5, 0, 0],
						"1.5417": [-77.5, 0, 0],
						"1.5833": [-95, 0, 0],
						"1.6667": [-30, 0, 0],
						"1.875": [-77.5, 0, 0],
						"1.9167": [-95, 0, 0],
						"2.0417": [-40, 0, 0],
						"2.2917": [-20, 0, 0]
					}
				},
				"leaf25": {
					"rotation": {
						"0.0": [0, 0, 0],
						"1.0417": [0, 0, 0],
						"1.2917": [30, 26.11218, 70],
						"1.4167": [25, 10, 70],
						"1.4583": [14.92727, 10, 70],
						"1.5417": [40, 10, 70],
						"1.875": [35, 10, 70]
					},
					"position": {
						"0.0": [0, 0, 0],
						"1.0417": [0, 0, 0]
					}
				},
				"leaf26": {
					"rotation": {
						"0.0": [0, 0, 0],
						"1.0417": [0, 0, 0],
						"1.2917": [-20, 0, 0],
						"1.4167": [-30, 0, 0],
						"1.6667": [7.5, 0, 0],
						"1.875": [-62.5, 0, 0],
						"2.0417": [-12.5, 0, 0],
						"2.2083": [-2.5, 0, 0]
					}
				},
				"leaf27": {
					"rotation": {
						"0.0": [0, 0, 0],
						"1.1667": [0, 0, 0],
						"1.4583": [-47.5, 0, 0],
						"1.5417": [-77.5, 0, 0],
						"1.5833": [-95, 0, 0],
						"1.6667": [-30, 0, 0],
						"1.875": [-77.5, 0, 0],
						"1.9167": [-95, 0, 0],
						"2.0417": [-40, 0, 0],
						"2.2917": [-20, 0, 0]
					}
				},
				"leaf7": {
					"rotation": {
						"0.0": [0, 0, 0],
						"1.0417": [0, 0, 0],
						"1.2917": [14.9273, -26.1122, -50.2996],
						"1.4167": [7.42727, -26.1122, -50.2996],
						"1.4583": [14.92727, -26.1122, -50.2996],
						"1.5417": [9.92727, -26.1122, -50.2996],
						"1.875": [14.92727, -26.1122, -50.2996]
					},
					"position": {
						"0.0": [0, 0, 0],
						"1.0417": [0, 0, 0]
					}
				},
				"leaf8": {
					"rotation": {
						"0.0": [0, 0, 0],
						"1.0417": [0, 0, 0],
						"1.2917": [-35, 0, 0],
						"1.4167": [-37.5, 0, 0],
						"1.4583": [-77.5, 0, 0],
						"1.5417": [-95, 0, 0],
						"1.5833": [-30, 0, 0],
						"1.875": [-95, 0, 0],
						"2.0": [-40, 0, 0],
						"2.0833": [-35, 0, 0]
					},
					"position": {
						"0.0": [0, 0, 0],
						"1.0417": [0, 0, 0]
					}
				},
				"leaf9": {
					"rotation": {
						"0.0": [0, 0, 0],
						"1.1667": [0, 0, 0],
						"1.4583": [-47.5, 0, 0],
						"1.5417": [-77.5, 0, 0],
						"1.5833": [-95, 0, 0],
						"1.6667": [-30, 0, 0],
						"1.875": [-77.5, 0, 0],
						"1.9167": [-95, 0, 0],
						"2.0417": [-40, 0, 0],
						"2.2917": [-20, 0, 0]
					}
				},
				"leaf10": {
					"rotation": {
						"0.0": [0, 0, 0],
						"1.0417": [0, 0, 0],
						"1.2917": [35, 0, 0],
						"1.4167": [37.5, 0, 0],
						"1.4583": [50, 0, 0],
						"1.5833": [30, 0, 0],
						"1.875": [50, 0, 0]
					},
					"position": {
						"0.0": [0, 0, 0],
						"1.0417": [0, 0, 0]
					}
				},
				"leaf11": {
					"rotation": {
						"0.0": [0, 0, 0],
						"1.0417": [0, 0, 0],
						"1.2917": [35, 0, 0],
						"1.4167": [37.5, 0, 0],
						"1.4583": [50, 0, 0],
						"1.5833": [30, 0, 0],
						"1.875": [50, 0, 0]
					},
					"position": {
						"0.0": [0, 0, 0],
						"1.0417": [0, 0, 0]
					}
				},
				"leaf12": {
					"rotation": {
						"0.0": [0, 0, 0],
						"1.1667": [0, 0, 0],
						"1.4583": [-47.5, 0, 0],
						"1.5417": [-77.5, 0, 0],
						"1.5833": [-95, 0, 0],
						"1.6667": [-30, 0, 0],
						"1.875": [-77.5, 0, 0],
						"1.9167": [-95, 0, 0],
						"2.3333": [-40, 0, 0]
					}
				},
				"leaf13": {
					"rotation": {
						"0.0": [0, 0, 0],
						"1.0417": [0, 0, 0],
						"1.2917": [35, 0, 0],
						"1.4167": [37.5, 0, 0],
						"1.4583": [50.5, 0, 0],
						"1.5833": [30, 0, 0],
						"1.875": [55.5, 0, 0]
					},
					"position": {
						"0.0": [0, 0, 0],
						"1.0417": [0, 0, 0]
					}
				},
				"leaf14": {
					"rotation": {
						"0.0": [0, 0, 0],
						"1.0417": [0, 0, 0],
						"1.2917": [35, 0, 0],
						"1.4167": [37.5, 0, 0],
						"1.4583": [50, 0, 0],
						"1.5833": [30, 0, 0],
						"1.875": [50, 0, 0]
					},
					"position": {
						"0.0": [0, 0, 0],
						"1.0417": [0, 0, 0]
					}
				},
				"leaf15": {
					"rotation": {
						"0.0": [0, 0, 0],
						"1.1667": [0, 0, 0],
						"1.4583": [-47.5, 0, 0],
						"1.5417": [-77.5, 0, 0],
						"1.5833": [-95, 0, 0],
						"1.6667": [-30, 0, 0],
						"1.875": [-77.5, 0, 0],
						"1.9167": [-95, 0, 0],
						"2.3333": [-40, 0, 0]
					}
				},
				"leaf16": {
					"rotation": {
						"0.0": [0, 0, 0],
						"1.0417": [0, 0, 0],
						"1.2917": [35, 0, 0],
						"1.4167": [37.5, 0, 0],
						"1.4583": [50, 0, 0],
						"1.5833": [30, 0, 0],
						"1.875": [50, 0, 0]
					},
					"position": {
						"0.0": [0, 0, 0],
						"1.0417": [0, 0, 0]
					}
				},
				"leaf17": {
					"rotation": {
						"0.0": [0, 0, 0],
						"1.0417": [0, 0, 0],
						"1.2917": [35, 0, 0],
						"1.4167": [37.5, 0, 0],
						"1.4583": [50, 0, 0],
						"1.5833": [30, 0, 0],
						"1.875": [50, 0, 0]
					},
					"position": {
						"0.0": [0, 0, 0],
						"1.0417": [0, 0, 0]
					}
				},
				"leaf18": {
					"rotation": {
						"0.0": [0, 0, 0],
						"1.1667": [0, 0, 0],
						"1.4583": [-47.5, 0, 0],
						"1.5417": [-77.5, 0, 0],
						"1.5833": [-95, 0, 0],
						"1.6667": [-30, 0, 0],
						"1.875": [-77.5, 0, 0],
						"1.9167": [-95, 0, 0],
						"2.3333": [-40, 0, 0]
					}
				},
				"leaf19": {
					"rotation": {
						"0.0": [0, 0, 0],
						"1.0417": [0, 0, 0],
						"1.2917": [14.92727, 26.11218, 50.29958],
						"1.4167": [7.42727, 26.11218, 50.29958],
						"1.4583": [14.92727, 26.11218, 50.29958],
						"1.5417": [9.92727, 26.11218, 50.29958],
						"1.875": [14.92727, 26.11218, 50.29958]
					},
					"position": {
						"0.0": [0, 0, 0],
						"1.0417": [0, 0, 0]
					}
				},
				"leaf20": {
					"rotation": {
						"0.0": [0, 0, 0],
						"1.0417": [0, 0, 0],
						"1.2917": [-35, 0, 0],
						"1.4167": [-37.5, 0, 0],
						"1.4583": [-77.5, 0, 0],
						"1.5417": [-95, 0, 0],
						"1.5833": [-30, 0, 0],
						"1.875": [-95, 0, 0],
						"2.0": [-40, 0, 0],
						"2.0833": [-35, 0, 0]
					},
					"position": {
						"0.0": [0, 0, 0],
						"1.0417": [0, 0, 0]
					}
				},
				"leaf21": {
					"rotation": {
						"0.0": [0, 0, 0],
						"1.1667": [0, 0, 0],
						"1.4583": [-47.5, 0, 0],
						"1.5417": [-77.5, 0, 0],
						"1.5833": [-95, 0, 0],
						"1.6667": [-30, 0, 0],
						"1.875": [-77.5, 0, 0],
						"1.9167": [-95, 0, 0],
						"2.0417": [-40, 0, 0],
						"2.2917": [-20, 0, 0]
					}
				}
			}
		}
	}
}