{
	"format_version": "1.8.0",
	"animations": {
		"animation.exeggutor_alolan.ground_idle": {
			"loop": true,
			"bones": {
				"leg_left": {
					"rotation": ["-15+math.sin(q.anim_time*90*1)*3", -10, 0],
					"position": ["math.sin(q.anim_time*90*1)*0.05", "math.sin(q.anim_time*90*1)*0.2", "-math.sin(q.anim_time*90*1)*0.3"]
				},
				"leg_left2": {
					"rotation": ["20-math.sin(q.anim_time*90*1)*3", 0, 0]
				},
				"foot_left": {
					"rotation": [-5, 0, 0]
				},
				"leg_right": {
					"rotation": ["-15+math.sin(q.anim_time*90*1)*3", 10, 0],
					"position": ["-math.sin(q.anim_time*90*1)*0.05", "math.sin(q.anim_time*90*1)*0.2", "-math.sin(q.anim_time*90*1)*0.3"]
				},
				"leg_right2": {
					"rotation": ["20-math.sin(q.anim_time*90*1)*3", 0, 0]
				},
				"foot_right": {
					"rotation": [-5, 0, 0]
				},
				"body": {
					"position": [0, "-2.2+math.sin(q.anim_time*90*1)*0.15", 0]
				},
				"torso": {
					"rotation": ["math.sin(q.anim_time*90*1+45)*1", 0, "math.sin(q.anim_time*90*2+45)*0.25"],
					"position": [0, 0.5, 0]
				},
				"head": {
					"rotation": ["0-math.sin(q.anim_time*90*1-60)*3", 0, "-math.sin(q.anim_time*90*2)*2"]
				},
				"head2": {
					"rotation": ["0-math.sin(q.anim_time*90*1-120)*2", 0, "math.sin(q.anim_time*90*1)*2"]
				},
				"head3": {
					"rotation": ["0-math.sin(q.anim_time*90*1-120)*2", 0, "math.sin(q.anim_time*90*1)*2"]
				},
				"leaf28": {
					"rotation": ["-2.5+math.sin(q.anim_time*90*1-60)*3", 0, 0]
				},
				"leaf29": {
					"rotation": ["-17.5+math.sin(q.anim_time*90*1-120)*6", 0, 0]
				},
				"leaf30": {
					"rotation": ["-22.5+math.sin(q.anim_time*90*1-180)*8", 0, 0]
				},
				"leaf37": {
					"rotation": ["-5+math.sin(q.anim_time*90*1-60)*3", 0, 0]
				},
				"leaf38": {
					"rotation": ["-20+math.sin(q.anim_time*90*1-120)*6", 0, 0]
				},
				"leaf39": {
					"rotation": ["-15+math.sin(q.anim_time*90*1-180)*8", 0, 0]
				},
				"leaf": {
					"rotation": ["2.5+math.sin(q.anim_time*90*1-60)*3", 0, 0]
				},
				"leaf2": {
					"rotation": ["-10+math.sin(q.anim_time*90*1-120)*6", 0, 0]
				},
				"leaf3": {
					"rotation": ["-10+math.sin(q.anim_time*90*1-180)*8", 0, 0]
				},
				"leaf4": {
					"rotation": ["0+math.sin(q.anim_time*90*1-60)*3", 0, 0]
				},
				"leaf5": {
					"rotation": ["-20+math.sin(q.anim_time*90*1-120)*6", 0, 0]
				},
				"leaf6": {
					"rotation": ["-15+math.sin(q.anim_time*90*1-180)*8", 0, 0]
				},
				"leaf23": {
					"rotation": ["-22.5+math.sin(q.anim_time*90*1-120)*6", 0, 0]
				},
				"leaf24": {
					"rotation": ["-12.5+math.sin(q.anim_time*90*1-180)*8", 0, 0]
				},
				"leaf31": {
					"rotation": ["20+math.sin(q.anim_time*90*1-60)*3", 0, 0]
				},
				"leaf32": {
					"rotation": ["-20+math.sin(q.anim_time*90*1-120)*6", 0, 0]
				},
				"leaf33": {
					"rotation": ["-10+math.sin(q.anim_time*90*1-180)*8", 0, 0]
				},
				"leaf34": {
					"rotation": ["10+math.sin(q.anim_time*90*1-60)*3", 7.5, -2.5]
				},
				"leaf35": {
					"rotation": ["-10+math.sin(q.anim_time*90*1-120)*6", 0, 0]
				},
				"leaf36": {
					"rotation": ["-10+math.sin(q.anim_time*90*1-180)*8", 0, 0]
				},
				"leaf25": {
					"rotation": ["10+math.sin(q.anim_time*90*1-60)*3", -7.5, 2.5]
				},
				"leaf26": {
					"rotation": ["-10+math.sin(q.anim_time*90*1-120)*6", 0, 0]
				},
				"leaf27": {
					"rotation": ["-10+math.sin(q.anim_time*90*1-180)*8", 0, 0]
				},
				"leaf7": {
					"rotation": ["2.5+math.sin(q.anim_time*90*1-60)*3", 0, "-math.sin(q.anim_time*90*1-60)*2"]
				},
				"leaf8": {
					"rotation": ["-20+math.sin(q.anim_time*90*1-120)*6", 0, 0]
				},
				"leaf9": {
					"rotation": ["0+math.sin(q.anim_time*90*1-180)*8", 0, 0]
				},
				"leaf10": {
					"rotation": ["27.5+math.sin(q.anim_time*90*1-60)*3", 0, 0]
				},
				"leaf11": {
					"rotation": ["-32.5+math.sin(q.anim_time*90*1-120)*6", 0, 0]
				},
				"leaf12": {
					"rotation": ["-10+math.sin(q.anim_time*90*1-180)*8", 0, 0]
				},
				"leaf13": {
					"rotation": ["27.5+math.sin(q.anim_time*90*1-60)*3", 0, 0]
				},
				"leaf14": {
					"rotation": ["-30+math.sin(q.anim_time*90*1-120)*6", 0, 0]
				},
				"leaf15": {
					"rotation": ["-5+math.sin(q.anim_time*90*1-180)*8", 0, 0]
				},
				"leaf16": {
					"rotation": ["27.5+math.sin(q.anim_time*90*1-60)*3", 0, 0]
				},
				"leaf17": {
					"rotation": ["-32.5+math.sin(q.anim_time*90*1-120)*6", 0, 0]
				},
				"leaf18": {
					"rotation": ["-10+math.sin(q.anim_time*90*1-180)*8", 0, 0]
				},
				"leaf19": {
					"rotation": ["2.5+math.sin(q.anim_time*90*1-60)*3", 0, "math.sin(q.anim_time*90*1-60)*2"]
				},
				"leaf20": {
					"rotation": ["-20+math.sin(q.anim_time*90*1-120)*6", 0, 0]
				},
				"leaf21": {
					"rotation": ["0+math.sin(q.anim_time*90*1-180)*8", 0, 0]
				},
				"leaf22": {
					"rotation": ["0+math.sin(q.anim_time*90*1-60)*3", 0, 0]
				},
				"tail": {
					"rotation": [-17.5, "math.sin(q.anim_time*90*2-45)*4", 0]
				},
				"tail2": {
					"rotation": [10, "math.sin(q.anim_time*90*2-135)*6", 0]
				},
				"tail3": {
					"rotation": [10, "math.sin(q.anim_time*90*2-225)*4", 0]
				},
				"tail4": {
					"rotation": [15, "math.sin(q.anim_time*90*2-250)*7", 0]
				},
				"tail5": {
					"rotation": ["-10-math.sin(q.anim_time*90*4+45)*4", 0, "math.sin(q.anim_time*90*2-45)*12"]
				},
				"tail_jaw": {
					"rotation": ["-5+math.sin(q.anim_time*90*4+45)*4", 0, 0]
				},
				"tail_leaf_right": {
					"rotation": [0, 0, "math.sin(q.anim_time*90*4+135)*4"]
				},
				"tail_leaf_right2": {
					"rotation": [0, 0, "math.sin(q.anim_time*90*4+45)*8"]
				},
				"tail_leaf_left": {
					"rotation": [0, 0, "-math.sin(q.anim_time*90*4+135)*4"]
				},
				"tail_leaf_left2": {
					"rotation": [0, 0, "-math.sin(q.anim_time*90*4+45)*8"]
				},
				"neck": {
					"rotation": ["math.sin(q.anim_time*90*1)*2", 0, 0]
				},
				"neck4": {
					"rotation": ["math.sin(q.anim_time*90*1-90)*1.5", 0, 0]
				},
				"neck7": {
					"rotation": ["math.sin(q.anim_time*90*1-135)*1", 0, 0]
				},
				"neck9": {
					"rotation": ["math.sin(q.anim_time*90*1-180)*1", 0, 0]
				},
				"neck11": {
					"rotation": ["math.sin(q.anim_time*90*1-135)*2", 0, 0]
				}
			}
		},
		"animation.exeggutor_alolan.ground_walk": {
			"loop": true,
			"animation_length": 4.79167,
			"bones": {
				"leg_left": {
					"rotation": {
						"0.0": [-7.35, -7.37, -0.66],
						"0.7083": [10.17458, -6.92618, -2.88419],
						"1.2083": [-24.4748, -7.23101, 1.53649],
						"1.4167": [-12.5, -7.5, 0],
						"2.3333": [10.17458, -6.92618, -2.88419],
						"2.8333": [-24.4748, -7.23101, 1.53649],
						"3.0": [-12.5, -7.5, 0],
						"3.9167": [10.17458, -6.92618, -2.88419],
						"4.4167": [-24.4748, -7.23101, 1.53649],
						"4.5833": [-12.5, -7.5, 0],
						"4.7917": [-7.35, -7.37, -0.66]
					},
					"position": {
						"0.0": {
							"post": [0, -0.74, -1.81],
							"lerp_mode": "catmullrom"
						},
						"0.3333": {
							"post": [0, -0.56, 1.82],
							"lerp_mode": "catmullrom"
						},
						"0.7083": {
							"post": [0, -0.5, 4.5],
							"lerp_mode": "catmullrom"
						},
						"1.3333": {
							"post": [0, 4.5, -2.25],
							"lerp_mode": "catmullrom"
						},
						"1.4167": {
							"post": [0, -0.5, -3.5],
							"lerp_mode": "catmullrom"
						},
						"1.9583": {
							"post": [0, -0.56, 1.82],
							"lerp_mode": "catmullrom"
						},
						"2.3333": {
							"post": [0, -0.5, 4.5],
							"lerp_mode": "catmullrom"
						},
						"2.9167": {
							"post": [0, 4.5, -2.25],
							"lerp_mode": "catmullrom"
						},
						"3.0": {
							"post": [0, -0.5, -3.5],
							"lerp_mode": "catmullrom"
						},
						"3.5417": {
							"post": [0, -0.56, 1.82],
							"lerp_mode": "catmullrom"
						},
						"3.9167": {
							"post": [0, -0.5, 4.5],
							"lerp_mode": "catmullrom"
						},
						"4.5": {
							"post": [0, 4.5, -2.25],
							"lerp_mode": "catmullrom"
						},
						"4.5833": {
							"post": [0, -0.5, -3.5],
							"lerp_mode": "catmullrom"
						},
						"4.7917": {
							"post": [0, -0.74, -1.81],
							"lerp_mode": "catmullrom"
						}
					}
				},
				"leg_left2": {
					"rotation": {
						"0.0": {
							"post": [7.84, 0, 0.55],
							"lerp_mode": "catmullrom"
						},
						"0.4583": {
							"post": [7.54209, 0, 0.64247],
							"lerp_mode": "catmullrom"
						},
						"1.1667": {
							"post": [41.74253, 0, -3.2648],
							"lerp_mode": "catmullrom"
						},
						"1.4167": {
							"post": [12.5, 0, 0],
							"lerp_mode": "catmullrom"
						},
						"2.0833": {
							"post": [7.54209, 0, 0.64247],
							"lerp_mode": "catmullrom"
						},
						"2.7917": {
							"post": [41.74253, 0, -3.2648],
							"lerp_mode": "catmullrom"
						},
						"3.0": {
							"post": [12.5, 0, 0],
							"lerp_mode": "catmullrom"
						},
						"3.6667": {
							"post": [7.54209, 0, 0.64247],
							"lerp_mode": "catmullrom"
						},
						"4.375": {
							"post": [41.74253, 0, -3.2648],
							"lerp_mode": "catmullrom"
						},
						"4.5833": {
							"post": [12.5, 0, 0],
							"lerp_mode": "catmullrom"
						},
						"4.7917": {
							"post": [7.84, 0, 0.55],
							"lerp_mode": "catmullrom"
						}
					}
				},
				"foot_left": {
					"rotation": {
						"0.0": [-2.75, -1.3, 1.08],
						"0.7917": [-13.18019, -6.26227, 5.19145],
						"1.125": [7.43999, 0.06279, -0.94136],
						"1.4167": [0, 0, 0],
						"2.4167": [-13.18019, -6.26227, 5.19145],
						"2.75": [7.43999, 0.06279, -0.94136],
						"3.0": [0, 0, 0],
						"4.0": [-13.18019, -6.26227, 5.19145],
						"4.3333": [7.43999, 0.06279, -0.94136],
						"4.5833": [0, 0, 0],
						"4.7917": [-2.75, -1.3, 1.08]
					}
				},
				"leg_right": {
					"rotation": {
						"0.0": [4.4, 6.98, 2.15],
						"0.4167": [-24.4748, 7.23101, -1.53649],
						"0.5833": [-12.5, 7.5, 0],
						"0.7917": [-7.35, 7.37, 0.66],
						"1.5": [10.17458, 6.92618, 2.88419],
						"2.0": [-24.4748, 7.23101, -1.53649],
						"2.2083": [-12.5, 7.5, 0],
						"3.125": [10.17458, 6.92618, 2.88419],
						"3.625": [-24.4748, 7.23101, -1.53649],
						"3.7917": [-12.5, 7.5, 0],
						"4.7083": [10.17458, 6.92618, 2.88419],
						"4.7917": [4.4, 6.98, 2.15]
					},
					"position": {
						"0.0": {
							"post": [0, -0.18, 4.26],
							"lerp_mode": "catmullrom"
						},
						"0.5": {
							"post": [0, 3.5, -2.25],
							"lerp_mode": "catmullrom"
						},
						"0.5833": {
							"post": [0, -0.5, -3.5],
							"lerp_mode": "catmullrom"
						},
						"0.7917": {
							"post": [0, -0.76, -2.02],
							"lerp_mode": "catmullrom"
						},
						"1.5": {
							"post": [0, -0.5, 4.5],
							"lerp_mode": "catmullrom"
						},
						"2.0833": {
							"post": [0, 3.5, -2.25],
							"lerp_mode": "catmullrom"
						},
						"2.2083": {
							"post": [0, -0.5, -3.5],
							"lerp_mode": "catmullrom"
						},
						"3.125": {
							"post": [0, -0.5, 4.5],
							"lerp_mode": "catmullrom"
						},
						"3.7083": {
							"post": [0, 3.5, -2.25],
							"lerp_mode": "catmullrom"
						},
						"3.7917": {
							"post": [0, -0.5, -3.5],
							"lerp_mode": "catmullrom"
						},
						"4.7083": {
							"post": [0, -0.5, 4.5],
							"lerp_mode": "catmullrom"
						},
						"4.7917": {
							"post": [0, -0.18, 4.26],
							"lerp_mode": "catmullrom"
						}
					}
				},
				"leg_right2": {
					"rotation": {
						"0.0": {
							"post": [24.77, 0, 1.32],
							"lerp_mode": "catmullrom"
						},
						"0.375": {
							"post": [41.74253, 0, 3.2648],
							"lerp_mode": "catmullrom"
						},
						"0.5833": {
							"post": [12.5, 0, 0],
							"lerp_mode": "catmullrom"
						},
						"0.7917": {
							"post": [7.84, 0, -0.55],
							"lerp_mode": "catmullrom"
						},
						"1.25": {
							"post": [7.54209, 0, -0.64247],
							"lerp_mode": "catmullrom"
						},
						"1.9583": {
							"post": [41.74253, 0, 3.2648],
							"lerp_mode": "catmullrom"
						},
						"2.2083": {
							"post": [12.5, 0, 0],
							"lerp_mode": "catmullrom"
						},
						"2.875": {
							"post": [7.54209, 0, -0.64247],
							"lerp_mode": "catmullrom"
						},
						"3.5833": {
							"post": [41.74253, 0, 3.2648],
							"lerp_mode": "catmullrom"
						},
						"3.7917": {
							"post": [12.5, 0, 0],
							"lerp_mode": "catmullrom"
						},
						"4.4583": {
							"post": [7.54209, 0, -0.64247],
							"lerp_mode": "catmullrom"
						},
						"4.7917": {
							"post": [24.77, 0, 1.32],
							"lerp_mode": "catmullrom"
						}
					}
				},
				"foot_right": {
					"rotation": {
						"0.0": [-13.18019, 6.26227, -5.19145],
						"0.3333": [7.43999, -0.06279, 0.94136],
						"0.5833": [0, 0, 0],
						"0.7917": [-2.75, 1.3, -1.08],
						"1.5833": [-13.18019, 6.26227, -5.19145],
						"1.9167": [7.43999, -0.06279, 0.94136],
						"2.0417": [6.72526, -0.03148, 0.89722],
						"2.2083": [0, 0, 0],
						"3.2083": [-13.18019, 6.26227, -5.19145],
						"3.5417": [7.43999, -0.06279, 0.94136],
						"3.7917": [0, 0, 0],
						"4.7917": [-13.18019, 6.26227, -5.19145]
					}
				},
				"body": {
					"position": {
						"0.0": [0, "-0.25+math.sin(q.anim_time*90*1)*0.15", "0-math.sin(q.anim_time*90*1)*0.15"],
						"0.625": [0, "-0.25+math.sin(q.anim_time*90*1)*0.15", "0-math.sin(q.anim_time*90*1)*0.15"],
						"0.7083": [0, "-1.25+math.sin(q.anim_time*90*40)*0.5", "0-math.sin(q.anim_time*90*1)*0.15"],
						"0.9167": [0, "-0.25+math.sin(q.anim_time*90*1)*0.15", "0-math.sin(q.anim_time*90*1)*0.15"],
						"1.4167": [0, "-0.25+math.sin(q.anim_time*90*1)*0.15", "0-math.sin(q.anim_time*90*1)*0.15"],
						"1.5": [0, "-1.25+math.sin(q.anim_time*90*40)*0.5", "0-math.sin(q.anim_time*90*1)*0.15"],
						"1.7083": [0, "-0.25+math.sin(q.anim_time*90*1)*0.15", "0-math.sin(q.anim_time*90*1)*0.15"],
						"2.2083": [0, "-0.25+math.sin(q.anim_time*90*1)*0.15", "0-math.sin(q.anim_time*90*1)*0.15"],
						"2.2917": [0, "-1.25+math.sin(q.anim_time*90*40)*0.5", "0-math.sin(q.anim_time*90*1)*0.15"],
						"2.5": [0, "-0.25+math.sin(q.anim_time*90*1)*0.15", "0-math.sin(q.anim_time*90*1)*0.15"],
						"3.0": [0, "-0.25+math.sin(q.anim_time*90*1)*0.15", "0-math.sin(q.anim_time*90*1)*0.15"],
						"3.0833": [0, "-1.25+math.sin(q.anim_time*90*40)*0.5", "0-math.sin(q.anim_time*90*1)*0.15"],
						"3.2917": [0, "-0.25+math.sin(q.anim_time*90*1)*0.15", "0-math.sin(q.anim_time*90*1)*0.15"],
						"3.7917": [0, "-0.25+math.sin(q.anim_time*90*1)*0.15", "0-math.sin(q.anim_time*90*1)*0.15"],
						"3.875": [0, "-1.25+math.sin(q.anim_time*90*40)*0.5", "0-math.sin(q.anim_time*90*1)*0.15"],
						"4.0833": [0, "-0.25+math.sin(q.anim_time*90*1)*0.15", "0-math.sin(q.anim_time*90*1)*0.15"],
						"4.5833": [0, "-0.25+math.sin(q.anim_time*90*1)*0.15", "0-math.sin(q.anim_time*90*1)*0.15"],
						"4.6667": [0, "-1.25+math.sin(q.anim_time*90*40)*0.5", "0-math.sin(q.anim_time*90*1)*0.15"],
						"4.7917": [0, "-0.25+math.sin(q.anim_time*90*1)*0.15", "0-math.sin(q.anim_time*90*1)*0.15"]
					}
				},
				"torso": {
					"rotation": ["2.5+math.sin(q.anim_time*90*5+45)*2", "0-math.sin(q.anim_time*90*2.5+20)*5", "0+math.sin(q.anim_time*90*2.5+45)*3"],
					"position": [0, "0.5+math.abs(math.sin(q.anim_time*90*2.5+45)*1)", 0.5]
				},
				"head": {
					"rotation": ["0-math.sin(q.anim_time*90*5-60)*3", 0, "math.sin(q.anim_time*90*2.5)*3"]
				},
				"head2": {
					"rotation": ["0-math.sin(q.anim_time*90*5-120)*3", 0, "math.sin(q.anim_time*90*2.5)*2"],
					"position": [0.5, 0, 0]
				},
				"head3": {
					"rotation": ["0-math.sin(q.anim_time*90*5-120)*3", 0, "math.sin(q.anim_time*90*2.5)*2"],
					"position": [-0.5, 0, 0]
				},
				"leaf28": {
					"rotation": ["-2.5-math.abs(math.sin(q.anim_time*90*2.5-20)*8)", 0, 0]
				},
				"leaf29": {
					"rotation": ["-17.5+math.sin(q.anim_time*90*5-40)*8", 0, 0]
				},
				"leaf30": {
					"rotation": ["-22.5+math.sin(q.anim_time*90*5-80)*8", 0, 0]
				},
				"leaf37": {
					"rotation": ["-2.5-math.abs(math.sin(q.anim_time*90*2.5-20)*8)", 0, 0]
				},
				"leaf38": {
					"rotation": ["-20+math.sin(q.anim_time*90*5-40)*8", 0, 0]
				},
				"leaf39": {
					"rotation": ["-15+math.sin(q.anim_time*90*5-80)*8", 0, 0]
				},
				"leaf": {
					"rotation": ["2.5-math.abs(math.sin(q.anim_time*90*2.5-20)*8)", 0, 0]
				},
				"leaf2": {
					"rotation": ["-15+math.sin(q.anim_time*90*5-40)*8", 0, 0]
				},
				"leaf3": {
					"rotation": ["-10+math.sin(q.anim_time*90*5-80)*8", 0, 0]
				},
				"leaf4": {
					"rotation": ["0-math.abs(math.sin(q.anim_time*90*2.5-20)*8)", 0, 0]
				},
				"leaf5": {
					"rotation": ["-15+math.sin(q.anim_time*90*5-40)*8", 0, 0]
				},
				"leaf6": {
					"rotation": ["-15+math.sin(q.anim_time*90*5-80)*8", 0, 0]
				},
				"leaf23": {
					"rotation": ["-22.5+math.sin(q.anim_time*90*5-40)*8", 0, 0]
				},
				"leaf24": {
					"rotation": ["-12.5+math.sin(q.anim_time*90*5-80)*8", 0, 0]
				},
				"leaf31": {
					"rotation": ["20-math.abs(math.sin(q.anim_time*90*2.5-20)*8)", 0, 0]
				},
				"leaf32": {
					"rotation": ["-20+math.sin(q.anim_time*90*5-40)*8", 0, 0]
				},
				"leaf33": {
					"rotation": ["-10+math.sin(q.anim_time*90*5-80)*8", 0, 0]
				},
				"leaf34": {
					"rotation": ["10-math.abs(math.sin(q.anim_time*90*2.5-20)*8)", 7.5, -2.5]
				},
				"leaf35": {
					"rotation": ["-10+math.sin(q.anim_time*90*5-40)*8", 0, 0]
				},
				"leaf36": {
					"rotation": ["-10+math.sin(q.anim_time*90*5-80)*8", 0, 0]
				},
				"leaf25": {
					"rotation": ["10-math.abs(math.sin(q.anim_time*90*2.5-20)*8)", -7.5, 2.5]
				},
				"leaf26": {
					"rotation": ["-10+math.sin(q.anim_time*90*5-40)*8", 0, 0]
				},
				"leaf27": {
					"rotation": ["-10+math.sin(q.anim_time*90*5-80)*8", 0, 0]
				},
				"leaf7": {
					"rotation": ["2.5-math.abs(math.sin(q.anim_time*90*2.5-20)*8)", 0, "-math.sin(q.anim_time*90*5-60)*2"]
				},
				"leaf8": {
					"rotation": ["-20+math.sin(q.anim_time*90*5-40)*8", 0, 0]
				},
				"leaf9": {
					"rotation": ["0+math.sin(q.anim_time*90*5-80)*8", 0, 0]
				},
				"leaf10": {
					"rotation": ["27.5-math.abs(math.sin(q.anim_time*90*2.5-20)*8)", 0, 0]
				},
				"leaf11": {
					"rotation": ["-32.5+math.sin(q.anim_time*90*5-40)*8", 0, 0]
				},
				"leaf12": {
					"rotation": ["-10+math.sin(q.anim_time*90*5-80)*8", 0, 0]
				},
				"leaf13": {
					"rotation": ["27.5-math.abs(math.sin(q.anim_time*90*2.5-20)*8)", 0, 0]
				},
				"leaf14": {
					"rotation": ["-30+math.sin(q.anim_time*90*5-40)*8", 0, 0]
				},
				"leaf15": {
					"rotation": ["-5+math.sin(q.anim_time*90*5-80)*8", 0, 0]
				},
				"leaf16": {
					"rotation": ["27.5-math.abs(math.sin(q.anim_time*90*2.5-20)*8)", 0, 0]
				},
				"leaf17": {
					"rotation": ["-32.5+math.sin(q.anim_time*90*5-40)*8", 0, 0]
				},
				"leaf18": {
					"rotation": ["-10+math.sin(q.anim_time*90*5-80)*8", 0, 0]
				},
				"leaf19": {
					"rotation": ["2.5-math.abs(math.sin(q.anim_time*90*2.5-20)*8)", 0, "math.sin(q.anim_time*90*5-60)*2"]
				},
				"leaf20": {
					"rotation": ["-20+math.sin(q.anim_time*90*5-40)*8", 0, 0]
				},
				"leaf21": {
					"rotation": ["0+math.sin(q.anim_time*90*5-80)*8", 0, 0]
				},
				"leaf22": {
					"rotation": ["2.5-math.abs(math.sin(q.anim_time*90*2.5-20)*8)", 0, 0]
				},
				"exeggutor": {
					"position": [0, 0, 0]
				},
				"tail": {
					"rotation": ["-12.5+math.sin(q.anim_time*90*5-45)*6", "math.sin(q.anim_time*90*2.5+135)*12", 0]
				},
				"tail2": {
					"rotation": ["10+math.sin(q.anim_time*90*5-135)*6", "math.sin(q.anim_time*90*2.5+45)*12", 0]
				},
				"tail3": {
					"rotation": [5, "math.sin(q.anim_time*90*2.5)*8", 0]
				},
				"tail4": {
					"rotation": [5, "math.sin(q.anim_time*90*2.5-45)*8", 0]
				},
				"tail5": {
					"rotation": ["15-math.sin(q.anim_time*90*5+45)*8", 0, "math.sin(q.anim_time*90*2.5+180)*24"]
				},
				"tail_jaw": {
					"rotation": ["-7.5+math.sin(q.anim_time*90*5+135)*6", 0, 0]
				},
				"tail_leaf_right": {
					"rotation": [0, 0, "-20+math.sin(q.anim_time*90*5+135)*12"]
				},
				"tail_leaf_right2": {
					"rotation": [0, 0, "32.5+math.sin(q.anim_time*90*5+45)*12"]
				},
				"tail_leaf_left": {
					"rotation": [0, 0, "20-math.sin(q.anim_time*90*5+135)*12"]
				},
				"tail_leaf_left2": {
					"rotation": [0, 0, "-32.5-math.sin(q.anim_time*90*5+45)*12"]
				},
				"neck": {
					"rotation": ["math.sin(q.anim_time*90*5)*1", 0, "0+math.sin(q.anim_time*90*2.5-45)*1"]
				},
				"neck3": {
					"rotation": ["math.sin(q.anim_time*90*5-45)*2", 0, 0]
				},
				"neck6": {
					"rotation": ["math.sin(q.anim_time*90*5-90)*2", 0, 0]
				},
				"neck9": {
					"rotation": ["math.sin(q.anim_time*90*5-135)*2", 0, 0]
				},
				"neck11": {
					"rotation": ["math.sin(q.anim_time*90*5-180)*2", 0, 0]
				},
				"toe_right": {
					"rotation": {
						"0.0": [-10.91, 0, 0],
						"0.3333": [0, 0, 0],
						"0.5833": [0, 0, 0],
						"0.7917": [0, 0, 0],
						"1.0417": [0, 0, 0],
						"1.4583": [-15, 0, 0],
						"1.9167": [0, 0, 0],
						"2.2083": [0, 0, 0],
						"2.6667": [0, 0, 0],
						"3.0833": [-15, 0, 0],
						"3.5417": [0, 0, 0],
						"3.7917": [0, 0, 0],
						"4.25": [0, 0, 0],
						"4.6667": [-15, 0, 0],
						"4.7917": [-10.91, 0, 0]
					},
					"position": {
						"0.0": [0, 0, 0.58],
						"0.3333": [0, 0, 0],
						"0.7917": [0, 0, 0],
						"1.0417": [0, 0, 0],
						"1.4583": [0, 0, 0.8],
						"1.9167": [0, 0, 0],
						"2.6667": [0, 0, 0],
						"3.0833": [0, 0, 0.8],
						"3.5417": [0, 0, 0],
						"4.25": [0, 0, 0],
						"4.6667": [0, 0, 0.8],
						"4.7917": [0, 0, 0.58]
					}
				},
				"toe_right2": {
					"rotation": {
						"0.0": [-10.91, 0, 0],
						"0.3333": [0, 0, 0],
						"0.5833": [0, 0, 0],
						"0.7917": [0, 0, 0],
						"1.0417": [0, 0, 0],
						"1.4583": [-15, 0, 0],
						"1.9167": [0, 0, 0],
						"2.2083": [0, 0, 0],
						"2.6667": [0, 0, 0],
						"3.0833": [-15, 0, 0],
						"3.5417": [0, 0, 0],
						"3.7917": [0, 0, 0],
						"4.25": [0, 0, 0],
						"4.6667": [-15, 0, 0],
						"4.7917": [-10.91, 0, 0]
					},
					"position": {
						"0.0": [0, 0, 0.58],
						"0.3333": [0, 0, 0],
						"0.7917": [0, 0, 0],
						"1.0417": [0, 0, 0],
						"1.4583": [0, 0, 0.8],
						"1.9167": [0, 0, 0],
						"2.6667": [0, 0, 0],
						"3.0833": [0, 0, 0.8],
						"3.5417": [0, 0, 0],
						"4.25": [0, 0, 0],
						"4.6667": [0, 0, 0.8],
						"4.7917": [0, 0, 0.58]
					}
				},
				"toe_left": {
					"rotation": {
						"0.0": [0, 0, 0],
						"0.25": [0, 0, 0],
						"0.6667": [-15, 0, 0],
						"1.125": [0, 0, 0],
						"1.4167": [0, 0, 0],
						"1.875": [0, 0, 0],
						"2.2917": [-15, 0, 0],
						"2.75": [0, 0, 0],
						"3.0": [0, 0, 0],
						"3.4583": [0, 0, 0],
						"3.875": [-15, 0, 0],
						"4.3333": [0, 0, 0],
						"4.5833": [0, 0, 0],
						"4.7917": [0, 0, 0]
					},
					"position": {
						"0.0": [0, 0, 0],
						"0.25": [0, 0, 0],
						"0.6667": [0, 0, 0.8],
						"1.125": [0, 0, 0],
						"1.875": [0, 0, 0],
						"2.2917": [0, 0, 0.8],
						"2.75": [0, 0, 0],
						"3.4583": [0, 0, 0],
						"3.875": [0, 0, 0.8],
						"4.3333": [0, 0, 0],
						"4.7917": [0, 0, 0]
					}
				},
				"toe_left2": {
					"rotation": {
						"0.0": [0, 0, 0],
						"0.25": [0, 0, 0],
						"0.6667": [-15, 0, 0],
						"1.125": [0, 0, 0],
						"1.4167": [0, 0, 0],
						"1.875": [0, 0, 0],
						"2.2917": [-15, 0, 0],
						"2.75": [0, 0, 0],
						"3.0": [0, 0, 0],
						"3.4583": [0, 0, 0],
						"3.875": [-15, 0, 0],
						"4.3333": [0, 0, 0],
						"4.5833": [0, 0, 0],
						"4.7917": [0, 0, 0]
					},
					"position": {
						"0.0": [0, 0, 0],
						"0.25": [0, 0, 0],
						"0.6667": [0, 0, 0.8],
						"1.125": [0, 0, 0],
						"1.875": [0, 0, 0],
						"2.2917": [0, 0, 0.8],
						"2.75": [0, 0, 0],
						"3.4583": [0, 0, 0],
						"3.875": [0, 0, 0.8],
						"4.3333": [0, 0, 0],
						"4.7917": [0, 0, 0]
					}
				}
			}
		},
		"animation.exeggutor_alolan.battle_idle": {
			"loop": true,
			"animation_length": 1.6,
			"bones": {
				"leg_left": {
					"rotation": {
						"0.0": ["-15+math.clamp(-math.sin(q.anim_time*90*2.5+225)*65,-90,0)", -35, 0],
						"0.5833": [-15, -35, 0],
						"0.625": ["-15+math.clamp(-math.sin(q.anim_time*90*2.5+225)*35,-90,0)", -35, 0],
						"1.125": ["-15+math.clamp(-math.sin(q.anim_time*90*2.5+225)*35,-90,0)", -35, 0],
						"1.2917": [-15, -35, 0],
						"1.5833": [-15, -35, 0]
					},
					"position": {
						"0.0": [
							"math.clamp(math.sin(q.anim_time*90*2.5+225)*0.5,0,90)",
							"math.clamp(math.sin(q.anim_time*90*2.5+225)*3.5,0,90)",
							"math.clamp(-math.sin(q.anim_time*90*2.5+225)*2,-90,0)"
						],
						"0.5833": [0, 0, 0],
						"0.625": [
							"math.clamp(math.sin(q.anim_time*90*2.5+225)*0.5,0,90)",
							"math.clamp(math.sin(q.anim_time*90*2.5+225)*3.5,0,90)",
							"math.clamp(-math.sin(q.anim_time*90*2.5+225)*2,-90,0)"
						],
						"1.2917": [0, 0, 0],
						"1.5833": [0, 0, 0]
					}
				},
				"leg_left2": {
					"rotation": {
						"0.0": [20, 0, 0],
						"0.5833": [20, 0, 0],
						"0.875": [40, 0, 0],
						"1.125": [20, 0, 0]
					}
				},
				"foot_left": {
					"rotation": {
						"0.0": [-5, 0, 0],
						"0.5833": [-5, 0, 0],
						"0.7083": [17.5, 0, 0],
						"0.9167": [-5, 0, 0]
					}
				},
				"leg_right": {
					"rotation": {
						"0.0": ["-15+math.clamp(math.sin(q.anim_time*90*2.5+225)*35,-90,0)", 35, 0],
						"0.3333": ["-15+math.clamp(math.sin(q.anim_time*90*2.5+225)*35,-90,0)", 35, 0],
						"0.5": [-15, 35, 0],
						"1.3333": [-15, 35, 0],
						"1.375": ["-15+math.clamp(math.sin(q.anim_time*90*2.5+225)*35,-90,0)", 35, 0]
					},
					"position": {
						"0.0": [
							"math.clamp(math.sin(q.anim_time*90*2.5+225)*0.5,-90,0)",
							"math.clamp(-math.sin(q.anim_time*90*2.5+225)*3.5,0,90)",
							"math.clamp(math.sin(q.anim_time*90*2.5+225)*2,-90,0)"
						],
						"0.5": [0, 0, 0],
						"1.3333": [0, 0, 0],
						"1.375": [
							"math.clamp(math.sin(q.anim_time*90*2.5+225)*0.5,-90,0)",
							"math.clamp(-math.sin(q.anim_time*90*2.5+225)*3.5,0,90)",
							"math.clamp(math.sin(q.anim_time*90*2.5+225)*2,-90,0)"
						]
					}
				},
				"leg_right2": {
					"rotation": {
						"0.0": [35, 0, 0],
						"0.125": [40, 0, 0],
						"0.375": [20, 0, 0],
						"1.375": [20, 0, 0],
						"1.5833": [35, 0, 0]
					}
				},
				"foot_right": {
					"rotation": {
						"0.0": [4, 0, 0],
						"0.0833": [-5, 0, 0],
						"1.375": [-5, 0, 0],
						"1.5": [17.5, 0, 0],
						"1.5833": [8.5, 0, 0]
					}
				},
				"body": {
					"position": {
						"0.0": [0, -2, "-math.sin(q.anim_time*90*1)*0.15"],
						"0.4583": [0, -2, "-math.sin(q.anim_time*90*1)*0.15"],
						"0.5417": [0, "-2.2+math.sin(q.anim_time*90*40)*0.4", "-math.sin(q.anim_time*90*1)*0.15"],
						"0.6667": [0, -2, "-math.sin(q.anim_time*90*1)*0.15"],
						"1.25": [0, -2, "-math.sin(q.anim_time*90*1)*0.15"],
						"1.3333": [0, "-2.2+math.sin(q.anim_time*90*40)*0.4", "-math.sin(q.anim_time*90*1)*0.15"],
						"1.4583": [0, -2, "-math.sin(q.anim_time*90*1)*0.15"]
					}
				},
				"torso": {
					"rotation": ["math.sin(q.anim_time*90*5+180)*3", 0, "math.sin(q.anim_time*90*2.5+45)*3"],
					"position": [0, "0.5+math.clamp(math.sin(q.anim_time*90*5+45)*1,-0.05,90)", 0.5]
				},
				"head": {
					"rotation": ["10-math.sin(q.anim_time*90*5-180)*8", 0, "math.sin(q.anim_time*90*2.5+135)*4"],
					"position": [0, 0.3, 0]
				},
				"head2": {
					"rotation": ["10-math.sin(q.anim_time*90*5-180)*8", 20, "math.sin(q.anim_time*90*2.5+135)*4"],
					"position": [0.5, 0, 0]
				},
				"head3": {
					"rotation": ["10-math.sin(q.anim_time*90*5-180)*8", -20, "math.sin(q.anim_time*90*2.5+135)*4"],
					"position": [-0.5, 0, 0]
				},
				"leaf28": {
					"rotation": ["-2.5-math.sin(q.anim_time*90*5-90)*8", 0, 0]
				},
				"leaf29": {
					"rotation": ["-17.5+math.sin(q.anim_time*90*5)*12", 0, 0]
				},
				"leaf30": {
					"rotation": ["-22.5+math.sin(q.anim_time*90*5-80)*8", 0, 0]
				},
				"leaf37": {
					"rotation": ["-2.5-math.sin(q.anim_time*90*5-90)*8", 0, 0]
				},
				"leaf38": {
					"rotation": ["-20+math.sin(q.anim_time*90*5)*12", 0, 0]
				},
				"leaf39": {
					"rotation": ["-15+math.sin(q.anim_time*90*5-80)*8", 0, 0]
				},
				"leaf": {
					"rotation": ["2.5-math.sin(q.anim_time*90*5-90)*8", 0, 0]
				},
				"leaf2": {
					"rotation": ["-15+math.sin(q.anim_time*90*5)*12", 0, 0]
				},
				"leaf3": {
					"rotation": ["-10+math.sin(q.anim_time*90*5-20)*25", 0, 0]
				},
				"leaf4": {
					"rotation": ["0-math.sin(q.anim_time*90*5-90)*8", 0, 0]
				},
				"leaf5": {
					"rotation": ["-15+math.sin(q.anim_time*90*5)*12", 0, 0]
				},
				"leaf6": {
					"rotation": ["-15+math.sin(q.anim_time*90*5-20)*25", 0, 0]
				},
				"leaf23": {
					"rotation": ["-22.5+math.sin(q.anim_time*90*5)*12", 0, 0]
				},
				"leaf24": {
					"rotation": ["-10+math.sin(q.anim_time*90*5-20)*25", 0, 0]
				},
				"leaf31": {
					"rotation": ["20-math.sin(q.anim_time*90*5-90)*8", 0, 0]
				},
				"leaf32": {
					"rotation": ["-20+math.sin(q.anim_time*90*5)*12", 0, 0]
				},
				"leaf33": {
					"rotation": ["-10+math.sin(q.anim_time*90*5-80)*8", 0, 0]
				},
				"leaf34": {
					"rotation": ["10-math.sin(q.anim_time*90*5-90)*8", 7.5, -2.5]
				},
				"leaf35": {
					"rotation": ["-10+math.sin(q.anim_time*90*5)*12", 0, 0]
				},
				"leaf36": {
					"rotation": ["-10+math.sin(q.anim_time*90*5-80)*8", 0, 0]
				},
				"leaf25": {
					"rotation": ["10-math.sin(q.anim_time*90*5-90)*8", -7.5, 2.5]
				},
				"leaf26": {
					"rotation": ["-10+math.sin(q.anim_time*90*5)*12", 0, 0]
				},
				"leaf27": {
					"rotation": ["-10+math.sin(q.anim_time*90*5-80)*8", 0, 0]
				},
				"leaf7": {
					"rotation": ["2.5-math.sin(q.anim_time*90*5-90)*8", 0, "-math.sin(q.anim_time*90*5-60)*2"]
				},
				"leaf8": {
					"rotation": ["-20+math.sin(q.anim_time*90*5)*12", 0, 0]
				},
				"leaf9": {
					"rotation": ["0+math.sin(q.anim_time*90*5-40)*15", 0, 0]
				},
				"leaf10": {
					"rotation": ["27.5-math.sin(q.anim_time*90*5-90)*8", 0, 0]
				},
				"leaf11": {
					"rotation": ["-32.5+math.sin(q.anim_time*90*5)*12", 0, 0]
				},
				"leaf12": {
					"rotation": ["-10+math.sin(q.anim_time*90*5-20)*20", 0, 0]
				},
				"leaf13": {
					"rotation": ["27.5-math.sin(q.anim_time*90*5-90)*8", 0, 0]
				},
				"leaf14": {
					"rotation": ["-30+math.sin(q.anim_time*90*5)*12", 0, 0]
				},
				"leaf15": {
					"rotation": ["-5+math.sin(q.anim_time*90*5-20)*20", 0, 0]
				},
				"leaf16": {
					"rotation": ["27.5-math.sin(q.anim_time*90*5-90)*8", 0, 0]
				},
				"leaf17": {
					"rotation": ["-32.5+math.sin(q.anim_time*90*5)*12", 0, 0]
				},
				"leaf18": {
					"rotation": ["-10+math.sin(q.anim_time*90*5-20)*20", 0, 0]
				},
				"leaf19": {
					"rotation": ["2.5-math.sin(q.anim_time*90*5-90)*8", 0, "math.sin(q.anim_time*90*5-60)*2"]
				},
				"leaf20": {
					"rotation": ["-20+math.sin(q.anim_time*90*5)*12", 0, 0]
				},
				"leaf21": {
					"rotation": ["0+math.sin(q.anim_time*90*5-40)*15", 0, 0]
				},
				"leaf22": {
					"rotation": ["2.5-math.sin(q.anim_time*90*5-90)*8", 0, 0]
				},
				"tail": {
					"rotation": ["-12.5+math.sin(q.anim_time*90*5-90)*4", "math.sin(q.anim_time*90*2.5-45)*24", 0]
				},
				"tail2": {
					"rotation": [10, "math.sin(q.anim_time*90*2.5-135)*12", 0]
				},
				"tail3": {
					"rotation": [10, "math.sin(q.anim_time*90*2.5-225)*12", 0]
				},
				"tail4": {
					"rotation": [15, "math.sin(q.anim_time*90*2.5-250)*14", 0]
				},
				"tail5": {
					"rotation": ["-10-math.sin(q.anim_time*90*5+45)*6", 0, "math.sin(q.anim_time*90*2.5+45)*18"]
				},
				"tail_jaw": {
					"rotation": ["-7.5+math.sin(q.anim_time*90*5+135)*6", 0, 0]
				},
				"tail_leaf_right": {
					"rotation": [0, 0, "math.sin(q.anim_time*90*5+135)*6"]
				},
				"tail_leaf_right2": {
					"rotation": [0, 0, "math.sin(q.anim_time*90*5+45)*12"]
				},
				"tail_leaf_left": {
					"rotation": [0, 0, "-math.sin(q.anim_time*90*5+135)*6"]
				},
				"tail_leaf_left2": {
					"rotation": [0, 0, "-math.sin(q.anim_time*90*5+45)*12"]
				},
				"neck": {
					"rotation": ["2.5+math.sin(q.anim_time*90*5+90)*2", 0, "math.sin(q.anim_time*90*2.5-90)*2"]
				},
				"neck2": {
					"rotation": [1, 0, 0]
				},
				"neck3": {
					"rotation": ["2.5+math.sin(q.anim_time*90*5+45)*3", 0, 0]
				},
				"neck4": {
					"rotation": [1, 0, 0]
				},
				"neck5": {
					"rotation": ["1+math.sin(q.anim_time*90*5)*2", 0, 0]
				},
				"neck6": {
					"rotation": [1, 0, 0]
				},
				"neck7": {
					"rotation": ["1+math.sin(q.anim_time*90*5-45)*2", 0, 0]
				},
				"neck8": {
					"rotation": [1, 0, 0]
				},
				"neck9": {
					"rotation": ["1+math.sin(q.anim_time*90*5)*2", 0, 0]
				},
				"neck10": {
					"rotation": [1, 0, 0]
				},
				"neck11": {
					"rotation": ["2+math.sin(q.anim_time*90*5-45)*2", 0, 0]
				}
			}
		},
		"animation.exeggutor_alolan.sleep": {
			"loop": true,
			"bones": {
				"leg_left": {
					"rotation": [0, -10, 0],
					"position": [0, 0.5, 0]
				},
				"foot_left": {
					"rotation": [-5, 0, 0]
				},
				"leg_right": {
					"rotation": [0, 10, 0],
					"position": [0, 0.5, 0]
				},
				"foot_right": {
					"rotation": [-5, 0, 0]
				},
				"body": {
					"position": [0, -15.2, 1]
				},
				"torso": {
					"rotation": ["0+math.sin(q.anim_time*90*1+45)*0.1", 0, 0],
					"position": [0, 0.5, 0]
				},
				"head": {
					"rotation": ["15-math.sin(q.anim_time*90*0.5-60)*2", 0, "math.sin(q.anim_time*90*1)*2"]
				},
				"head2": {
					"rotation": ["15-math.sin(q.anim_time*90*0.5-120)*2", 0, "math.sin(q.anim_time*90*0.5)*2"]
				},
				"head3": {
					"rotation": ["15-math.sin(q.anim_time*90*0.5-120)*2", 0, "math.sin(q.anim_time*90*0.5)*2"]
				},
				"leaf28": {
					"rotation": ["-2.5+math.sin(q.anim_time*90*1-60)*3", 0, 0]
				},
				"leaf29": {
					"rotation": ["-17.5+math.sin(q.anim_time*90*1-120)*6", 0, 0]
				},
				"leaf30": {
					"rotation": ["-22.5+math.sin(q.anim_time*90*1-180)*8", 0, 0]
				},
				"leaf37": {
					"rotation": ["-5+math.sin(q.anim_time*90*1-60)*3", 0, 0]
				},
				"leaf38": {
					"rotation": ["-20+math.sin(q.anim_time*90*1-120)*6", 0, 0]
				},
				"leaf39": {
					"rotation": ["-15+math.sin(q.anim_time*90*1-180)*8", 0, 0]
				},
				"leaf": {
					"rotation": ["2.5+math.sin(q.anim_time*90*1-60)*3", 0, 0]
				},
				"leaf2": {
					"rotation": ["-10+math.sin(q.anim_time*90*1-120)*6", 0, 0]
				},
				"leaf3": {
					"rotation": ["-10+math.sin(q.anim_time*90*1-180)*8", 0, 0]
				},
				"leaf4": {
					"rotation": ["0+math.sin(q.anim_time*90*1-60)*3", 0, 0]
				},
				"leaf5": {
					"rotation": ["-20+math.sin(q.anim_time*90*1-120)*6", 0, 0]
				},
				"leaf6": {
					"rotation": ["-15+math.sin(q.anim_time*90*1-180)*8", 0, 0]
				},
				"leaf23": {
					"rotation": ["-22.5+math.sin(q.anim_time*90*1-120)*6", 0, 0]
				},
				"leaf24": {
					"rotation": ["-12.5+math.sin(q.anim_time*90*1-180)*8", 0, 0]
				},
				"leaf31": {
					"rotation": ["20+math.sin(q.anim_time*90*1-60)*3", 0, 0]
				},
				"leaf32": {
					"rotation": ["-20+math.sin(q.anim_time*90*1-120)*6", 0, 0]
				},
				"leaf33": {
					"rotation": ["-10+math.sin(q.anim_time*90*1-180)*8", 0, 0]
				},
				"leaf34": {
					"rotation": ["10+math.sin(q.anim_time*90*1-60)*3", 7.5, -2.5]
				},
				"leaf35": {
					"rotation": ["-10+math.sin(q.anim_time*90*1-120)*6", 0, 0]
				},
				"leaf36": {
					"rotation": ["-10+math.sin(q.anim_time*90*1-180)*8", 0, 0]
				},
				"leaf25": {
					"rotation": ["10+math.sin(q.anim_time*90*1-60)*3", -7.5, 2.5]
				},
				"leaf26": {
					"rotation": ["-10+math.sin(q.anim_time*90*1-120)*6", 0, 0]
				},
				"leaf27": {
					"rotation": ["-10+math.sin(q.anim_time*90*1-180)*8", 0, 0]
				},
				"leaf7": {
					"rotation": ["2.5+math.sin(q.anim_time*90*1-60)*3", 0, "-math.sin(q.anim_time*90*1-60)*2"]
				},
				"leaf8": {
					"rotation": ["-20+math.sin(q.anim_time*90*1-120)*6", 0, 0]
				},
				"leaf9": {
					"rotation": ["0+math.sin(q.anim_time*90*1-180)*8", 0, 0]
				},
				"leaf10": {
					"rotation": ["27.5+math.sin(q.anim_time*90*1-60)*3", 0, 0]
				},
				"leaf11": {
					"rotation": ["-32.5+math.sin(q.anim_time*90*1-120)*6", 0, 0]
				},
				"leaf12": {
					"rotation": ["-10+math.sin(q.anim_time*90*1-180)*8", 0, 0]
				},
				"leaf13": {
					"rotation": ["27.5+math.sin(q.anim_time*90*1-60)*3", 0, 0]
				},
				"leaf14": {
					"rotation": ["-30+math.sin(q.anim_time*90*1-120)*6", 0, 0]
				},
				"leaf15": {
					"rotation": ["-5+math.sin(q.anim_time*90*1-180)*8", 0, 0]
				},
				"leaf16": {
					"rotation": ["27.5+math.sin(q.anim_time*90*1-60)*3", 0, 0]
				},
				"leaf17": {
					"rotation": ["-32.5+math.sin(q.anim_time*90*1-120)*6", 0, 0]
				},
				"leaf18": {
					"rotation": ["-10+math.sin(q.anim_time*90*1-180)*8", 0, 0]
				},
				"leaf19": {
					"rotation": ["2.5+math.sin(q.anim_time*90*1-60)*3", 0, "math.sin(q.anim_time*90*1-60)*2"]
				},
				"leaf20": {
					"rotation": ["-20+math.sin(q.anim_time*90*1-120)*6", 0, 0]
				},
				"leaf21": {
					"rotation": ["0+math.sin(q.anim_time*90*1-180)*8", 0, 0]
				},
				"leaf22": {
					"rotation": ["0+math.sin(q.anim_time*90*1-60)*3", 0, 0]
				},
				"mouth_closed": {
					"position": [0, 0, -0.1]
				},
				"mouth_open": {
					"position": [0, 0, 1]
				},
				"eyelid_right": {
					"position": [-0.1, 0, -0.1]
				},
				"mouth_closed2": {
					"position": [0, 0, 0]
				},
				"mouth_open2": {
					"position": [0, 0, 1]
				},
				"eyelid_right2": {
					"position": [-0.1, 0, -0.1]
				},
				"mouth_closed3": {
					"position": [0, 0, -0.1]
				},
				"mouth_open3": {
					"position": [0, 0, 1]
				},
				"eyelid_left3": {
					"position": [0.1, 0, -0.1]
				},
				"eyelid_right3": {
					"position": [-0.1, 0, -0.1]
				},
				"tail": {
					"rotation": ["-6.853-math.sin(q.anim_time*90*1+45)*0.1", 54.92219, -3.56463]
				},
				"tail2": {
					"rotation": [0, 40, 0]
				},
				"tail3": {
					"rotation": [2.9574, 39.9833, 0.84422]
				},
				"tail4": {
					"rotation": [5, 27.5, 0]
				},
				"tail5": {
					"rotation": [72.5, 25, 0]
				},
				"tail_eyelid_left": {
					"position": [0, 0, 0.1]
				},
				"tail_eyelid_right": {
					"position": [0, 0, 0.1]
				},
				"tail_jaw": {
					"rotation": ["-5+math.sin(q.anim_time*90*1+45)*2", 0, 0]
				},
				"neck": {
					"rotation": ["math.sin(q.anim_time*90*1)*1", 0, 0]
				},
				"neck3": {
					"rotation": [0, 0, "math.sin(q.anim_time*90*1-90)*0.5"]
				},
				"neck4": {
					"rotation": ["math.sin(q.anim_time*90*1-90)*1.5", 0, 0]
				},
				"neck5": {
					"rotation": [0, 0, "math.sin(q.anim_time*90*1-135)*0.5"]
				},
				"neck7": {
					"rotation": ["math.sin(q.anim_time*90*1-135)*2", 0, "math.sin(q.anim_time*90*1-180)*0.5"]
				},
				"neck9": {
					"rotation": ["math.sin(q.anim_time*90*1-180)*1", 0, "math.sin(q.anim_time*90*1-225)*1"]
				},
				"neck11": {
					"rotation": ["math.sin(q.anim_time*90*1-135)*2", 0, "math.sin(q.anim_time*90*1-250)*0.5"]
				},
				"eyelid_left": {
					"position": [0.1, 0, -0.1]
				},
				"eyelid_left2": {
					"position": [0.1, 0, -0.1]
				}
			}
		},
		"animation.exeggutor_alolan.blink": {
			"animation_length": 0.1667,
			"bones": {
				"eyelid_right": {
					"position": {
						"0.0": [-0.1, 0, -0.1],
						"0.125": [-0.1, 0, -0.1],
						"0.1667": [0, 0, 0]
					}
				},
				"eyelid_left": {
					"position": {
						"0.0": [0.1, 0, -0.1],
						"0.125": [0.1, 0, -0.1],
						"0.1667": [0, 0, 0]
					}
				}
			}
		},
		"animation.exeggutor_alolan.blink2": {
			"animation_length": 0.1667,
			"bones": {
				"eyelid_right2": {
					"position": {
						"0.0": [-0.1, 0, -0.1],
						"0.125": [-0.1, 0, -0.1],
						"0.1667": [0, 0, 0]
					}
				},
				"eyelid_left2": {
					"position": {
						"0.0": [0.1, 0, -0.1],
						"0.125": [-0.1, 0, -0.1],
						"0.1667": [0, 0, 0]
					}
				}
			}
		},
		"animation.exeggutor_alolan.blink4": {
			"animation_length": 0.1667,
			"bones": {
				"tail_eyelid_left": {
					"position": {
						"0.0": [0, 0, 0.1],
						"0.125": [0, 0, 0.1],
						"0.1667": [0, 0, 0]
					}
				},
				"tail_eyelid_right": {
					"position": {
						"0.0": [0, 0, 0.1],
						"0.125": [0, 0, 0.1],
						"0.1667": [0, 0, 0]
					}
				}
			}
		},
		"animation.exeggutor_alolan.blink3": {
			"animation_length": 0.16667,
			"bones": {
				"eyelid_right3": {
					"position": {
						"0.0": [-0.1, 0, -0.1],
						"0.125": [-0.1, 0, -0.1],
						"0.1667": [0, 0, 0]
					}
				},
				"eyelid_left3": {
					"position": {
						"0.0": [0.1, 0, -0.1],
						"0.125": [0.1, 0, -0.1],
						"0.1667": [0, 0, 0]
					}
				}
			}
		},
		"animation.exeggutor_alolan.new": {
			"loop": true,
			"bones": {
				"body": {
					"scale": 0.9
				},
				"neck11": {
					"position": [0, -230, 0]
				}
			}
		},
		"animation.exeggutor_alolan.new2": {
			"loop": true,
			"bones": {
				"body": {
					"scale": 1.2
				}
			}
		},
		"animation.exeggutor_alolan.cry": {
			"animation_length": 1.5,
			"bones": {
				"mouth": {
					"position": {
						"0.0": [0, 0, 0],
						"0.25": [0, -2, 0],
						"1.25": [0, -2, 0],
						"1.5": [0, 0, 0]
					}
				},
				"mouth2": {
					"position": {
						"0.0": [0, 0, 0],
						"0.25": [0, -5, 0],
						"1.25": [0, -5, 0],
						"1.5": [0, 0, 0]
					}
				},
				"jaw": {
					"position": {
						"0.0": [0, 0, 0],
						"0.25": [0, -3, 0],
						"1.25": [0, -3, 0],
						"1.5": [0, 0, 0]
					}
				},
				"head": {
					"rotation": {
						"0.0": [0, 0, 0],
						"0.25": [-15, 0, 0],
						"1.25": [-15, 0, 0],
						"1.5": [0, 0, 0]
					}
				},
				"mouth_closed": {
					"position": {
						"0.0": [0, 0, -0.1],
						"0.25": {
							"pre": [0, 0, -0.1],
							"post": [0, 0, 0]
						},
						"1.25": {
							"pre": [0, 0, 0],
							"post": [0, 0, -0.1]
						}
					}
				},
				"mouth_open": {
					"position": {
						"0.0": [0, 0, 0.1],
						"0.25": {
							"pre": [0, 0, 0.1],
							"post": [0, 0, 0]
						},
						"1.25": {
							"pre": [0, 0, 0],
							"post": [0, 0, 0.1]
						}
					}
				},
				"head2": {
					"rotation": {
						"0.0": [0, 0, 0],
						"0.25": [-15, 0, 0],
						"1.25": [-15, 0, 0],
						"1.5": [0, 0, 0]
					}
				},
				"mouth_closed2": {
					"position": {
						"0.0": [0, 0, 0],
						"0.25": {
							"pre": [0, 0, 0],
							"post": [0, 0, 0.2]
						},
						"1.25": {
							"pre": [0, 0, 0.2],
							"post": [0, 0, 0]
						}
					}
				},
				"mouth_open2": {
					"position": {
						"0.0": [0, 0, 0],
						"0.25": {
							"pre": [0, 0, 0],
							"post": [0, 0, -0.1]
						},
						"1.25": {
							"pre": [0, 0, -0.1],
							"post": [0, 0, 0]
						}
					}
				},
				"head3": {
					"rotation": {
						"0.0": [0, 0, 0],
						"0.25": [-15, 0, 0],
						"1.25": [-15, 0, 0],
						"1.5": [0, 0, 0]
					}
				},
				"mouth_closed3": {
					"position": {
						"0.0": [0, 0, -0.1],
						"0.25": {
							"pre": [0, 0, -0.1],
							"post": [0, 0, 0]
						},
						"1.25": {
							"pre": [0, 0, 0],
							"post": [0, 0, -0.1]
						}
					}
				},
				"mouth_open3": {
					"position": {
						"0.0": [0, 0, 0.1],
						"0.25": {
							"pre": [0, 0, 0.1],
							"post": [0, 0, 0]
						},
						"1.25": {
							"pre": [0, 0, 0],
							"post": [0, 0, 0.1]
						}
					}
				},
				"neck": {
					"rotation": {
						"0.0": [0, 0, 0],
						"0.25": [10, 0, 0],
						"1.25": [10, 0, 0],
						"1.5": [0, 0, 0]
					}
				}
			}
		}
	}
}