{
	"format_version": "1.8.0",
	"animations": {
		"animation.porygon.ground_idle": {
			"loop": true,
			"bones": {
				"head": {
					"rotation": ["12.5+(math.cos(q.anim_time*90*2+180)*10)*0.6", 0, 0]
				},
				"leg_left": {
					"rotation": ["-2.5+math.clamp(math.sin(q.anim_time*90*3+270)*20,-8,20)-math.clamp(math.sin(q.anim_time*90*3+90)*20,0,20)", 0, 0]
				},
				"body": {
					"rotation": [0, "0+(math.cos(q.anim_time*90*2+180)*10)*0.6", "0+(math.sin(q.anim_time*90*3+180)*4)*0.6"],
					"position": [0, "11+(math.cos(q.anim_time*90*3+180)*6)*0.6", 0]
				},
				"tail2": {
					"rotation": [0, "0+(math.cos(q.anim_time*90*2+180)*10)*0.6", 0]
				},
				"leg_right": {
					"rotation": ["2.5+math.clamp(math.sin(q.anim_time*90*3+90)*20,-8,20)-math.clamp(math.sin(q.anim_time*90*3+270)*20,0,20)", 0, 0]
				}
			}
		},
		"animation.porygon.ground_walk": {
			"loop": true,
			"bones": {
				"body": {
					"rotation": ["27.5+Math.cos((query.anim_time-0.3) * 90 * 4) * 2", 0, "Math.cos((query.anim_time-0.3) * 90 * 2) * 4"],
					"position": [0, "8+Math.cos((query.anim_time) * 90 * 4) * 2", 0]
				},
				"head": {
					"rotation": ["-7.5+Math.cos((query.anim_time-0.5) * 90 * 4) * -3", 0, 0]
				},
				"leg_left": {
					"rotation": ["17.5+Math.cos((query.anim_time) * 90 * 4) * -20", 0, 0]
				},
				"leg_right": {
					"rotation": ["17.5+Math.cos((query.anim_time) * 90 * 4) * 20", 0, 0]
				}
			}
		},
		"animation.porygon.sleep": {
			"loop": true,
			"bones": {
				"body": {
					"rotation": ["27.5+Math.cos((query.anim_time-0.6) * 90 * 1) * 2", 0, 0],
					"position": [0, "6+Math.cos((query.anim_time) * 90 * 1) * 0.4", 0]
				},
				"torso": {
					"rotation": [12.5, 0, 0]
				},
				"head": {
					"rotation": ["40+Math.cos((query.anim_time-0.2) * 90 * 1) * 1", 0, 0],
					"position": [0, 0, -2]
				},
				"pupil_left": {
					"position": [-0.225, 0, 0]
				},
				"pupil_closed_left": {
					"position": [0.1, 0, 0]
				},
				"pupil_right": {
					"position": [0.225, 0, 0]
				},
				"pupil_closed_right": {
					"position": [-0.1, 0, 0]
				},
				"tail": {
					"rotation": [-52.5, 0, 0]
				},
				"tail2": {
					"rotation": [-52.5, 0, 0]
				},
				"leg_left": {
					"rotation": ["25+Math.cos((query.anim_time-0.2) * 90 * 1) * -10", 0, 0]
				},
				"leg_right": {
					"rotation": ["25+Math.cos((query.anim_time-0.2) * 90 * 1) * 10", 0, 0]
				}
			}
		},
		"animation.porygon.blink": {
			"animation_length": 0.33333,
			"bones": {
				"pupil_left": {
					"position": {
						"0.0": [-0.1, 0, 0],
						"0.25": [-0.1, 0, 0],
						"0.3333": [0, 0, 0]
					}
				},
				"pupil_closed_left": {
					"position": {
						"0.0": [0.1, 0, 0],
						"0.25": [0.1, 0, 0],
						"0.3333": [0, 0, 0]
					}
				},
				"pupil_right": {
					"position": {
						"0.0": [0.1, 0, 0],
						"0.25": [0.1, 0, 0],
						"0.3333": [0, 0, 0]
					}
				},
				"pupil_closed_right": {
					"position": {
						"0.0": [-0.1, 0, 0],
						"0.25": [-0.1, 0, 0],
						"0.3333": [0, 0, 0]
					}
				}
			}
		},
		"animation.porygon.faint": {
			"loop": true,
			"animation_length": 3,
			"bones": {
				"body": {
					"rotation": {
						"0.0": [0, 0, 0],
						"0.125": [16.59091, 25.77273, 0],
						"0.2917": [20, 32.5, 0],
						"0.5": [20, 32.5, 0],
						"0.6667": [13, -147.5, 0],
						"0.7083": [6, -110.5, 0],
						"0.7917": [6, -141.25, 0],
						"0.9583": [6, -158.5, 0],
						"1.0833": [6, -305.5, 0],
						"1.125": [15, -274.25, 0],
						"1.1667": [19, -328, 0],
						"1.2917": [15, -356.5, 0],
						"1.375": [11, -338, 0],
						"1.5417": [-28.5, 7, 0],
						"1.625": [-68, 76, 0],
						"1.7917": [-125.5, 128, 0],
						"1.875": [-141.35, 130.8, 0],
						"1.9583": [-134.2, 133.6, 0],
						"2.0": [-117, 135, 0],
						"2.0833": [-108, 135, 0],
						"2.1667": [-101.5, 135, 0],
						"2.25": [-114.5, 135, 0],
						"2.2917": [-106, 135, 0],
						"2.3333": [-98.83, 135, 0],
						"2.4167": [-99, 135, 0]
					},
					"position": {
						"0.0": [0, 0, 0],
						"0.0833": [0, 7.07, 0],
						"0.2083": [0, 12.41, 0],
						"0.2917": [0, 14, 0],
						"0.5": [0, 14.25, 0],
						"0.5417": [-1, 15.25, 0],
						"0.5833": [0, 14.25, 0],
						"0.6667": [13, 5.25, 0],
						"0.7083": [10, 7.25, 0],
						"0.9583": [10, 7.25, 0],
						"1.0417": [-10.5, 1.75, 0],
						"1.0833": [-7, 4.25, 0],
						"1.375": [-7, 4.25, 0],
						"1.4583": [0, 17.25, 0],
						"1.5417": [2.75, 20, 0],
						"1.6667": [4.75, 21, 0],
						"1.7917": [5.75, 19, 0],
						"1.875": [5.75, 15.5, 0],
						"1.9583": [5.75, -1.5, 0],
						"2.0": [7.75, 4.5, -3],
						"2.0833": [8.75, 8.5, -4],
						"2.1667": [8.95, 6.5, -4.5],
						"2.2083": [8.98, -0.38, -4.63],
						"2.25": [9, -1.75, -4.75],
						"2.2917": [10.5, 1.5, -6],
						"2.3333": [11, 1.75, -6.75],
						"2.4167": [11.25, -1.75, -7.25],
						"2.4583": [11.25, -0.5, -7.25]
					}
				},
				"head": {
					"rotation": {
						"0.0": [0, 0, 0],
						"0.25": [0, 35, 0],
						"0.375": [0, 40, 0],
						"0.5417": [0, 40, 0],
						"0.75": [0, -281.87, 0],
						"0.875": [0, -355, 0],
						"1.0": [0, -323, 0],
						"1.1667": [0, -67, 0],
						"1.2917": [0, 31.5, 0],
						"1.5": [0, 37.86, 0],
						"1.75": [0, 0.75, 0],
						"1.875": [-26, 0.75, 0]
					},
					"position": {
						"1.9167": [0, 0, 0],
						"1.9583": [0, -2.0915, -2.15073],
						"2.0": [0, -0.48251, 0.03376],
						"2.0417": [0, 0, 0]
					}
				},
				"pupil_left": {
					"position": {
						"0.0": [0.075, 0, 0],
						"0.0417": [-0.02185, -0.00467, -0.02444],
						"0.2083": [-0.02185, -0.00467, -0.02444],
						"0.25": [0.075, 0, 0],
						"0.5417": [0.075, 0, 0],
						"0.5833": [-0.02185, -0.00467, -0.02444],
						"0.8333": [-0.02185, -0.00467, -0.02444],
						"0.875": [0.075, 0, 0],
						"0.9167": [0.075, 0, 0],
						"0.9583": [-0.02185, -0.00467, -0.02444],
						"1.375": [-0.02185, -0.00467, -0.02444],
						"1.4167": [0.075, 0, 0],
						"1.9167": [0.075, 0, 0],
						"1.9583": [-0.02185, -0.00467, -0.02444]
					}
				},
				"pupil_closed_left": {
					"position": {
						"0.0": [0, 0, 0],
						"0.0417": [0.09685, -0.00467, 0.02444],
						"0.2083": [0.09685, -0.00467, 0.02444],
						"0.25": [0, 0, 0],
						"0.5417": [0, 0, 0],
						"0.5833": [0.09685, -0.00467, 0.02444],
						"0.8333": [0.09685, -0.00467, 0.02444],
						"0.875": [0, 0, 0],
						"0.9167": [0, 0, 0],
						"0.9583": [0.09685, -0.00467, 0.02444],
						"1.375": [0.09685, -0.00467, 0.02444],
						"1.4167": [0, 0, 0],
						"1.9167": [0, 0, 0],
						"1.9583": [0.09685, -0.00467, 0.02444]
					}
				},
				"pupil_right": {
					"position": {
						"0.0": [-0.075, 0, 0],
						"0.0417": [0.02185, -0.00467, -0.02444],
						"0.2083": [0.02185, -0.00467, -0.02444],
						"0.25": [-0.075, 0, 0],
						"0.5417": [-0.075, 0, 0],
						"0.5833": [0.02185, -0.00467, -0.02444],
						"0.8333": [0.02185, -0.00467, -0.02444],
						"0.875": [-0.075, 0, 0],
						"0.9167": [-0.075, 0, 0],
						"0.9583": [0.02185, -0.00467, -0.02444],
						"1.375": [0.02185, -0.00467, -0.02444],
						"1.4167": [-0.075, 0, 0],
						"1.9167": [-0.075, 0, 0],
						"1.9583": [0.02185, -0.00467, -0.02444]
					}
				},
				"pupil_closed_right": {
					"position": {
						"0.0": [0, 0, 0],
						"0.0417": [-0.09685, -0.00467, 0.02444],
						"0.2083": [-0.09685, -0.00467, 0.02444],
						"0.25": [0, 0, 0],
						"0.5417": [0, 0, 0],
						"0.5833": [-0.09685, -0.00467, 0.02444],
						"0.8333": [-0.09685, -0.00467, 0.02444],
						"0.875": [0, 0, 0],
						"0.9167": [0, 0, 0],
						"0.9583": [-0.09685, -0.00467, 0.02444],
						"1.375": [-0.09685, -0.00467, 0.02444],
						"1.4167": [0, 0, 0],
						"1.9167": [0, 0, 0],
						"1.9583": [-0.09685, -0.00467, 0.02444]
					}
				},
				"tail": {
					"rotation": {
						"0.0": [0, 0, 0],
						"1.8333": [0, 0, 0],
						"1.9583": [35, 0, 0]
					}
				},
				"tail2": {
					"rotation": {
						"0.0": [0, 0, 0],
						"0.125": [-22.5, 0, 0],
						"0.2083": [-3, 0, 0],
						"0.2917": [-0.5, 0, 0],
						"1.6667": [-0.5, 0, 0],
						"1.8333": [-21, 0, 0],
						"1.9167": [-30.5, 0, 0],
						"1.9583": [-133.5, -32.5, 0],
						"2.0": [-88.33699, -47.46817, -64.15628],
						"2.0833": [-148.5, -65, 0],
						"2.1667": [-152.5, -82.5, 0],
						"2.25": [-152.5, -76.5, 0],
						"2.3333": [-251.90233, -82.64946, 96.2427],
						"2.375": [-236.82951, -78.63621, 80.94863],
						"2.4167": [-228.14164, -64.84765, 72.07126],
						"2.4583": [-157, -71, 0],
						"2.5417": [-242.16287, -75.42821, 84.8444]
					},
					"position": {
						"1.8333": [0, 0, 0],
						"2.0417": [0, 0.5411, -2.44074]
					}
				},
				"leg_left": {
					"rotation": {
						"0.0": [0, 0, 0],
						"0.1667": [-32.5, 0, 0],
						"0.5417": [-32.5, 0, 0],
						"0.6667": [36.5, 0, 0],
						"0.7083": [36.5, 17.5, 0],
						"0.75": [36.5, 0, 0],
						"0.9583": [36.5, 0, 0],
						"1.0417": [-30.5, 0, 0],
						"1.4167": [-30.5, 0, 0],
						"1.5": [36.5, 9, 0],
						"1.625": [-36.5, -52.5, 0],
						"1.875": [-69, -52.5, 0],
						"1.9167": [-55.25, -27.5, 0],
						"1.9583": [-1.5, -2.5, 0],
						"2.0": [-29, -2.5, 0],
						"2.0833": [-46.5, -2.5, 0],
						"2.2083": [-26.2, -2.5, 0],
						"2.25": [-52, -2.5, 0],
						"2.3333": [-72.5, -2.5, 0],
						"2.4583": [-97.5, -2.5, 0],
						"2.5417": [-92.5, -2.5, 0]
					}
				},
				"leg_right": {
					"rotation": {
						"0.0": [0, 0, 0],
						"0.1667": [32.5, 0, 0],
						"0.5417": [32.5, 0, 0],
						"0.6667": [-36.5, 0, 0],
						"0.7083": [-36.5, 17.5, 0],
						"0.75": [-36.5, 0, 0],
						"0.9583": [-36.5, 0, 0],
						"1.0417": [30.5, 0, 0],
						"1.4167": [30.5, 0, 0],
						"1.5": [-36.5, 9, 0],
						"1.625": [-36.5, 52.5, 0],
						"1.875": [-69, 52.5, 0],
						"1.9167": [-55.25, 27.5, 0],
						"1.9583": [-1.5, 2.5, 0],
						"2.0": [-29, 2.5, 0],
						"2.0833": [-59.5, 2.5, 0],
						"2.1667": [-39.2, 2.5, 0],
						"2.25": [-69.5, 17.5, 0],
						"2.3333": [-82.5, 17.5, 0],
						"2.4583": [-97.5, -2.5, 0],
						"2.5417": [-92.5, -2.5, 0]
					}
				}
			}
		},
		"animation.porygon.faint2": {
			"loop": true,
			"animation_length": 3,
			"bones": {
				"body": {
					"rotation": {
						"0.0": [0, -25, 0],
						"0.1667": [2.5, -18.5, 0],
						"0.2917": [7.5, 25, 0],
						"1.7083": [7.5, 25, 0],
						"1.7917": [-5, 25, 0],
						"1.875": [10, 25, -15],
						"2.0": [5, 25, -16],
						"2.0833": [10, 25, -16],
						"2.125": [7.5, 25, -16]
					},
					"position": {
						"0.0": [0, 7, 0],
						"0.0833": [0, 7.75, 0],
						"0.2083": [0, 9.65, 0],
						"0.2917": [0, 14, 0],
						"1.7083": [0, 14, 0],
						"1.7917": [0, 12, 0],
						"1.875": [0, 0, 0],
						"1.9167": [0, 2, 0],
						"2.0": [0, 2.5, 0],
						"2.0417": [0, 0, 0]
					}
				},
				"pupil_left": {
					"position": {
						"0.0417": [0, 0, 0],
						"0.0833": [-0.18576, 0.01127, -0.07325]
					}
				},
				"pupil_closed_left": {
					"position": {
						"0.0417": [0, 0, 0],
						"0.0833": [0.13932, -0.00846, 0.05494]
					}
				},
				"pupil_right": {
					"position": {
						"0.0417": [0, 0, 0],
						"0.0833": [0.18576, 0.01127, -0.07325]
					}
				},
				"pupil_closed_right": {
					"position": {
						"0.0417": [0, 0, 0],
						"0.0833": [-0.13932, -0.00846, 0.05494]
					}
				},
				"leg_left": {
					"rotation": {
						"0.0": [0, 0, 0],
						"0.0833": [-25, 0, 0],
						"0.1667": [-23.33, 0, 0],
						"0.2917": [17.5, 0, 0]
					}
				},
				"leg_right": {
					"rotation": {
						"0.0": [0, 0, 0],
						"0.0833": [25, 0, 0],
						"0.1667": [23.33, 0, 0],
						"0.2917": [-17.5, 0, 0]
					}
				}
			}
		}
	}
}