{
	"format_version": "1.8.0",
	"animations": {
		"animation.dewgong.ground_idle": {
			"loop": true,
			"bones": {
				"leftflipper": {
					"rotation": [0, -15, 17.5]
				},
				"rightflipper": {
					"rotation": [0, 15, -17.5]
				},
				"tail": {
					"rotation": [-5, 0, 0]
				},
				"tail2": {
					"rotation": [-7.5, 0, 0]
				},
				"tail3": {
					"rotation": [-5, 0, 0]
				}
			}
		},
		"animation.dewgong.water_idle": {
			"loop": true,
			"bones": {
				"leftflipper": {
					"rotation": [15, -15, 15]
				},
				"rightflipper": {
					"rotation": [15, 15, -15]
				},
				"head": {
					"position": [0, -1, -0.5]
				},
				"tail": {
					"rotation": [-2.5, 0, 0]
				},
				"tail2": {
					"rotation": [2.5, 0, 0]
				},
				"tail3": {
					"rotation": [5, 0, 0]
				}
			}
		},
		"animation.dewgong.water_swim": {
			"loop": true,
			"bones": {
				"leftflipper": {
					"rotation": [45, -60, 15]
				},
				"rightflipper": {
					"rotation": [45, 60, -15]
				},
				"head": {
					"position": [0, -1, -0.5]
				},
				"tail": {
					"rotation": [0, 0, 0]
				},
				"tail2": {
					"rotation": [0, 0, 0]
				},
				"tail3": {
					"rotation": [2.5, 0, 0]
				}
			}
		}
	}
}