{
	"format_version": "1.8.0",
	"animations": {
		"animation.mankey.ground_idle": {
			"loop": true,
			"bones": {
				"body": {
					"rotation": [2.5, 0, 0],
					"position": [0, "(math.sin(q.anim_time*90*4*2+90)*1+1)*0.8+0.1", 0]
				},
				"arm_right": {
					"rotation": [-90, 0, "8*(math.sin(q.anim_time*90*4*2)*1+1)"]
				},
				"forearm_right": {
					"rotation": [0, "-80+8*(math.sin(q.anim_time*90*4*2)*1+1)", 0]
				},
				"hand_right": {
					"rotation": ["-5+5*(math.sin(q.anim_time*90*4*2+45)*1+1)", -7.5, -65]
				},
				"finger_right1": {
					"rotation": [0, 10, -87.5]
				},
				"finger_right3": {
					"rotation": [0, -10, -85]
				},
				"arm_left": {
					"rotation": [-90, 0, "-8*(math.sin(q.anim_time*90*4*2)*1+1)"]
				},
				"forearm_left": {
					"rotation": [0, "80-8*(math.sin(q.anim_time*90*4*2)*1+1)", 0]
				},
				"hand_left": {
					"rotation": ["-5+5*(math.sin(q.anim_time*90*4*2+45)*1+1)", 7.25, 65]
				},
				"finger_left1": {
					"rotation": [0, -10, 87.5]
				},
				"finger_left3": {
					"rotation": [0, 10, 85]
				},
				"ear_right": {
					"rotation": ["(math.sin(q.anim_time*90*4*2+135)*1+1)*8", 0, 0]
				},
				"ear_left": {
					"rotation": ["(math.sin(q.anim_time*90*4*2+135)*1+1)*8", 0, 0]
				},
				"tail1": {
					"rotation": ["45+(math.sin(q.anim_time*90*4*2)*1+1)*4", "math.sin(q.anim_time*90*4*1+90)*20", "math.sin(q.anim_time*90*4*1+90)*20"]
				},
				"tail2": {
					"rotation": ["10+(math.sin(q.anim_time*90*4*2)*1+1)*4", "math.sin(q.anim_time*90*4*1-90)*10", 0]
				},
				"tail3": {
					"rotation": ["10+(math.sin(q.anim_time*90*4*2)*1+1)*4", "math.sin(q.anim_time*90*4*1)*10", 0]
				},
				"tail4": {
					"rotation": ["10+(math.sin(q.anim_time*90*4*2-90)*1+1)*4", "math.sin(q.anim_time*90*4*1)*5", 0]
				},
				"leg_right": {
					"rotation": ["11.805+(math.sin(q.anim_time*90*4*2+90)*1+1)*2", 1.00785, -0.73338],
					"position": [0, "(math.sin(q.anim_time*90*4*2-90)*1+1)*0.3", 0]
				},
				"knee_right": {
					"rotation": ["-14-(math.sin(q.anim_time*90*4*2+90)*1+1)*8", 0, 0]
				},
				"foot_right": {
					"rotation": ["6.5+(math.sin(q.anim_time*90*4*2+90)*1+1)*8", 0, 0]
				},
				"toe_right1": {
					"rotation": ["-1-(math.sin(q.anim_time*90*4*2-90)*1+1)*4", 0, 0]
				},
				"toe_right2": {
					"rotation": ["-1-(math.sin(q.anim_time*90*4*2-90)*1+1)*4", 0, 0]
				},
				"toe_right3": {
					"rotation": ["-10+(math.sin(q.anim_time*90*4*2)*1+1)*4", 0, 0]
				},
				"leg_left": {
					"rotation": ["12+(math.sin(q.anim_time*90*4*2+90)*1+1)*2", 0, 0],
					"position": [0, "(math.sin(q.anim_time*90*4*2-90)*1+1)*0.3", 0]
				},
				"knee_left": {
					"rotation": ["-14-(math.sin(q.anim_time*90*4*2+90)*1+1)*8", 0, 0]
				},
				"foot_left": {
					"rotation": ["6.5+(math.sin(q.anim_time*90*4*2+90)*1+1)*8", 0, 0]
				},
				"toe_left1": {
					"rotation": ["-1-(math.sin(q.anim_time*90*4*2-90)*1+1)*4", 0, 0]
				},
				"toe_left2": {
					"rotation": ["-1-(math.sin(q.anim_time*90*4*2-90)*1+1)*4", 0, 0]
				},
				"toe_left3": {
					"rotation": ["-10+(math.sin(q.anim_time*90*4*2)*1+1)*4", 0, 0]
				},
				"finger_right2": {
					"rotation": [0, 0, -82.5]
				},
				"finger_left2": {
					"rotation": [0, 0, 82.5]
				}
			}
		},
		"animation.mankey.ground_walk": {
			"loop": true,
			"bones": {
				"body": {
					"rotation": [
						"5+(math.sin(q.anim_time*90*4*2-90-45)*1+1)*2-(math.clamp(math.sin(q.anim_time*90*4*2+90)*1,0.5,1)*1-0.5)*10",
						0,
						"math.clamp(math.sin(q.anim_time*90*4*1)*5,-4,4)+math.sin(q.anim_time*90*4*1)*4"
					],
					"position": [0, "math.sin(q.anim_time*90*4*2+90)*1+1+math.clamp((math.sin(q.anim_time*90*4*2+90)*1+0.5)*2,0,20)", "math.sin(q.anim_time*90*4*2)*1"]
				},
				"arm_right": {
					"rotation": [-90, 0, "10*(math.sin(q.anim_time*90*4*2)*1+1)"]
				},
				"forearm_right": {
					"rotation": [0, "-80+10*(math.sin(q.anim_time*90*4*2)*1+1)", 0]
				},
				"hand_right": {
					"rotation": ["-5+5*(math.sin(q.anim_time*90*4*2+45)*1+1)", -7.3011, -66.0241]
				},
				"finger_right1": {
					"rotation": [0, 10, -87.5]
				},
				"finger_right3": {
					"rotation": [0, -10, -85]
				},
				"arm_left": {
					"rotation": [-90, 0, "-10*(math.sin(q.anim_time*90*4*2)*1+1)"]
				},
				"forearm_left": {
					"rotation": [0, "80-10*(math.sin(q.anim_time*90*4*2)*1+1)", 0]
				},
				"hand_left": {
					"rotation": ["-5+5*(math.sin(q.anim_time*90*4*2+45)*1+1)", 7.30111, 66.02406]
				},
				"finger_left1": {
					"rotation": [0, -10, 87.5]
				},
				"finger_left3": {
					"rotation": [0, 10, 85]
				},
				"ear_right": {
					"rotation": ["(math.sin(q.anim_time*90*4*2+135)*1+1)*10", 0, 0]
				},
				"ear_left": {
					"rotation": ["(math.sin(q.anim_time*90*4*2+135)*1+1)*10", 0, 0]
				},
				"tail1": {
					"rotation": ["22.5+(math.sin(q.anim_time*90*4*2)*1+1)*4", "math.sin(q.anim_time*90*4*1+180)*20/2", "math.sin(q.anim_time*90*4*1+90)*20/2"]
				},
				"tail2": {
					"rotation": ["10+(math.sin(q.anim_time*90*4*2)*1+1)*4", "math.sin(q.anim_time*90*4*1-90*2)*10/2", 0]
				},
				"tail3": {
					"rotation": ["10+(math.sin(q.anim_time*90*4*2)*1+1)*4", "math.sin(q.anim_time*90*4*1)*10/2", 0]
				},
				"tail4": {
					"rotation": ["10+(math.sin(q.anim_time*90*4*2-90)*1+1)*4", "math.sin(q.anim_time*90*4*1)*5/2", 0]
				},
				"leg_right": {
					"rotation": [
						"math.clamp(math.sin(q.anim_time*90*4*1+180*1-90)*62,0,60)+math.clamp(math.sin(q.anim_time*90*4*1+180*1-90)*37,-40,30)",
						"math.clamp((math.sin(q.anim_time*90*4*1)*1-1)*10,-5,10)",
						"(math.sin(q.anim_time*90*4*1-90)*1+1)*-3"
					],
					"position": [0, "(math.sin(q.anim_time*90*4*2-90)*1+1)*0.3-2*(math.clamp(math.sin(q.anim_time*90*4*1+200)*1,0.75,1)*1-0.75)", 0]
				},
				"knee_right": {
					"rotation": [
						"-14-(math.sin(q.anim_time*90*4*2)*1+1)*10+(math.sin(q.anim_time*90*4*2-90)*1+1)*25-(math.clamp((math.sin(q.anim_time*90*4*1+145)*1)*1,0.8,1)*1-0.8)*90",
						0,
						0
					]
				},
				"foot_right": {
					"rotation": [
						"-(math.sin(q.anim_time*90*4*2-120)*1)*15",
						0,
						"math.clamp(10*(math.sin(q.anim_time*90*4*1)*1+2),0,20)-math.clamp(10*(math.sin(q.anim_time*90*4*1)*1+2),20,50)+20-50*(math.clamp(math.sin(q.anim_time*90*4*1-105)*1,0.85,1)*1-0.85)"
					]
				},
				"toe_right1": {
					"rotation": ["-10-(math.sin(q.anim_time*90*4*2-90)*1+1)*1+(math.clamp((math.sin(q.anim_time*90*4*1+240)*1)*1,0.8,1)*1-0.8)*10", 0, 0]
				},
				"toe_right2": {
					"rotation": ["-12.5-(math.sin(q.anim_time*90*4*2-90)*1+1)*1", 0, 0]
				},
				"toe_right3": {
					"rotation": ["-10-(math.sin(q.anim_time*90*4*2)*1-1)*5", 0, 0]
				},
				"leg_left": {
					"rotation": [
						"math.clamp(math.sin(q.anim_time*90*4*1+180*0-90)*62,0,60)+math.clamp(math.sin(q.anim_time*90*4*1+180*0-90)*37,-40,30)",
						"-1*math.clamp((math.sin(q.anim_time*90*4*1+180)*1-1)*10,-5,10)",
						"3*(math.sin(q.anim_time*90*4*1-90+180)*1+1)"
					],
					"position": [0, "(math.sin(q.anim_time*90*4*2-90+180*0)*1+1)*0.3-2*(math.clamp(math.sin(q.anim_time*90*4*1+200+180)*1,0.75,1)*1-0.75)", 0]
				},
				"knee_left": {
					"rotation": [
						"-14-(math.sin(q.anim_time*90*4*2+180*0)*1+1)*10+(math.sin(q.anim_time*90*4*2-90+180*0)*1+1)*25-(math.clamp((math.sin(q.anim_time*90*4*1+145+180)*1)*1,0.8,1)*1-0.8)*90",
						0,
						0
					]
				},
				"foot_left": {
					"rotation": [
						"-(math.sin(q.anim_time*90*4*2-120+180*0)*1)*15",
						0,
						"-1*(math.clamp(10*(math.sin(q.anim_time*90*4*1+180)*1+2),0,20)-math.clamp(10*(math.sin(q.anim_time*90*4*1+180)*1+2),20,50)+20-50*(math.clamp(math.sin(q.anim_time*90*4*1-105+180)*1,0.85,1)*1-0.85))"
					]
				},
				"toe_left1": {
					"rotation": ["-10-(math.sin(q.anim_time*90*4*2-90+180)*1+1)*1+(math.clamp((math.sin(q.anim_time*90*4*1+240+180)*1)*1,0.8,1)*1-0.8)*10", 0, 0]
				},
				"toe_left2": {
					"rotation": ["-10-(math.sin(q.anim_time*90*4*2-90+180)*1+1)*1+(math.clamp((math.sin(q.anim_time*90*4*1+240+180)*1)*1,0.8,1)*1-0.8)*10", 0, 0]
				},
				"toe_left3": {
					"rotation": ["-10-(math.sin(q.anim_time*90*4*2+180)*1-1)*5", 0, 0]
				},
				"mankey": {
					"position": [0, "-(math.clamp(math.sin(q.anim_time*90*4*2+90)*1,0.25,1)*1-0.25)*1", 0]
				},
				"finger_right2": {
					"rotation": [0, 0, -82.5]
				},
				"finger_left2": {
					"rotation": [0, 0, 82.5]
				}
			}
		},
		"animation.mankey.physical_attack": {
			"loop": "hold_on_last_frame",
			"animation_length": 3,
			"bones": {
				"body": {
					"rotation": {
						"0.0": [35, 0, 0],
						"0.15": [27.65, 0, 0],
						"0.35": [-16.43, 0, 0],
						"0.55": [2.5, 0, 0],
						"0.85": [19.56, 0, 0],
						"1.05": [14.56, 0, 0],
						"1.45": [-7.5, 0, 0],
						"1.55": [7.5, 0, 0],
						"1.6": [15, 0, 0],
						"1.7": [20, 0, 0],
						"2.2": [2.5, 0, 0],
						"2.55": [2.5, 0, 0],
						"2.7": [-12.5, 0, 0],
						"2.85": [0, 0, 0],
						"3.0": [17.5, 0, 0]
					},
					"position": {
						"0.0": [0, "(math.sin(q.anim_time*90*4*2+90)*1+1)*0.8+0.1", 0],
						"0.2": [0, "(math.sin(q.anim_time*90*4*2+90)*1+1)*0.8+1.1", 0],
						"0.35": [0, 0.15, 0],
						"0.55": [0, "(math.sin(q.anim_time*90*4*2+90)*1+1)*0.8-2.9", 0],
						"0.85": [0, -1.75, 0],
						"1.05": [0, -1.3, 0],
						"1.45": [0, "(math.sin(q.anim_time*90*4*2+90)*1+1)*0.8+0.1", 0],
						"1.6": [0, "(math.sin(q.anim_time*90*4*2+90)*1+1)*0.8+0.1", -1],
						"1.7": [0, "(math.sin(q.anim_time*90*4*2+90)*1+1)*0.8-0.3", -0.86],
						"1.8": [0, "(math.sin(q.anim_time*90*4*2+90)*1+1)*0.8-0.1", -0.76],
						"2.2": [0, "(math.sin(q.anim_time*90*4*2+90)*1+1)*0.8+0.1", 0],
						"2.55": [0, "(math.sin(q.anim_time*90*4*2+90)*1+1)*0.8-4.25", 2],
						"2.7": [0, "(math.sin(q.anim_time*90*4*2+90)*1+1)*0.8-1.15", 2]
					}
				},
				"arm_right": {
					"rotation": {
						"0.0": [-90, 0, "8*(math.sin(q.anim_time*90*4*2)*1+1)"],
						"0.55": [-90, 0, "8*(math.sin(q.anim_time*90*4*2)*1+1)"],
						"0.85": [-75.22113, -25.62314, -14.68484],
						"1.1": [-75.22113, -25.62314, -14.68484],
						"1.25": [-84.69517, -12.04177, -2.01058],
						"1.45": [-81.26262, 12.2403, "35.9388+8*(math.sin(q.anim_time*90*4*2)*1+1)"],
						"1.5": [-88.17364, 20.54679, "26.781+8*(math.sin(q.anim_time*90*4*2)*1+1)"],
						"1.55": [-92.22475, -12.62958, "27.1407+8*(math.sin(q.anim_time*90*4*2)*1+1)"],
						"1.6": [-70.83811, -49.5168, "-0.287+8*(math.sin(q.anim_time*90*4*2)*1+1)"],
						"1.7": [-24.15938, -78.31849, "-55.6854+8*(math.sin(q.anim_time*90*4*2)*1+1)"],
						"1.85": [13.88456, -79.02987, "-94.4284+8*(math.sin(q.anim_time*90*4*2)*1+1)"],
						"2.2": [-90, 0, "8*(math.sin(q.anim_time*90*4*2)*1+1)"]
					}
				},
				"forearm_right": {
					"rotation": {
						"0.0": [0, "-80+8*(math.sin(q.anim_time*90*4*2)*1+1)", 0],
						"0.55": [0, "-80+8*(math.sin(q.anim_time*90*4*2)*1+1)", 0],
						"0.85": [0, "-87.5+8*(math.sin(q.anim_time*90*4*2)*1+1)", 0],
						"1.1": [0, "-87.5+8*(math.sin(q.anim_time*90*4*2)*1+1)", 0],
						"1.25": [-3.98363, -71.79267, 6.28037],
						"1.45": [-2.54272, "-34.8889+8*(math.sin(q.anim_time*90*4*2)*1+1)", 5.60794],
						"1.55": [6.97233, "-33.8016+8*(math.sin(q.anim_time*90*4*2)*1+1)", -23.44173],
						"1.7": [11.50436, "-31.7854+8*(math.sin(q.anim_time*90*4*2)*1+1)", -36.58178],
						"1.8": [15.32703, "-30.042+8*(math.sin(q.anim_time*90*4*2)*1+1)", -44.81632],
						"1.85": [14.97841, "-25.2156+8*(math.sin(q.anim_time*90*4*2)*1+1)", -43.46411],
						"2.2": [0, "-80+8*(math.sin(q.anim_time*90*4*2)*1+1)", 0]
					}
				},
				"hand_right": {
					"rotation": {
						"0.0": ["-5+5*(math.sin(q.anim_time*90*4*2+45)*1+1)", -7.5, -65],
						"0.55": ["-5+5*(math.sin(q.anim_time*90*4*2+45)*1+1)", -7.5, -65],
						"1.45": ["-9.4767+5*(math.sin(q.anim_time*90*4*2+45)*1+1)", -2.12414, -15.08302],
						"2.2": ["-5+5*(math.sin(q.anim_time*90*4*2+45)*1+1)", -7.5, -65]
					}
				},
				"finger_right1": {
					"rotation": {
						"0.0": [0, 10, -87.5],
						"0.55": [0, 10, -87.5],
						"1.45": [10.1529, 14.03947, -5.16354],
						"2.2": [0, 10, -87.5]
					}
				},
				"finger_right3": {
					"rotation": {
						"0.0": [0, -10, -85],
						"0.55": [0, -10, -85],
						"1.45": [-10.27394, -16.49987, -2.20407],
						"2.2": [0, -10, -85]
					}
				},
				"arm_left": {
					"rotation": {
						"0.0": [-90, 0, "-8*(math.sin(q.anim_time*90*4*2)*1+1)"],
						"0.55": [-90, 0, "-8*(math.sin(q.anim_time*90*4*2)*1+1)"],
						"0.85": [-67.38793, 19.47853, 18.32462],
						"1.1": [-67.38793, 19.47853, 18.32462],
						"1.25": [-76.94219, 5.37986, -0.10599],
						"1.45": [-87.6592, -10.29537, "-35.0631-8*(math.sin(q.anim_time*90*4*2)*1+1)"],
						"1.5": [-86.77133, -15.21228, "-32.7444-8*(math.sin(q.anim_time*90*4*2)*1+1)"],
						"1.55": [-92.25209, 19.27052, "-35.2273-8*(math.sin(q.anim_time*90*4*2)*1+1)"],
						"1.6": [-75.62483, 61.45841, "-13.5529-8*(math.sin(q.anim_time*90*4*2)*1+1)"],
						"1.7": [-22.11969, 82.64325, "41.4733-8*(math.sin(q.anim_time*90*4*2)*1+1)"],
						"1.85": [39.54, 81.72024, "98.5796-8*(math.sin(q.anim_time*90*4*2)*1+1)"],
						"2.2": [-90, 0, "-8*(math.sin(q.anim_time*90*4*2)*1+1)"]
					}
				},
				"forearm_left": {
					"rotation": {
						"0.0": [0, "80-8*(math.sin(q.anim_time*90*4*2)*1+1)", 0],
						"0.55": [0, "80-8*(math.sin(q.anim_time*90*4*2)*1+1)", 0],
						"0.85": [0, "85-8*(math.sin(q.anim_time*90*4*2)*1+1)", 0],
						"1.1": [0, "85-8*(math.sin(q.anim_time*90*4*2)*1+1)", 0],
						"1.25": [-7.69071, 69.25576, -15.20291],
						"1.45": [-5.23667, "26.81-8*(math.sin(q.anim_time*90*4*2)*1+1)", -15.86799],
						"1.55": [0.05602, "27.9593-8*(math.sin(q.anim_time*90*4*2)*1+1)", 9.65196],
						"1.7": [25.88395, "25.4954-8*(math.sin(q.anim_time*90*4*2)*1+1)", 43.08602],
						"2.2": [0, "80-8*(math.sin(q.anim_time*90*4*2)*1+1)", 0]
					}
				},
				"hand_left": {
					"rotation": {
						"0.0": ["-5+5*(math.sin(q.anim_time*90*4*2+45)*1+1)", 7.25, 65],
						"0.55": ["-5+5*(math.sin(q.anim_time*90*4*2+45)*1+1)", 7.25, 65],
						"1.45": ["-9.473+5*(math.sin(q.anim_time*90*4*2+45)*1+1)", 0.92901, 7.65902],
						"2.2": ["-5+5*(math.sin(q.anim_time*90*4*2+45)*1+1)", 7.25, 65]
					}
				},
				"finger_left1": {
					"rotation": {
						"0.0": [0, -10, 87.5],
						"0.55": [0, -10, 87.5],
						"1.45": [0.13498, -14.01133, 11.29304],
						"2.2": [0, -10, 87.5]
					}
				},
				"finger_left3": {
					"rotation": {
						"0.0": [0, 10, 85],
						"0.55": [0, 10, 85],
						"1.45": [-0.75845, 13.99184, 6.21655],
						"2.2": [0, 10, 85]
					}
				},
				"ear_right": {
					"rotation": {
						"0.0": ["(math.sin(q.anim_time*90*4*2+135)*1+1)*8", 0, 0],
						"0.55": ["(math.sin(q.anim_time*90*4*2+135)*1+1)*8", 0, 0],
						"1.45": ["12.3922+(math.sin(q.anim_time*90*4*2+135)*1+1)*8", -2.4798, -0.33497],
						"1.65": ["-12.5445+(math.sin(q.anim_time*90*4*2+135)*1+1)*8", -4.97038, -0.10901],
						"2.2": ["(math.sin(q.anim_time*90*4*2+135)*1+1)*8", 0, 0]
					}
				},
				"ear_left": {
					"rotation": {
						"0.0": ["(math.sin(q.anim_time*90*4*2+135)*1+1)*8", 0, 0],
						"0.55": ["(math.sin(q.anim_time*90*4*2+135)*1+1)*8", 0, 0],
						"1.45": ["12.3558+(math.sin(q.anim_time*90*4*2+135)*1+1)*8", 2.46375, 0.44807],
						"1.65": ["-17.4862+(math.sin(q.anim_time*90*4*2+135)*1+1)*8", 4.90482, -0.11421],
						"2.2": ["(math.sin(q.anim_time*90*4*2+135)*1+1)*8", 0, 0]
					}
				},
				"tail1": {
					"rotation": {
						"0.0": ["7.5+(math.sin(q.anim_time*90*4*2)*1+1)*4", "math.sin(q.anim_time*90*4*1+90)*20", "math.sin(q.anim_time*90*4*1+90)*20"],
						"0.2": [-5.0125, 6.18034, "math.sin(q.anim_time*90*4*1+90)*20"],
						"0.55": ["45+(math.sin(q.anim_time*90*4*2)*1+1)*4", "math.sin(q.anim_time*90*4*1+90)*20", "math.sin(q.anim_time*90*4*1+90)*20"],
						"0.65": ["57.5+(math.sin(q.anim_time*90*4*2)*1+1)*4", "0+math.sin(q.anim_time*90*4*1+90)*20", "0+math.sin(q.anim_time*90*4*1+90)*20"],
						"1.45": [27.97698, 6.18034, 6.18034],
						"2.2": ["45+(math.sin(q.anim_time*90*4*2)*1+1)*4", "math.sin(q.anim_time*90*4*1+90)*20", "math.sin(q.anim_time*90*4*1+90)*20"],
						"2.55": ["45+(math.sin(q.anim_time*90*4*2)*1+1)*4", "math.sin(q.anim_time*90*4*1+90)*20", "math.sin(q.anim_time*90*4*1+90)*20"],
						"2.7": ["62.5+(math.sin(q.anim_time*90*4*2)*1+1)*4", "0+math.sin(q.anim_time*90*4*1+90)*20", "0+math.sin(q.anim_time*90*4*1+90)*20"]
					}
				},
				"tail2": {
					"rotation": {
						"0.0": ["10+(math.sin(q.anim_time*90*4*2)*1+1)*4", "math.sin(q.anim_time*90*4*1-90)*10", 0],
						"0.55": ["10+(math.sin(q.anim_time*90*4*2)*1+1)*4", "math.sin(q.anim_time*90*4*1-90)*10", 0],
						"2.2": ["10+(math.sin(q.anim_time*90*4*2)*1+1)*4", "math.sin(q.anim_time*90*4*1-90)*10", 0]
					}
				},
				"tail3": {
					"rotation": {
						"0.0": ["10+(math.sin(q.anim_time*90*4*2)*1+1)*4", "math.sin(q.anim_time*90*4*1)*10", 0],
						"0.55": ["10+(math.sin(q.anim_time*90*4*2)*1+1)*4", "math.sin(q.anim_time*90*4*1)*10", 0],
						"2.2": ["10+(math.sin(q.anim_time*90*4*2)*1+1)*4", "math.sin(q.anim_time*90*4*1)*10", 0]
					}
				},
				"tail4": {
					"rotation": {
						"0.0": ["10+(math.sin(q.anim_time*90*4*2-90)*1+1)*4", "math.sin(q.anim_time*90*4*1)*5", 0],
						"0.55": ["10+(math.sin(q.anim_time*90*4*2-90)*1+1)*4", "math.sin(q.anim_time*90*4*1)*5", 0],
						"2.2": ["10+(math.sin(q.anim_time*90*4*2-90)*1+1)*4", "math.sin(q.anim_time*90*4*1)*5", 0]
					}
				},
				"leg_right": {
					"rotation": {
						"0.0": ["29.305+(math.sin(q.anim_time*90*4*2+90)*1+1)*2", 1.00785, -0.73338],
						"0.15": [-4.08576, 1.00785, -0.73338],
						"0.35": [-10.4494, 1.00785, -0.73338],
						"0.55": ["-33.195+(math.sin(q.anim_time*90*4*2+90)*1+1)*2", 1.00785, -0.73338],
						"0.85": [-39.13656, 1.00785, -0.73338],
						"1.0": [-35.63656, 1.00785, -0.73338],
						"1.1": [-29.13656, 1.00785, -0.73338],
						"1.45": ["21.805+(math.sin(q.anim_time*90*4*2+90)*1+1)*2", 1.00785, -0.73338],
						"1.55": ["6.805+(math.sin(q.anim_time*90*4*2+90)*1+1)*2", 1.00785, -0.73338],
						"2.2": ["11.805+(math.sin(q.anim_time*90*4*2+90)*1+1)*2", 1.00785, -0.73338],
						"2.55": ["-55.695+(math.sin(q.anim_time*90*4*2+90)*1+1)*2", 1.00785, -0.73338],
						"2.65": ["-13.195+(math.sin(q.anim_time*90*4*2+90)*1+1)*2", 1.00785, -0.73338],
						"3.0": [60.67303, 1.00785, -0.73338]
					},
					"position": {
						"0.0": [0, "(math.sin(q.anim_time*90*4*2-90)*1+1)*0.3", 0],
						"0.55": [0, "(math.sin(q.anim_time*90*4*2-90)*1+1)*0.3", 0],
						"0.85": [0, "(math.sin(q.anim_time*90*4*2-90)*1+1)*0.3", 0],
						"1.1": [0, "(math.sin(q.anim_time*90*4*2-90)*1+1)*0.3", 0],
						"2.2": [0, "(math.sin(q.anim_time*90*4*2-90)*1+1)*0.3", 0],
						"2.65": [0, "0+(math.sin(q.anim_time*90*4*2-90)*1+1)*0.3", 0]
					}
				},
				"knee_right": {
					"rotation": {
						"0.0": ["-14-(math.sin(q.anim_time*90*4*2+90)*1+1)*8", 0, 0],
						"0.15": ["38.5-(math.sin(q.anim_time*90*4*2+90)*1+1)*8", 0, 0],
						"0.35": [-38.28, 0, 0],
						"0.55": ["56-(math.sin(q.anim_time*90*4*2+90)*1+1)*8", 0, 0],
						"0.85": [30.39, 0, 0],
						"1.1": [25.39, 0, 0],
						"1.45": ["-21.5-(math.sin(q.anim_time*90*4*2+90)*1+1)*8", 0, 0],
						"1.6": ["-29-(math.sin(q.anim_time*90*4*2+90)*1+1)*8", 0, 0],
						"1.7": ["-36.5-(math.sin(q.anim_time*90*4*2+90)*1+1)*8", 0, 0],
						"2.2": ["-14-(math.sin(q.anim_time*90*4*2+90)*1+1)*8", 0, 0],
						"2.55": ["66-(math.sin(q.anim_time*90*4*2+90)*1+1)*8", 0, 0],
						"2.65": ["-29-(math.sin(q.anim_time*90*4*2+90)*1+1)*8", 0, 0],
						"2.85": ["31-(math.sin(q.anim_time*90*4*2+90)*1+1)*8", 0, 0],
						"3.0": ["-6.5-(math.sin(q.anim_time*90*4*2+90)*1+1)*8", 0, 0]
					},
					"position": [0, 0, 0]
				},
				"foot_right": {
					"rotation": {
						"0.0": ["36.5+(math.sin(q.anim_time*90*4*2+90)*1+1)*8", 0, 0],
						"0.15": [-16.15, 0, 0],
						"0.35": [40.44, 0, 0],
						"0.55": ["-28.5+(math.sin(q.anim_time*90*4*2+90)*1+1)*8", 0, 0],
						"0.85": [-5.47, 0, 0],
						"1.1": [-5.47, 0, 0],
						"1.45": ["16.5+(math.sin(q.anim_time*90*4*2+90)*1+1)*8", 0, 0],
						"2.2": ["6.5+(math.sin(q.anim_time*90*4*2+90)*1+1)*8", 0, 0],
						"2.55": ["-11+(math.sin(q.anim_time*90*4*2+90)*1+1)*8", 0, 0],
						"2.65": ["46.5+(math.sin(q.anim_time*90*4*2+90)*1+1)*8", 0, 0],
						"2.85": [-43.26, 0, 0],
						"3.0": [-23.03, 0, 0]
					}
				},
				"toe_right1": {
					"rotation": {
						"0.0": ["-1-(math.sin(q.anim_time*90*4*2-90)*1+1)*4", 0, 0],
						"0.55": ["-1-(math.sin(q.anim_time*90*4*2-90)*1+1)*4", 0, 0]
					}
				},
				"toe_right2": {
					"rotation": {
						"0.0": ["-1-(math.sin(q.anim_time*90*4*2-90)*1+1)*4", 0, 0],
						"0.55": ["-1-(math.sin(q.anim_time*90*4*2-90)*1+1)*4", 0, 0]
					}
				},
				"toe_right3": {
					"rotation": {
						"0.0": ["-10+(math.sin(q.anim_time*90*4*2)*1+1)*4", 0, 0],
						"0.55": ["-10+(math.sin(q.anim_time*90*4*2)*1+1)*4", 0, 0],
						"2.2": ["-10+(math.sin(q.anim_time*90*4*2)*1+1)*4", 0, 0]
					}
				},
				"leg_left": {
					"rotation": {
						"0.0": ["-43+(math.sin(q.anim_time*90*4*2+90)*1+1)*2", 0, 0],
						"0.35": [-16.62, 0, 0],
						"0.55": ["-25.5+(math.sin(q.anim_time*90*4*2+90)*1+1)*2", 0, 0],
						"0.85": [-32.18, 0, 0],
						"1.0": [-27.68, 0, 0],
						"1.1": [-24.68, 0, 0],
						"1.45": ["27+(math.sin(q.anim_time*90*4*2+90)*1+1)*2", 0, 0],
						"1.55": ["7+(math.sin(q.anim_time*90*4*2+90)*1+1)*2", 0, 0],
						"2.2": ["12+(math.sin(q.anim_time*90*4*2+90)*1+1)*2", 0, 0],
						"2.55": ["-53+(math.sin(q.anim_time*90*4*2+90)*1+1)*2", 0, 0],
						"2.65": ["-18+(math.sin(q.anim_time*90*4*2+90)*1+1)*2", 0, 0]
					},
					"position": {
						"0.0": [0, "(math.sin(q.anim_time*90*4*2-90)*1+1)*0.3", 0],
						"0.55": [0, "(math.sin(q.anim_time*90*4*2-90)*1+1)*0.3", 0],
						"2.2": [0, "(math.sin(q.anim_time*90*4*2-90)*1+1)*0.3", 0]
					}
				},
				"knee_left": {
					"rotation": {
						"0.0": ["41-(math.sin(q.anim_time*90*4*2+90)*1+1)*8", 0, 0],
						"0.35": [-37.03, 0, 0],
						"0.55": ["53.5-(math.sin(q.anim_time*90*4*2+90)*1+1)*8", 0, 0],
						"0.85": [23.22, 0, 0],
						"0.95": [29.22, 0, 0],
						"1.1": [25.72, 0, 0],
						"1.45": [-27.19, 0, 0],
						"1.6": ["-21.5-(math.sin(q.anim_time*90*4*2+90)*1+1)*8", 0, 0],
						"1.7": ["-29-(math.sin(q.anim_time*90*4*2+90)*1+1)*8", 0, 0],
						"2.2": ["-14-(math.sin(q.anim_time*90*4*2+90)*1+1)*8", 0, 0],
						"2.55": ["68.5-(math.sin(q.anim_time*90*4*2+90)*1+1)*8", 0, 0],
						"2.65": ["-16.5-(math.sin(q.anim_time*90*4*2+90)*1+1)*8", 0, 0],
						"3.0": [27.4, 0, 0]
					}
				},
				"foot_left": {
					"rotation": {
						"0.0": ["54+(math.sin(q.anim_time*90*4*2+90)*1+1)*8", 0, 0],
						"0.35": [56.8, 0, 0],
						"0.55": ["-33.5+(math.sin(q.anim_time*90*4*2+90)*1+1)*8", 0, 0],
						"0.85": [-7.14, 0, 0],
						"0.95": [-12.44, 0, 0],
						"1.1": [-7.9, 0, 0],
						"1.45": ["4+(math.sin(q.anim_time*90*4*2+90)*1+1)*8", 0, 0],
						"2.2": ["6.5+(math.sin(q.anim_time*90*4*2+90)*1+1)*8", 0, 0],
						"2.55": ["-16+(math.sin(q.anim_time*90*4*2+90)*1+1)*8", 0, 0],
						"2.65": ["41.5+(math.sin(q.anim_time*90*4*2+90)*1+1)*8", 0, 0],
						"3.0": [-11.15, 0, 0]
					}
				},
				"toe_left1": {
					"rotation": {
						"0.0": ["-1-(math.sin(q.anim_time*90*4*2-90)*1+1)*4", 0, 0],
						"0.55": ["-1-(math.sin(q.anim_time*90*4*2-90)*1+1)*4", 0, 0]
					}
				},
				"toe_left2": {
					"rotation": {
						"0.0": ["-1-(math.sin(q.anim_time*90*4*2-90)*1+1)*4", 0, 0],
						"0.55": ["-1-(math.sin(q.anim_time*90*4*2-90)*1+1)*4", 0, 0]
					}
				},
				"toe_left3": {
					"rotation": {
						"0.0": ["-10+(math.sin(q.anim_time*90*4*2)*1+1)*4", 0, 0],
						"0.55": ["-10+(math.sin(q.anim_time*90*4*2)*1+1)*4", 0, 0],
						"2.2": ["-10+(math.sin(q.anim_time*90*4*2)*1+1)*4", 0, 0]
					}
				},
				"finger_right2": {
					"rotation": {
						"0.0": [0, 0, -82.5],
						"0.55": [0, 0, -82.5],
						"1.45": [0, 0, -5],
						"2.2": [0, 0, -82.5]
					}
				},
				"finger_left2": {
					"rotation": {
						"0.0": [0, 0, 82.5],
						"0.55": [0, 0, 82.5],
						"1.45": [0, 0, 20],
						"2.2": [0, 0, 82.5]
					}
				}
			}
		},
		"animation.mankey.faint": {
			"animation_length": 3,
			"bones": {
				"body": {
					"rotation": {
						"0.0": [17.5, 0, 0],
						"0.1": [2.5, 0, 0],
						"0.15": [0, 0, 0],
						"0.3": [0, 12.5, 0],
						"0.4": [8.63958, 15.81028, -5.11795],
						"0.8": [16.13958, 15.81028, -5.11795],
						"0.85": [22.94281, 16.49072, -7.62245],
						"0.95": [2.94281, 16.49072, -7.62245],
						"1.1": [27.94281, 16.49072, -7.62245],
						"1.25": [95.44281, 16.49072, -7.62245],
						"1.35": [100.62805, 17.0895, -6.12365],
						"1.5": [103.23219, 17.3395, -5.35283],
						"1.65": [88.00915, 15.72935, 5.63008],
						"1.75": [91.59169, 15.93019, 0.43704]
					},
					"position": {
						"0.0": [0, "(math.sin(q.anim_time*90*4*2+90)*1+1)*0.8-3.1", -1.75],
						"0.1": [0, "(math.sin(q.anim_time*90*4*2+90)*1+1)*0.8-3.35", 0],
						"0.15": [0, "(math.sin(q.anim_time*90*4*2+90)*1+1)*0.8-0.1", 1],
						"0.2": [0, "(math.sin(q.anim_time*90*4*2+90)*1+1)*0.8+1.9", 4],
						"0.25": [0, "(math.sin(q.anim_time*90*4*2+90)*1+1)*0.8-0.1", 7],
						"0.3": [0, "(math.sin(q.anim_time*90*4*2+90)*1+1)*0.8-1.6", 8.25],
						"0.4": [0, "(math.sin(q.anim_time*90*4*2+90)*1+1)*0.8-1.85", 9.25],
						"0.8": [0, "(math.sin(q.anim_time*90*4*2+90)*1+1)*0.8-1.85", 9.25],
						"0.85": [-1, "(math.sin(q.anim_time*90*4*2+90)*1+1)*0.8-0.85", 7.5],
						"0.9": [-1.5, "(math.sin(q.anim_time*90*4*2+90)*1+1)*0.8+3.25", 6.25],
						"0.95": [-1.5, "(math.sin(q.anim_time*90*4*2+90)*1+1)*0.8+4.825", 4.25],
						"1.0": [-1.5, "(math.sin(q.anim_time*90*4*2+90)*1+1)*0.8+5.075", 1.25],
						"1.05": [-1.5, "(math.sin(q.anim_time*90*4*2+90)*1+1)*0.8+4.325", -0.25],
						"1.1": [-1.5, "(math.sin(q.anim_time*90*4*2+90)*1+1)*0.8+2.65", -2.5],
						"1.25": [-1.5, -7, -6.5],
						"1.3": [-1.75, -6.25, -7],
						"1.35": [-2, -6.5, -7.75]
					}
				},
				"arm_right": {
					"rotation": {
						"0.0": [-90, -80, "8*(math.sin(q.anim_time*90*4*2)*1+1)"],
						"0.1": [-5.14713, -63.19404, "-69.5752+8*(math.sin(q.anim_time*90*4*2)*1+1)"],
						"0.2": [-2.2256, -25.93078, "-28.1235+8*(math.sin(q.anim_time*90*4*2)*1+1)"],
						"0.3": [5.05411, -12.63512, "-59.4211+8*(math.sin(q.anim_time*90*4*2)*1+1)"],
						"0.85": [5.00432, 9.78045, "-57.4604+8*(math.sin(q.anim_time*90*4*2)*1+1)"],
						"0.95": [-18.29482, 46.84235, "-12.8692+8*(math.sin(q.anim_time*90*4*2)*1+1)"],
						"1.05": [-22.71575, 56.21861, "-18.4953+8*(math.sin(q.anim_time*90*4*2)*1+1)"],
						"1.15": [-18.58769, -47.65426, "14.6486+8*(math.sin(q.anim_time*90*4*2)*1+1)"],
						"1.2": [-13.03884, 17.88012, "-3.3768+8*(math.sin(q.anim_time*90*4*2)*1+1)"],
						"1.25": [-28.22517, 62.99927, "-24.8696+8*(math.sin(q.anim_time*90*4*2)*1+1)"],
						"1.4": [-20.20612, 51.56377, "-15.3918+8*(math.sin(q.anim_time*90*4*2)*1+1)"],
						"1.5": [-20.21, 51.56, "-15.3918+8*(math.sin(q.anim_time*90*4*2)*1+1)"],
						"1.65": [-13.23891, 20.3115, "-3.9763+8*(math.sin(q.anim_time*90*4*2)*1+1)"],
						"1.7": [-37.04614, 13.47345, -6.76234],
						"1.8": [-79.55907, -27.77113, -47.52265],
						"1.85": [-74.85891, -18.7481, -49.38537]
					}
				},
				"forearm_right": {
					"rotation": {
						"0.0": [0, "-80+8*(math.sin(q.anim_time*90*4*2)*1+1)", 0],
						"0.1": [0, "-80+8*(math.sin(q.anim_time*90*4*2)*1+1)", 0],
						"0.2": [0, "-80+8*(math.sin(q.anim_time*90*4*2)*1+1)", 0],
						"0.3": [0, "-92.5+8*(math.sin(q.anim_time*90*4*2)*1+1)", 0],
						"0.4": [0, "-100+8*(math.sin(q.anim_time*90*4*2)*1+1)", 0],
						"0.85": [0, "-77.5+8*(math.sin(q.anim_time*90*4*2)*1+1)", 0],
						"1.0": [0, "-115+8*(math.sin(q.anim_time*90*4*2)*1+1)", 0],
						"1.15": [0, "-27.5+8*(math.sin(q.anim_time*90*4*2)*1+1)", 0],
						"1.2": [0, "-97.5+8*(math.sin(q.anim_time*90*4*2)*1+1)", 0],
						"1.25": [0, "-150+8*(math.sin(q.anim_time*90*4*2)*1+1)", 0],
						"1.5": [0, "-150+8*(math.sin(q.anim_time*90*4*2)*1+1)", 0],
						"1.65": [0, -127.5, 0]
					},
					"position": {
						"0.0": [0, 0, 0],
						"1.15": [0, 0, 0],
						"1.2": [0.23659, 0.24623, -1.22817],
						"1.25": [-1.20132, 0.08736, -1.61227]
					}
				},
				"hand_right": {
					"rotation": {
						"0.0": ["-5+5*(math.sin(q.anim_time*90*4*2+45)*1+1)", -7.5, -65],
						"1.0": ["-5+5*(math.sin(q.anim_time*90*4*2+45)*1+1)", -7.5, -65],
						"1.1": ["-10.5122+5*(math.sin(q.anim_time*90*4*2+45)*1+1)", -31.17846, 2.70066],
						"1.15": ["-5.6001+5*(math.sin(q.anim_time*90*4*2+45)*1+1)", 7.67001, 31.90734],
						"1.2": ["-0.6525+5*(math.sin(q.anim_time*90*4*2+45)*1+1)", 7.9201, 67.2436],
						"1.45": ["-8.0152+5*(math.sin(q.anim_time*90*4*2+45)*1+1)", 2.99429, 94.43303],
						"1.65": ["10.2929+5*(math.sin(q.anim_time*90*4*2+45)*1+1)", 8.556, 77.7468],
						"1.75": [25.41832, 7.5136, 22.66364],
						"1.85": [31.56419, 8.13854, -9.95893]
					}
				},
				"finger_right1": {
					"rotation": {
						"0.0": [0, 10, -87.5],
						"1.0": [0, 10, -87.5],
						"1.1": [7.40702, 6.73717, -39.56341],
						"1.2": [9.91615, 1.29876, -4.88733]
					}
				},
				"finger_right3": {
					"rotation": {
						"0.0": [0, -10, -85],
						"1.0": [0, -10, -85],
						"1.1": [-9.85108, -1.72794, -4.85108],
						"1.25": [-9.76758, 2.15393, 17.31594]
					}
				},
				"arm_left": {
					"rotation": {
						"0.0": [-90, 70, "0-8*(math.sin(q.anim_time*90*4*2)*1+1)"],
						"0.1": [-38.24671, 56.46179, "56.6947-8*(math.sin(q.anim_time*90*4*2)*1+1)"],
						"0.2": [41.04251, 51.82054, "91.3547-8*(math.sin(q.anim_time*90*4*2)*1+1)"],
						"0.25": [-7.33363, 61.02999, "78.5893-8*(math.sin(q.anim_time*90*4*2)*1+1)"],
						"0.3": [-1.50652, 53.83468, "53.4291-8*(math.sin(q.anim_time*90*4*2)*1+1)"],
						"0.4": [51.62982, 46.47031, "72.4967-8*(math.sin(q.anim_time*90*4*2)*1+1)"],
						"0.95": [59.74716, 31.94383, "85.2042-8*(math.sin(q.anim_time*90*4*2)*1+1)"],
						"1.05": [8.75753, 64.36952, "22.0499-8*(math.sin(q.anim_time*90*4*2)*1+1)"],
						"1.1": [25.7373, 81.27662, "39.62-8*(math.sin(q.anim_time*90*4*2)*1+1)"],
						"1.15": [16.53741, 52.95333, "31.8702-8*(math.sin(q.anim_time*90*4*2)*1+1)"],
						"1.2": [3.82896, 9.61273, "14.7801-8*(math.sin(q.anim_time*90*4*2)*1+1)"],
						"1.25": [4.62601, -35.27797, "11.464-8*(math.sin(q.anim_time*90*4*2)*1+1)"],
						"1.35": [3.61717, -27.94622, "10.6704-8*(math.sin(q.anim_time*90*4*2)*1+1)"],
						"1.65": [8.08851, -42.27607, "9.0423-8*(math.sin(q.anim_time*90*4*2)*1+1)"],
						"1.7": [-23.09788, -32.05425, 9.01082],
						"1.75": [-59.16508, -17.98631, 25.99551],
						"1.8": [-97.64673, 25.65389, 49.2314],
						"1.85": [-83.46423, 21.31504, 46.9093]
					}
				},
				"forearm_left": {
					"rotation": {
						"0.0": [0, "80-8*(math.sin(q.anim_time*90*4*2)*1+1)", 0],
						"0.1": [0, "80-8*(math.sin(q.anim_time*90*4*2)*1+1)", 0],
						"0.2": [0, "27.5-8*(math.sin(q.anim_time*90*4*2)*1+1)", 0],
						"0.3": [0, "60-8*(math.sin(q.anim_time*90*4*2)*1+1)", 0],
						"1.05": [0, "50-8*(math.sin(q.anim_time*90*4*2)*1+1)", 0],
						"1.1": [0, "12.5-8*(math.sin(q.anim_time*90*4*2)*1+1)", 0],
						"1.2": [0, "90-8*(math.sin(q.anim_time*90*4*2)*1+1)", 0],
						"1.25": [0, "135-8*(math.sin(q.anim_time*90*4*2)*1+1)", 0],
						"1.5": [0, "135-8*(math.sin(q.anim_time*90*4*2)*1+1)", 0],
						"1.55": [0, 120, 0]
					},
					"position": {
						"0.0": [0, 0, 0],
						"1.2": [0, 0, 0],
						"1.25": [1.41468, -0.14665, -1.40612]
					}
				},
				"hand_left": {
					"rotation": {
						"0.0": ["-5+5*(math.sin(q.anim_time*90*4*2+45)*1+1)", 7.25, 65],
						"1.0": ["-5+5*(math.sin(q.anim_time*90*4*2+45)*1+1)", 7.25, 65],
						"1.1": ["-8.7179+5*(math.sin(q.anim_time*90*4*2+45)*1+1)", -1.37873, 0.41741],
						"1.15": ["13.7122+5*(math.sin(q.anim_time*90*4*2+45)*1+1)", -7.63089, -56.96477],
						"1.2": ["4.9365+5*(math.sin(q.anim_time*90*4*2+45)*1+1)", -6.39963, -66.96392],
						"1.25": ["6.2084+5*(math.sin(q.anim_time*90*4*2+45)*1+1)", -3.42991, -81.72326],
						"1.35": ["8.9882+5*(math.sin(q.anim_time*90*4*2+45)*1+1)", -7.75491, -93.24921],
						"1.5": ["-10.6748+5*(math.sin(q.anim_time*90*4*2+45)*1+1)", -3.61, -91.74],
						"1.6": [-3.34881, -2.73541, -90.8403],
						"1.7": ["-15.5889+5*(math.sin(q.anim_time*90*4*2+45)*1+1)", -0.94044, -74.95449],
						"1.8": [22.6653, -24.421, 11.92524]
					},
					"position": {
						"0.0": [0, 0, 0],
						"1.2": [0, 0, 0],
						"1.25": [0.16599, -0.98276, -0.08142],
						"1.6": [0.17, -0.98, -0.08],
						"1.7": [-0.73856, -0.628, 0.14498],
						"1.8": [-0.61215, 0.05021, -0.14892]
					}
				},
				"finger_left1": {
					"rotation": {
						"0.0": [0, -10, 87.5],
						"1.0": [0, -10, 87.5],
						"1.1": [9.96271, -0.86717, 2.42442],
						"1.6": [13.85117, -2.81375, -12.06044]
					}
				},
				"finger_left3": {
					"rotation": {
						"0.0": [0, 10, 85],
						"1.0": [0, 10, 85],
						"1.1": [-9.85108, -1.72794, -14.85108]
					}
				},
				"ear_right": {
					"rotation": {
						"0.0": ["(math.sin(q.anim_time*90*4*2+135)*1+1)*8", 0, 0],
						"0.2": ["32.5+(math.sin(q.anim_time*90*4*2+135)*1+1)*8", 0, 0],
						"0.35": [-5.74, 0, 0],
						"0.45": ["(math.sin(q.anim_time*90*4*2+135)*1+1)*8", 0, 0],
						"0.85": ["(math.sin(q.anim_time*90*4*2+135)*1+1)*8", 0, 0],
						"1.0": ["-40+(math.sin(q.anim_time*90*4*2+135)*1+1)*8", 0, 0],
						"1.2": ["(math.sin(q.anim_time*90*4*2+135)*1+1)*8", 0, 0],
						"1.25": [12.5, 0, 0]
					}
				},
				"ear_left": {
					"rotation": {
						"0.0": ["(math.sin(q.anim_time*90*4*2+135)*1+1)*8", 0, 0],
						"0.2": ["35+(math.sin(q.anim_time*90*4*2+135)*1+1)*8", 0, 0],
						"0.35": [-10.87, 0, 0],
						"0.45": ["(math.sin(q.anim_time*90*4*2+135)*1+1)*8", 0, 0],
						"0.85": ["(math.sin(q.anim_time*90*4*2+135)*1+1)*8", 0, 0],
						"1.0": ["-20+(math.sin(q.anim_time*90*4*2+135)*1+1)*8", 0, 0],
						"1.25": ["32.5+(math.sin(q.anim_time*90*4*2+135)*1+1)*8", 0, 0],
						"1.3": [0, 0, 0]
					}
				},
				"tail1": {
					"rotation": {
						"0.0": ["45+(math.sin(q.anim_time*90*4*2)*1+1)*4", "math.sin(q.anim_time*90*4*1+90)*20", "math.sin(q.anim_time*90*4*1+90)*20"],
						"0.2": ["59.8965+(math.sin(q.anim_time*90*4*2)*1+1)*4", "-1.94+math.sin(q.anim_time*90*4*1+90)*20", "2.4568+math.sin(q.anim_time*90*4*1+90)*20"],
						"0.4": ["22.2008+(math.sin(q.anim_time*90*4*2)*1+1)*4", "-13.8205+math.sin(q.anim_time*90*4*1+90)*20", "8.4974+math.sin(q.anim_time*90*4*1+90)*20"],
						"0.45": ["45+(math.sin(q.anim_time*90*4*2)*1+1)*4", "math.sin(q.anim_time*90*4*1+90)*20", "math.sin(q.anim_time*90*4*1+90)*20"],
						"0.65": ["45+(math.sin(q.anim_time*90*4*2)*1+1)*4", "math.sin(q.anim_time*90*4*1+90)*20", "math.sin(q.anim_time*90*4*1+90)*20"],
						"0.85": ["45+(math.sin(q.anim_time*90*4*2)*1+1)*4", "math.sin(q.anim_time*90*4*1+90)*20", "math.sin(q.anim_time*90*4*1+90)*20"],
						"0.95": ["16.9608+(math.sin(q.anim_time*90*4*2)*1+1)*4", "0.7783+math.sin(q.anim_time*90*4*1+90)*20", "-17.1635+math.sin(q.anim_time*90*4*1+90)*20"],
						"1.25": ["16.9608+(math.sin(q.anim_time*90*4*2)*1+1)*4", "0.7783+math.sin(q.anim_time*90*4*1+90)*20", "-17.1635+math.sin(q.anim_time*90*4*1+90)*20"],
						"1.35": ["47.0693+(math.sin(q.anim_time*90*4*2)*1+1)*4", "33.9395+math.sin(q.anim_time*90*4*1+90)*20", "-21.548+math.sin(q.anim_time*90*4*1+90)*20"],
						"1.55": ["47.0693+(math.sin(q.anim_time*90*4*2)*1+1)*4", "33.9395+math.sin(q.anim_time*90*4*1+90)*20", "-21.548+math.sin(q.anim_time*90*4*1+90)*20"],
						"2.2": [-110.9502, 28.8923, -21.9855],
						"2.35": [-120.9502, 28.8923, -21.9855]
					},
					"position": {
						"0.0": [0, 0, 0],
						"1.85": [0, 0, 0],
						"2.2": [0, -1, -0.5]
					}
				},
				"tail2": {
					"rotation": {
						"0.0": ["10+(math.sin(q.anim_time*90*4*2)*1+1)*4", "math.sin(q.anim_time*90*4*1-90)*10", 0],
						"0.4": ["(math.sin(q.anim_time*90*4*2)*1+1)*4", "math.sin(q.anim_time*90*4*1-90)*10", 0],
						"0.45": ["10+(math.sin(q.anim_time*90*4*2)*1+1)*4", "math.sin(q.anim_time*90*4*1-90)*10", 0],
						"0.65": ["10+(math.sin(q.anim_time*90*4*2)*1+1)*4", "math.sin(q.anim_time*90*4*1-90)*10", 0],
						"0.85": ["10+(math.sin(q.anim_time*90*4*2)*1+1)*4", "math.sin(q.anim_time*90*4*1-90)*10", 0],
						"0.95": ["(math.sin(q.anim_time*90*4*2)*1+1)*4", "math.sin(q.anim_time*90*4*1-90)*10", 0],
						"1.25": ["(math.sin(q.anim_time*90*4*2)*1+1)*4", "math.sin(q.anim_time*90*4*1-90)*10", 0],
						"1.35": ["25+(math.sin(q.anim_time*90*4*2)*1+1)*4", "math.sin(q.anim_time*90*4*1-90)*10", 0],
						"2.45": [-10, 0, 0]
					},
					"position": {
						"0.0": [0, 0, 0],
						"0.45": [0, 0, 0],
						"0.85": [0, 0, 0],
						"2.15": [0, 0, 0],
						"2.45": [0, 0, -0.25]
					}
				},
				"tail3": {
					"rotation": {
						"0.0": ["10+(math.sin(q.anim_time*90*4*2)*1+1)*4", "math.sin(q.anim_time*90*4*1)*10", 0],
						"0.4": ["(math.sin(q.anim_time*90*4*2)*1+1)*4", "math.sin(q.anim_time*90*4*1)*10", 0],
						"0.45": ["10+(math.sin(q.anim_time*90*4*2)*1+1)*4", "math.sin(q.anim_time*90*4*1)*10", 0],
						"0.65": ["17.5+(math.sin(q.anim_time*90*4*2)*1+1)*4", "0+math.sin(q.anim_time*90*4*1)*10", 0],
						"0.85": ["10+(math.sin(q.anim_time*90*4*2)*1+1)*4", "math.sin(q.anim_time*90*4*1)*10", 0],
						"0.95": ["-2.5+(math.sin(q.anim_time*90*4*2)*1+1)*4", "0+math.sin(q.anim_time*90*4*1)*10", 0],
						"1.25": ["-2.5+(math.sin(q.anim_time*90*4*2)*1+1)*4", "0+math.sin(q.anim_time*90*4*1)*10", 0],
						"1.4": ["20+(math.sin(q.anim_time*90*4*2)*1+1)*4", "0+math.sin(q.anim_time*90*4*1)*10", 0],
						"2.3": [-2.09, 2.38, 0],
						"2.4": [18.955, 1.19, 0]
					}
				},
				"tail4": {
					"rotation": {
						"0.0": ["10+(math.sin(q.anim_time*90*4*2-90)*1+1)*4", "math.sin(q.anim_time*90*4*1)*5", 0],
						"0.4": ["-2.5+(math.sin(q.anim_time*90*4*2-90)*1+1)*4", "0+math.sin(q.anim_time*90*4*1)*5", 0],
						"0.45": ["10+(math.sin(q.anim_time*90*4*2-90)*1+1)*4", "math.sin(q.anim_time*90*4*1)*5", 0],
						"0.65": ["17.5+(math.sin(q.anim_time*90*4*2-90)*1+1)*4", "0+math.sin(q.anim_time*90*4*1)*5", 0],
						"0.85": ["10+(math.sin(q.anim_time*90*4*2-90)*1+1)*4", "math.sin(q.anim_time*90*4*1)*5", 0],
						"0.95": ["(math.sin(q.anim_time*90*4*2-90)*1+1)*4", "0+math.sin(q.anim_time*90*4*1)*5", 0],
						"1.25": ["-10+(math.sin(q.anim_time*90*4*2-90)*1+1)*4", "0+math.sin(q.anim_time*90*4*1)*5", 0],
						"1.45": ["22.5+(math.sin(q.anim_time*90*4*2-90)*1+1)*4", "0+math.sin(q.anim_time*90*4*1)*5", 0],
						"2.25": [2.98, 1.8, 0],
						"2.3": [33.76, 1.6, 0],
						"2.4": [21.26, 1.6, 0]
					}
				},
				"leg_right": {
					"rotation": {
						"0.0": ["-43.195+(math.sin(q.anim_time*90*4*2+90)*1+1)*2", 1.00785, -0.73338],
						"0.1": ["-43.195+(math.sin(q.anim_time*90*4*2+90)*1+1)*2", 1.01, -0.73],
						"0.15": ["-3.195+(math.sin(q.anim_time*90*4*2+90)*1+1)*2", 1.01, -0.73],
						"0.2": [37.18697, 1.01, -0.73],
						"0.75": [37.18938, -20.99523, -5.45172],
						"0.8": [42.18938, -20.99523, -5.45172],
						"0.85": [52.18938, -20.99523, -5.45172],
						"0.9": [49.68938, -20.99523, -5.45172],
						"0.95": [64.68938, -20.99523, -5.45172],
						"1.1": [64.69, -21, -5.45],
						"1.15": [14.69, -21, -5.45],
						"1.2": [-30.31, -21, -5.45],
						"1.35": [34.69, -21, -5.45],
						"1.45": [46.56711, -17.15141, -9.32257],
						"1.55": [46.57, -17.15, -9.32],
						"1.65": [-22.67062, -20.73921, 7.76448],
						"1.75": [-4.9577, -19.39766, 5.04908]
					},
					"position": {
						"0.0": [0, "(math.sin(q.anim_time*90*4*2-90)*1+1)*0.3", 0],
						"1.7": [0, "(math.sin(q.anim_time*90*4*2-90)*1+1)*0.3", 0],
						"1.75": [0, 0, 0]
					}
				},
				"knee_right": {
					"rotation": {
						"0.0": ["31-(math.sin(q.anim_time*90*4*2+90)*1+1)*8", 0, 0],
						"0.1": ["31-(math.sin(q.anim_time*90*4*2+90)*1+1)*8", 0, 0],
						"0.15": ["-29-(math.sin(q.anim_time*90*4*2+90)*1+1)*8", 0, 0],
						"0.2": ["33.5-(math.sin(q.anim_time*90*4*2+90)*1+1)*8", 0, 0],
						"0.3": ["16-(math.sin(q.anim_time*90*4*2+90)*1+1)*8", 0, 0],
						"0.35": ["3.5-(math.sin(q.anim_time*90*4*2+90)*1+1)*8", 0, 0],
						"0.8": ["3.5-(math.sin(q.anim_time*90*4*2+90)*1+1)*8", 0, 0],
						"0.85": ["-21.5-(math.sin(q.anim_time*90*4*2+90)*1+1)*8", 0, 0],
						"0.9": [-26.97, 0, 0],
						"0.95": ["8.5-(math.sin(q.anim_time*90*4*2+90)*1+1)*8", 0, 0],
						"1.1": ["8.5-(math.sin(q.anim_time*90*4*2+90)*1+1)*8", 0, 0],
						"1.15": ["28.5-(math.sin(q.anim_time*90*4*2+90)*1+1)*8", 0, 0],
						"1.7": ["28.5-(math.sin(q.anim_time*90*4*2+90)*1+1)*8", 0, 0],
						"1.8": [-15.4363, 6.43902, 5.45475]
					}
				},
				"foot_right": {
					"rotation": {
						"0.0": ["6.5+(math.sin(q.anim_time*90*4*2+90)*1+1)*8", 0, 0],
						"0.1": ["6.5+(math.sin(q.anim_time*90*4*2+90)*1+1)*8", 0, 0],
						"0.15": ["46.5+(math.sin(q.anim_time*90*4*2+90)*1+1)*8", 0, 0],
						"0.2": ["-36+(math.sin(q.anim_time*90*4*2+90)*1+1)*8", 0, 0],
						"0.25": ["4+(math.sin(q.anim_time*90*4*2+90)*1+1)*8", 0, 0],
						"0.3": ["-36+(math.sin(q.anim_time*90*4*2+90)*1+1)*8", 0, 0],
						"0.75": ["-35.8344+(math.sin(q.anim_time*90*4*2+90)*1+1)*8", 11.44184, 7.11417],
						"0.8": ["-6.1754+(math.sin(q.anim_time*90*4*2+90)*1+1)*8", 14.94159, -1.3378],
						"0.85": ["26.3246+(math.sin(q.anim_time*90*4*2+90)*1+1)*8", 14.94159, -1.3378],
						"0.9": ["43.8246+(math.sin(q.anim_time*90*4*2+90)*1+1)*8", 14.94159, -1.3378],
						"0.95": ["28.8246+(math.sin(q.anim_time*90*4*2+90)*1+1)*8", 14.94159, -1.3378],
						"1.15": ["28.8246+(math.sin(q.anim_time*90*4*2+90)*1+1)*8", 14.94159, -1.3378],
						"1.2": ["51.3246+(math.sin(q.anim_time*90*4*2+90)*1+1)*8", 14.94159, -1.3378],
						"1.3": ["-1.1754+(math.sin(q.anim_time*90*4*2+90)*1+1)*8", 14.94159, -1.3378],
						"1.7": ["-1.1754+(math.sin(q.anim_time*90*4*2+90)*1+1)*8", 14.94, -1.34],
						"1.8": [47.3823, 17.56712, 3.42497]
					}
				},
				"toe_right1": {
					"rotation": {
						"0.0": ["-18.5-(math.sin(q.anim_time*90*4*2-90)*1+1)*4", 0, 0],
						"0.1": ["-3.5-(math.sin(q.anim_time*90*4*2-90)*1+1)*4", 0, 0],
						"0.15": ["-11-(math.sin(q.anim_time*90*4*2-90)*1+1)*4", 0, 0],
						"0.75": ["-11-(math.sin(q.anim_time*90*4*2-90)*1+1)*4", 0, 0],
						"0.8": ["-66.167-(math.sin(q.anim_time*90*4*2-90)*1+1)*4", -3.12448, -16.09474],
						"0.85": ["-75.5624-(math.sin(q.anim_time*90*4*2-90)*1+1)*4", -4.77464, -16.7163],
						"0.9": ["-48.0624-(math.sin(q.anim_time*90*4*2-90)*1+1)*4", -4.77464, -16.7163],
						"0.95": ["4.4376-(math.sin(q.anim_time*90*4*2-90)*1+1)*4", -4.77464, -16.7163],
						"1.15": ["4.4376-(math.sin(q.anim_time*90*4*2-90)*1+1)*4", -4.77, -16.72],
						"1.2": ["52.5517-(math.sin(q.anim_time*90*4*2-90)*1+1)*4", 8.42981, 2.37828]
					}
				},
				"toe_right2": {
					"rotation": {
						"0.0": ["-21-(math.sin(q.anim_time*90*4*2-90)*1+1)*4", 0, 0],
						"0.1": ["-3.5-(math.sin(q.anim_time*90*4*2-90)*1+1)*4", 0, 0],
						"0.15": ["-8.5-(math.sin(q.anim_time*90*4*2-90)*1+1)*4", 0, 0],
						"0.75": ["-8.5-(math.sin(q.anim_time*90*4*2-90)*1+1)*4", 0, 0],
						"0.8": ["-61.5918-(math.sin(q.anim_time*90*4*2-90)*1+1)*4", 4.27742, 2.6565],
						"0.85": ["-76.5918-(math.sin(q.anim_time*90*4*2-90)*1+1)*4", 4.27742, 2.6565],
						"0.9": ["-46.5918-(math.sin(q.anim_time*90*4*2-90)*1+1)*4", 4.27742, 2.6565],
						"0.95": ["25.9082-(math.sin(q.anim_time*90*4*2-90)*1+1)*4", 4.27742, 2.6565],
						"1.15": ["25.9082-(math.sin(q.anim_time*90*4*2-90)*1+1)*4", 4.27742, 2.6565],
						"1.2": ["53.4082-(math.sin(q.anim_time*90*4*2-90)*1+1)*4", 4.27742, 2.6565]
					}
				},
				"toe_right3": {
					"rotation": {
						"0.0": ["-10+(math.sin(q.anim_time*90*4*2)*1+1)*4", 0, 0],
						"0.45": ["-10+(math.sin(q.anim_time*90*4*2)*1+1)*4", 0, 0],
						"0.85": ["-10+(math.sin(q.anim_time*90*4*2)*1+1)*4", 0, 0]
					}
				},
				"leg_left": {
					"rotation": {
						"0.0": ["-28+(math.sin(q.anim_time*90*4*2+90)*1+1)*2", 0, 0],
						"0.1": ["-28+(math.sin(q.anim_time*90*4*2+90)*1+1)*2", 0, 0],
						"0.15": ["-0.5+(math.sin(q.anim_time*90*4*2+90)*1+1)*2", 0, 0],
						"0.75": ["-0.5+(math.sin(q.anim_time*90*4*2+90)*1+1)*2", 0, 0],
						"0.85": ["22+(math.sin(q.anim_time*90*4*2+90)*1+1)*2", 0, 0],
						"0.95": ["22+(math.sin(q.anim_time*90*4*2+90)*1+1)*2", 0, 0],
						"1.05": ["-10.5+(math.sin(q.anim_time*90*4*2+90)*1+1)*2", 0, 0],
						"1.25": ["7+(math.sin(q.anim_time*90*4*2+90)*1+1)*2", 0, 0],
						"1.35": ["54.5+(math.sin(q.anim_time*90*4*2+90)*1+1)*2", 0, 0],
						"1.55": ["54.5+(math.sin(q.anim_time*90*4*2+90)*1+1)*2", 0, 0],
						"1.7": [-20.26179, -1.74991, 0.62948],
						"1.75": [-13.13538, 0.90143, -0.39234]
					},
					"position": {
						"0.0": [0, "(math.sin(q.anim_time*90*4*2-90)*1+1)*0.3", 0],
						"1.7": [0, "(math.sin(q.anim_time*90*4*2-90)*1+1)*0.3", 0],
						"1.75": [0, 0, 0]
					}
				},
				"knee_left": {
					"rotation": {
						"0.0": ["51-(math.sin(q.anim_time*90*4*2+90)*1+1)*8", 0, 0],
						"0.1": ["51-(math.sin(q.anim_time*90*4*2+90)*1+1)*8", 0, 0],
						"0.15": ["-26.5-(math.sin(q.anim_time*90*4*2+90)*1+1)*8", 0, 0],
						"0.2": ["16-(math.sin(q.anim_time*90*4*2+90)*1+1)*8", 0, 0],
						"0.75": ["16-(math.sin(q.anim_time*90*4*2+90)*1+1)*8", 0, 0],
						"0.85": ["-19-(math.sin(q.anim_time*90*4*2+90)*1+1)*8", 0, 0],
						"0.95": ["18.5-(math.sin(q.anim_time*90*4*2+90)*1+1)*8", 0, 0],
						"1.05": ["38.5-(math.sin(q.anim_time*90*4*2+90)*1+1)*8", 0, 0],
						"1.1": ["-46.5-(math.sin(q.anim_time*90*4*2+90)*1+1)*8", 0, 0],
						"1.25": ["3.5-(math.sin(q.anim_time*90*4*2+90)*1+1)*8", 0, 0],
						"1.4": ["28.5-(math.sin(q.anim_time*90*4*2+90)*1+1)*8", 0, 0],
						"1.6": [31.14, 0, 0],
						"1.7": ["8.5-(math.sin(q.anim_time*90*4*2+90)*1+1)*8", 0, 0],
						"1.75": ["-4-(math.sin(q.anim_time*90*4*2+90)*1+1)*8", 0, 0],
						"1.8": [3.5, 0, 0]
					}
				},
				"foot_left": {
					"rotation": {
						"0.0": ["-28.5+(math.sin(q.anim_time*90*4*2+90)*1+1)*8", 0, 0],
						"0.1": ["-28.5+(math.sin(q.anim_time*90*4*2+90)*1+1)*8", 0, 0],
						"0.15": ["44+(math.sin(q.anim_time*90*4*2+90)*1+1)*8", 0, 0],
						"0.2": ["14+(math.sin(q.anim_time*90*4*2+90)*1+1)*8", 0, 0],
						"0.25": ["-21+(math.sin(q.anim_time*90*4*2+90)*1+1)*8", 0, 0],
						"0.35": ["-13.5+(math.sin(q.anim_time*90*4*2+90)*1+1)*8", 0, 0],
						"0.75": ["-13.5+(math.sin(q.anim_time*90*4*2+90)*1+1)*8", 0, 0],
						"0.85": ["16.5+(math.sin(q.anim_time*90*4*2+90)*1+1)*8", 0, 0],
						"0.9": ["49+(math.sin(q.anim_time*90*4*2+90)*1+1)*8", 0, 0],
						"1.05": ["4+(math.sin(q.anim_time*90*4*2+90)*1+1)*8", 0, 0],
						"1.5": ["4+(math.sin(q.anim_time*90*4*2+90)*1+1)*8", 0, 0],
						"1.6": ["51.5+(math.sin(q.anim_time*90*4*2+90)*1+1)*8", 0, 0],
						"1.65": ["51.5+(math.sin(q.anim_time*90*4*2+90)*1+1)*8", 0, 0],
						"1.7": [66.5, 0, 0]
					}
				},
				"toe_left1": {
					"rotation": {
						"0.0": ["-11-(math.sin(q.anim_time*90*4*2-90)*1+1)*4", 0, 0],
						"0.1": ["-1-(math.sin(q.anim_time*90*4*2-90)*1+1)*4", 0, 0],
						"0.15": ["-16-(math.sin(q.anim_time*90*4*2-90)*1+1)*4", 0, 0],
						"0.2": ["-36-(math.sin(q.anim_time*90*4*2-90)*1+1)*4", 0, 0],
						"0.35": [-7.49, 0, 0],
						"0.4": ["-11-(math.sin(q.anim_time*90*4*2-90)*1+1)*4", 0, 0],
						"0.8": ["-33.5-(math.sin(q.anim_time*90*4*2-90)*1+1)*4", 0, 0],
						"0.9": ["-33.5-(math.sin(q.anim_time*90*4*2-90)*1+1)*4", 0, 0],
						"0.95": ["4-(math.sin(q.anim_time*90*4*2-90)*1+1)*4", 0, 0],
						"1.05": ["-16-(math.sin(q.anim_time*90*4*2-90)*1+1)*4", 0, 0],
						"1.1": ["-16-(math.sin(q.anim_time*90*4*2-90)*1+1)*4", 0, 0],
						"1.15": ["-38.5-(math.sin(q.anim_time*90*4*2-90)*1+1)*4", 0, 0],
						"1.2": ["-53.5-(math.sin(q.anim_time*90*4*2-90)*1+1)*4", 0, 0],
						"1.25": [9, 0, 0]
					}
				},
				"toe_left2": {
					"rotation": {
						"0.0": ["-16-(math.sin(q.anim_time*90*4*2-90)*1+1)*4", 0, 0],
						"0.1": ["-1-(math.sin(q.anim_time*90*4*2-90)*1+1)*4", 0, 0],
						"0.15": ["-13.5-(math.sin(q.anim_time*90*4*2-90)*1+1)*4", 0, 0],
						"0.2": ["-38.5-(math.sin(q.anim_time*90*4*2-90)*1+1)*4", 0, 0],
						"0.35": ["-6-(math.sin(q.anim_time*90*4*2-90)*1+1)*4", 0, 0],
						"0.4": ["-18.5-(math.sin(q.anim_time*90*4*2-90)*1+1)*4", 0, 0],
						"0.8": ["-36-(math.sin(q.anim_time*90*4*2-90)*1+1)*4", 0, 0],
						"0.9": ["-36-(math.sin(q.anim_time*90*4*2-90)*1+1)*4", 0, 0],
						"0.95": ["-1-(math.sin(q.anim_time*90*4*2-90)*1+1)*4", 0, 0],
						"1.05": ["-11-(math.sin(q.anim_time*90*4*2-90)*1+1)*4", 0, 0],
						"1.1": ["-11-(math.sin(q.anim_time*90*4*2-90)*1+1)*4", 0, 0],
						"1.15": ["-48.5-(math.sin(q.anim_time*90*4*2-90)*1+1)*4", 0, 0],
						"1.2": ["-76-(math.sin(q.anim_time*90*4*2-90)*1+1)*4", 0, 0],
						"1.25": ["-56-(math.sin(q.anim_time*90*4*2-90)*1+1)*4", 0, 0],
						"1.3": [49, 0, 0]
					}
				},
				"toe_left3": {
					"rotation": {
						"0.0": ["-10+(math.sin(q.anim_time*90*4*2)*1+1)*4", 0, 0],
						"0.45": ["-10+(math.sin(q.anim_time*90*4*2)*1+1)*4", 0, 0],
						"0.85": ["-10+(math.sin(q.anim_time*90*4*2)*1+1)*4", 0, 0],
						"1.75": ["-10+(math.sin(q.anim_time*90*4*2)*1+1)*4", 0, 0],
						"1.8": [-10, 0, 0]
					}
				},
				"finger_right2": {
					"rotation": {
						"0.0": [0, 0, -82.5],
						"1.0": [0, 0, -82.5],
						"1.1": [0, 0, -22.5],
						"1.25": [3.48721, -1.31617, 5.52639]
					}
				},
				"finger_left2": {
					"rotation": {
						"0.0": [0, 0, 82.5],
						"1.0": [0, 0, 82.5],
						"1.1": [0, 0, -5]
					}
				},
				"eyelid_left": {
					"position": {
						"0.1": [0, 0, 0],
						"0.15": [0, 0, -0.15],
						"0.2": [0, 0, -0.15],
						"0.25": [0, 0, 0],
						"0.45": [0, 0, 0],
						"0.5": [0, 0, -0.15],
						"0.55": [0, 0, 0],
						"0.6": [0, 0, -0.15],
						"0.65": [0, 0, 0],
						"0.9": [0, 0, 0],
						"0.95": [0, 0, -0.15]
					}
				},
				"eyelid_right": {
					"position": {
						"0.1": [0, 0, 0],
						"0.15": [0, 0, -0.15],
						"0.2": [0, 0, -0.15],
						"0.25": [0, 0, 0],
						"0.45": [0, 0, 0],
						"0.5": [0, 0, -0.15],
						"0.55": [0, 0, 0],
						"0.6": [0, 0, -0.15],
						"0.65": [0, 0, 0],
						"0.9": [0, 0, 0],
						"0.95": [0, 0, -0.15]
					}
				}
			}
		},
		"animation.mankey.sleep": {
			"loop": true,
			"bones": {
				"body": {
					"rotation": [-5, 0, 0],
					"position": [0, -5.25, 0]
				},
				"arm_right": {
					"rotation": [34.68612, "-42.6915+Math.cos((query.anim_time) * 90 * 1) * 3", -54.12996],
					"position": [0, 0, "0+Math.cos((query.anim_time) * 90 * 1) * -0.1"]
				},
				"forearm_right": {
					"rotation": [3.69471, "-52.8355+Math.cos((query.anim_time) * 90 * 1) * -2", -7.65977]
				},
				"hand_right": {
					"rotation": [20, 0, 0]
				},
				"finger_right1": {
					"rotation": [0, 0, -7.5]
				},
				"finger_right2": {
					"rotation": [0, 0, -17.5]
				},
				"finger_right3": {
					"rotation": [0, 0, -30]
				},
				"arm_left": {
					"rotation": [34.68612, "52.6915+Math.cos((query.anim_time) * 90 * 1) * -3", 54.12996],
					"position": [0, 0, "0+Math.cos((query.anim_time) * 90 * 1) * -0.1"]
				},
				"forearm_left": {
					"rotation": [19.46816, "42.9282+Math.cos((query.anim_time) * 90 * 1) * 2", 10.02269]
				},
				"hand_left": {
					"rotation": [17.5, 0, 7.5]
				},
				"finger_left1": {
					"rotation": [0, 0, 12.5]
				},
				"finger_left2": {
					"rotation": [0, 0, 2.5]
				},
				"finger_left3": {
					"rotation": [0, 0, 0]
				},
				"ear_right": {
					"rotation": [-25.84968, -8.87248, -21.49961]
				},
				"ear_left": {
					"rotation": [-21.96566, 5.09416, 14.7994]
				},
				"tail1": {
					"rotation": ["0+Math.cos((query.anim_time) * 90 * 1) * 2", 25, 0]
				},
				"tail2": {
					"rotation": [0, 27.5, 0]
				},
				"tail3": {
					"rotation": [0, 27.5, 0]
				},
				"tail4": {
					"rotation": [0, 30, 0]
				},
				"leg_right": {
					"rotation": [-97.21964, 19.43448, -57.15037]
				},
				"knee_right": {
					"rotation": [-30, 0, 0]
				},
				"foot_right": {
					"rotation": [44.91692, 19.34665, 15.85295]
				},
				"leg_left": {
					"rotation": [-93.40887, -10.43913, 53.10304]
				},
				"knee_left": {
					"rotation": [-20, 0, 0]
				},
				"foot_left": {
					"rotation": [46.08822, -13.66644, -10.70849]
				},
				"eyelid_left": {
					"position": [0, 0, -0.1]
				},
				"eyelid_right": {
					"position": [0, 0, -0.1]
				},
				"torso": {
					"rotation": ["0+Math.cos((query.anim_time) * 90 * 1) * -2", 0, 0]
				}
			}
		},
		"animation.mankey.blink": {
			"animation_length": 0.16667,
			"bones": {
				"eyelid_left": {
					"position": {
						"0.0": [0, 0, -0.1],
						"0.125": [0, 0, -0.1],
						"0.1667": [0, 0, 0]
					}
				},
				"eyelid_right": {
					"position": {
						"0.0": [0, 0, -0.1],
						"0.125": [0, 0, -0.1],
						"0.1667": [0, 0, 0]
					}
				}
			}
		},
		"animation.mankey.cry": {
			"animation_length": 0.95833,
			"sound_effects": {
				"0.0833": {
					"effect": "pokemon.mankey.cry"
				}
			}
		}
	}
}