{
	"format_version": "1.12.0",
	"minecraft:geometry": [
		{
			"description": {
				"identifier": "geometry.unknown",
				"texture_width": 64,
				"texture_height": 32,
				"visible_bounds_width": 2,
				"visible_bounds_height": 2.5,
				"visible_bounds_offset": [0, 0.75, 0]
			},
			"bones": [
				{
					"name": "poke_ball",
					"pivot": [0, 0, 0]
				},
				{
					"name": "ball",
					"parent": "poke_ball",
					"pivot": [0, 4, 0],
					"locators": {
						"bottom_particles": {
							"offset": [0, 0, 0],
							"rotation": [180, 0, 0]
						},
						"center_particles": [0, 4, 0]
					}
				},
				{
					"name": "bottom",
					"parent": "ball",
					"pivot": [0, 0, 0],
					"cubes": [
						{"origin": [-4, 0, -4], "size": [8, 4, 8], "inflate": 0.25, "uv": [32, 20]},
						{"origin": [-4, 0, -4], "size": [8, 4, 8], "uv": [32, 0]}
					]
				},
				{
					"name": "lid",
					"parent": "bottom",
					"pivot": [0, 4, 4],
					"cubes": [
						{"origin": [-4, 4, -4], "size": [8, 4, 8], "uv": [0, 0]},
						{"origin": [-1, 3, -4.255], "size": [2, 2, 0], "uv": [0, 0]},
						{"origin": [-4, 4, -4], "size": [8, 4, 8], "inflate": 0.26, "uv": [0, 20]}
					]
				}
			]
		}
	]
}