{
	"format_version": "1.8.0",
	"animations": {
		"animation.seel.ground_idle": {
			"loop": true,
			"bones": {
				"leftflipper": {
					"rotation": [0, -15, 15]
				},
				"rightflipper": {
					"rotation": [0, 15, -15]
				}
			}
		},
		"animation.seel.water_idle": {
			"loop": true,
			"bones": {
				"leftflipper": {
					"rotation": [15, -5, 15]
				},
				"rightflipper": {
					"rotation": [15, 5, -15]
				},
				"head": {
					"position": [0, -1.5, -1]
				}
			}
		},
		"animation.seel.water_swim": {
			"loop": true,
			"bones": {
				"leftflipper": {
					"rotation": [30, -45, 15]
				},
				"rightflipper": {
					"rotation": [30, 45, -15]
				},
				"head": {
					"position": [0, -1.5, -1]
				}
			}
		}
	}
}