{
	"format_version": "1.8.0",
	"animations": {
		"animation.pinsir.ground_idle": {
			"loop": true,
			"bones": {
				"body": {
					"position": [0, "-0.05*(math.sin(q.anim_time*90*3-90)*1+1)", 0]
				},
				"torso": {
					"rotation": ["0.8*(math.sin(q.anim_time*90*3-120)*1+1)", 0, 0]
				},
				"tooth_right": {
					"rotation": [0, "5*(math.sin(q.anim_time*90*3)*1+1)", 0]
				},
				"tooth_right2": {
					"rotation": [0, "5*(math.sin(q.anim_time*90*3+30)*1+1)", 0]
				},
				"tooth_right3": {
					"rotation": [0, "5*(math.sin(q.anim_time*90*3+45)*1+1)", 0]
				},
				"tooth_right4": {
					"rotation": [0, "5*(math.sin(q.anim_time*90*3+30)*1+1)", 0]
				},
				"tooth_right5": {
					"rotation": [0, "5*(math.sin(q.anim_time*90*3)*1+1)", 0]
				},
				"tooth_left1": {
					"rotation": [0, "-5*(math.sin(q.anim_time*90*3)*1+1)", 0]
				},
				"tooth_left2": {
					"rotation": [0, "-5*(math.sin(q.anim_time*90*3+30)*1+1)", 0]
				},
				"tooth_left3": {
					"rotation": [0, "-5*(math.sin(q.anim_time*90*3+45)*1+1)", 0]
				},
				"tooth_left4": {
					"rotation": [0, "-5*(math.sin(q.anim_time*90*3+30)*1+1)", 0]
				},
				"tooth_left5": {
					"rotation": [0, "-5*(math.sin(q.anim_time*90*3)*1+1)", 0]
				},
				"arm_right": {
					"rotation": ["-10+2*math.sin(q.anim_time*90*3-90)", 12.5, "-30+2*(math.sin(q.anim_time*90*3+45)*1+1)"]
				},
				"arm_right2": {
					"rotation": [0, "-87.5-2*math.sin(q.anim_time*90*3-90)", 0]
				},
				"hand_right": {
					"rotation": ["-15-2*math.sin(q.anim_time*90*3-45)", 0, "40-2*math.sin(q.anim_time*90*3-45)"]
				},
				"finger_right_index": {
					"rotation": ["5*(math.sin(q.anim_time*90*3-33*0)*1+1)", 0, "-(5*(math.sin(q.anim_time*90*3-33*0)*1+1))"]
				},
				"finger_right_index2": {
					"rotation": [0, 0, "-(5*(math.sin(q.anim_time*90*3-33*0)*1+1))"]
				},
				"finger_right_middle": {
					"rotation": [0, 0, "-(5*(math.sin(q.anim_time*90*3-33*0)*1+1))"]
				},
				"finger_right_middle2": {
					"rotation": [0, 0, "-(5*(math.sin(q.anim_time*90*3-33*0)*1+1))"]
				},
				"finger_right_ring": {
					"rotation": ["-5*(math.sin(q.anim_time*90*3-33*0)*1+1)", 0, "-(5*(math.sin(q.anim_time*90*3-33*0)*1+1))"]
				},
				"finger_right_ring2": {
					"rotation": [0, 0, "-(5*(math.sin(q.anim_time*90*3-33*0)*1+1))"]
				},
				"arm_left": {
					"rotation": ["-10+2*math.sin(q.anim_time*90*3-90)", -12.5, "30-2*(math.sin(q.anim_time*90*3+45)*1+1)"]
				},
				"arm_left2": {
					"rotation": [0, "87.5+2*math.sin(q.anim_time*90*3-90)", 0]
				},
				"hand_left": {
					"rotation": ["-15-2*math.sin(q.anim_time*90*3-45)", 0, "-40+2*math.sin(q.anim_time*90*3-45)"]
				},
				"finger_left_index": {
					"rotation": ["5*(math.sin(q.anim_time*90*3-33*0)*1+1)", 0, "5*(math.sin(q.anim_time*90*3-33*0)*1+1)"]
				},
				"finger_left_index2": {
					"rotation": [0, 0, "5*(math.sin(q.anim_time*90*3-33*0)*1+1)"]
				},
				"finger_left_middle": {
					"rotation": [0, 0, "5*(math.sin(q.anim_time*90*3-33*0)*1+1)"]
				},
				"finger_left_middle2": {
					"rotation": [0, 0, "5*(math.sin(q.anim_time*90*3-33*0)*1+1)"]
				},
				"finger_left_ring": {
					"rotation": ["-5*(math.sin(q.anim_time*90*3-33*0)*1+1)", 0, "5*(math.sin(q.anim_time*90*3-33*0)*1+1)"]
				},
				"finger_left_ring2": {
					"rotation": [0, 0, "5*(math.sin(q.anim_time*90*3-33*0)*1+1)"]
				},
				"pincer_right": {
					"rotation": [0, 0, "math.clamp(3*(math.sin(q.anim_time*90*3-90)*1+1),5,10)+math.clamp(2.5*(math.sin(q.anim_time*90*3-90)*1+1),0,5)-5"]
				},
				"pincer_left": {
					"rotation": [0, 0, "-math.clamp(3*(math.sin(q.anim_time*90*3-90)*1+1),5,10)-math.clamp(2.5*(math.sin(q.anim_time*90*3-90)*1+1),0,5)+5"]
				},
				"leg_right": {
					"rotation": ["-0.5*(math.sin(q.anim_time*90*3-90)*1+1)", 0, 0]
				},
				"leg_right2": {
					"rotation": ["0.5*(math.sin(q.anim_time*90*3-90)*1+1)", 0, 0],
					"position": [0, "0.025*(math.sin(q.anim_time*90*3-90)*1+1)", 0]
				},
				"leg_left": {
					"rotation": ["-0.5*(math.sin(q.anim_time*90*3-90)*1+1)", 0, 0]
				},
				"leg_left2": {
					"rotation": ["0.5*(math.sin(q.anim_time*90*3-90)*1+1)", 0, 0],
					"position": [0, "0.025*(math.sin(q.anim_time*90*3-90)*1+1)", 0]
				}
			}
		},
		"animation.pinsir.ground_walk": {
			"loop": true,
			"bones": {
				"body": {
					"position": [
						0,
						"-math.clamp(math.sin(-query.anim_time*90*4+45/2)*0.85,0.1,1)-math.clamp(math.sin(-query.anim_time*90*4+45/2+180)*0.85,0.1,1)+1",
						"-math.clamp(math.sin(query.anim_time*90*4)*0.7,0.1,0.6)-math.clamp(math.sin(-query.anim_time*90*4)*0.7,0.1,0.6)+0.2"
					]
				},
				"torso": {
					"rotation": [
						"math.clamp(math.sin(query.anim_time*180*4/2+20)*1,0.2,2)+math.clamp(-math.sin(query.anim_time*180*4/2+20)*1,0.2,2)+1",
						"2*math.sin(query.anim_time*90*4+20)*2.5",
						"-math.sin(query.anim_time*90*4+90)*2"
					]
				},
				"tooth_right": {
					"rotation": [0, "5*(math.sin(q.anim_time*90*3)*1+1)", 0]
				},
				"tooth_right2": {
					"rotation": [0, "5*(math.sin(q.anim_time*90*3+30)*1+1)", 0]
				},
				"tooth_right3": {
					"rotation": [0, "5*(math.sin(q.anim_time*90*3+45)*1+1)", 0]
				},
				"tooth_right4": {
					"rotation": [0, "5*(math.sin(q.anim_time*90*3+30)*1+1)", 0]
				},
				"tooth_right5": {
					"rotation": [0, "5*(math.sin(q.anim_time*90*3)*1+1)", 0]
				},
				"tooth_left1": {
					"rotation": [0, "-5*(math.sin(q.anim_time*90*3)*1+1)", 0]
				},
				"tooth_left2": {
					"rotation": [0, "-5*(math.sin(q.anim_time*90*3+30)*1+1)", 0]
				},
				"tooth_left3": {
					"rotation": [0, "-5*(math.sin(q.anim_time*90*3+45)*1+1)", 0]
				},
				"tooth_left4": {
					"rotation": [0, "-5*(math.sin(q.anim_time*90*3+30)*1+1)", 0]
				},
				"tooth_left5": {
					"rotation": [0, "-5*(math.sin(q.anim_time*90*3)*1+1)", 0]
				},
				"arm_right": {
					"rotation": [15, "20*(math.sin(q.anim_time*90*4+20+180)*1+1)", -30]
				},
				"arm_right2": {
					"rotation": [0, "-85-6*(math.sin(q.anim_time*90*4+45)*1+1)", 0],
					"position": [0, 0, "-0.12*(math.sin(q.anim_time*90*4+45)*1+1)"]
				},
				"hand_right": {
					"rotation": ["-17.3934-10*math.sin(q.anim_time*90*4-45+180)", -17.01416, "-14.551+10*math.sin(q.anim_time*90*4-45+180)"]
				},
				"finger_right_index": {
					"rotation": ["10*(math.sin(q.anim_time*90*4-33*0+180)*1+1)", 0, "-(10*(math.sin(q.anim_time*90*4-33*0+180)*1+1))"]
				},
				"finger_right_index2": {
					"rotation": [0, 0, "-(10*(math.sin(q.anim_time*90*4-33*0+180)*1+1))"]
				},
				"finger_right_middle": {
					"rotation": [0, 0, "-(10*(math.sin(q.anim_time*90*4-33*0+180)*1+1))"]
				},
				"finger_right_middle2": {
					"rotation": [0, 0, "-(10*(math.sin(q.anim_time*90*4-33*0+180)*1+1))"]
				},
				"finger_right_ring": {
					"rotation": ["-10*(math.sin(q.anim_time*90*4-33*0+180)*1+1)", 0, "-(10*(math.sin(q.anim_time*90*4-33*0+180)*1+1))"]
				},
				"finger_right_ring2": {
					"rotation": [0, 0, "-(10*(math.sin(q.anim_time*90*4-33*0+180)*1+1))"]
				},
				"arm_left": {
					"rotation": [15, "-20*(math.sin(q.anim_time*90*4+20)*1+1)", 30]
				},
				"arm_left2": {
					"rotation": [0, "85+6*(math.sin(q.anim_time*90*4+45)*1+1)", 0],
					"position": [0, 0, "-0.12*(math.sin(q.anim_time*90*4+45)*1+1)"]
				},
				"hand_left": {
					"rotation": ["-17.3934-10*math.sin(q.anim_time*90*4-45)", 17.01416, "14.551-10*math.sin(q.anim_time*90*4-45)"]
				},
				"finger_left_index": {
					"rotation": ["10*(math.sin(q.anim_time*90*4-33*0)*1+1)", 0, "10*(math.sin(q.anim_time*90*4-33*0)*1+1)"]
				},
				"finger_left_index2": {
					"rotation": [0, 0, "10*(math.sin(q.anim_time*90*4-33*0)*1+1)"]
				},
				"finger_left_middle": {
					"rotation": [0, 0, "10*(math.sin(q.anim_time*90*4-33*0)*1+1)"]
				},
				"finger_left_middle2": {
					"rotation": [0, 0, "10*(math.sin(q.anim_time*90*4-33*0)*1+1)"]
				},
				"finger_left_ring": {
					"rotation": ["-10*(math.sin(q.anim_time*90*4-33*0)*1+1)", 0, "10*(math.sin(q.anim_time*90*4-33*0)*1+1)"]
				},
				"finger_left_ring2": {
					"rotation": [0, 0, "10*(math.sin(q.anim_time*90*4-33*0)*1+1)"]
				},
				"pincer_right": {
					"rotation": [0, 0, "5+math.clamp(2*(math.sin(q.anim_time*90*4*2-90)*1+1),5,10)+math.clamp(1*(math.sin(q.anim_time*90*4*2-90)*1+1),0,5)-5"]
				},
				"pincer_left": {
					"rotation": [0, 0, "-5-math.clamp(2*(math.sin(q.anim_time*90*4*2-90)*1+1),5,10)-math.clamp(1*(math.sin(q.anim_time*90*4*2-90)*1+1),0,5)+5"]
				},
				"leg_right": {
					"rotation": [
						"-math.clamp(math.sin(query.anim_time*90*4+45+180*1)*25,-35,0)+math.clamp(-math.sin(query.anim_time*90*4+170+180*1)*20,5,16)-5",
						"-(math.clamp(-math.sin(query.anim_time*90*4+180*1)*7.5,0,10))",
						0
					],
					"position": [
						0,
						"math.clamp(-math.sin(query.anim_time*90*4+40+180)*0.8,0.3,3)+math.clamp(-math.sin(query.anim_time*90*4-30+180*0)*0.8,0.5,1)+math.clamp(-math.sin(query.anim_time*90*4-45+180)*2.2,0.5,5)-0.5-0.7",
						"-math.clamp(math.sin(query.anim_time*90*4+180)*0.4,-0.8,1)-math.clamp(math.sin(query.anim_time*90*4+180)*0.8,-1.6,0)"
					]
				},
				"leg_right2": {
					"rotation": ["-math.clamp(math.sin(query.anim_time*90*4-45+180*1)*10,-5,5)-math.clamp(math.sin(query.anim_time*90*4-20+180*1)*5,-10,-2)-2-5", 0, 0]
				},
				"leg_left": {
					"rotation": [
						"-math.clamp(math.sin(query.anim_time*90*4+45+180*0)*25,-35,0)+math.clamp(-math.sin(query.anim_time*90*4+170+180*0)*20,5,16)-5",
						"math.clamp(-math.sin(query.anim_time*90*4+180*1)*7.5,0,10)",
						0
					],
					"position": [
						0,
						"math.clamp(-math.sin(query.anim_time*90*4+40+180*0)*0.8,0.3,3)+math.clamp(-math.sin(query.anim_time*90*4-30+180*1)*0.8,0.5,1)+math.clamp(-math.sin(query.anim_time*90*4-45+180*0)*2.2,0.5,5)-0.5-0.7",
						"-math.clamp(math.sin(query.anim_time*90*4)*0.4,-0.8,1)-math.clamp(math.sin(query.anim_time*90*4)*0.8,-1.6,0)"
					]
				},
				"leg_left2": {
					"rotation": ["-math.clamp(math.sin(query.anim_time*90*4-45+180*0)*10,-5,5)-math.clamp(math.sin(query.anim_time*90*4-20+180*0)*5,-10,-2)-2-5", 0, 0]
				}
			}
		},
		"animation.pinsir.blink": {
			"animation_length": 0.16667,
			"bones": {
				"eyelid_right": {
					"position": {
						"0.0": [0, 0, -0.1],
						"0.125": [0, 0, -0.1],
						"0.1667": [0, 0, 0]
					}
				},
				"eyelid_left": {
					"position": {
						"0.0": [0, 0, -0.1],
						"0.125": [0, 0, -0.1],
						"0.1667": [0, 0, 0]
					}
				}
			}
		}
	}
}