{
	"format_version": "1.8.0",
	"animations": {
		"animation.camerupt.ground_idle": {
			"loop": true,
			"bones": {
				"tail": {
					"rotation": [-17.5, 0, 0]
				},
				"tail2": {
					"rotation": [7.5, 0, 0]
				},
				"neck": {
					"rotation": [7.5, 0, 0]
				},
				"ear_right": {
					"rotation": [0, 0, 15]
				},
				"ear_left": {
					"rotation": [0, 0, -15]
				},
				"volcano": {
					"rotation": [5, 0, 0]
				},
				"volcano2": {
					"rotation": [-5, 0, 0]
				}
			}
		},
		"animation.camerupt.blink": {
			"animation_length": 0.16667,
			"bones": {
				"eyelid_right": {
					"position": {
						"0.0": [-0.1, 0, 0],
						"0.125": [-0.1, 0, 0],
						"0.1667": [0, 0, 0]
					}
				},
				"eyelid_left": {
					"position": {
						"0.0": [0.1, 0, 0],
						"0.125": [0.1, 0, 0],
						"0.1667": [0, 0, 0]
					}
				}
			}
		},
		"animation.camerupt.cry": {
			"animation_length": 1.5,
			"bones": {
				"neck": {
					"rotation": {
						"0.0": [0, 0, 0],
						"0.25": [10, 0, 0],
						"1.25": [10, 0, 0],
						"1.5": [0, 0, 0]
					}
				},
				"head": {
					"rotation": {
						"0.0": [0, 0, 0],
						"0.25": [-10, 0, 0],
						"1.25": [-10, 0, 0],
						"1.5": [0, 0, 0]
					}
				},
				"jaw": {
					"rotation": {
						"0.0": [0, 0, 0],
						"0.25": [67.5, 0, 0],
						"1.25": [67.5, 0, 0],
						"1.5": [0, 0, 0]
					}
				}
			}
		}
	}
}