{
	"format_version": "1.8.0",
	"animations": {
		"animation.chatot.ground_idle": {
			"loop": true,
			"bones": {
				"wing_left": {
					"rotation": [0, -90, 90]
				},
				"wing_left2": {
					"rotation": [0, 45, 0]
				},
				"wing_left3": {
					"rotation": [0, -45, 0]
				},
				"tail": {
					"rotation": [30, 0, 0]
				},
				"head": {
					"rotation": [2.5, 0, 0]
				},
				"wing_right": {
					"rotation": [0, 90, -90]
				},
				"wing_right2": {
					"rotation": [0, -45, 0]
				},
				"wing_right3": {
					"rotation": [0, 45, 0]
				}
			}
		},
		"animation.chatot.air_idle": {
			"loop": true,
			"bones": {
				"wing_left": {
					"rotation": [0, 0, -5]
				},
				"wing_left2": {
					"rotation": [-1.10693, 12.45167, -5.12076]
				},
				"wing_left3": {
					"rotation": [0, -15, 0]
				},
				"tail": {
					"rotation": [30, 0, 0]
				},
				"head": {
					"rotation": [2.5, 0, 0]
				},
				"wing_right": {
					"rotation": [0, 0, 7.5]
				},
				"wing_right2": {
					"rotation": [-1.10693, -12.45167, 5.12076]
				},
				"wing_right3": {
					"rotation": [0, 15, 0]
				},
				"leg_left2": {
					"rotation": [-25, 0, 0]
				},
				"toe_inner_left": {
					"rotation": [7.5, 0, 0]
				},
				"toe_center_left": {
					"rotation": [10, 0, 0]
				},
				"toe_outer_left": {
					"rotation": [7.5, 0, 0]
				},
				"leg_right2": {
					"rotation": [-25, 0, 0]
				},
				"toe_inner_right": {
					"rotation": [5, 0, 0]
				},
				"toe_center_right": {
					"rotation": [10, 0, 0]
				},
				"toe_outer_right": {
					"rotation": [10, 0, 0]
				},
				"body": {
					"rotation": [5, 0, 0],
					"position": [0, 1, 0]
				}
			}
		},
		"animation.chatot.blink": {
			"animation_length": 0.08333,
			"bones": {
				"eyelid_left": {
					"position": {
						"0.0": [0.1, 0, 0],
						"0.0833": [0, 0, 0]
					}
				},
				"eyelid_right": {
					"position": {
						"0.0": [-0.1, 0, 0],
						"0.0833": [0, 0, 0]
					}
				}
			}
		},
		"animation.chatot.call": {
			"animation_length": 2,
			"bones": {
				"neck_fluff": {
					"rotation": {
						"0.0": [0, 0, 0],
						"0.25": [2.5, 0, 0],
						"1.75": [2.5, 0, 0],
						"2.0": [0, 0, 0]
					}
				},
				"head": {
					"rotation": {
						"0.0": [0, 0, 0],
						"0.25": [-12.5, 0, 0],
						"1.75": [-12.5, 0, 0],
						"2.0": [0, 0, 0]
					}
				},
				"jaw": {
					"rotation": {
						"0.0": [0, 0, 0],
						"0.25": [55, 0, 0],
						"1.75": [55, 0, 0],
						"2.0": [0, 0, 0]
					}
				}
			}
		},
		"animation.chatot.cry": {
			"animation_length": 0.91667,
			"bones": {
				"neck_fluff": {
					"rotation": {
						"0.0": {
							"post": [0, 0, 0],
							"lerp_mode": "catmullrom"
						},
						"0.1667": {
							"post": [2.5, 0, 0],
							"lerp_mode": "catmullrom"
						},
						"0.3333": {
							"post": [2.5, 0, 0],
							"lerp_mode": "catmullrom"
						},
						"0.9167": {
							"post": [0, 0, 0],
							"lerp_mode": "catmullrom"
						}
					}
				},
				"head": {
					"rotation": {
						"0.0": {
							"post": [0, 0, 0],
							"lerp_mode": "catmullrom"
						},
						"0.1667": {
							"post": [-12.5, 0, 0],
							"lerp_mode": "catmullrom"
						},
						"0.3333": {
							"post": [-12.5, 0, 0],
							"lerp_mode": "catmullrom"
						},
						"0.9167": {
							"post": [0, 0, 0],
							"lerp_mode": "catmullrom"
						}
					}
				},
				"jaw": {
					"rotation": {
						"0.0": {
							"post": [0, 0, 0],
							"lerp_mode": "catmullrom"
						},
						"0.1667": {
							"post": [55, 0, 0],
							"lerp_mode": "catmullrom"
						},
						"0.3333": {
							"post": [55, 0, 0],
							"lerp_mode": "catmullrom"
						},
						"0.9167": {
							"post": [0, 0, 0],
							"lerp_mode": "catmullrom"
						}
					}
				}
			},
			"sound_effects": {
				"0.0417": {
					"effect": "pokemon.chatot.cry"
				}
			}
		}
	}
}