{
	"format_version": "1.8.0",
	"animations": {
		"animation.psyduck.ground_idle": {
			"loop": true,
			"bones": {
				"arm_left": {
					"rotation": [180, 10, "-80-math.sin(q.anim_time*90*3-90-45+180)*0.5"]
				},
				"forearm_left": {
					"rotation": [0, 0, "20-math.sin(q.anim_time*90*3-90-45+180)*1"]
				},
				"arm_right": {
					"rotation": [180, -10, "80-math.sin(q.anim_time*90*3-90-45)*0.5"]
				},
				"forearm_right": {
					"rotation": [0, 0, "-20-math.sin(q.anim_time*90*3-90-45)*1"]
				},
				"tail": {
					"rotation": [30, "math.sin(query.anim_time*90*3-90+45)*2", 0]
				},
				"tail2": {
					"rotation": [15, "-math.sin(query.anim_time*90*3-33+45)*1", 0]
				},
				"head": {
					"position": [0, "-math.sin(q.anim_time*90*3-90-45)*0.02", 0]
				},
				"hair2": {
					"rotation": [0, 0, "-math.clamp(-0.15*(math.sin(q.anim_time*90*3-90)*0.1+1),-0.2,-0.1)+math.sin(q.anim_time*90*3-90+60)*1"]
				},
				"hair3": {
					"rotation": [0, 0, "math.clamp(-0.15*(math.sin(q.anim_time*90*3-90)*0.1+1),-0.2,-0.1)-math.sin(q.anim_time*90*3-90+60)*1"]
				},
				"torso": {
					"position": [0, "math.clamp(-0.15*(math.sin(q.anim_time*90*3-90)*0.1+1),-0.2,-0.1)-math.sin(q.anim_time*90*3-90)*0.05", 0]
				}
			}
		},
		"animation.psyduck.water_idle": {
			"loop": true,
			"bones": {
				"body": {
					"rotation": ["89.5-math.clamp(math.sin(q.anim_time*90*2+80)*2,0,2)-math.clamp(math.sin(q.anim_time*90*2+80)*2,-2,0)", 0, 0],
					"position": [0, 0, 2]
				},
				"head": {
					"rotation": ["-180+math.clamp(math.sin(q.anim_time*90*2+25)*2,0,2)+math.clamp(math.sin(q.anim_time*90*2+25)*2,-2,0)", 0, 0]
				},
				"head_correction": {
					"rotation": [90, 0, 0]
				},
				"head_angle": {
					"rotation": [0, 0, 0]
				},
				"arm_left": {
					"rotation": [
						-80,
						"30+math.clamp(math.sin(q.anim_time*90*2+25)*4,0,4)+math.clamp(math.sin(q.anim_time*90*2+25)*4,-4,0)",
						"-15-math.clamp(math.sin(q.anim_time*90*2+25)*2,0,2)-math.clamp(math.sin(q.anim_time*90*2+25)*2,-2,0)"
					]
				},
				"forearm_left": {
					"rotation": [0, "30+math.clamp(math.sin(q.anim_time*90*2+25)*2,0,2)+math.clamp(math.sin(q.anim_time*90*2+25)*2,-2,0)", 0]
				},
				"arm_right": {
					"rotation": [
						-80,
						"-30-math.clamp(math.sin(q.anim_time*90*2+25)*4,0,4)-math.clamp(math.sin(q.anim_time*90*2+25)*4,-4,0)",
						"15+math.clamp(math.sin(q.anim_time*90*2+25)*2,0,2)+math.clamp(math.sin(q.anim_time*90*2+25)*2,-2,0)"
					]
				},
				"forearm_right": {
					"rotation": [0, "-30-math.clamp(math.sin(q.anim_time*90*2+25)*2,0,2)-math.clamp(math.sin(q.anim_time*90*2+25)*2,-2,0)", 0]
				},
				"tail": {
					"rotation": [
						"-85+math.clamp(math.sin(q.anim_time*90*2-25)*1,0,2)+math.clamp(math.sin(q.anim_time*90*2-25)*1,-2,0)",
						0,
						"4*(math.sin(q.anim_time*90*2)*1)+2*(math.sin(q.anim_time*90*2/3)*1)"
					]
				},
				"foot_right": {
					"rotation": [
						"15-math.clamp(math.sin(q.anim_time*90*2+70)*3,0,1)-math.clamp(math.sin(q.anim_time*90*2+70)*5,0,6)-math.clamp(math.sin(q.anim_time*90*2+70)*3,-1,0)-math.clamp(math.sin(q.anim_time*90*2+70)*4,-4,-0)",
						0,
						15
					],
					"position": [-0.5, -0.5, 0]
				},
				"foot_left": {
					"rotation": [
						"15-math.clamp(math.sin(q.anim_time*90*2+70)*3,0,1)-math.clamp(math.sin(q.anim_time*90*2+70)*5,0,6)-math.clamp(math.sin(q.anim_time*90*2+70)*3,-1,0)-math.clamp(math.sin(q.anim_time*90*2+70)*4,-4,-0)",
						0,
						-15
					],
					"position": [0.5, -0.5, 0]
				},
				"hair1": {
					"rotation": ["-math.clamp(math.sin(q.anim_time*90*2+25)*8,0,8)-math.clamp(math.sin(q.anim_time*90*2+25)*8,-8,0)", 0, 0]
				},
				"hair2": {
					"rotation": ["-math.clamp(math.sin(q.anim_time*90*2+50)*8,0,8)-math.clamp(math.sin(q.anim_time*90*2+50)*8,-8,0)", 0, 0]
				},
				"hair3": {
					"rotation": ["-math.clamp(math.sin(q.anim_time*90*2+50)*8,0,8)-math.clamp(math.sin(q.anim_time*90*2+50)*8,-8,0)", 0, 0]
				},
				"tail2": {
					"rotation": [5, "(math.sin(q.anim_time*90*2+60)*2.5)+(math.sin(q.anim_time*90*2/3+60)*2.5)", 0]
				}
			}
		},
		"animation.psyduck.ground_walk": {
			"loop": true,
			"bones": {
				"arm_left": {
					"rotation": [180, "10-math.sin(query.anim_time*90*4+30)*4", "-80-math.sin(query.anim_time*90*4+30+180)*4"],
					"position": [0, "-math.sin(query.anim_time*90*4+30)*0.2", 0]
				},
				"forearm_left": {
					"rotation": [0, 0, 20]
				},
				"arm_right": {
					"rotation": [180, "-10-math.sin(query.anim_time*90*4+30)*4", "80+math.sin(query.anim_time*90*4+30)*4"],
					"position": [0, "math.sin(query.anim_time*90*4+30)*0.2", 0]
				},
				"forearm_right": {
					"rotation": [0, 0, -20]
				},
				"body": {
					"rotation": [
						"math.clamp(math.sin(query.anim_time*180*4/2+20)*2,0.5,2)+math.clamp(-math.sin(query.anim_time*180*4/2+20)*2,0.5,2)+0.8",
						"math.sin(query.anim_time*90*4+20)*10",
						"-math.sin(query.anim_time*90*4+90)*10"
					],
					"position": [
						0,
						"-math.clamp(math.sin(-query.anim_time*90*4+45/2)*0.6,0.1,1)-math.clamp(math.sin(-query.anim_time*90*4+45/2+180)*0.6,0.1,1)+1",
						"-math.clamp(math.sin(query.anim_time*90*4)*0.7,0.1,0.6)-math.clamp(math.sin(-query.anim_time*90*4)*0.7,0.1,0.6)+0.2"
					]
				},
				"tail": {
					"rotation": [30, "math.sin(query.anim_time*90*4-90)*10", 0]
				},
				"foot_right": {
					"rotation": [
						"-math.clamp(-math.sin(query.anim_time*90*4+40+180*0)*20,4,20)+math.clamp(-math.sin(query.anim_time*90*4+130+180*0)*5,0,5)+3",
						"math.sin(query.anim_time*90*4+20+180)*10",
						"(math.sin(query.anim_time*90*4+90+180*0)*10)"
					],
					"position": [
						0,
						"-math.clamp(-math.sin(query.anim_time*90*4+40+180*1)*0.4,0.3,3)+math.clamp(-math.sin(query.anim_time*90*4-30+180*0)*0.8,0.5,1)+math.clamp(-math.sin(query.anim_time*90*4-35+180*1)*2,1,2)-1.5",
						"-math.clamp(math.sin(query.anim_time*90*4+180*1)*0.4,-0.5,1)-math.clamp(math.sin(query.anim_time*90*4+180*1)*0.4,-0.8,0)-0.1"
					]
				},
				"foot_left": {
					"rotation": [
						"-math.clamp(-math.sin(query.anim_time*90*4+40+180*1)*20,4,20)+math.clamp(-math.sin(query.anim_time*90*4+130+180*1)*5,0,5)+3",
						"-math.sin(query.anim_time*90*4+20)*10",
						"-1*(math.sin(query.anim_time*90*4+90+180*1)*10)"
					],
					"position": [
						0,
						"-math.clamp(-math.sin(query.anim_time*90*4+40+180*0)*0.4,0.3,3)+math.clamp(-math.sin(query.anim_time*90*4-30+180)*0.8,0.5,1)+math.clamp(-math.sin(query.anim_time*90*4-35+180*0)*2,1,2)-1.5",
						"-math.clamp(math.sin(query.anim_time*90*4+180*0)*0.4,-0.5,1)-math.clamp(math.sin(query.anim_time*90*4+180*0)*0.4,-0.8,0)-0.1"
					]
				},
				"hair1": {
					"rotation": [0, 0, "-math.sin(query.anim_time*90*4+90-80)*10"]
				},
				"hair2": {
					"rotation": [0, 0, "-math.sin(query.anim_time*90*4+90-40)*10+5"]
				},
				"hair3": {
					"rotation": [0, 0, "-math.sin(query.anim_time*90*4+90-60)*10-5"]
				},
				"tail2": {
					"rotation": [15, "-math.sin(query.anim_time*90*4-90)*1", 0]
				},
				"head": {
					"rotation": [
						"-math.clamp(math.sin(query.anim_time*180*4/2+20)*1,0.2,2)-math.clamp(-math.sin(query.anim_time*180*4/2+20)*1,0.2,2)-1",
						"-math.sin(query.anim_time*90*4+20)*7",
						"math.sin(query.anim_time*90*4+30)*4"
					],
					"position": ["math.sin(query.anim_time*90*4+30)*0.2", 0, 0]
				}
			}
		},
		"animation.psyduck.water_swim": {
			"loop": true,
			"bones": {
				"body": {
					"rotation": [90, "-math.sin(q.anim_time*90*3*4+90)*1.5", "math.sin(q.anim_time*90*3*4+90)*0.5"],
					"position": [
						0,
						"math.clamp(math.sin(q.anim_time*90*3)*0.2,0,1)+math.clamp(math.sin(q.anim_time*90*4)*0.3,-1,0)",
						"2-math.sin(q.anim_time*90*3*2+90)*0.2"
					]
				},
				"head": {
					"rotation": [-180, 0, "-math.sin(q.anim_time*90*3*4+90)*2"]
				},
				"head_correction": {
					"rotation": [90, 0, 0]
				},
				"arm_left": {
					"rotation": [-45, "15-math.sin(q.anim_time*90*3*4+90)*2", 60]
				},
				"forearm_left": {
					"rotation": [0, "15-math.sin(q.anim_time*90*3*4+90)*1", 0]
				},
				"arm_right": {
					"rotation": [-45, "-15-math.sin(q.anim_time*90*3*4+90)*2", -60]
				},
				"forearm_right": {
					"rotation": [0, "-15-math.sin(q.anim_time*90*3*4+90)*1", 0]
				},
				"tail": {
					"rotation": [
						"-85+math.clamp(math.sin(q.anim_time*90*3*3-25)*1,0,2)+math.clamp(math.sin(q.anim_time*90*3*3-25)*1,-2,0)",
						0,
						"4*(math.sin(q.anim_time*90*3*3)*1)+2*(math.sin(q.anim_time*90*3)*1)"
					]
				},
				"foot_right": {
					"rotation": ["40+(math.sin(q.anim_time*90*3*3+90)*1-1)*20", 0, 15],
					"position": [-0.5, -0.5, 0]
				},
				"foot_left": {
					"rotation": ["-(math.sin(q.anim_time*90*3*3+90)*1-1)*20", 0, -15],
					"position": [0.5, -0.5, 0]
				},
				"hair1": {
					"rotation": ["math.sin(q.anim_time*90*3*4+90-60)*4-15", 0, "-math.sin(q.anim_time*90*3*4+90+90)*6"]
				},
				"hair2": {
					"rotation": ["math.sin(q.anim_time*90*3*4+90-30)*4-5", 0, "-math.sin(q.anim_time*90*3*4+90+90)*4"]
				},
				"hair3": {
					"rotation": ["math.sin(q.anim_time*90*3*4+90-30)*4-5", 0, "-math.sin(q.anim_time*90*3*4+90+90)*4"]
				},
				"tail2": {
					"rotation": [2.5, "6*(math.sin(q.anim_time*90*3*3+60)*1)+3*(math.sin(q.anim_time*90*3+60)*1)", 0]
				}
			}
		},
		"animation.psyduck.faint": {
			"loop": true,
			"animation_length": 3,
			"bones": {
				"arm_left": {
					"rotation": {
						"0.0": [180, 10, "-80-math.sin(q.anim_time*90*3-90-45+180)*0.5"],
						"0.2": [187.56025, -12.31085, "-82.9305-math.sin(q.anim_time*90*3-90-45+180)*0.5"],
						"0.55": [200.06025, -12.31085, "-82.9305-math.sin(q.anim_time*90*3-90-45+180)*0.5"],
						"0.75": [195.06025, -12.31085, "-82.9305-math.sin(q.anim_time*90*3-90-45+180)*0.5"],
						"1.1": [163.34654, 17.44284, "-82.5709-math.sin(q.anim_time*90*3-90-45+180)*0.5"],
						"1.65": [163.34654, 17.44284, "-82.5709-math.sin(q.anim_time*90*3-90-45+180)*0.5"],
						"1.85": [162.49864, 24.61324, "-84.9289-math.sin(q.anim_time*90*3-90-45+180)*0.5"]
					}
				},
				"forearm_left": {
					"rotation": {
						"0.0": [0, 0, "20-math.sin(q.anim_time*90*3-90-45+180)*1"],
						"1.65": [0, 0, "20-math.sin(q.anim_time*90*3-90-45+180)*1"],
						"1.85": [-5.019, -4.98093, "20.4369-math.sin(q.anim_time*90*3-90-45+180)*1"]
					},
					"position": {
						"0.0": [0, 0, 0],
						"1.65": [0, 0, 0]
					}
				},
				"arm_right": {
					"rotation": {
						"0.0": [180, -10, "80-math.sin(q.anim_time*90*3-90-45)*0.5"],
						"0.2": [167.5, -10, "80-math.sin(q.anim_time*90*3-90-45)*0.5"],
						"0.55": [155, -10, "80-math.sin(q.anim_time*90*3-90-45)*0.5"],
						"0.75": [162.5, -10, "80-math.sin(q.anim_time*90*3-90-45)*0.5"],
						"1.1": [188.20327, 14.63387, "83.6549-math.sin(q.anim_time*90*3-90-45)*0.5"],
						"1.5": [188.20327, 14.63387, "83.6549-math.sin(q.anim_time*90*3-90-45)*0.5"],
						"1.65": [203.20327, 14.63387, "83.6549-math.sin(q.anim_time*90*3-90-45)*0.5"],
						"1.8": [203.78078, 13.63717, "86.0193-math.sin(q.anim_time*90*3-90-45)*0.5"]
					}
				},
				"forearm_right": {
					"rotation": [0, 0, "-20-math.sin(q.anim_time*90*3-90-45)*1"]
				},
				"tail": {
					"rotation": {
						"0.0": [30, "math.sin(query.anim_time*90*3-90+45)*2", 0],
						"1.0": [30, "math.sin(query.anim_time*90*3-90+45)*2", 0],
						"1.15": [45, "math.sin(query.anim_time*90*3-90+45)*2", 0],
						"2.0": [30, "math.sin(query.anim_time*90*3-90+45)*2", 0],
						"2.25": [33.99486, "27.7855+math.sin(query.anim_time*90*3-90+45)*2", 17.48628],
						"2.35": [33.24595, 14.47681, 9.34274],
						"2.55": [38.92594, "-35.6369+math.sin(query.anim_time*90*3-90+45)*2", -25.12883]
					},
					"position": {
						"0.0": [0, 0, 0],
						"2.0": [0, 0, 0]
					}
				},
				"tail2": {
					"rotation": {
						"0.0": [15, "-math.sin(query.anim_time*90*3-33+45)*1", 0],
						"2.1": [15, "-math.sin(query.anim_time*90*3-33+45)*1", 0],
						"2.2": [15.15789, "7.2425-math.sin(query.anim_time*90*3-33+45)*1", 1.95618],
						"2.3": [15.15789, "7.2425-math.sin(query.anim_time*90*3-33+45)*1", 1.95618],
						"2.45": [17.7154, "31.2569-math.sin(query.anim_time*90*3-33+45)*1", 9.41021],
						"2.7": [6.93326, "44.2589-math.sin(query.anim_time*90*3-33+45)*1", -6.1941]
					},
					"position": {
						"0.0": [0, 0, 0],
						"2.1": [0, 0, 0]
					}
				},
				"head": {
					"position": [0, "-math.sin(q.anim_time*90*3-90-45)*0.02", 0]
				},
				"hair2": {
					"rotation": {
						"0.0": [0, 0, "-math.clamp(-0.15*(math.sin(q.anim_time*90*3-90)*0.1+1),-0.2,-0.1)+math.sin(q.anim_time*90*3-90+60)*1"],
						"0.5": [5, 0, "5-math.clamp(-0.15*(math.sin(q.anim_time*90*3-90)*0.1+1),-0.2,-0.1)+math.sin(q.anim_time*90*3-90+60)*1"],
						"1.05": [0, 0, "-5-math.clamp(-0.15*(math.sin(q.anim_time*90*3-90)*0.1+1),-0.2,-0.1)+math.sin(q.anim_time*90*3-90+60)*1"],
						"1.2": [-15, 0, "-15-math.clamp(-0.15*(math.sin(q.anim_time*90*3-90)*0.1+1),-0.2,-0.1)+math.sin(q.anim_time*90*3-90+60)*1"],
						"1.55": [7.5, 0, "7.5-math.clamp(-0.15*(math.sin(q.anim_time*90*3-90)*0.1+1),-0.2,-0.1)+math.sin(q.anim_time*90*3-90+60)*1"],
						"1.6": [0, 0, "-15-math.clamp(-0.15*(math.sin(q.anim_time*90*3-90)*0.1+1),-0.2,-0.1)+math.sin(q.anim_time*90*3-90+60)*1"],
						"1.65": [0, 0, "-math.clamp(-0.15*(math.sin(q.anim_time*90*3-90)*0.1+1),-0.2,-0.1)+math.sin(q.anim_time*90*3-90+60)*1"],
						"1.85": [0, 0, "-math.clamp(-0.15*(math.sin(q.anim_time*90*3-90)*0.1+1),-0.2,-0.1)+math.sin(q.anim_time*90*3-90+60)*1"],
						"2.4": [0, 0, "50-math.clamp(-0.15*(math.sin(q.anim_time*90*3-90)*0.1+1),-0.2,-0.1)+math.sin(q.anim_time*90*3-90+60)*1"],
						"2.45": [0, 0, "-25-math.clamp(-0.15*(math.sin(q.anim_time*90*3-90)*0.1+1),-0.2,-0.1)+math.sin(q.anim_time*90*3-90+60)*1"],
						"2.5": [0, 0, "15-math.clamp(-0.15*(math.sin(q.anim_time*90*3-90)*0.1+1),-0.2,-0.1)+math.sin(q.anim_time*90*3-90+60)*1"],
						"2.55": [0, 0, "-20-math.clamp(-0.15*(math.sin(q.anim_time*90*3-90)*0.1+1),-0.2,-0.1)+math.sin(q.anim_time*90*3-90+60)*1"]
					},
					"position": [0, 0, 0]
				},
				"hair3": {
					"rotation": {
						"0.0": [0, 0, "math.clamp(-0.15*(math.sin(q.anim_time*90*3-90)*0.1+1),-0.2,-0.1)-math.sin(q.anim_time*90*3-90+60)*1"],
						"0.5": [5, 0, "5+math.clamp(-0.15*(math.sin(q.anim_time*90*3-90)*0.1+1),-0.2,-0.1)-math.sin(q.anim_time*90*3-90+60)*1"],
						"1.05": [0, 0, "-5+math.clamp(-0.15*(math.sin(q.anim_time*90*3-90)*0.1+1),-0.2,-0.1)-math.sin(q.anim_time*90*3-90+60)*1"],
						"1.2": [-15, 0, "15+math.clamp(-0.15*(math.sin(q.anim_time*90*3-90)*0.1+1),-0.2,-0.1)-math.sin(q.anim_time*90*3-90+60)*1"],
						"1.55": [7.5, 0, "-7.5+math.clamp(-0.15*(math.sin(q.anim_time*90*3-90)*0.1+1),-0.2,-0.1)-math.sin(q.anim_time*90*3-90+60)*1"],
						"1.6": [0, 0, "15+math.clamp(-0.15*(math.sin(q.anim_time*90*3-90)*0.1+1),-0.2,-0.1)-math.sin(q.anim_time*90*3-90+60)*1"],
						"1.65": [0, 0, "math.clamp(-0.15*(math.sin(q.anim_time*90*3-90)*0.1+1),-0.2,-0.1)-math.sin(q.anim_time*90*3-90+60)*1"],
						"1.85": [0, 0, "math.clamp(-0.15*(math.sin(q.anim_time*90*3-90)*0.1+1),-0.2,-0.1)-math.sin(q.anim_time*90*3-90+60)*1"],
						"2.4": [0, 0, "40+math.clamp(-0.15*(math.sin(q.anim_time*90*3-90)*0.1+1),-0.2,-0.1)-math.sin(q.anim_time*90*3-90+60)*1"],
						"2.45": [0, 0, "-35+math.clamp(-0.15*(math.sin(q.anim_time*90*3-90)*0.1+1),-0.2,-0.1)-math.sin(q.anim_time*90*3-90+60)*1"],
						"2.5": [0, 0, "15+math.clamp(-0.15*(math.sin(q.anim_time*90*3-90)*0.1+1),-0.2,-0.1)-math.sin(q.anim_time*90*3-90+60)*1"],
						"2.55": [0, 0, "-20+math.clamp(-0.15*(math.sin(q.anim_time*90*3-90)*0.1+1),-0.2,-0.1)-math.sin(q.anim_time*90*3-90+60)*1"]
					},
					"position": [0, 0, 0]
				},
				"torso": {
					"position": [0, "math.clamp(-0.15*(math.sin(q.anim_time*90*3-90)*0.1+1),-0.2,-0.1)-math.sin(q.anim_time*90*3-90)*0.05", 0]
				},
				"head_angle": {
					"rotation": {
						"0.0": [0, 0, 0],
						"0.2": [-13.91148, 0, 5.81348],
						"0.55": [-17.05485, 0, 7.38966],
						"0.75": [-15.57407, 0, 2.93784],
						"1.1": [-16.41073, 0, -6.60026],
						"1.5": [-16.41073, 0, -6.60026],
						"1.6": [9.4226, 0, -6.60026],
						"1.65": [1.08927, 0, -6.60026],
						"1.7": [10.46427, 0, -6.60026],
						"1.75": [2.08927, 0, -6.60026],
						"1.95": [18.58927, 0, -6.60026]
					},
					"position": {
						"1.5": [0, 0, 0],
						"1.65": [0, 0, -1]
					}
				},
				"bill": {
					"rotation": {
						"0.0": [0, 0, 0],
						"0.1": [-2.5, 0, 0],
						"1.0": [-2.5, 0, 0],
						"1.1": [-10, 0, 0],
						"1.6": [-5, 0, 0]
					},
					"position": [0, 0, 0]
				},
				"jaw": {
					"rotation": {
						"0.0": [0, 0, 0],
						"0.1": [7.5, 0, 0],
						"1.0": [7.5, 0, 0],
						"1.1": [20, 0, 0],
						"1.6": [-5, 0, 0],
						"1.65": [15, 0, 0],
						"1.85": [-5, 0, 0],
						"2.4": [-5, 0, 0],
						"2.45": [0, 0, 0],
						"2.55": [-5, 0, 0]
					},
					"position": [0, 0, 0]
				},
				"eyelid_right": {
					"rotation": [0, 0, 0],
					"position": {
						"0.0": [0, 0, 0],
						"0.05": [0, 0, -0.1],
						"1.0": [0, 0, -0.1],
						"1.05": [0, 0, 0],
						"1.5": [0, 0, 0],
						"1.55": [0, 0, -0.1],
						"1.6": [0, 0, -0.1],
						"1.65": [0, 0, 0],
						"1.7": [0, 0, -0.1]
					}
				},
				"eyelid_left": {
					"rotation": [0, 0, 0],
					"position": {
						"0.0": [0, 0, 0],
						"0.05": [0, 0, -0.1],
						"1.0": [0, 0, -0.1],
						"1.05": [0, 0, 0],
						"1.5": [0, 0, 0],
						"1.55": [0, 0, -0.1],
						"1.6": [0, 0, -0.1],
						"1.65": [0, 0, 0],
						"1.7": [0, 0, -0.1]
					}
				},
				"hair1": {
					"rotation": {
						"0.0": [0, 0, 0],
						"0.5": [5, 0, 5],
						"1.05": [0, 0, -5],
						"1.2": [-15, 0, 0],
						"1.55": [7.5, 0, 0],
						"1.6": [0, 0, 0],
						"1.85": [0, 0, 0],
						"2.4": [0, 0, 45],
						"2.45": [0, 0, -30],
						"2.5": [0, 0, 15],
						"2.55": [0, 0, -15]
					},
					"position": [0, 0, 0],
					"scale": [1, 1, 1]
				},
				"foot_right": {
					"rotation": {
						"0.0": [0, 0, 0],
						"0.3": [7.5, 0, 0],
						"1.0": [22.5, 0, 0],
						"1.05": [-7.5, 0, 0],
						"1.1": [-75, 0, 0],
						"1.25": [-97.5, 0, 0],
						"1.45": [-97.5, 0, 0],
						"1.6": [-75, 0, 0]
					},
					"position": {
						"0.0": [0, 0, 0],
						"0.1": [0, 0.2, 0.4],
						"0.2": [0, 0.27, 0.5],
						"0.3": [0, 0.15, 0.7],
						"0.45": [0, 0, 0.8],
						"0.95": [0, 0, 0.8],
						"1.05": [0, 0, -1.2],
						"1.1": [0, 0, -3.2],
						"1.6": [0, 1, -3.2],
						"1.65": [0, 0, -3.2]
					}
				},
				"foot_left": {
					"rotation": {
						"0.0": [0, 0, 0],
						"0.3": [7.5, 0, 0],
						"1.0": [7.5, 0, 0],
						"1.05": [-10, 0, 0],
						"1.1": [-74.64, 0, 0],
						"1.25": [-99.64, 0, 0],
						"1.45": [-99.64, 0, 0],
						"1.6": [-77.14, 0, 0],
						"1.65": [-77.85, 0, 0],
						"2.0": [-77.85, 0, 0],
						"2.1": [-73.57561, -2.86045, 12.25859],
						"2.25": [-33.57561, -2.86045, 12.25859],
						"2.45": [-78.57561, -2.86045, 12.25859],
						"2.5": [-78.60203, 11.84632, 15.2183],
						"2.55": [-78.57561, -2.86045, 12.25859]
					},
					"position": {
						"0.0": [0, 0, 0],
						"0.3": [0, 0, -1.5],
						"1.0": [0, 0, -1.5],
						"1.05": [0, 0, -1.5],
						"1.1": [0, 0, -3.5],
						"1.6": [0, 1, -3.5],
						"1.65": [0, 0, -3.5],
						"2.1": [0, 0, -3.5],
						"2.25": [0, -1, -3.5]
					}
				},
				"neck": {
					"rotation": {
						"0.0": [0, 0, 0],
						"0.2": [0, -21.67299, 0],
						"0.55": [0, -26.4616, 0],
						"0.75": [0, -12.05792, 0],
						"1.1": [0, 21.66664, 0],
						"1.5": [0, 21.66664, 0],
						"1.65": [0, 21.66664, 0],
						"1.85": [0, 21.66664, 0],
						"2.4": [0, 21.67, 0],
						"2.45": [-3.80149, 14.2245, 7.06091],
						"2.55": [0, 21.67, 0]
					}
				},
				"body": {
					"rotation": {
						"0.0": [0, 0, 0],
						"0.3": [-7.5, 0, 0],
						"1.05": [-7.5, 0, 0],
						"1.85": [-7.5, 0, 0],
						"2.05": [-7.38733, -1.29876, -9.91615],
						"2.15": [-6.66067, -3.45533, -27.29887],
						"2.35": [-1.74752, -2.29397, -76.54135],
						"2.4": [-1.54091, -2.43753, -81.54356],
						"2.45": [-1.74752, -2.29397, -76.54135],
						"2.5": [-1.54091, -2.43753, -81.54356]
					},
					"position": {
						"0.0": [0, 0, 0],
						"0.3": [0, 0, 2],
						"1.05": [0, 0, 2],
						"1.2": [0, 2, 4],
						"1.35": [0, 2, 4.4],
						"1.45": [0, 1.6, 4.8],
						"1.6": [0, -2.4, 5.8],
						"1.65": [0, -1.4, 5.8],
						"1.75": [0, -1.65, 5.8],
						"1.85": [0, -1.4, 5.8],
						"2.05": [-0.5, -0.7, 5.8],
						"2.15": [-2, 0, 5.8],
						"2.35": [-5, -0.2, 5.8],
						"2.4": [-5.25, -0.6, 5.8],
						"2.45": [-5, -0.2, 5.8],
						"2.5": [-5.25, -0.45, 5.8]
					}
				}
			}
		},
		"animation.psyduck.sleep": {
			"loop": true,
			"bones": {
				"body": {
					"rotation": [-2.5, 0, 0],
					"position": [0, -1, 0]
				},
				"torso": {
					"position": [0, -0.5, 0]
				},
				"head_angle": {
					"rotation": [10, 0, 0],
					"position": [0, 0, -0.75]
				},
				"jaw": {
					"rotation": [15, 0, 0]
				},
				"eyelid_right": {
					"position": [0, 0, -0.1]
				},
				"eyelid_left": {
					"position": [0, 0, -0.1]
				},
				"hair1": {
					"rotation": [-15, 0, 0]
				},
				"hair2": {
					"rotation": [-12.5, 0, 0]
				},
				"hair3": {
					"rotation": [-12.5, 0, 0]
				},
				"arm_right": {
					"rotation": [-179.55072, -14.99023, 87.42172]
				},
				"forearm_right": {
					"rotation": [0, 0, -7.5]
				},
				"arm_left": {
					"rotation": [-178.60153, 22.43946, -84.63565]
				},
				"forearm_left": {
					"rotation": [0, 0, 12.5]
				},
				"tail": {
					"rotation": [-2.70569, -22.47741, 1.03509]
				},
				"tail2": {
					"rotation": [5.92236, -32.36121, -3.17805]
				},
				"foot_right": {
					"rotation": [-80.92669, 24.44194, -24.33056],
					"position": [-0.5, 0.25, -3]
				},
				"foot_left": {
					"rotation": [-84.51735, -24.2838, 31.41375],
					"position": [0.25, 0.25, -3]
				}
			}
		},
		"animation.psyduck.blink": {
			"animation_length": 0.16667,
			"bones": {
				"eyelid_right": {
					"position": {
						"0.0": [0, 0, -0.1],
						"0.125": [0, 0, -0.1],
						"0.1667": [0, 0, 0]
					}
				},
				"eyelid_left": {
					"position": {
						"0.0": [0, 0, -0.1],
						"0.125": [0, 0, -0.1],
						"0.1667": [0, 0, 0]
					}
				}
			}
		}
	}
}