{
	"format_version": "1.8.0",
	"animations": {
		"animation.farfetchd.ground_idle": {
			"loop": true,
			"bones": {
				"wing_left": {
					"rotation": [-79.19476, "-12+math.cos(q.anim_time*90*2+30)*2", 4.11405]
				},
				"wing_left2": {
					"rotation": [0, 5, "70+math.cos(q.anim_time*90*2)*10"]
				},
				"wing_left_finger": {
					"rotation": [0, 0, 112.5]
				},
				"wing_left_finger5": {
					"rotation": [0, 0, 72.5]
				},
				"wing_left_finger2": {
					"rotation": [0, 0, 97.5]
				},
				"wing_left_finger6": {
					"rotation": [0, 0, 77.5]
				},
				"wing_left_finger3": {
					"rotation": [0, 0, 102.5]
				},
				"wing_left_finger7": {
					"rotation": [0, 0, 72.5]
				},
				"wing_left_finger4": {
					"rotation": [0, 0, 112.5]
				},
				"wing_left_finger8": {
					"rotation": [0, 0, 67.5]
				},
				"wing_right": {
					"rotation": [16.63484, 42.21751, -64.88553]
				},
				"wing_right2": {
					"rotation": [0, -30, 0]
				},
				"wing_right3": {
					"rotation": [0, 25, 0]
				},
				"leg_left": {
					"rotation": [1.10693, -12.45167, -5.12076]
				},
				"foot_left": {
					"rotation": [0, 0, 5]
				},
				"leg_right": {
					"rotation": [0.88045, 9.96156, 5.07673]
				},
				"foot_right": {
					"rotation": [0, 0, -5]
				},
				"leak_wing_left": {
					"rotation": [-79.19476, "-12+math.cos(q.anim_time*90*2+30)*2", 4.11405]
				},
				"leak_wing_left2": {
					"rotation": [0, 5, "70+math.cos(q.anim_time*90*2)*10"]
				},
				"torso": {
					"rotation": ["2+math.sin(q.anim_time*90*1)*0.5+math.sin(q.anim_time*90*2)*0.1", 0, "math.cos(q.anim_time*90*2)*1"]
				},
				"tail": {
					"rotation": ["0+math.sin(q.anim_time*90*2-90-90)*2+math.sin(q.anim_time*90*1-90-90)*1", 0, 0]
				},
				"neck": {
					"rotation": ["math.cos(q.anim_time*90*2-60)*3", 0, "-math.cos(q.anim_time*90*2)*0.5"]
				},
				"head": {
					"rotation": [0, 0, "-math.cos(q.anim_time*90*2)*0.5"]
				},
				"leak": {
					"rotation": [21, 0, 0]
				}
			}
		},
		"animation.farfetchd.ground_walk": {
			"loop": true,
			"bones": {
				"wing_left": {
					"rotation": [
						"-74.1857+math.sin(q.anim_time*90*4+180)*3+math.sin(q.anim_time*90*4/3+180)*10",
						"-12.5994+math.sin(q.anim_time*90*4+180)*14",
						"-10.9641+math.sin(q.anim_time*90*4+180)*3"
					]
				},
				"wing_left2": {
					"rotation": [3.00267, "2.8774-math.sin(q.anim_time*90*4+150)*4", "44.7816+math.sin(q.anim_time*90*4+150)*25"]
				},
				"wing_left_finger": {
					"rotation": [0, 0, 112.5]
				},
				"wing_left_finger5": {
					"rotation": [0, 0, 72.5]
				},
				"wing_left_finger2": {
					"rotation": [0, 0, 97.5]
				},
				"wing_left_finger6": {
					"rotation": [0, 0, 77.5]
				},
				"wing_left_finger3": {
					"rotation": [0, 0, 102.5]
				},
				"wing_left_finger7": {
					"rotation": [0, 0, 72.5]
				},
				"wing_left_finger4": {
					"rotation": [0, 0, 112.5]
				},
				"wing_left_finger8": {
					"rotation": [0, 0, 67.5]
				},
				"wing_right": {
					"rotation": ["15+math.sin(q.anim_time*90*4+150)*3", 50, "-70+math.sin(q.anim_time*90*4+150)*6"],
					"position": [0, "0.1+math.sin(q.anim_time*90*4+150)*0.4", -0.75]
				},
				"wing_right2": {
					"rotation": [0, "-20-math.sin(q.anim_time*90*4+150)*1", 0]
				},
				"wing_right3": {
					"rotation": [0, "35+math.sin(q.anim_time*90*4+140)*5", 0]
				},
				"leg_left": {
					"rotation": [
						"14-math.sin(q.anim_time*90*4+180)*30-math.clamp(math.sin(q.anim_time*90*4+40+180)*10, 0, 10)",
						0,
						"-5+math.sin(q.anim_time*90*4+90+180)*10"
					],
					"position": [
						"0.3+math.clamp(math.sin(q.anim_time*90*4+180)*0.2, -0.1, 0.2)*3",
						"math.sin(q.anim_time*90*4+120+180)*0.5+math.clamp(-math.cos(q.anim_time*90*4)*1,0,1)",
						"-math.sin(q.anim_time*90*4+180)*1-math.clamp(math.sin(q.anim_time*90*4+180)*1,0,1)"
					]
				},
				"foot_left": {
					"rotation": [
						"-10+math.clamp(math.sin(q.anim_time*90*4-180+180)*30,-30,0)+math.sin(q.anim_time*90*4+180)*15 +math.clamp(math.sin(q.anim_time*90*4-70+180)*20,0,20)+math.clamp(math.sin(q.anim_time*90*4-180+180)*20,0,20)",
						"math.clamp(math.sin(q.anim_time*90*4-20-180+180)*20,-20,0)",
						"5+math.sin(q.anim_time*90*4+90)*10"
					]
				},
				"leg_right": {
					"rotation": ["14-math.sin(q.anim_time*90*4)*30-math.clamp(math.sin(q.anim_time*90*4+40)*10, 0, 10)", 0, "5-math.sin(q.anim_time*90*4+90)*10"],
					"position": [
						"-0.3-math.clamp(math.sin(q.anim_time*90*4)*0.2, -0.1, 0.2)*3",
						"math.sin(q.anim_time*90*4+120)*0.5+math.clamp(math.cos(q.anim_time*90*4)*1,0,1)",
						"-math.sin(q.anim_time*90*4)*1-math.clamp(math.sin(q.anim_time*90*4)*1,0,1)"
					]
				},
				"foot_right": {
					"rotation": [
						"-10+math.clamp(math.sin(q.anim_time*90*4-180)*30,-30,0)+math.sin(q.anim_time*90*4)*15 +math.clamp(math.sin(q.anim_time*90*4-70)*20,0,20)+math.clamp(math.sin(q.anim_time*90*4-180)*20,0,20)",
						"-math.clamp(math.sin(q.anim_time*90*4-20-180)*20,-20,0)",
						"-5+math.sin(q.anim_time*90*4+90)*10"
					]
				},
				"leak_wing_left": {
					"rotation": [
						"-74.1857+math.sin(q.anim_time*90*4+180)*3+math.sin(q.anim_time*90*4/3+180)*10",
						"-12.5994+math.sin(q.anim_time*90*4+180)*14",
						"-10.9641+math.sin(q.anim_time*90*4+180)*3"
					]
				},
				"leak_wing_left2": {
					"rotation": [3.00267, "2.8774-math.sin(q.anim_time*90*4+150)*4", "44.7816+math.sin(q.anim_time*90*4+150)*25"]
				},
				"farfetchd": {
					"position": [0, 0, 0]
				},
				"body": {
					"rotation": [-10, 0, 0],
					"position": [
						"-(math.clamp(math.sin(q.anim_time*90*4+90+60)*0.2, -0.1, 0.2)-math.clamp(math.sin(q.anim_time*90*4+90+180+60)*0.2, -0.1, 0.2))*2",
						"0.3+math.sin(q.anim_time*90*4*2+180)*0.2+math.clamp(math.sin(q.anim_time*90*4*2)*0.5,0,0.5)",
						0
					]
				},
				"torso": {
					"rotation": [
						"7.5+math.cos(q.anim_time*90*4*2-30)*3",
						0,
						"-(math.clamp(math.sin(q.anim_time*90*4+90+0)*0.2, -0.1, 0.2)-math.clamp(math.sin(q.anim_time*90*4+90+180+20)*0.2, -0.1, 0.2))*20"
					],
					"position": [0, "0.25+math.sin(q.anim_time*90*4*2+90)*0.5", -0.5]
				},
				"tail": {
					"rotation": ["0+math.sin(q.anim_time*90*4*2-90-90)*4+math.sin(q.anim_time*90*4-90-90)*2", 0, 0]
				},
				"neck": {
					"rotation": [
						"15-math.cos(q.anim_time*90*4*2-30)*5",
						0,
						"(math.clamp(math.sin(q.anim_time*90*4+90+0)*0.2, -0.1, 0.2)-math.clamp(math.sin(q.anim_time*90*4+90+180+20)*0.2, -0.1, 0.2))*15"
					],
					"position": [0, -0.2, 0]
				},
				"head": {
					"rotation": [
						"-7.5+math.cos(q.anim_time*90*4*2-30)*2",
						0,
						"(math.clamp(math.sin(q.anim_time*90*4+90+0)*0.2, -0.1, 0.2)-math.clamp(math.sin(q.anim_time*90*4+90+180+20)*0.2, -0.1, 0.2))*5"
					]
				},
				"jaw": {
					"rotation": ["3+math.sin(q.anim_time*90*3*2)*2+math.sin(q.anim_time*90*4)*1", 0, 0]
				},
				"hair": {
					"rotation": ["-1-math.cos(q.anim_time*90*4*2-90)*5", 0, 0]
				},
				"hair_left": {
					"rotation": ["-5-math.cos(q.anim_time*90*4*2-90)*4", 0, 0]
				},
				"hair_right": {
					"rotation": ["-5-math.cos(q.anim_time*90*4*2-90)*4", 0, 0]
				},
				"leak": {
					"rotation": [22.5, 0, 0]
				}
			}
		},
		"animation.farfetchd.pose": {
			"loop": true,
			"bones": {
				"torso": {
					"rotation": [0, 0, 12.5]
				},
				"neck": {
					"rotation": [0, 0, -10]
				},
				"head": {
					"rotation": [-0.019, 4.98093, -7.93688]
				},
				"jaw": {
					"rotation": [20, 0, 0]
				},
				"wing_left": {
					"rotation": [-94.76968, -1.50179, -17.43745]
				},
				"wing_left2": {
					"rotation": [1.29717, 4.82922, 15.0547]
				},
				"wing_left_finger": {
					"rotation": [0, 0, 80]
				},
				"wing_left_finger2": {
					"rotation": [0, 0, 87.5]
				},
				"wing_left_finger3": {
					"rotation": [0, 0, 92.5]
				},
				"wing_left_finger4": {
					"rotation": [0, 0, 110]
				},
				"leg_right": {
					"rotation": [-7.44409, 16.00127, 20.32664]
				},
				"foot_right": {
					"rotation": [5, 0, 0]
				},
				"wing_left_finger5": {
					"rotation": [0, 0, 112.5]
				},
				"wing_left_finger6": {
					"rotation": [0, 0, 105]
				},
				"wing_left_finger7": {
					"rotation": [0, 0, 97.5]
				},
				"wing_left_finger8": {
					"rotation": [0, 0, 87.5]
				},
				"wing_right": {
					"rotation": [16.35515, 30.67942, -59.17945]
				},
				"wing_right2": {
					"rotation": [0, -30, 0]
				},
				"wing_right3": {
					"rotation": [0, 37.5, 0]
				}
			}
		},
		"animation.farfetchd.blink": {
			"animation_length": 0.16667,
			"bones": {
				"eyelid_left": {
					"position": {
						"0.0": [-0.1, 0, -0.1],
						"0.125": [-0.1, 0, -0.1],
						"0.1667": [0, 0, 0]
					}
				},
				"eyelid_right": {
					"position": {
						"0.0": [0.1, 0, -0.1],
						"0.125": [0.1, 0, -0.1],
						"0.1667": [0, 0, 0]
					}
				}
			}
		},
		"animation.farfetchd.cry": {
			"animation_length": 0.83333,
			"bones": {
				"neck": {
					"rotation": {
						"0.0": {
							"post": [0, 0, 0],
							"lerp_mode": "catmullrom"
						},
						"0.1667": {
							"post": [10, 0, 0],
							"lerp_mode": "catmullrom"
						},
						"0.25": {
							"post": [10, 0, 0],
							"lerp_mode": "catmullrom"
						},
						"0.3333": {
							"post": [0, 0, 0],
							"lerp_mode": "catmullrom"
						},
						"0.4167": {
							"post": [10, 0, 0],
							"lerp_mode": "catmullrom"
						},
						"0.5833": {
							"post": [0, 0, 0],
							"lerp_mode": "catmullrom"
						}
					}
				},
				"head": {
					"rotation": {
						"0.0": {
							"post": [0, 0, 0],
							"lerp_mode": "catmullrom"
						},
						"0.1667": {
							"post": [-15, 0, 0],
							"lerp_mode": "catmullrom"
						},
						"0.25": {
							"post": [-15, 0, 0],
							"lerp_mode": "catmullrom"
						},
						"0.3333": {
							"post": [0, 0, 0],
							"lerp_mode": "catmullrom"
						},
						"0.4167": {
							"post": [-15, 0, 0],
							"lerp_mode": "catmullrom"
						},
						"0.5833": {
							"post": [0, 0, 0],
							"lerp_mode": "catmullrom"
						}
					}
				},
				"jaw": {
					"rotation": {
						"0.0": {
							"post": [0, 0, 0],
							"lerp_mode": "catmullrom"
						},
						"0.1667": {
							"post": [25, 0, 0],
							"lerp_mode": "catmullrom"
						},
						"0.25": {
							"post": [25, 0, 0],
							"lerp_mode": "catmullrom"
						},
						"0.3333": {
							"post": [0, 0, 0],
							"lerp_mode": "catmullrom"
						},
						"0.4167": {
							"post": [25, 0, 0],
							"lerp_mode": "catmullrom"
						},
						"0.5833": {
							"post": [0, 0, 0],
							"lerp_mode": "catmullrom"
						}
					}
				}
			},
			"sound_effects": {
				"0.0833": {
					"effect": "pokemon.farfetchd.cry"
				}
			}
		},
		"animation.farfetchd.air_fly": {
			"loop": true,
			"bones": {
				"body": {
					"rotation": ["27.5+math.cos(q.anim_time*90*4-30)*9", 0, 0],
					"position": [0, "4+math.sin(q.anim_time*90*4-60)*2", "-math.cos(q.anim_time*90*4-30)*0.5"]
				},
				"neck": {
					"rotation": ["12.5-math.sin(q.anim_time*90*4-90-90)*5 ", 0, 0]
				},
				"head": {
					"rotation": ["-42.5+math.sin(q.anim_time*90*4-90-90)*10", 0, 0]
				},
				"jaw": {
					"rotation": [13, 0, 0],
					"position": [0, -0.4, 0]
				},
				"wing_left": {
					"rotation": [
						"-60+math.sin(q.anim_time*90*4)*10",
						"9-math.sin(q.anim_time*90*4-90)*30-math.clamp(math.sin(q.anim_time*90*4-120)*30,0,20)",
						"15+math.sin(q.anim_time*90*4)*30"
					],
					"position": [0, 0, 2]
				},
				"wing_left2": {
					"rotation": [0, 0, "-15+math.sin(q.anim_time*90*4-30)*50"]
				},
				"wing_left3": {
					"rotation": [0, 0, "15+math.sin(q.anim_time*90*4-60)*40"]
				},
				"leak": {
					"rotation": [89.99996, 87.5, 89.99996],
					"position": [-8, 3.8, -4.3]
				},
				"wing_right": {
					"rotation": [
						"-60+math.sin(q.anim_time*90*4)*10",
						"-9+math.sin(q.anim_time*90*4-90)*30+math.clamp(math.sin(q.anim_time*90*4-120)*30,0,20)",
						"-15-math.sin(q.anim_time*90*4)*30"
					],
					"position": [0, 0, 2]
				},
				"wing_right2": {
					"rotation": [0, 0, "15-math.sin(q.anim_time*90*4-30)*50"]
				},
				"wing_right3": {
					"rotation": [0, 0, "-15-math.sin(q.anim_time*90*4-60)*40"]
				},
				"leg_left": {
					"rotation": ["43.4158+math.cos(q.anim_time*90*4-110)*19", -6.67553, -18.93525]
				},
				"leg_right": {
					"rotation": ["26.7756+math.cos(q.anim_time*90*4-60)*12", 7.73035, 28.08137]
				},
				"leak_head": {
					"rotation": ["-30+math.sin(q.anim_time*90*4-90-90)*10", 0, 0]
				},
				"leak_neck": {
					"rotation": ["2.5-math.sin(q.anim_time*90*4-90-90)*5 ", 0, 0]
				},
				"tail": {
					"rotation": ["-50+math.sin(q.anim_time*90*4-90-90)*30", 0, 0]
				},
				"hair": {
					"rotation": ["-2.5-math.cos(q.anim_time*90*4-90)*20 ", 0, 0]
				},
				"hair_left": {
					"rotation": ["-5-math.cos(q.anim_time*90*4-90)*15 ", 0, 0]
				},
				"hair_right": {
					"rotation": ["-5-math.cos(q.anim_time*90*4-90)*15 ", 0, 0]
				},
				"foot_left": {
					"rotation": ["30+math.cos(q.anim_time*90*4-110-30)*6", 0, 0]
				},
				"foot_right": {
					"rotation": ["30+math.cos(q.anim_time*90*4-60-30)*16", 0, 0]
				},
				"wing_left_finger": {
					"rotation": [0, 0, "math.sin(q.anim_time*90*4-90)*15"]
				},
				"wing_left_finger2": {
					"rotation": [0, 0, "math.sin(q.anim_time*90*4-90)*8"]
				},
				"wing_left_finger3": {
					"rotation": [0, 0, "math.sin(q.anim_time*90*4-90)*4"]
				},
				"wing_left_finger4": {
					"rotation": [0, -10, "math.sin(q.anim_time*90*4-90)*2"]
				},
				"wing_right_finger": {
					"rotation": [0, 0, "-(math.sin(q.anim_time*90*4-90)*15)"]
				},
				"wing_right_finger2": {
					"rotation": [0, 0, "-(math.sin(q.anim_time*90*4-90)*8)"]
				},
				"wing_right_finger3": {
					"rotation": [0, 0, "-(math.sin(q.anim_time*90*4-90)*4)"]
				},
				"wing_right_finger4": {
					"rotation": [0, 10, "-(math.sin(q.anim_time*90*4-90)*2)"]
				}
			}
		},
		"animation.farfetchd.air_idle": {
			"loop": true,
			"bones": {
				"body": {
					"rotation": ["7.5+math.cos(q.anim_time*90*4-30)*9", 0, 0],
					"position": [0, "4+math.sin(q.anim_time*90*4-50)*2", "-math.cos(q.anim_time*90*4-30)*0.5"]
				},
				"neck": {
					"rotation": ["10-math.sin(q.anim_time*90*4-90-90)*5 ", 0, 0]
				},
				"head": {
					"rotation": ["-15+math.sin(q.anim_time*90*4-90-90)*5 -math.cos(q.anim_time*90*4-30)*9", 0, 0],
					"position": [0, 0, "math.cos(q.anim_time*90*4-30)*0.5"]
				},
				"jaw": {
					"rotation": [13, 0, 0],
					"position": [0, -0.4, 0]
				},
				"wing_left": {
					"rotation": [
						"-37.5+math.sin(q.anim_time*90*4)*10",
						"14-math.sin(q.anim_time*90*4-90)*10-math.clamp(math.sin(q.anim_time*90*4-120)*10,0,20)",
						"math.sin(q.anim_time*90*4)*30"
					],
					"position": [0, 0, 2]
				},
				"wing_left2": {
					"rotation": [0, 0, "-15+math.sin(q.anim_time*90*4-30)*50"]
				},
				"wing_left3": {
					"rotation": [0, 0, "15+math.sin(q.anim_time*90*4-60)*40"]
				},
				"leak": {
					"rotation": [89.99996, 87.5, 89.99996],
					"position": [-8, 3.8, -4.3]
				},
				"wing_right": {
					"rotation": [
						"-37.5+math.sin(q.anim_time*90*4)*10",
						"-14+math.sin(q.anim_time*90*4-90)*10+math.clamp(math.sin(q.anim_time*90*4-120)*10,0,20)",
						"-(math.sin(q.anim_time*90*4)*30)"
					],
					"position": [0, 0, 2]
				},
				"wing_right2": {
					"rotation": [0, 0, "15-math.sin(q.anim_time*90*4-30)*50"]
				},
				"wing_right3": {
					"rotation": [0, 0, "-15-math.sin(q.anim_time*90*4-60)*40"]
				},
				"leg_left": {
					"rotation": ["-30+math.cos(q.anim_time*90*4-110)*19", -25.98099, 1.60443]
				},
				"leg_right": {
					"rotation": ["-30+math.cos(q.anim_time*90*4-60)*12", 24.70013, -3.98007]
				},
				"leak_head": {
					"rotation": ["-15+math.sin(q.anim_time*90*4-90-90)*5 -math.cos(q.anim_time*90*4-30)*9", 0, 0],
					"position": [0, 0, "math.cos(q.anim_time*90*4-30)*0.5"]
				},
				"leak_neck": {
					"rotation": ["10-math.sin(q.anim_time*90*4-90-90)*5 ", 0, 0]
				},
				"tail": {
					"rotation": ["-5+math.sin(q.anim_time*90*4-90-90)*30", 0, 0]
				},
				"hair": {
					"rotation": ["-2.5-math.cos(q.anim_time*90*4-90)*8", 0, 0]
				},
				"hair_left": {
					"rotation": ["-5-math.cos(q.anim_time*90*4-90)*5 ", 0, 0]
				},
				"hair_right": {
					"rotation": ["-5-math.cos(q.anim_time*90*4-90)*5 ", 0, 0]
				},
				"foot_left": {
					"rotation": ["30+math.cos(q.anim_time*90*4-110-30)*3 ", 0, 0]
				},
				"foot_right": {
					"rotation": ["30+math.cos(q.anim_time*90*4-60-30)*20", 0, 0]
				}
			}
		},
		"animation.farfetchd.sleep": {
			"loop": true,
			"bones": {
				"body": {
					"rotation": [-30, 0, 0],
					"position": [0, -2.5, 0]
				},
				"torso": {
					"rotation": [0, 0, 10.5]
				},
				"neck": {
					"rotation": [48.7962, -9.22002, 14.76499],
					"position": [0, -3.2, 0.4]
				},
				"head": {
					"rotation": ["4+math.sin(q.anim_time*90*1/2)*2", 4.99695, -0.17494],
					"position": [0, 0, 0.1]
				},
				"eyelid_left": {
					"position": [-0.1, 0, -0.1]
				},
				"eyelid_right": {
					"position": [0.1, 0, -0.1]
				},
				"wing_left": {
					"rotation": [-25.67819, 53.32551, -2.33238],
					"position": [0, -1, 3]
				},
				"wing_left2": {
					"rotation": [0, 0, 45]
				},
				"wing_left3": {
					"rotation": [-1.21701, -2.06276, 66.10274]
				},
				"wing_left_finger": {
					"rotation": [0, 20, "-20+math.clamp((math.sin(q.anim_time*90*2)*1+math.sin(q.anim_time*90*1/2+90)*2), 0,3)"]
				},
				"wing_left_finger5": {
					"rotation": [0, 0, "52.5+math.clamp((math.sin(q.anim_time*90*3)*5+math.sin(q.anim_time*90*1+90)*10), 0,15)"]
				},
				"wing_left_finger2": {
					"rotation": [0, 0, "-18+math.clamp((math.sin(q.anim_time*90*2+20)*1+math.sin(q.anim_time*90*1/2+90+40)*2), 0,3)"]
				},
				"wing_left_finger6": {
					"rotation": [0, 0, "70+math.clamp((math.sin(q.anim_time*90*3+20)*2+math.sin(q.anim_time*90*1+90+40)*4), -3,15)"]
				},
				"wing_left_finger3": {
					"rotation": [0, 0, -12.5]
				},
				"wing_left_finger7": {
					"rotation": [0, 0, 90]
				},
				"wing_left_finger4": {
					"rotation": [0, 5, 10]
				},
				"wing_left_finger8": {
					"rotation": [0, 0, 87.5]
				},
				"leak": {
					"rotation": [420.31923, 58.84037, 434.80341],
					"position": [-7.4, -2.8, -0.4]
				},
				"wing_right": {
					"rotation": [23.86262, 23.45274, "-58.0344+math.sin(q.anim_time*90*1/2-20)*2"]
				},
				"wing_right2": {
					"rotation": [0, -25, "-4-math.sin(q.anim_time*90*1/2-20)*4"]
				},
				"wing_right3": {
					"rotation": [2.72535, 47.44052, 3.69768]
				},
				"wing_right_finger": {
					"rotation": [0, 0, "31-(math.clamp((math.sin(q.anim_time*90*4)*1+math.sin(q.anim_time*90*1/2+130)*6), 0,3))*1/2"]
				},
				"wing_right_finger5": {
					"rotation": [0, 0, "9.5+(math.clamp((math.sin(q.anim_time*90*4-20)*1+math.sin(q.anim_time*90*1/2+130-20)*6), 0,3))*1"]
				},
				"wing_right_finger2": {
					"rotation": [0, 0, "7.5-(math.clamp((math.sin(q.anim_time*90*4-20)*1+math.sin(q.anim_time*90*1/2+110)*6), 0,3))*1/2"]
				},
				"wing_right_finger6": {
					"rotation": [0, 0, "23+(math.clamp((math.sin(q.anim_time*90*4-20)*1+math.sin(q.anim_time*90*1/2+110)*6), 0,3))*1"]
				},
				"wing_right_finger3": {
					"rotation": [0, 0, "2.5-(math.clamp((math.sin(q.anim_time*90*4-30)*1+math.sin(q.anim_time*90*1/2+100)*6), 0,3))*1/2"]
				},
				"wing_right_finger7": {
					"rotation": [0, 0, 7.5]
				},
				"leg_left": {
					"rotation": [-52.39445, -3.9649, -3.04868]
				},
				"foot_left": {
					"rotation": [12.5, -12.5, 0]
				},
				"leg_right": {
					"rotation": [-51.84487, 9.74531, 7.57582]
				},
				"foot_right": {
					"rotation": [-9.8325, -24.56068, -5.11496]
				},
				"tail": {
					"rotation": ["-16.5847+math.sin(q.anim_time*90*1/2-40)*2+math.sin(q.anim_time*90*1/4-40)*4", -1.57373, -5.35492],
					"position": [0, 0.2, -0.1]
				},
				"jaw": {
					"rotation": [
						"7+math.clamp(math.sin(q.anim_time*90*1/2+180)*8, -5, 10)+math.sin(q.anim_time*90*1+70)*1+math.sin(q.anim_time*90*1/2+150)*2+math.clamp((math.sin(q.anim_time*90*4)*2+math.sin(q.anim_time*90*1/2+130)*6), 0,3)",
						0,
						0
					]
				},
				"hair": {
					"rotation": ["15-math.sin(q.anim_time*90*1/2)*7", 0, 0]
				},
				"hair_left": {
					"rotation": ["10-math.sin(q.anim_time*90*1/2)*5", 0, 0]
				},
				"hair_right": {
					"rotation": ["10-math.sin(q.anim_time*90*1/2)*5", 0, 0]
				},
				"wing_right_finger4": {
					"rotation": [0, 0, "2-(math.clamp((math.sin(q.anim_time*90*4-40)*1+math.sin(q.anim_time*90*1/2+90)*6), 0,3))*1/2"]
				}
			}
		},
		"animation.farfetchd.quirk_leakflip_idle": {
			"animation_length": 2.25,
			"bones": {
				"wing_left": {
					"rotation": {
						"0.0": {
							"post": [0, 0, 0],
							"lerp_mode": "catmullrom"
						},
						"0.125": {
							"post": [0, 13, 15],
							"lerp_mode": "catmullrom"
						},
						"0.2083": {
							"post": [20, 13, 15],
							"lerp_mode": "catmullrom"
						},
						"0.375": {
							"post": [10, 25.5, -20.25],
							"lerp_mode": "catmullrom"
						},
						"0.625": {
							"post": [-62.5, 67.5, -27.5],
							"lerp_mode": "catmullrom"
						},
						"0.6667": {
							"post": [-75, 44.48, -27.15],
							"lerp_mode": "catmullrom"
						},
						"1.6667": {
							"post": [-15.53, 3.5, -30.51],
							"lerp_mode": "catmullrom"
						},
						"1.7917": {
							"post": [-5.81, -0.71, -20.21],
							"lerp_mode": "catmullrom"
						},
						"2.0": {
							"post": [0, 0, 0],
							"lerp_mode": "catmullrom"
						}
					},
					"position": {
						"0.0": {
							"post": [0, 0, 0],
							"lerp_mode": "catmullrom"
						},
						"2.0": {
							"post": [0, 0, 0],
							"lerp_mode": "catmullrom"
						}
					}
				},
				"wing_left2": {
					"rotation": {
						"0.0": {
							"post": [0, 0, 0],
							"lerp_mode": "catmullrom"
						},
						"0.125": {
							"post": [0, 0, 7.5],
							"lerp_mode": "catmullrom"
						},
						"0.2083": {
							"post": [0, 0, 7.5],
							"lerp_mode": "catmullrom"
						},
						"0.5": {
							"post": [0, 0, -60.57],
							"lerp_mode": "catmullrom"
						},
						"0.625": {
							"post": [-2.5, 0, -77.5],
							"lerp_mode": "catmullrom"
						},
						"1.375": {
							"post": [0, 0, -77.5],
							"lerp_mode": "catmullrom"
						},
						"1.625": {
							"post": [0, 0, -106.06],
							"lerp_mode": "catmullrom"
						},
						"1.6667": {
							"post": [0, 0, -62.01],
							"lerp_mode": "catmullrom"
						},
						"1.75": {
							"post": [0, 7.5, -18.82],
							"lerp_mode": "catmullrom"
						},
						"2.0": {
							"post": [0, 0, 0],
							"lerp_mode": "catmullrom"
						}
					},
					"position": {
						"0.0": {
							"post": [0, 0, 0],
							"lerp_mode": "catmullrom"
						},
						"2.0": {
							"post": [0, 0, 0],
							"lerp_mode": "catmullrom"
						}
					}
				},
				"wing_left3": {
					"rotation": {
						"0.25": {
							"pre": [0, 0, 0],
							"post": [0, 0, 0],
							"lerp_mode": "catmullrom"
						},
						"0.625": {
							"post": [0, 0, -46.7],
							"lerp_mode": "catmullrom"
						},
						"0.75": {
							"post": [0, 0, -137.5],
							"lerp_mode": "catmullrom"
						},
						"1.0": {
							"post": [0, 0, -137.5],
							"lerp_mode": "catmullrom"
						},
						"1.375": {
							"post": [0, 0, -137.5],
							"lerp_mode": "catmullrom"
						},
						"1.625": {
							"post": [0, 0, -92.24],
							"lerp_mode": "catmullrom"
						},
						"1.6667": {
							"post": [0, 0, -113.24],
							"lerp_mode": "catmullrom"
						},
						"1.7083": {
							"post": [0, 0, -51.03],
							"lerp_mode": "catmullrom"
						},
						"2.0": {
							"post": [0, 0, 0],
							"lerp_mode": "catmullrom"
						}
					},
					"position": {
						"0.25": {
							"pre": [0, 0, 0],
							"post": [0, 0, 0],
							"lerp_mode": "catmullrom"
						},
						"0.625": {
							"post": [0, 0, 0],
							"lerp_mode": "catmullrom"
						},
						"0.75": {
							"post": [0, 0, 0],
							"lerp_mode": "catmullrom"
						},
						"2.0": {
							"post": [0, 0, 0],
							"lerp_mode": "catmullrom"
						}
					}
				},
				"wing_left_finger": {
					"rotation": {
						"0.5": [0, 0, 0],
						"1.0": [0, 0, -40],
						"1.625": [0, 0, -40],
						"2.0": [0, 0, 0]
					}
				},
				"wing_left_finger5": {
					"rotation": {
						"0.5": [0, 0, 0],
						"1.0": [0, 0, -100],
						"1.625": [0, 0, -100],
						"2.0": [0, 0, 0]
					}
				},
				"wing_left_finger2": {
					"rotation": {
						"0.5": [0, 0, 0],
						"1.0": [0, 0, -12.5],
						"1.625": [0, 0, -12.5],
						"2.0": [0, 0, 0]
					}
				},
				"wing_left_finger6": {
					"rotation": {
						"0.5": [0, 0, 0],
						"1.0": [0, 0, -102.5],
						"1.625": [0, 0, -102.5],
						"2.0": [0, 0, 0]
					}
				},
				"wing_left_finger3": {
					"rotation": {
						"0.5": [0, 0, 0],
						"1.0": [0, 0, -5],
						"1.625": [0, 0, -5],
						"2.0": [0, 0, 0]
					}
				},
				"wing_left_finger7": {
					"rotation": {
						"0.5": [0, 0, 0],
						"1.0": [0, 0, -107.5],
						"1.625": [0, 0, -107.5],
						"2.0": [0, 0, 0]
					}
				},
				"wing_left_finger4": {
					"rotation": {
						"0.5": [0, 0, 0],
						"1.0": [0, 0, 0],
						"1.625": [0, 0, 0],
						"2.0": [0, 0, 0]
					}
				},
				"wing_left_finger8": {
					"rotation": {
						"0.5": [0, 0, 0],
						"1.0": [0, 0, -112.5],
						"1.625": [0, 0, -112.5],
						"2.0": [0, 0, 0]
					}
				},
				"leak_wing_left": {
					"rotation": {
						"0.0": {
							"post": [0, 0, 0],
							"lerp_mode": "catmullrom"
						},
						"0.125": {
							"post": [0, 13, 15],
							"lerp_mode": "catmullrom"
						},
						"0.2083": {
							"post": [20, 13, 15],
							"lerp_mode": "catmullrom"
						},
						"0.375": {
							"post": [10, 25.5, -20.25],
							"lerp_mode": "catmullrom"
						},
						"0.625": [-62.5, 67.5, -27.5],
						"1.25": {
							"pre": [-62.5, 67.5, -27.5],
							"post": [-62.5, 67.5, -27.5],
							"lerp_mode": "catmullrom"
						},
						"2.0": {
							"post": [0, 0, 0],
							"lerp_mode": "catmullrom"
						}
					},
					"position": {
						"0.0": {
							"post": [0, 0, 0],
							"lerp_mode": "catmullrom"
						},
						"2.0": {
							"post": [0, 0, 0],
							"lerp_mode": "catmullrom"
						}
					}
				},
				"leak_wing_left2": {
					"rotation": {
						"0.0": {
							"post": [0, 0, 0],
							"lerp_mode": "catmullrom"
						},
						"0.125": {
							"post": [0, 0, 7.5],
							"lerp_mode": "catmullrom"
						},
						"0.2083": {
							"post": [0, 0, 7.5],
							"lerp_mode": "catmullrom"
						},
						"0.625": [0, 0, -77.5],
						"1.25": {
							"pre": [0, 0, -77.5],
							"post": [0, 0, -77.5],
							"lerp_mode": "catmullrom"
						},
						"2.0": {
							"post": [0, 0, 0],
							"lerp_mode": "catmullrom"
						}
					},
					"position": {
						"0.0": {
							"post": [0, 0, 0],
							"lerp_mode": "catmullrom"
						},
						"2.0": {
							"post": [0, 0, 0],
							"lerp_mode": "catmullrom"
						}
					}
				},
				"leak": {
					"rotation": {
						"0.25": [0, 0, 0],
						"0.375": [5, 0, 0],
						"0.4583": [10, 0, 0],
						"0.5417": [15.33, -2.5, 0],
						"0.625": ["475-q.anim_time*90*9", 0, 0],
						"1.5": ["318.8-q.anim_time*90*7", 0, 0],
						"1.6667": ["318.8-q.anim_time*90*7", 0, 0],
						"1.7083": [-699.82, 3.57, 0],
						"1.75": [-693.66, 4.29, 0],
						"1.7917": [-711.99, 4.29, 0],
						"1.875": [-718.66, 4.29, 0],
						"1.9167": {"pre": [-718.66, 4.29, 0], "post": [0, 0, 0]}
					},
					"position": {
						"0.25": [0, 0, 0],
						"0.375": [0.2, -0.4, 0],
						"0.4583": [0.07, 0.47, 1.7],
						"0.5417": [0, 0.7, 2.5],
						"0.5833": [0.45701, 0.95339, 1.7528],
						"0.625": [0.6021, -2.32267, 3.36124],
						"0.6667": [-0.54199, -5.781, -1.24674],
						"0.7917": {
							"pre": [1.68951, -19.23153, -9.02234],
							"post": [1.68951, -19.23153, -9.02234],
							"lerp_mode": "catmullrom"
						},
						"1.0": {
							"post": [1.80214, -24.94736, -11.20369],
							"lerp_mode": "catmullrom"
						},
						"1.25": {
							"post": [2.93444, -23.03752, -14.00654],
							"lerp_mode": "catmullrom"
						},
						"1.4583": {
							"post": [4.80255, -7.96152, -11.64963],
							"lerp_mode": "catmullrom"
						},
						"1.6667": [-0.03983, 2.99336, -4.02715],
						"1.7083": [-0.56957, 0.56243, -2.06642],
						"1.75": [-1.51875, 0.60578, -0.87959],
						"1.7917": [-1.15901, -0.37174, -0.03368],
						"1.875": [-0.58109, -0.0723, 0.20637],
						"1.9167": [-0.42636, -0.23775, 0.27585],
						"1.9583": [-0.28211, 0.0102, 0.13383],
						"2.0": [0, 0, 0]
					}
				},
				"torso": {
					"rotation": {
						"0.0": [0, 0, 0],
						"0.25": {
							"pre": [16.78988, -4.61031, 7.33462],
							"post": [16.78988, -4.61031, 7.33462],
							"lerp_mode": "catmullrom"
						},
						"0.4583": {
							"post": [16.78988, -4.61031, -0.16538],
							"lerp_mode": "catmullrom"
						},
						"0.5417": {
							"post": [-0.3, 0, -2],
							"lerp_mode": "catmullrom"
						},
						"0.75": {
							"post": [-20, 0, 4.5],
							"lerp_mode": "catmullrom"
						},
						"1.0": {
							"post": [-23.48, -0.4, 7.23],
							"lerp_mode": "catmullrom"
						},
						"1.4583": {
							"post": [-20, 0, 7],
							"lerp_mode": "catmullrom"
						},
						"1.75": {
							"post": [0.3, 10, -0.5],
							"lerp_mode": "catmullrom"
						},
						"1.8333": {
							"post": [7.5, 32.5, -0.5],
							"lerp_mode": "catmullrom"
						},
						"1.9167": {
							"post": [-0.3, 32.5, -0.5],
							"lerp_mode": "catmullrom"
						},
						"2.0417": {
							"post": [-2.85, 7.5, -0.28],
							"lerp_mode": "catmullrom"
						},
						"2.125": {
							"post": [-1.62, -0.72, -0.16],
							"lerp_mode": "catmullrom"
						},
						"2.25": [0, 0, 0]
					},
					"position": [0, 0, 0]
				},
				"tail": {
					"rotation": {
						"0.0": [0, 0, 0],
						"0.0417": [0, 0, 0],
						"0.1667": {
							"pre": [-24.1, 0, 0],
							"post": [-24.1, 0, 0],
							"lerp_mode": "catmullrom"
						},
						"0.375": {
							"post": [-35.1, 0, 0],
							"lerp_mode": "catmullrom"
						},
						"0.4583": {
							"post": [-34.7, 0, 0],
							"lerp_mode": "catmullrom"
						},
						"0.6667": {
							"post": [-1.6, 0, 0],
							"lerp_mode": "catmullrom"
						},
						"0.9167": {
							"post": [-41.1, 0, 0],
							"lerp_mode": "catmullrom"
						},
						"1.375": {
							"post": [-36.1, 0, 0],
							"lerp_mode": "catmullrom"
						},
						"1.7083": {
							"post": [-7.1, 0, 0],
							"lerp_mode": "catmullrom"
						},
						"1.7917": {
							"post": [2.4, 0, 0],
							"lerp_mode": "catmullrom"
						},
						"1.875": {
							"post": [2.4, 0, 0],
							"lerp_mode": "catmullrom"
						},
						"1.9583": {
							"post": [-2.85, 0, 0],
							"lerp_mode": "catmullrom"
						},
						"2.25": {
							"post": [0, 0, 0],
							"lerp_mode": "catmullrom"
						}
					}
				},
				"neck": {
					"rotation": {
						"0.0": [0, 0, 0],
						"0.25": {
							"pre": [-9, 0, 0],
							"post": [-9, 0, 0],
							"lerp_mode": "catmullrom"
						},
						"0.4583": {
							"post": [-9, 0, 0],
							"lerp_mode": "catmullrom"
						},
						"0.5417": {
							"post": [6, 0, 0],
							"lerp_mode": "catmullrom"
						},
						"0.75": {
							"post": [0, 0, 0],
							"lerp_mode": "catmullrom"
						},
						"1.0": {
							"post": [-5, 0, 0],
							"lerp_mode": "catmullrom"
						},
						"1.4583": {
							"post": [-5.2, 0, 0],
							"lerp_mode": "catmullrom"
						},
						"1.7083": {
							"post": [-5, 0, 0],
							"lerp_mode": "catmullrom"
						},
						"1.875": {
							"post": [0, 0, 0],
							"lerp_mode": "catmullrom"
						},
						"2.0417": {
							"post": [0, 0, 0],
							"lerp_mode": "catmullrom"
						}
					}
				},
				"head": {
					"rotation": {
						"0.0": [0, 0, 0],
						"0.25": {
							"pre": [-14, 0, 0],
							"post": [-14, 0, 0],
							"lerp_mode": "catmullrom"
						},
						"0.4583": {
							"post": [-14, 0, 0],
							"lerp_mode": "catmullrom"
						},
						"0.5417": {
							"post": [-9.6, 0, 0],
							"lerp_mode": "catmullrom"
						},
						"0.75": {
							"post": [-7.5, -12.5, 0],
							"lerp_mode": "catmullrom"
						},
						"1.0": {
							"post": [-20, -12.5, 0],
							"lerp_mode": "catmullrom"
						},
						"1.4583": {
							"post": [-15, -12.5, 0],
							"lerp_mode": "catmullrom"
						},
						"1.7083": {
							"post": [-5, -22.5, 0],
							"lerp_mode": "catmullrom"
						},
						"1.7917": {
							"post": [2.5, -16.25, 0],
							"lerp_mode": "catmullrom"
						},
						"2.0": {
							"post": [0.15343, -7.08072, -0.45827],
							"lerp_mode": "catmullrom"
						},
						"2.1667": {
							"post": [0, 0, 0],
							"lerp_mode": "catmullrom"
						}
					},
					"position": {
						"0.0": [0, 0, 0],
						"0.25": [0, 0.8, 0],
						"0.4583": [0, 0.8, 0],
						"0.5417": [0, 0, 0],
						"1.0": [0, 0.8, -0.5],
						"1.7083": [0, 0.8, -0.5],
						"1.7917": [-0.2, 0.5, -0.2],
						"1.875": [-0.1, 0, 0],
						"2.0": [0, 0, 0]
					}
				},
				"hair": {
					"rotation": {
						"0.0": [0, 0, 0],
						"0.0417": [0, 0, 0],
						"0.2917": {
							"pre": [-4.8, 0, 0],
							"post": [-4.8, 0, 0],
							"lerp_mode": "catmullrom"
						},
						"0.5": {
							"post": [-4.8, 0, 0],
							"lerp_mode": "catmullrom"
						},
						"0.5833": {
							"post": [10.6, 0, 0],
							"lerp_mode": "catmullrom"
						},
						"0.7917": {
							"post": [20.7, 0, 0],
							"lerp_mode": "catmullrom"
						},
						"1.0417": {
							"post": [-10.8, 0, 0],
							"lerp_mode": "catmullrom"
						},
						"1.5": {
							"post": [-5.8, 0, 0],
							"lerp_mode": "catmullrom"
						},
						"1.75": {
							"post": [24.6, 0, 0],
							"lerp_mode": "catmullrom"
						},
						"1.8333": {
							"post": [30.7, 0, 0],
							"lerp_mode": "catmullrom"
						},
						"1.9167": {
							"post": [30.7, 0, 0],
							"lerp_mode": "catmullrom"
						},
						"2.0417": {
							"post": [-2, 0, 0],
							"lerp_mode": "catmullrom"
						},
						"2.2917": {
							"post": [0, 0, 0],
							"lerp_mode": "catmullrom"
						}
					}
				},
				"hair_left": {
					"rotation": {
						"0.0": [0, 0, 0],
						"0.0417": [0, 0, 0],
						"0.2917": {
							"pre": [-14, 0, 0],
							"post": [-14, 0, 0],
							"lerp_mode": "catmullrom"
						},
						"0.5": {
							"post": [-14, 0, 0],
							"lerp_mode": "catmullrom"
						},
						"0.5833": {
							"post": [3.4, 0, 0],
							"lerp_mode": "catmullrom"
						},
						"0.7917": {
							"post": [13.5, 0, 0],
							"lerp_mode": "catmullrom"
						},
						"1.0417": {
							"post": [-20, 0, 0],
							"lerp_mode": "catmullrom"
						},
						"1.5": {
							"post": [-15, 0, 0],
							"lerp_mode": "catmullrom"
						},
						"1.75": {
							"post": [14, 0, 0],
							"lerp_mode": "catmullrom"
						},
						"1.8333": {
							"post": [23.5, 0, 0],
							"lerp_mode": "catmullrom"
						},
						"1.9167": {
							"post": [23.5, 0, 0],
							"lerp_mode": "catmullrom"
						},
						"2.0417": {
							"post": [-3.75, 0, 0],
							"lerp_mode": "catmullrom"
						},
						"2.2917": {
							"post": [0, 0, 0],
							"lerp_mode": "catmullrom"
						}
					}
				},
				"hair_right": {
					"rotation": {
						"0.0": [0, 0, 0],
						"0.0417": [0, 0, 0],
						"0.2917": {
							"pre": [-14, 0, 0],
							"post": [-14, 0, 0],
							"lerp_mode": "catmullrom"
						},
						"0.5": {
							"post": [-14, 0, 0],
							"lerp_mode": "catmullrom"
						},
						"0.5833": {
							"post": [3.4, 0, 0],
							"lerp_mode": "catmullrom"
						},
						"0.7917": {
							"post": [13.5, 0, 0],
							"lerp_mode": "catmullrom"
						},
						"1.0417": {
							"post": [-20, 0, 0],
							"lerp_mode": "catmullrom"
						},
						"1.5": {
							"post": [-15, 0, 0],
							"lerp_mode": "catmullrom"
						},
						"1.75": {
							"post": [14, 0, 0],
							"lerp_mode": "catmullrom"
						},
						"1.8333": {
							"post": [23.5, 0, 0],
							"lerp_mode": "catmullrom"
						},
						"1.9167": {
							"post": [23.5, 0, 0],
							"lerp_mode": "catmullrom"
						},
						"2.0417": {
							"post": [-3.75, 0, 0],
							"lerp_mode": "catmullrom"
						},
						"2.2917": {
							"post": [0, 0, 0],
							"lerp_mode": "catmullrom"
						}
					}
				},
				"eyelid_left": {
					"position": {
						"0.0": [0, 0, 0],
						"0.6667": {"pre": [0, 0, 0], "post": [-0.1, 0, -0.1]},
						"0.7917": {"pre": [-0.1, 0, -0.1], "post": [0, 0, 0]},
						"1.75": {"pre": [0, 0, 0], "post": [-0.1, 0, -0.1]},
						"1.875": {"pre": [-0.1, 0, -0.1], "post": [0, 0, 0]}
					}
				},
				"eyelid_right": {
					"position": {
						"0.0": [0, 0, 0],
						"0.6667": {"pre": [0, 0, 0], "post": [0.1, 0, -0.1]},
						"0.7917": {"pre": [0.1, 0, -0.1], "post": [0, 0, 0]},
						"1.75": {"pre": [0, 0, 0], "post": [0.1, 0, -0.1]},
						"1.875": {"pre": [0.1, 0, -0.1], "post": [0, 0, 0]}
					}
				},
				"wing_right": {
					"rotation": {
						"0.5417": {
							"pre": [0, 0, 0],
							"post": [0, 0, 0],
							"lerp_mode": "catmullrom"
						},
						"0.7083": {
							"post": [-20, -35, 20],
							"lerp_mode": "catmullrom"
						},
						"1.0": {
							"post": [-32.16, -35.11, 34.11],
							"lerp_mode": "catmullrom"
						},
						"1.5833": {
							"post": [-32.5, -34.3, 37.5],
							"lerp_mode": "catmullrom"
						},
						"1.8333": {
							"post": [-10.83, -34, 48.33],
							"lerp_mode": "catmullrom"
						},
						"2.0": {
							"post": [0, 0, 0],
							"lerp_mode": "catmullrom"
						}
					}
				},
				"wing_right2": {
					"rotation": {
						"0.625": {
							"pre": [0, 0, 0],
							"post": [0, 0, 0],
							"lerp_mode": "catmullrom"
						},
						"0.7917": {
							"post": [0, 23.3, -12.5],
							"lerp_mode": "catmullrom"
						},
						"1.6667": {
							"post": [0, 22.5, -17.5],
							"lerp_mode": "catmullrom"
						},
						"2.0833": {
							"post": [0, 0, 0],
							"lerp_mode": "catmullrom"
						}
					}
				},
				"wing_right3": {
					"rotation": {
						"0.5": {
							"pre": [0, 0, 0],
							"post": [0, 0, 0],
							"lerp_mode": "catmullrom"
						},
						"0.5417": {
							"post": [-1, 7.54, -0.39],
							"lerp_mode": "catmullrom"
						},
						"0.625": {
							"post": [-1.5, 16.13, -1.97],
							"lerp_mode": "catmullrom"
						},
						"0.7083": {
							"post": [-1.5, 7.54, -0.39],
							"lerp_mode": "catmullrom"
						},
						"0.75": {
							"post": [0, -2.37, 24.54],
							"lerp_mode": "catmullrom"
						},
						"0.875": {
							"post": [0, -5.2, 27.6],
							"lerp_mode": "catmullrom"
						},
						"1.75": {
							"post": [0, -0.63, 2.24],
							"lerp_mode": "catmullrom"
						},
						"2.1667": {
							"post": [0, 0, 0],
							"lerp_mode": "catmullrom"
						}
					}
				}
			}
		},
		"animation.farfetchd.quirk_leakflip_walk": {
			"animation_length": 2.25,
			"bones": {
				"wing_left": {
					"rotation": {
						"0.0": {
							"post": [0, 0, 0],
							"lerp_mode": "catmullrom"
						},
						"0.125": {
							"post": [0, 13, 15],
							"lerp_mode": "catmullrom"
						},
						"0.2083": {
							"post": [20, 13, 15],
							"lerp_mode": "catmullrom"
						},
						"0.375": {
							"post": [10, 25.5, -20.25],
							"lerp_mode": "catmullrom"
						},
						"0.5": {
							"post": [-26.09, 48.72, -8.6],
							"lerp_mode": "catmullrom"
						},
						"0.625": {
							"post": [-62.5, 67.5, -27.5],
							"lerp_mode": "catmullrom"
						},
						"0.6667": {
							"post": [-75, 44.48, -27.15],
							"lerp_mode": "catmullrom"
						},
						"1.6667": {
							"post": [-15.53, 3.5, -30.51],
							"lerp_mode": "catmullrom"
						},
						"1.7917": {
							"post": [-5.81, -0.71, -20.21],
							"lerp_mode": "catmullrom"
						},
						"2.0": {
							"post": [0, 0, 0],
							"lerp_mode": "catmullrom"
						}
					},
					"position": {
						"0.0": {
							"post": [0, 0, 0],
							"lerp_mode": "catmullrom"
						},
						"2.0": {
							"post": [0, 0, 0],
							"lerp_mode": "catmullrom"
						}
					}
				},
				"wing_left2": {
					"rotation": {
						"0.0": {
							"post": [0, 0, 0],
							"lerp_mode": "catmullrom"
						},
						"0.125": {
							"post": [0, 0, 7.5],
							"lerp_mode": "catmullrom"
						},
						"0.2083": {
							"post": [0, 0, 7.5],
							"lerp_mode": "catmullrom"
						},
						"0.5": {
							"post": [0, 0, -60.57],
							"lerp_mode": "catmullrom"
						},
						"0.625": {
							"post": [-2.5, 1, -77.5],
							"lerp_mode": "catmullrom"
						},
						"1.375": {
							"post": [0, 1, -77.5],
							"lerp_mode": "catmullrom"
						},
						"1.625": {
							"post": [0, 1, -106.06],
							"lerp_mode": "catmullrom"
						},
						"1.6667": {
							"post": [0, 1, -62.01],
							"lerp_mode": "catmullrom"
						},
						"1.75": {
							"post": [0, 7.5, -18.82],
							"lerp_mode": "catmullrom"
						},
						"2.0": {
							"post": [0, 0, 0],
							"lerp_mode": "catmullrom"
						}
					},
					"position": {
						"0.0": {
							"post": [0, 0, 0],
							"lerp_mode": "catmullrom"
						},
						"2.0": {
							"post": [0, 0, 0],
							"lerp_mode": "catmullrom"
						}
					}
				},
				"wing_left3": {
					"rotation": {
						"0.25": {
							"pre": [0, 0, 0],
							"post": [0, 0, 0],
							"lerp_mode": "catmullrom"
						},
						"0.625": {
							"post": [0, 0, -46.7],
							"lerp_mode": "catmullrom"
						},
						"0.75": {
							"post": [0, 0, -137.5],
							"lerp_mode": "catmullrom"
						},
						"1.0": {
							"post": [0, 0, -137.5],
							"lerp_mode": "catmullrom"
						},
						"1.375": {
							"post": [0, 0, -137.5],
							"lerp_mode": "catmullrom"
						},
						"1.625": {
							"post": [0, 0, -92.24],
							"lerp_mode": "catmullrom"
						},
						"1.6667": {
							"post": [0, 0, -113.24],
							"lerp_mode": "catmullrom"
						},
						"1.7083": {
							"post": [0, 0, -51.03],
							"lerp_mode": "catmullrom"
						},
						"2.0": {
							"post": [0, 0, 0],
							"lerp_mode": "catmullrom"
						}
					},
					"position": {
						"0.25": {
							"pre": [0, 0, 0],
							"post": [0, 0, 0],
							"lerp_mode": "catmullrom"
						},
						"0.625": {
							"post": [0, 0, 0],
							"lerp_mode": "catmullrom"
						},
						"0.75": {
							"post": [0, 0, 0],
							"lerp_mode": "catmullrom"
						},
						"2.0": {
							"post": [0, 0, 0],
							"lerp_mode": "catmullrom"
						}
					}
				},
				"wing_left_finger": {
					"rotation": {
						"0.5": [0, 0, 0],
						"1.0": [0, 0, -40],
						"1.625": [0, 0, -40],
						"2.0": [0, 0, 0]
					}
				},
				"wing_left_finger5": {
					"rotation": {
						"0.5": [0, 0, 0],
						"1.0": [0, 0, -100],
						"1.625": [0, 0, -100],
						"2.0": [0, 0, 0]
					}
				},
				"wing_left_finger2": {
					"rotation": {
						"0.5": [0, 0, 0],
						"1.0": [0, 0, -12.5],
						"1.625": [0, 0, -12.5],
						"2.0": [0, 0, 0]
					}
				},
				"wing_left_finger6": {
					"rotation": {
						"0.5": [0, 0, 0],
						"1.0": [0, 0, -102.5],
						"1.625": [0, 0, -102.5],
						"2.0": [0, 0, 0]
					}
				},
				"wing_left_finger3": {
					"rotation": {
						"0.5": [0, 0, 0],
						"1.0": [0, 0, -5],
						"1.625": [0, 0, -5],
						"2.0": [0, 0, 0]
					}
				},
				"wing_left_finger7": {
					"rotation": {
						"0.5": [0, 0, 0],
						"1.0": [0, 0, -107.5],
						"1.625": [0, 0, -107.5],
						"2.0": [0, 0, 0]
					}
				},
				"wing_left_finger4": {
					"rotation": {
						"0.5": [0, 0, 0],
						"1.0": [0, 0, 0],
						"1.625": [0, 0, 0],
						"2.0": [0, 0, 0]
					}
				},
				"wing_left_finger8": {
					"rotation": {
						"0.5": [0, 0, 0],
						"1.0": [0, 0, -112.5],
						"1.625": [0, 0, -112.5],
						"2.0": [0, 0, 0]
					}
				},
				"leak_wing_left": {
					"rotation": {
						"0.0": {
							"post": [0, 0, 0],
							"lerp_mode": "catmullrom"
						},
						"0.125": {
							"post": [0, 13, 15],
							"lerp_mode": "catmullrom"
						},
						"0.2083": {
							"post": [20, 13, 15],
							"lerp_mode": "catmullrom"
						},
						"0.375": {
							"post": [10, 25.5, -20.25],
							"lerp_mode": "catmullrom"
						},
						"0.5": {
							"post": [-26.09, 48.72, -8.6],
							"lerp_mode": "catmullrom"
						},
						"0.625": [-62.5, 67.5, -27.5],
						"1.25": {
							"pre": [-62.5, 67.5, -27.5],
							"post": [-62.5, 67.5, -27.5],
							"lerp_mode": "catmullrom"
						},
						"2.0": {
							"post": [0, 0, 0],
							"lerp_mode": "catmullrom"
						}
					},
					"position": {
						"0.0": {
							"post": [0, 0, 0],
							"lerp_mode": "catmullrom"
						},
						"2.0": {
							"post": [0, 0, 0],
							"lerp_mode": "catmullrom"
						}
					}
				},
				"leak_wing_left2": {
					"rotation": {
						"0.0": {
							"post": [0, 0, 0],
							"lerp_mode": "catmullrom"
						},
						"0.125": {
							"post": [0, 0, 7.5],
							"lerp_mode": "catmullrom"
						},
						"0.2083": {
							"post": [0, 0, 7.5],
							"lerp_mode": "catmullrom"
						},
						"0.625": [0, 0, -77.5],
						"1.25": {
							"pre": [0, 0, -77.5],
							"post": [0, 0, -77.5],
							"lerp_mode": "catmullrom"
						},
						"2.0": {
							"post": [0, 0, 0],
							"lerp_mode": "catmullrom"
						}
					},
					"position": {
						"0.0": {
							"post": [0, 0, 0],
							"lerp_mode": "catmullrom"
						},
						"2.0": {
							"post": [0, 0, 0],
							"lerp_mode": "catmullrom"
						}
					}
				},
				"leak": {
					"rotation": {
						"0.25": [0, 0, 0],
						"0.375": [5, 0, 0],
						"0.4583": [10, 0, 0],
						"0.5417": [15.33, -2.5, 0],
						"0.625": ["475-q.anim_time*90*9", 0, 0],
						"1.5": ["318.8-q.anim_time*90*7", 0, 0],
						"1.6667": ["318.8-q.anim_time*90*7", 0, 0],
						"1.7083": [-699.82, 3.57, 0],
						"1.75": [-693.66, 4.29, 0],
						"1.7917": [-711.99, 4.29, 0],
						"1.875": [-718.66, 4.29, 0],
						"1.9167": {"pre": [-718.66, 4.29, 0], "post": [0, 0, 0]}
					},
					"position": {
						"0.25": [0, 0, 0],
						"0.375": [0.2, -0.4, 0],
						"0.4583": [0.07, 0.47, 1.7],
						"0.5417": [0, 0.7, 2.5],
						"0.5833": [0.45701, 0.95339, 1.7528],
						"0.625": [0.6021, -2.32267, 3.36124],
						"0.6667": [-0.54199, -5.781, -1.24674],
						"0.7083": [1.09937, -8.83951, -5.19369],
						"0.7917": {
							"pre": [5.66923, -16.57772, -11.49602],
							"post": [5.66923, -16.57772, -11.49602],
							"lerp_mode": "catmullrom"
						},
						"0.9167": {
							"post": [10.19419, -21.68862, -14.27572],
							"lerp_mode": "catmullrom"
						},
						"1.0": {
							"post": [9.90487, -24.83306, -15.44175],
							"lerp_mode": "catmullrom"
						},
						"1.125": {
							"post": [7.81813, -26.31954, -10.63568],
							"lerp_mode": "catmullrom"
						},
						"1.2083": {
							"post": [1.70494, -26.6277, -5.99819],
							"lerp_mode": "catmullrom"
						},
						"1.2917": {
							"post": [-1.40423, -22.85018, -6.99256],
							"lerp_mode": "catmullrom"
						},
						"1.5": {
							"post": [0.94372, -6.62695, -6.97041],
							"lerp_mode": "catmullrom"
						},
						"1.6667": [-0.03983, 2.99336, -4.02715],
						"1.7083": [-0.56957, 0.56243, -2.06642],
						"1.75": [-1.51875, 0.60578, -0.87959],
						"1.7917": [-1.15901, -0.37174, -0.03368],
						"1.875": [-0.58109, -0.0723, 0.20637],
						"1.9167": [-0.42636, -0.23775, 0.27585],
						"1.9583": [-0.28211, 0.0102, 0.13383],
						"2.0": [0, 0, 0]
					}
				},
				"torso": {
					"rotation": {
						"0.0": [0, 0, 0],
						"0.25": {
							"pre": [16.78988, -4.61031, 7.33462],
							"post": [16.78988, -4.61031, 7.33462],
							"lerp_mode": "catmullrom"
						},
						"0.4583": {
							"post": [16.78988, -4.61031, -0.16538],
							"lerp_mode": "catmullrom"
						},
						"0.5417": {
							"post": [-0.3, 0, -2],
							"lerp_mode": "catmullrom"
						},
						"0.75": {
							"post": [-20, 0, 4.5],
							"lerp_mode": "catmullrom"
						},
						"1.0": {
							"post": [-23.48, -0.4, 7.23],
							"lerp_mode": "catmullrom"
						},
						"1.4583": {
							"post": [-20, 0, 7],
							"lerp_mode": "catmullrom"
						},
						"1.7083": {
							"post": [0.3, 10, -0.5],
							"lerp_mode": "catmullrom"
						},
						"1.7917": {
							"post": [7.5, 32.5, -0.5],
							"lerp_mode": "catmullrom"
						},
						"1.875": {
							"post": [-0.3, 32.5, -0.5],
							"lerp_mode": "catmullrom"
						},
						"2.0417": {
							"post": [-2.85, 7.5, -0.28],
							"lerp_mode": "catmullrom"
						},
						"2.125": {
							"post": [-1.62, -0.72, -0.16],
							"lerp_mode": "catmullrom"
						},
						"2.25": [0, 0, 0]
					},
					"position": [0, 0, 0]
				},
				"tail": {
					"rotation": {
						"0.0": [0, 0, 0],
						"0.0417": [0, 0, 0],
						"0.1667": {
							"pre": [-24.1, 0, 0],
							"post": [-24.1, 0, 0],
							"lerp_mode": "catmullrom"
						},
						"0.375": {
							"post": [-35.1, 0, 0],
							"lerp_mode": "catmullrom"
						},
						"0.4583": {
							"post": [-34.7, 0, 0],
							"lerp_mode": "catmullrom"
						},
						"0.6667": {
							"post": [-1.6, 0, 0],
							"lerp_mode": "catmullrom"
						},
						"0.9167": {
							"post": [-41.1, 0, 0],
							"lerp_mode": "catmullrom"
						},
						"1.375": {
							"post": [-36.1, 0, 0],
							"lerp_mode": "catmullrom"
						},
						"1.7083": {
							"post": [-7.1, 0, 0],
							"lerp_mode": "catmullrom"
						},
						"1.7917": {
							"post": [2.4, 0, 0],
							"lerp_mode": "catmullrom"
						},
						"1.875": {
							"post": [2.4, 0, 0],
							"lerp_mode": "catmullrom"
						},
						"1.9583": {
							"post": [-2.85, 0, 0],
							"lerp_mode": "catmullrom"
						},
						"2.25": {
							"post": [0, 0, 0],
							"lerp_mode": "catmullrom"
						}
					}
				},
				"neck": {
					"rotation": {
						"0.0": [0, 0, 0],
						"0.25": {
							"pre": [-9, 0, 0],
							"post": [-9, 0, 0],
							"lerp_mode": "catmullrom"
						},
						"0.4583": {
							"post": [-9, 0, 0],
							"lerp_mode": "catmullrom"
						},
						"0.5417": {
							"post": [6, 0, 0],
							"lerp_mode": "catmullrom"
						},
						"0.75": {
							"post": [0, 0, 0],
							"lerp_mode": "catmullrom"
						},
						"1.0": {
							"post": [-5, 0, 0],
							"lerp_mode": "catmullrom"
						},
						"1.4583": {
							"post": [-5.2, 0, 0],
							"lerp_mode": "catmullrom"
						},
						"1.7083": {
							"post": [-5, 0, 0],
							"lerp_mode": "catmullrom"
						},
						"1.875": {
							"post": [0, 0, 0],
							"lerp_mode": "catmullrom"
						},
						"2.0417": {
							"post": [0, 0, 0],
							"lerp_mode": "catmullrom"
						}
					}
				},
				"head": {
					"rotation": {
						"0.0": [0, 0, 0],
						"0.25": {
							"pre": [-14, 0, 0],
							"post": [-14, 0, 0],
							"lerp_mode": "catmullrom"
						},
						"0.4583": {
							"post": [-14, 0, 0],
							"lerp_mode": "catmullrom"
						},
						"0.5417": {
							"post": [-9.6, 0, 0],
							"lerp_mode": "catmullrom"
						},
						"0.75": {
							"post": [-7.5, -12.5, 0],
							"lerp_mode": "catmullrom"
						},
						"1.0": {
							"post": [-20, -12.5, 0],
							"lerp_mode": "catmullrom"
						},
						"1.4583": {
							"post": [-15, -12.5, 0],
							"lerp_mode": "catmullrom"
						},
						"1.7083": {
							"post": [-5, -22.5, 0],
							"lerp_mode": "catmullrom"
						},
						"1.7917": {
							"post": [2.5, -16.25, 0],
							"lerp_mode": "catmullrom"
						},
						"1.875": {
							"post": [10, -20, 0],
							"lerp_mode": "catmullrom"
						},
						"2.0": {
							"post": [0.25, -2.07, 0],
							"lerp_mode": "catmullrom"
						},
						"2.1667": {
							"post": [0, 0, 0],
							"lerp_mode": "catmullrom"
						}
					},
					"position": {
						"0.0": [0, 0, 0],
						"0.25": [0, 0.8, 0],
						"0.4583": [0, 0.8, 0],
						"0.5417": [0, 0, 0],
						"1.0": [0, 0.8, -0.5],
						"1.7083": [0, 0.8, -0.5],
						"1.7917": [-0.2, 0.5, -0.2],
						"1.875": [-0.1, 0, 0],
						"2.0": [0, 0, 0]
					}
				},
				"hair": {
					"rotation": {
						"0.0": [0, 0, 0],
						"0.0417": [0, 0, 0],
						"0.2917": {
							"pre": [-4.8, 0, 0],
							"post": [-4.8, 0, 0],
							"lerp_mode": "catmullrom"
						},
						"0.5": {
							"post": [-4.8, 0, 0],
							"lerp_mode": "catmullrom"
						},
						"0.5833": {
							"post": [10.6, 0, 0],
							"lerp_mode": "catmullrom"
						},
						"0.7917": {
							"post": [20.7, 0, 0],
							"lerp_mode": "catmullrom"
						},
						"1.0417": {
							"post": [-10.8, 0, 0],
							"lerp_mode": "catmullrom"
						},
						"1.5": {
							"post": [-5.8, 0, 0],
							"lerp_mode": "catmullrom"
						},
						"1.75": {
							"post": [24.6, 0, 0],
							"lerp_mode": "catmullrom"
						},
						"1.8333": {
							"post": [30.7, 0, 0],
							"lerp_mode": "catmullrom"
						},
						"1.9167": {
							"post": [30.7, 0, 0],
							"lerp_mode": "catmullrom"
						},
						"2.0417": {
							"post": [-2, 0, 0],
							"lerp_mode": "catmullrom"
						},
						"2.2917": {
							"post": [0, 0, 0],
							"lerp_mode": "catmullrom"
						}
					}
				},
				"hair_left": {
					"rotation": {
						"0.0": [0, 0, 0],
						"0.0417": [0, 0, 0],
						"0.2917": {
							"pre": [-14, 0, 0],
							"post": [-14, 0, 0],
							"lerp_mode": "catmullrom"
						},
						"0.5": {
							"post": [-14, 0, 0],
							"lerp_mode": "catmullrom"
						},
						"0.5833": {
							"post": [3.4, 0, 0],
							"lerp_mode": "catmullrom"
						},
						"0.7917": {
							"post": [13.5, 0, 0],
							"lerp_mode": "catmullrom"
						},
						"1.0417": {
							"post": [-20, 0, 0],
							"lerp_mode": "catmullrom"
						},
						"1.5": {
							"post": [-15, 0, 0],
							"lerp_mode": "catmullrom"
						},
						"1.75": {
							"post": [14, 0, 0],
							"lerp_mode": "catmullrom"
						},
						"1.8333": {
							"post": [23.5, 0, 0],
							"lerp_mode": "catmullrom"
						},
						"1.9167": {
							"post": [23.5, 0, 0],
							"lerp_mode": "catmullrom"
						},
						"2.0417": {
							"post": [-3.75, 0, 0],
							"lerp_mode": "catmullrom"
						},
						"2.2917": {
							"post": [0, 0, 0],
							"lerp_mode": "catmullrom"
						}
					}
				},
				"hair_right": {
					"rotation": {
						"0.0": [0, 0, 0],
						"0.0417": [0, 0, 0],
						"0.2917": {
							"pre": [-14, 0, 0],
							"post": [-14, 0, 0],
							"lerp_mode": "catmullrom"
						},
						"0.5": {
							"post": [-14, 0, 0],
							"lerp_mode": "catmullrom"
						},
						"0.5833": {
							"post": [3.4, 0, 0],
							"lerp_mode": "catmullrom"
						},
						"0.7917": {
							"post": [13.5, 0, 0],
							"lerp_mode": "catmullrom"
						},
						"1.0417": {
							"post": [-20, 0, 0],
							"lerp_mode": "catmullrom"
						},
						"1.5": {
							"post": [-15, 0, 0],
							"lerp_mode": "catmullrom"
						},
						"1.75": {
							"post": [14, 0, 0],
							"lerp_mode": "catmullrom"
						},
						"1.8333": {
							"post": [23.5, 0, 0],
							"lerp_mode": "catmullrom"
						},
						"1.9167": {
							"post": [23.5, 0, 0],
							"lerp_mode": "catmullrom"
						},
						"2.0417": {
							"post": [-3.75, 0, 0],
							"lerp_mode": "catmullrom"
						},
						"2.2917": {
							"post": [0, 0, 0],
							"lerp_mode": "catmullrom"
						}
					}
				},
				"eyelid_left": {
					"position": {
						"0.0": [0, 0, 0],
						"0.6667": {"pre": [0, 0, 0], "post": [-0.1, 0, -0.1]},
						"0.7917": {"pre": [-0.1, 0, -0.1], "post": [0, 0, 0]},
						"1.75": {"pre": [0, 0, 0], "post": [-0.1, 0, -0.1]},
						"1.875": {"pre": [-0.1, 0, -0.1], "post": [0, 0, 0]}
					}
				},
				"eyelid_right": {
					"position": {
						"0.0": [0, 0, 0],
						"0.6667": {"pre": [0, 0, 0], "post": [0.1, 0, -0.1]},
						"0.7917": {"pre": [0.1, 0, -0.1], "post": [0, 0, 0]},
						"1.75": {"pre": [0, 0, 0], "post": [0.1, 0, -0.1]},
						"1.875": {"pre": [0.1, 0, -0.1], "post": [0, 0, 0]}
					}
				},
				"wing_right": {
					"rotation": {
						"0.5417": {
							"pre": [0, 0, 0],
							"post": [0, 0, 0],
							"lerp_mode": "catmullrom"
						},
						"0.7083": {
							"post": [-20, -35, 20],
							"lerp_mode": "catmullrom"
						},
						"1.0": {
							"post": [-32.16, -35.11, 34.11],
							"lerp_mode": "catmullrom"
						},
						"1.5833": {
							"post": [-32.5, -34.3, 37.5],
							"lerp_mode": "catmullrom"
						},
						"1.8333": {
							"post": [-10.83, -34, 48.33],
							"lerp_mode": "catmullrom"
						},
						"2.0": {
							"post": [0, 0, 0],
							"lerp_mode": "catmullrom"
						}
					}
				},
				"wing_right2": {
					"rotation": {
						"0.625": {
							"pre": [0, 0, 0],
							"post": [0, 0, 0],
							"lerp_mode": "catmullrom"
						},
						"0.7917": {
							"post": [0, 16.3, -12.5],
							"lerp_mode": "catmullrom"
						},
						"1.6667": {
							"post": [0, 15.5, -17.5],
							"lerp_mode": "catmullrom"
						},
						"2.0833": {
							"post": [0, 0, 0],
							"lerp_mode": "catmullrom"
						}
					}
				},
				"wing_right3": {
					"rotation": {
						"0.5": {
							"pre": [0, 0, 0],
							"post": [0, 0, 0],
							"lerp_mode": "catmullrom"
						},
						"0.5417": {
							"post": [-1, 7.54, -0.39],
							"lerp_mode": "catmullrom"
						},
						"0.625": {
							"post": [-1.5, 16.13, -1.97],
							"lerp_mode": "catmullrom"
						},
						"0.7083": {
							"post": [-1.5, 7.54, -0.39],
							"lerp_mode": "catmullrom"
						},
						"0.75": {
							"post": [0, -2.37, 24.54],
							"lerp_mode": "catmullrom"
						},
						"0.875": {
							"post": [0, -5.2, 27.6],
							"lerp_mode": "catmullrom"
						},
						"1.75": {
							"post": [0, -0.63, 2.24],
							"lerp_mode": "catmullrom"
						},
						"2.1667": {
							"post": [0, 0, 0],
							"lerp_mode": "catmullrom"
						}
					}
				}
			}
		},
		"animation.farfetchd.quirk_wink": {
			"animation_length": 1.5,
			"bones": {
				"torso": {
					"rotation": {
						"0.25": {
							"pre": [0, 0, 0],
							"post": [0, 0, 0],
							"lerp_mode": "catmullrom"
						},
						"0.3333": {
							"post": [-1.67, -2.5, 0],
							"lerp_mode": "catmullrom"
						},
						"0.5": {
							"post": [-10, -15, 0],
							"lerp_mode": "catmullrom"
						},
						"0.5833": {
							"post": [-20.58, -23.37, 0],
							"lerp_mode": "catmullrom"
						},
						"1.0": {
							"post": [-20.58, -23.37, 0],
							"lerp_mode": "catmullrom"
						},
						"1.25": {
							"post": [-1.67, -2.5, 0],
							"lerp_mode": "catmullrom"
						},
						"1.5": {
							"post": [0, 0, 0],
							"lerp_mode": "catmullrom"
						}
					}
				},
				"neck": {
					"rotation": {
						"0.3333": {
							"pre": [0, 0, 0],
							"post": [0, 0, 0],
							"lerp_mode": "catmullrom"
						},
						"0.5": {
							"post": [5, 10, -7.5],
							"lerp_mode": "catmullrom"
						},
						"1.0": {
							"post": [5, 10, -7.5],
							"lerp_mode": "catmullrom"
						},
						"1.25": {
							"post": [0, 0, 0],
							"lerp_mode": "catmullrom"
						}
					},
					"position": {
						"0.3333": {
							"pre": [0, 0, 0],
							"post": [0, 0, 0],
							"lerp_mode": "catmullrom"
						},
						"0.5": {
							"post": [-0.41022, 0.01681, -0.07581],
							"lerp_mode": "catmullrom"
						},
						"1.0": {
							"post": [-0.42461, 0.00399, -0.11893],
							"lerp_mode": "catmullrom"
						},
						"1.25": {
							"post": [0, 0, 0],
							"lerp_mode": "catmullrom"
						}
					}
				},
				"head": {
					"rotation": {
						"0.3333": {
							"pre": [0, 0, 0],
							"post": [0, 0, 0],
							"lerp_mode": "catmullrom"
						},
						"0.6667": {
							"post": [2.5, 25, 0],
							"lerp_mode": "catmullrom"
						},
						"1.0": {
							"post": [2.5, 25, 0],
							"lerp_mode": "catmullrom"
						},
						"1.25": {
							"post": [0, 0, 0],
							"lerp_mode": "catmullrom"
						}
					},
					"position": {
						"0.3333": {
							"pre": [0, 0, 0],
							"post": [0, 0, 0],
							"lerp_mode": "catmullrom"
						},
						"0.6667": {
							"post": [-0.00707, 0.06738, -0.59329],
							"lerp_mode": "catmullrom"
						},
						"1.0": {
							"post": [-0.00707, 0.06738, -0.59329],
							"lerp_mode": "catmullrom"
						},
						"1.25": {
							"post": [0, 0, 0],
							"lerp_mode": "catmullrom"
						}
					}
				},
				"jaw": {
					"rotation": {
						"0.25": {
							"pre": [0, 0, 0],
							"post": [0, 0, 0],
							"lerp_mode": "catmullrom"
						},
						"0.4583": {
							"post": [2.5, 0, 0],
							"lerp_mode": "catmullrom"
						},
						"0.5833": {
							"post": [20, 0, 0],
							"lerp_mode": "catmullrom"
						},
						"0.9583": {
							"post": [20, 0, 0],
							"lerp_mode": "catmullrom"
						},
						"1.0417": {
							"post": [2.5, 0, 0],
							"lerp_mode": "catmullrom"
						},
						"1.1667": {
							"post": [0, 0, 0],
							"lerp_mode": "catmullrom"
						}
					}
				},
				"eyelid_right": {
					"position": {
						"0.4583": [0, 0, 0],
						"0.5": {"pre": [0, 0, 0], "post": [0.09323, -0.02119, -0.10421]},
						"1.0": {"pre": [0.09323, -0.02119, -0.10421], "post": [0, 0, 0]}
					}
				},
				"wing_left": {
					"rotation": {
						"0.0": {
							"post": [0, 0, 0],
							"lerp_mode": "catmullrom"
						},
						"0.25": {
							"post": [0, 0, 0],
							"lerp_mode": "catmullrom"
						},
						"0.5": [-40, 65, -17.5],
						"0.9583": [-40, 65, -17.5],
						"1.25": [0, 0, 0]
					}
				},
				"wing_left2": {
					"rotation": {
						"0.25": [0, 0, 0],
						"0.5": [0, 0, -42.5],
						"0.9583": [0, 0, -42.5],
						"1.25": [0, 0, 0]
					}
				},
				"leak_wing_left": {
					"rotation": {
						"0.0": {
							"post": [0, 0, 0],
							"lerp_mode": "catmullrom"
						},
						"0.25": {
							"post": [0, 0, 0],
							"lerp_mode": "catmullrom"
						},
						"0.5": [-40, 65, -17.5],
						"0.9583": [-40, 65, -17.5],
						"1.25": [0, 0, 0]
					}
				},
				"leak_wing_left2": {
					"rotation": {
						"0.25": [0, 0, 0],
						"0.5": [0, 0, -42.5],
						"0.9583": [0, 0, -42.5],
						"1.25": [0, 0, 0]
					}
				}
			}
		}
	}
}