{
	"format_version": "1.8.0",
	"animations": {
		"animation.sneasel.ground_idle": {
			"loop": true,
			"bones": {
				"waist": {
					"rotation": ["-1-0.3*(math.sin(q.anim_time*90*2-90)*1+1)", 0, 0]
				},
				"head": {
					"rotation": ["1.5+0.6*(math.sin(q.anim_time*90*2)*1+1)", 0, 0]
				},
				"arm_right": {
					"rotation": [0, "12.5+1*(math.sin(q.anim_time*90*2-30)*1+1)", -60]
				},
				"arm_right2": {
					"rotation": [0, "-42.5+0.6*(math.sin(q.anim_time*90*2-30)*1+1)", 0]
				},
				"arm_claw_back_right": {
					"rotation": [0, 0, "-6-3*math.clamp(-math.sin(q.anim_time*90*3/3-70)*1+1,0,1)"]
				},
				"arm_claw_front_right": {
					"rotation": [0, 0, "-12-3*math.clamp(-math.sin(q.anim_time*90*3/3)*1+1,0,1)"]
				},
				"leg_right": {
					"rotation": [-10, 10, 0]
				},
				"torso": {
					"rotation": ["0-0.2*(math.sin(q.anim_time*90*2-90)*1+1)", 0, 0]
				},
				"arm_left": {
					"rotation": [0, "-12.5-1*(math.sin(q.anim_time*90*2-30)*1+1)", 60]
				},
				"arm_left2": {
					"rotation": [0, "42.5-0.6*(math.sin(q.anim_time*90*2-30)*1+1)", 0]
				},
				"arm_claw_back_left": {
					"rotation": [0, 0, "6+3*math.clamp(-math.sin(q.anim_time*90*3/3-70)*1+1,0,1)"]
				},
				"arm_claw_front_left": {
					"rotation": [0, 0, "12+3*math.clamp(-math.sin(q.anim_time*90*3/3)*1+1,0,1)"]
				},
				"leg_right2": {
					"rotation": [18, 0, 0]
				},
				"foot_right": {
					"rotation": [-8, 0, 0]
				},
				"leg_left": {
					"rotation": [-10, -10, 0]
				},
				"leg_left2": {
					"rotation": [18, 0, 0]
				},
				"foot_left": {
					"rotation": [-8, 0, 0]
				},
				"body": {
					"position": [0, -0.4, 0]
				},
				"feather": {
					"rotation": ["-1*(math.sin(q.anim_time*90*2)*1+1)", 0, 0]
				},
				"tail": {
					"rotation": [0, "5*(math.sin(q.anim_time*90*2)*1)+4*(math.sin(q.anim_time*90*2/2)*1)", 0]
				},
				"tail1": {
					"rotation": ["0*(math.sin(q.anim_time*90*1)*1)+1*(math.sin(q.anim_time*90*2/2)*1)", 0, 0]
				},
				"tail3": {
					"rotation": ["0*(math.sin(q.anim_time*90*1)*1)-1*(math.sin(q.anim_time*90*2/2)*1)", 0, 0]
				}
			}
		},
		"animation.sneasel.blink": {
			"animation_length": 0.16667,
			"bones": {
				"eyelid_right": {
					"position": {
						"0.0": [-0.1, 0, -0.1],
						"0.125": [-0.1, 0, -0.1],
						"0.1667": [0, 0, 0]
					}
				},
				"eyelid_left": {
					"position": {
						"0.0": [0.1, 0, -0.1],
						"0.125": [0.1, 0, -0.1],
						"0.1667": [0, 0, 0]
					}
				}
			}
		},
		"animation.sneasel.mouth_test": {
			"animation_length": 1.5,
			"bones": {
				"jaw": {
					"position": {
						"0.2917": [0, 0, 0],
						"0.3333": {"pre": [0, 0, 0], "post": [0, 0.01, 0.7]},
						"1.1667": {"pre": [0, 0.01, 0.7], "post": [0, 0.01, 0.7]},
						"1.2083": {"pre": [0, 0.01, 0.7], "post": [0, 0, 0]}
					}
				}
			}
		},
		"animation.sneasel.cry": {
			"animation_length": 1,
			"bones": {
				"head": {
					"rotation": {
						"0.0": [0, 0, 0],
						"0.0417": [-1.8, 0, 0],
						"0.0833": [-1.53, 0, 0],
						"0.125": [-1.47, 0, 0],
						"0.1667": [-1.7, 0, 0],
						"0.2083": [-2.95, 0, 0],
						"0.25": [-3.2, 0, 0],
						"0.2917": [-3.07, 0, 0],
						"0.375": [-2.5, 0, 0],
						"0.4583": [-0.17, 0, 0],
						"0.5": [0, 0, 0]
					}
				},
				"jaw": {
					"position": {
						"0.0": [0, 0, 0],
						"0.0417": {"pre": [0, 0, 0], "post": [0, 0, 0.7]},
						"0.4167": {"pre": [0, 0, 0.7], "post": [0, 0, 0.7]},
						"0.4583": {"pre": [0, 0, 0.7], "post": [0, 0, 0]}
					}
				}
			},
			"sound_effects": {
				"0.0": {
					"effect": "sneasel"
				}
			}
		}
	}
}