{
	"format_version": "1.8.0",
	"animations": {
		"animation.lombre.idle": {
			"loop": true,
			"bones": {
				"arm_right": {
					"rotation": [0, 0, -47.5]
				},
				"arm_right2": {
					"rotation": [0, -22.5, 0]
				},
				"arm_left": {
					"rotation": [0, 0, 47.5]
				},
				"arm_left2": {
					"rotation": [0, 22.5, 0]
				}
			}
		},
		"animation.lombre.ground_walk": {
			"loop": true,
			"animation_length": 1,
			"bones": {
				"body": {
					"position": [0, -0.25, 0]
				},
				"torso": {
					"rotation": ["17.5+Math.cos((query.anim_time-0.1) * 90 * 8) * 2", 0, "0+Math.cos((query.anim_time) * 90 * 4) * 1"],
					"position": [0, "0+Math.cos((query.anim_time+0.05) * 90 * 8) * 0.3", 0]
				},
				"head": {
					"rotation": ["-12.5+Math.cos((query.anim_time-0.2) * 90 * 8) * -2", 0, "0+Math.cos((query.anim_time-0.2) * 90 * 4) *-2"]
				},
				"arm_right": {
					"rotation": [3.42094, "7.633+Math.cos((query.anim_time) * 90 * 4) * -8", -41.27526]
				},
				"arm_right2": {
					"rotation": [0, "-30+Math.cos((query.anim_time-0.1) * 90 * 4) * -5", 0]
				},
				"arm_left": {
					"rotation": [3.42094, "-7.633+Math.cos((query.anim_time) * 90 * 4) * -8", 41.27526]
				},
				"arm_left2": {
					"rotation": [0, "30+Math.cos((query.anim_time-0.1) * 90 * 4) * -5", 0]
				},
				"hand_left": {
					"rotation": [0, 0, 0]
				},
				"leg_left": {
					"rotation": {
						"0.0": [-47.5, 0, 0],
						"0.125": [-38.5, 0, 0],
						"0.375": [17.5, 0, 0],
						"0.5833": [35, 0, 0],
						"0.75": [16.22064, 1.83133, -2.34902],
						"0.875": [-36.41174, 0.73253, -0.93961],
						"1.0": [-47.5, 0, 0]
					}
				},
				"foot_left": {
					"rotation": {
						"0.0": [22, 0, 0],
						"0.1667": [7.5, 0, 0],
						"0.375": [5, 0, 0],
						"0.5833": [22.5, 0, 0],
						"0.7917": [64.64, 0, 0],
						"0.875": [57.86, 0, 0],
						"1.0": [22, 0, 0]
					}
				},
				"leg_right": {
					"rotation": {
						"0.0": [28, 0, 0],
						"0.0833": [35, 0, 0],
						"0.25": [16.22064, -1.83133, 2.34902],
						"0.375": [-36.41174, -0.73253, 0.93961],
						"0.5": [-47.5, 0, 0],
						"0.625": [-38.5, 0, 0],
						"0.875": [17.5, 0, 0],
						"1.0": [28, 0, 0]
					}
				},
				"foot_right": {
					"rotation": {
						"0.0": [15.5, 0, 0],
						"0.0833": [22.5, 0, 0],
						"0.2917": [64.64, 0, 0],
						"0.375": [57.86, 0, 0],
						"0.5": [22, 0, 0],
						"0.6667": [7.5, 0, 0],
						"0.875": [5, 0, 0],
						"1.0": [15.5, 0, 0]
					}
				}
			}
		},
		"animation.lombre.ground_idle": {
			"loop": true,
			"bones": {
				"arm_right": {
					"rotation": [-0.15346, "0.0101+Math.sin((query.anim_time-0.2) * 90 * 2) * 2", "-39.9985+Math.sin((query.anim_time) * 90 * 2) * -2"]
				},
				"arm_right2": {
					"rotation": [0, -40, 0]
				},
				"arm_left": {
					"rotation": [-0.15346, "-0.0101+Math.sin((query.anim_time-0.2) * 90 * 2) * -2", "39.9985+Math.sin((query.anim_time) * 90 * 2) * 2"]
				},
				"arm_left2": {
					"rotation": [0, 40, 0]
				},
				"body": {
					"position": [0, -1, 0]
				},
				"torso": {
					"rotation": ["17.5+Math.sin((query.anim_time-0.4) * 90 * 2) * 2", 0, 0],
					"position": [0, "0+Math.sin((query.anim_time) * 90 * 2) * 0.2", 0]
				},
				"head": {
					"rotation": ["-15+Math.sin((query.anim_time-0.2) * 90 * 2) * -3", 0, 0]
				},
				"leg_left": {
					"rotation": [-30, -15, 0]
				},
				"foot_left": {
					"rotation": [35, 0, 0]
				},
				"leg_right": {
					"rotation": [-30, 15, 0]
				},
				"foot_right": {
					"rotation": [35, 0, 0]
				}
			}
		},
		"animation.lombre.water_idle": {
			"loop": true,
			"bones": {
				"body": {
					"rotation": ["32.5+Math.sin((query.anim_time) * 90 * 2) * -2", 0, 0],
					"position": [0, "-4+Math.sin((query.anim_time-0.3) * 90 * 2) * -0.3", 0]
				},
				"torso": {
					"rotation": [20, 0, 0]
				},
				"head": {
					"rotation": ["-50+Math.sin((query.anim_time+0.2) * 90 * 2) * 2", 0, 0],
					"position": [0, 0.75, -1]
				},
				"arm_right": {
					"rotation": [-49.10661, "-20.7048+Math.sin((query.anim_time-0.2) * 90 * 2) * 4", 19.70765]
				},
				"arm_right2": {
					"rotation": [0, "-37.5+Math.sin((query.anim_time-0.4) * 90 * 2) * -4", 0]
				},
				"arm_left": {
					"rotation": [-49.10661, "20.7048+Math.sin((query.anim_time-0.2) * 90 * 2) * -4", -19.70765]
				},
				"arm_left2": {
					"rotation": [0, "37.5+Math.sin((query.anim_time-0.4) * 90 * 2) * 4", 0]
				},
				"leg_left": {
					"rotation": ["0+Math.sin((query.anim_time-0.6) * 90 * 2) * 6", 0, -15]
				},
				"foot_left": {
					"rotation": [27.5, 0, 0]
				},
				"leg_right": {
					"rotation": ["0+Math.sin((query.anim_time-0.6) * 90 * 2) * 6", 0, 15]
				},
				"foot_right": {
					"rotation": [27.5, 0, 0]
				}
			}
		},
		"animation.lombre.water_swim": {
			"loop": true,
			"bones": {
				"body": {
					"rotation": ["32.5+Math.sin((query.anim_time) * 90 * 4) * 2", 0, 0],
					"position": [0, "-4+Math.sin((query.anim_time-0.3) * 90 * 4) * -0.3", "0+Math.sin((query.anim_time+0.05) * 90 * 4) * -1.3"]
				},
				"torso": {
					"rotation": [20, 0, 0]
				},
				"head": {
					"rotation": ["-50+Math.sin((query.anim_time+0.2) * 90 * 4) * 2", 0, 0],
					"position": [0, 0.75, -1]
				},
				"arm_right": {
					"rotation": [110.06824, -14.93141, "-38.0287+Math.sin((query.anim_time) * 90 * 4) * -10"]
				},
				"arm_right2": {
					"rotation": [0, "-12.5+Math.sin((query.anim_time-0.36) * 90 * 4) * -10", 0]
				},
				"arm_left": {
					"rotation": [110.06824, 14.93141, "38.0287+Math.sin((query.anim_time) * 90 * 4) * 10"]
				},
				"arm_left2": {
					"rotation": [0, "12.5+Math.sin((query.anim_time-0.36) * 90 * 4) * 10", 0]
				},
				"leg_left": {
					"rotation": ["47.5+Math.sin((query.anim_time-0.5) * 90 * 4) * 9", 0, -15]
				},
				"foot_left": {
					"rotation": [27.5, 0, 0]
				},
				"leg_right": {
					"rotation": ["47.5+Math.sin((query.anim_time-0.5) * 90 * 4) * 9", 0, 15]
				},
				"foot_right": {
					"rotation": [27.5, 0, 0]
				}
			}
		},
		"animation.lombre.cry": {
			"animation_length": 1.5,
			"bones": {
				"head": {
					"rotation": {
						"0.0": {
							"post": [0, 0, 0],
							"lerp_mode": "catmullrom"
						},
						"0.0833": {
							"post": [1.67, 0, 0],
							"lerp_mode": "catmullrom"
						},
						"0.25": {
							"post": [-10, 0, 0],
							"lerp_mode": "catmullrom"
						},
						"1.1667": {
							"post": [-10, 0, 0],
							"lerp_mode": "catmullrom"
						},
						"1.3333": {
							"post": [6.67, 0, 0],
							"lerp_mode": "catmullrom"
						},
						"1.5": {
							"post": [0, 0, 0],
							"lerp_mode": "catmullrom"
						}
					}
				},
				"jaw": {
					"rotation": {
						"0.0": {
							"post": [0, 0, 0],
							"lerp_mode": "catmullrom"
						},
						"0.25": {
							"post": [35, 0, 0],
							"lerp_mode": "catmullrom"
						},
						"1.25": {
							"post": [35, 0, 0],
							"lerp_mode": "catmullrom"
						},
						"1.5": {
							"post": [0, 0, 0],
							"lerp_mode": "catmullrom"
						}
					}
				}
			}
		},
		"animation.lombre.faint": {
			"loop": true,
			"animation_length": 3,
			"bones": {
				"body": {
					"rotation": {
						"0.0": [0, 0, 0],
						"0.0833": [7.5, 0, 0],
						"1.625": [0, 0, 0],
						"1.7917": [0.48, 0, 0],
						"1.9167": [11.55, 0, 0],
						"2.0417": [62.5, 0, 0]
					},
					"position": {
						"0.0": [0, -0.5, 0],
						"0.0417": [0, -1.1, 0],
						"0.125": [0, 1.67, 0.25],
						"0.2083": [0, 2, 0.96],
						"0.2917": [0, 1.5, 4],
						"0.3333": [0, -0.4, 4.9],
						"0.375": [0, -1.43, 5.265],
						"0.4583": [0, -0.62, 5.415],
						"0.5": [0, -0.5, 5.5],
						"0.7083": [0, -0.5, 5.5],
						"1.1667": [0, -1.25, 5.5],
						"1.625": [0, -1.5, 5.5],
						"1.7083": [0, -0.85, 5.31],
						"1.7917": [0, -0.7, 5.11],
						"1.9583": [0, -1.66, 3.05],
						"2.0417": [0, -4.5, -2.5],
						"2.125": [0, -5.25, -4.25],
						"2.25": [0, -4.425, -4.75],
						"2.375": [0, -4.25, -5.25]
					}
				},
				"torso": {
					"rotation": {
						"0.0": [15, 0, 0],
						"0.0833": [31.67, 0, 0],
						"0.1667": [40, 0, 0],
						"0.25": [42.3, 0, 0],
						"0.3333": [35.28, 0, 0],
						"0.375": [37.69, 0, 0],
						"0.4583": [22.5, 0, 0],
						"0.5417": [14.5, 0, 0],
						"0.7083": [7, 0, 0],
						"0.875": [4.5, 0, 0],
						"1.0417": [14.5, 0, 0],
						"1.2083": [22, 0, 0],
						"1.5417": [27, 0, 0],
						"1.875": [22, 0, 0]
					},
					"position": {
						"0.2083": [0, 0, 0],
						"0.2917": [0, 0.5, -1],
						"0.4167": [0, -0.5, -0.5],
						"0.5": [0, 0, 0],
						"0.9167": [0, 0, 0],
						"1.6667": [0, -0.5, 0],
						"1.875": [0, 0, 0]
					}
				},
				"head": {
					"rotation": {
						"0.0": [-15, 0, 0],
						"0.0833": [-24, 0, 0],
						"0.2083": [7.59, 0, 0],
						"0.2917": [14.17, 0, 0],
						"0.375": [16, 0, 0],
						"0.4583": [6.32, 0, 0],
						"0.5833": [-4.25, 0, 0],
						"0.6667": [-6.5, 0, 0],
						"0.75": [-1.75, 0, 0],
						"0.875": [11.5, 0, 0],
						"0.9583": [15.75, "0+Math.sin((query.anim_time) * 90 * 24) * 3", 0],
						"1.125": [20.14286, "0+Math.sin((query.anim_time) * 90 * 24) * 3", 0],
						"1.25": [22.25, "0+Math.sin((query.anim_time) * 90 * 24) * 3", 0],
						"1.4583": [23.65, "0+Math.sin((query.anim_time) * 90 * 24) * 1.5", 0],
						"1.6667": [23.75, 0, 0],
						"1.7917": [17.7, 0, 0],
						"1.9167": [-18.75, 0, 0],
						"2.0": [-81.25, 0, 0],
						"2.125": [-41.25, 0, 0],
						"2.25": [-53.75, 0, 0],
						"2.4167": [-58.75, 0, 0],
						"2.6667": [-56.25, 0, 0]
					},
					"position": {
						"1.9167": [0, 0, 0],
						"2.0417": [0, 1.5, 0]
					}
				},
				"eyelid_left": {
					"position": {
						"0.0": [0.125, 0, -0.175],
						"0.4167": [0.125, 0, -0.175],
						"0.4583": [0, 0, 0],
						"0.7917": [0, 0, 0],
						"0.8333": [0.125, 0, -0.175]
					}
				},
				"eyelid_right": {
					"position": {
						"0.0": [-0.125, 0, -0.175],
						"0.4167": [-0.125, 0, -0.175],
						"0.4583": [0, 0, 0],
						"0.7917": [0, 0, 0],
						"0.8333": [-0.125, 0, -0.175]
					}
				},
				"jaw": {
					"rotation": {
						"0.0": [0, 0, 0],
						"0.1667": [30, 0, 0],
						"0.375": [0, 0, 0],
						"0.625": [0, 0, 0],
						"0.9167": [12.5, 0, 0],
						"1.125": [35, 0, 0],
						"1.3333": [37.5, 0, 0],
						"1.7917": [35, 0, 0],
						"2.0417": [10, 0, 0],
						"2.125": [0, 0, 0]
					}
				},
				"arm_right": {
					"rotation": {
						"0.0": [0, 0, -35],
						"0.0833": [0, 0, -62.5],
						"0.25": [0, 0, 6],
						"0.3333": [0, 0, 17.5],
						"0.4167": [0, 0, -0.5],
						"0.5": [0, 0, -41],
						"0.5833": [-2.5, 0, -46.5],
						"0.6667": [-14.65993, -3.21132, -29.83681],
						"0.75": [-27.5, 0, -1],
						"0.8333": [-84.02833, -7.72127, 13.59665],
						"0.9583": [-83.37831, -7.17253, 18.33453],
						"1.6667": [-83.37831, -7.17253, 18.33453],
						"1.875": [-78.76649, 8.61678, 8.90664],
						"2.0": [-70.44045, 36.41238, 21.20411],
						"2.125": [-88.35521, -4.05768, 38.81511],
						"2.1667": [-88.28838, -16.55236, 38.44377],
						"2.25": [-88.34853, -2.55664, 38.7429],
						"2.3333": [-88.35292, 0.44274, 38.7863],
						"2.4167": [-88.34827, -0.80705, 38.77122],
						"2.5": [-88.3283, -11.05475, 38.6109],
						"2.5833": [-88.31232, -13.55368, 38.5359]
					},
					"position": {
						"0.7083": [0, 0, 0],
						"0.9583": [0, 0.5, 0],
						"1.2917": [0, 0.16, 0],
						"1.6667": [0, 0, 0]
					}
				},
				"arm_right2": {
					"rotation": {
						"0.0": [0, -20, 0],
						"0.1667": [0, -50, 0],
						"0.3333": [0, -44.17, 0],
						"0.5417": [0, -20, 0],
						"0.625": [0, -24.3, 0],
						"0.75": [0, -54, 0],
						"0.9167": [0, -57.5, 0],
						"1.2917": [0, -61.5, 0],
						"1.6667": [0, -62.5, 0],
						"1.8333": [0, -27.5, 0],
						"2.0": [0, -17.5, 0]
					}
				},
				"hand_right": {
					"position": {
						"0.875": [0, 0, 0],
						"1.0": [0.75, 0, 0],
						"1.5": [0, 0, 0]
					}
				},
				"arm_left": {
					"rotation": {
						"0.0": [0, 0, 35],
						"0.0833": [0, 0, 62.5],
						"0.25": [0, 0, -6],
						"0.3333": [0, 0, -17.5],
						"0.4167": [0, 0, 0.5],
						"0.5": [0, 0, 41],
						"0.5833": [-2.5, 0, 46.5],
						"0.6667": [-14.65993, 3.21132, 29.83681],
						"0.75": [-27.5, 0, 1],
						"0.8333": [-84.02833, 7.72127, -13.59665],
						"0.9583": [-83.37831, 7.17253, -18.33453],
						"1.6667": [-83.37831, 7.17253, -18.33453],
						"1.875": [-78.06766, -7.61222, -13.85432],
						"2.0": [-70.44045, -36.41238, -21.20411],
						"2.125": [-88.35521, 4.05768, -38.81511],
						"2.1667": [-88.28838, 16.55236, -38.44377],
						"2.25": [-88.34853, 2.55664, -38.7429],
						"2.3333": [-88.35292, -0.44274, -38.7863],
						"2.4167": [-88.34827, 0.80705, -38.77122],
						"2.5": [-88.3283, 11.05475, -38.6109],
						"2.5833": [-88.31232, 13.55368, -38.5359]
					},
					"position": {
						"0.7083": [0, 0, 0],
						"0.9583": [0, 0.5, 0],
						"1.2917": [0, 0.16, 0],
						"1.6667": [0, 0, 0]
					}
				},
				"arm_left2": {
					"rotation": {
						"0.0": [0, 20, 0],
						"0.1667": [0, 50, 0],
						"0.3333": [0, 44.17, 0],
						"0.5417": [0, 20, 0],
						"0.625": [0, 24.3, 0],
						"0.75": [0, 54, 0],
						"0.9167": [0, 57.5, 0],
						"1.2917": [0, 61.5, 0],
						"1.6667": [0, 62.5, 0],
						"1.8333": [0, 27.5, 0],
						"2.0": [0, 17.5, 0]
					}
				},
				"hand_left": {
					"position": {
						"0.875": [0, 0, 0],
						"1.0": [-0.75, 0, 0],
						"1.5": [0, 0, 0]
					}
				},
				"leg_left": {
					"rotation": {
						"0.0": [-17.5, 0, 0],
						"0.125": [-19.25656, -11.86554, -30.48005],
						"0.2083": [-16.92511, -7.73077, -23.84808],
						"0.3333": [-17.5, 0, 0],
						"0.7083": [-10, 0, 0],
						"1.0": [-31.25564, -29.53661, 4.01825],
						"1.625": [-40.9502, -41.70738, 9.04107],
						"1.75": [-22.75, 0, 0],
						"1.9583": [47, 0, 0],
						"2.0417": [65, 0, 0],
						"2.125": [20.25, 0, 0],
						"2.2083": [42.5, 0, 0],
						"2.2917": [45, 0, 0],
						"2.375": [35.75, 0, 0],
						"2.5417": [22.75, 0, 0],
						"2.75": [20.25, 0, 0]
					},
					"position": {
						"0.0": [0, 0, 0],
						"0.125": [0, 1, 0],
						"0.3333": [0, 0, 0],
						"0.5833": [0, 0, 0]
					}
				},
				"foot_left": {
					"rotation": {
						"0.0": [15, 0, 0],
						"0.125": [57.5, 0, 0],
						"0.2083": [48.75, 0, 0],
						"0.3333": [15, 0, 0],
						"0.7083": [17.5, 0, 0],
						"1.625": [37.5, 0, 0],
						"1.75": [17.5, 0, 0],
						"1.9583": [40, 0, 0],
						"2.125": [35, 0, 0],
						"2.1667": [11.5, 0, 0],
						"2.2917": [16.5, 0, 0],
						"2.4167": [24, 0, 0],
						"2.625": [16.5, 0, 0]
					}
				},
				"leg_right": {
					"rotation": {
						"0.0": [-17.5, 0, 0],
						"0.125": [-17.5, 0, 0],
						"0.2083": [-19.25656, 11.86554, 30.48005],
						"0.2917": [-16.92511, 7.73077, 23.84808],
						"0.4167": [-17.5, 0, 0],
						"0.5": [-10, 0, 0],
						"0.7083": [-10, 0, 0],
						"1.0": [-31.25564, 29.53661, -4.01825],
						"1.625": [-40.9502, 41.70738, -9.04107],
						"1.75": [-22.75, 0, 0],
						"1.9583": [47, 0, 0],
						"2.0417": [65, 0, 0],
						"2.125": [20.25, 0, 0],
						"2.2083": [42.5, 0, 0],
						"2.2917": [45, 0, 0],
						"2.375": [35.75, 0, 0],
						"2.5417": [22.75, 0, 0],
						"2.75": [20.25, 0, 0]
					},
					"position": {
						"0.0": [0, 0, 0],
						"0.2083": [0, 1, 0],
						"0.4167": [0, 0, 0]
					}
				},
				"foot_right": {
					"rotation": {
						"0.0": [15, 0, 0],
						"0.125": [15, 0, 0],
						"0.2083": [57.5, 0, 0],
						"0.2917": [48.75, 0, 0],
						"0.4167": [15, 0, 0],
						"0.5": [17.5, 0, 0],
						"0.7083": [17.5, 0, 0],
						"1.625": [37.5, 0, 0],
						"1.75": [17.5, 0, 0],
						"1.9583": [40, 0, 0],
						"2.125": [35, 0, 0],
						"2.1667": [11.5, 0, 0],
						"2.2917": [16.5, 0, 0],
						"2.4167": [24, 0, 0],
						"2.625": [16.5, 0, 0]
					}
				}
			}
		},
		"animation.lombre.sleep": {
			"loop": true,
			"bones": {
				"body": {
					"rotation": [90, 0, 0],
					"position": [0, -7, 0]
				},
				"torso": {
					"rotation": ["0+Math.cos((query.anim_time) * 90 * 1) * 1", 0, 0]
				},
				"head": {
					"rotation": ["-71.1183+Math.cos((query.anim_time-0.4) * 90 * 1) * -1", -6.71771, 18.88172],
					"position": [0, 1.75, 0]
				},
				"eyelid_left": {
					"position": [0.125, 0, -0.125]
				},
				"eyelid_right": {
					"position": [-0.125, 0, -0.125]
				},
				"arm_right": {
					"rotation": [-90, 0, 50],
					"position": [0, 0, "0+Math.cos((query.anim_time) * 90 * 1) * 0.2"]
				},
				"arm_right2": {
					"rotation": [0, -40, 0]
				},
				"arm_left": {
					"rotation": [-90, 0, -50],
					"position": [0, 0, "0+Math.cos((query.anim_time) * 90 * 1) * 0.2"]
				},
				"arm_left2": {
					"rotation": [0, 25, 0]
				},
				"leg_left": {
					"rotation": [0, -42.5, -7.5]
				},
				"foot_left": {
					"rotation": [22.5, 0, 0]
				},
				"leg_right": {
					"rotation": [0, 0, 32.5]
				},
				"foot_right": {
					"rotation": [30, 0, 0]
				}
			}
		},
		"animation.lombre.blink": {
			"animation_length": 0.16667,
			"bones": {
				"eyelid_left": {
					"position": {
						"0.0": [0.1, 0, -0.1],
						"0.125": [0.1, 0, -0.1],
						"0.1667": [0, 0, 0]
					}
				},
				"eyelid_right": {
					"position": {
						"0.0": [-0.1, 0, -0.1],
						"0.125": [-0.1, 0, -0.1],
						"0.1667": [0, 0, 0]
					}
				}
			}
		}
	}
}