{
	"format_version": "1.8.0",
	"animations": {
		"animation.quilava.ground_idle": {
			"loop": true,
			"animation_length": 1.58333,
			"bones": {
				"torso": {
					"rotation": ["0+math.cos(q.anim_time*90*5/2)*1", 0, 0],
					"position": [0, "0+math.sin(q.anim_time*90*5/2)*0.2", 0]
				},
				"torso2": {
					"rotation": ["-7.5+math.cos(q.anim_time*90*5/2-60)*1", 0, 0]
				},
				"torso3": {
					"rotation": ["2.5-math.cos(q.anim_time*90*5/2-120)*2", 0, 0]
				},
				"arm_left": {
					"rotation": ["2.5-math.cos(q.anim_time*90*5/2-120)*4", -10, 0],
					"position": [0.5, "-0.1-math.sin(q.anim_time*90*5/2-60)*0.2", "0+math.sin(q.anim_time*90*5/2-60)*0.4"]
				},
				"arm_left2": {
					"rotation": ["-28-math.cos(q.anim_time*90*5/2-120)*-11", 0, 0]
				},
				"arm_left3": {
					"rotation": ["-60-math.cos(q.anim_time*90*5/2-100)*5", 0, 0]
				},
				"arm_right": {
					"rotation": ["2.5-math.cos(q.anim_time*90*5/2-120)*4", 10, 0],
					"position": [-0.5, "-0.1-math.sin(q.anim_time*90*5/2-60)*0.2", "0+math.sin(q.anim_time*90*5/2-60)*0.4"]
				},
				"arm_right2": {
					"rotation": ["-28-math.cos(q.anim_time*90*5/2-120)*-11", 0, 0]
				},
				"arm_right3": {
					"rotation": ["-60-math.cos(q.anim_time*90*5/2-100)*5", 0, 0]
				},
				"head": {
					"rotation": ["17.5+math.cos(q.anim_time*90*5/2-130)*1", 0, 0]
				},
				"leg_left": {
					"rotation": ["14.8-math.sin(q.anim_time*90*5/2)*6", -5, 0],
					"position": [0.5, 0, 0]
				},
				"foot_left": {
					"rotation": ["27.5+math.sin(q.anim_time*90*5/2)*15", 0, 0]
				},
				"foot_left2": {
					"rotation": ["-40+math.sin(q.anim_time*90*5/2)*-10", 0, 0]
				},
				"leg_right": {
					"rotation": ["14.8-math.sin(q.anim_time*90*5/2)*6", 5, 0],
					"position": [-0.5, 0, 0]
				},
				"foot_right": {
					"rotation": ["27.5+math.sin(q.anim_time*90*5/2)*15", 0, 0]
				},
				"foot_right2": {
					"rotation": ["-40+math.sin(q.anim_time*90*5/2)*-10", 0, 0]
				},
				"fire_back": {
					"rotation": [-12.5, 0, 0],
					"scale": [0.2, -0.1, 1]
				},
				"fire_head": {
					"scale": [1, 0, 0]
				},
				"ear_right": {
					"rotation": ["0+math.cos(q.anim_time*90*5/2-120)*2", 0, "0+math.cos(q.anim_time*90*5/2-120)*5"]
				},
				"ear_left": {
					"rotation": ["0-math.cos(q.anim_time*90*5/2-120)*2", 0, "0-math.cos(q.anim_time*90*5/2-120)*5"]
				},
				"body": {
					"position": [0, "0+math.sin(q.anim_time*90*5/2)*0.2", 0]
				},
				"fire_back_main": {
					"scale": [0, 0, 1]
				}
			}
		},
		"animation.quilava.battle_idle": {
			"loop": true,
			"bones": {
				"torso": {
					"rotation": ["0+math.cos(q.anim_time*90*5/2)*1", 0, 0],
					"position": [0, "0+math.sin(q.anim_time*90*5/2)*0.2", 0]
				},
				"torso2": {
					"rotation": ["-2.5772+math.cos(q.anim_time*90*5/2-60)*1", 2.42969, -0.95584]
				},
				"torso3": {
					"rotation": ["2.5-math.cos(q.anim_time*90*5/2-120)*2", 0, 0]
				},
				"arm_left": {
					"rotation": ["2.5-math.cos(q.anim_time*90*5/2-120)*4", -10, 0],
					"position": [0.5, "-0.1-math.sin(q.anim_time*90*5/2-60)*0.2", "0+math.sin(q.anim_time*90*5/2-60)*0.4"]
				},
				"arm_left2": {
					"rotation": ["-49-math.cos(q.anim_time*90*5/2-120)*-10", 0, 0]
				},
				"arm_left3": {
					"rotation": ["-42.5-math.cos(q.anim_time*90*5/2-100)*5", 0, 0]
				},
				"arm_right": {
					"rotation": ["-35-math.cos(q.anim_time*90*5/2-120)*4", 10, 0],
					"position": [-0.5, "-0.1-math.sin(q.anim_time*90*5/2-60)*0.2", "0+math.sin(q.anim_time*90*5/2-60)*0.4"]
				},
				"arm_right2": {
					"rotation": ["-28-math.cos(q.anim_time*90*5/2-120)*-14", 0, 0]
				},
				"arm_right3": {
					"rotation": ["-25-math.cos(q.anim_time*90*5/2-100)*11", 0, 0]
				},
				"head": {
					"rotation": ["7.745+math.cos(q.anim_time*90*5/2-130)*1", 9.57, 2.93]
				},
				"leg_left": {
					"rotation": ["14.8-math.sin(q.anim_time*90*5/2)*6", -10, 0],
					"position": [1, -0.1, 0]
				},
				"foot_left": {
					"rotation": ["27.5+math.sin(q.anim_time*90*5/2)*15", 0, 0]
				},
				"foot_left2": {
					"rotation": ["-40+math.sin(q.anim_time*90*5/2)*-10", 0, 0]
				},
				"leg_right": {
					"rotation": ["14.8-math.sin(q.anim_time*90*5/2)*6", 10, 0],
					"position": [-1.5, 0, 0]
				},
				"foot_right": {
					"rotation": ["27.5+math.sin(q.anim_time*90*5/2)*15", 0, 0]
				},
				"foot_right2": {
					"rotation": ["-40+math.sin(q.anim_time*90*5/2)*-10", 0, 0]
				},
				"fire_back": {
					"rotation": ["-10+math.sin(q.anim_time*90*3*2+30)*1-1*6", 0, "0+math.sin(q.anim_time*90*3-10)*1-1)+6*(math.sin(q.anim_time*90*3/2-90)*10"],
					"scale": [1, "2-math.sin(q.anim_time*90*4*2-10)*0.02-1", "1.9-math.sin(q.anim_time*90*4*2-150)*0.02-1"]
				},
				"ear_right": {
					"rotation": ["0+math.cos(q.anim_time*90*5/2-120)*2", 0, "0+math.cos(q.anim_time*90*5/2-120)*5"]
				},
				"ear_left": {
					"rotation": ["0-math.cos(q.anim_time*90*5/2-120)*2", 0, "0-math.cos(q.anim_time*90*5/2-120)*5"]
				},
				"body": {
					"rotation": [0, -12.5, 0],
					"position": [0, "0+math.sin(q.anim_time*90*5/2)*0.2", 0]
				}
			}
		},
		"animation.quilava.ground_walk": {
			"loop": true,
			"animation_length": 4.7917,
			"bones": {
				"torso": {
					"rotation": ["0+math.cos(q.anim_time*90*5/2*2)*1", "0-math.cos(q.anim_time*90*5/2)*1", "0+math.cos(q.anim_time*90*5/2)*3"],
					"position": [0, "0+math.sin(q.anim_time*90*5/2*2)*0.2", 0]
				},
				"torso2": {
					"rotation": ["-5+math.cos(q.anim_time*90*5/2*2-60)*1/2", 0, 0]
				},
				"torso3": {
					"rotation": ["2.1819-math.cos(q.anim_time*90*5/2*2-120)*1", "2.1816+math.cos(q.anim_time*90*5/2)*2", "0.1284-math.cos(q.anim_time*90*5/2)*3"]
				},
				"arm_left": {
					"rotation": {
						"0.0": [-4.33, -5, 0],
						"0.375": ["12.5-math.sin(q.anim_time*90*5/2)*40", -5, 0],
						"1.1667": ["-17.5-math.sin(q.anim_time*90*5/2)*40", -5, 0],
						"1.9583": ["12.5-math.sin(q.anim_time*90*5/2)*40", -5, 0],
						"2.375": ["-17.5-math.sin(q.anim_time*90*5/2)*40", -5, 0],
						"2.8333": ["-17.5-math.sin(q.anim_time*90*5/2)*40", -5, 0],
						"3.625": ["12.5-math.sin(q.anim_time*90*5/2)*40", -5, 0],
						"4.4167": ["-17.5-math.sin(q.anim_time*90*5/2)*40", -5, 0],
						"4.7917": [-4.33, -5, 0]
					},
					"position": {
						"0.0": [0.5, 1.14, "0-math.sin(q.anim_time*90*5/2)*1"],
						"0.375": [0.5, "-0.4+math.clamp(math.cos(q.anim_time*90*5/2)*3/2,0,20)", "0-math.sin(q.anim_time*90*5/2)*1"],
						"1.1667": [0.4543, "-0.6495+math.clamp(math.cos(q.anim_time*90*5/2)*3/2,0,20)", "1.245-math.sin(q.anim_time*90*5/2)*1"],
						"1.9583": [0.5, "-0.4+math.clamp(math.cos(q.anim_time*90*5/2)*3/2,0,20)", "0-math.sin(q.anim_time*90*5/2)*1"],
						"2.375": [0.4854, "0.0102+math.clamp(math.cos(q.anim_time*90*5/2)*3/2,0,20)", "0.6-math.sin(q.anim_time*90*5/2)*1"],
						"2.8333": [0.4543, "-0.6495+math.clamp(math.cos(q.anim_time*90*5/2)*3/2,0,20)", "1.245-math.sin(q.anim_time*90*5/2)*1"],
						"3.625": [0.5, "0+math.clamp(math.cos(q.anim_time*90*5/2)*3/2,0,20)", "0-math.sin(q.anim_time*90*5/2)*1"],
						"4.4167": [0.4543, "-0.6495+math.clamp(math.cos(q.anim_time*90*5/2)*3/2,0,20)", "1.245-math.sin(q.anim_time*90*5/2)*1"],
						"4.7917": [0.5, 1.14, "0-math.sin(q.anim_time*90*5/2)*1"]
					}
				},
				"arm_left2": {
					"rotation": {
						"0.0": [-49.88, 0, 0],
						"0.0417": [-52.25, 0, 0],
						"0.3333": ["-25+math.sin(q.anim_time*90*5/2)*20", 0, 0],
						"0.75": [-49.94, 0, 0],
						"0.875": [-51.54, 0, 0],
						"1.0": [-44.39, 0, 0],
						"1.125": [-47.24, 0, 0],
						"1.1667": ["-27.5+math.sin(q.anim_time*90*5/2)*20", 0, 0],
						"1.625": [-52.25, 0, 0],
						"1.9167": ["-25+math.sin(q.anim_time*90*5/2)*20", 0, 0],
						"2.375": ["-35+math.sin(q.anim_time*90*5/2)*20", 0, 0],
						"2.4167": ["-35+math.sin(q.anim_time*90*5/2)*20", 0, 0],
						"2.8333": ["-27.5+math.sin(q.anim_time*90*5/2)*20", 0, 0],
						"3.2917": [-52.25, 0, 0],
						"3.5833": ["-25+math.sin(q.anim_time*90*5/2)*20", 0, 0],
						"4.0": [-49.94, 0, 0],
						"4.125": [-51.54, 0, 0],
						"4.25": [-44.39, 0, 0],
						"4.375": [-47.24, 0, 0],
						"4.4167": ["-27.5+math.sin(q.anim_time*90*5/2)*20", 0, 0],
						"4.7917": [-49.88, 0, 0]
					}
				},
				"arm_left3": {
					"rotation": {
						"0.0": [-25.1, 0, 0],
						"0.0417": [-21.26485, 0, 0],
						"0.375": [-48.76, 0, 0],
						"0.5417": [-31.26, 0, 0],
						"0.75": [-31.26, 0, 0],
						"1.0": [-62.86667, 0, 0],
						"1.1667": [-62.86667, 0, 0],
						"1.625": [-21.26485, 0, 0],
						"1.9583": [-53.76, 0, 0],
						"2.375": [-38.5, 0, 0],
						"2.4167": [-38.5, 0, 0],
						"2.8333": [-63.5017, 0, 0],
						"3.2917": [-21.26485, 0, 0],
						"3.625": [-48.76, 0, 0],
						"3.7917": [-31.26, 0, 0],
						"4.0": [-31.26, 0, 0],
						"4.25": [-62.86667, 0, 0],
						"4.4167": [-62.86667, 0, 0],
						"4.7917": [-21.26485, 0, 0]
					}
				},
				"arm_right": {
					"rotation": {
						"0.0": ["-17.5+math.sin(q.anim_time*90*5/2)*40", 5, 0],
						"0.4167": ["-17.5+math.sin(q.anim_time*90*5/2)*40", 5, 0],
						"1.2083": ["12.5+math.sin(q.anim_time*90*5/2)*40", 5, 0],
						"2.0": ["-17.5+math.sin(q.anim_time*90*5/2)*40", 5, 0],
						"2.7917": ["12.5+math.sin(q.anim_time*90*5/2)*40", 5, 0],
						"3.5833": ["-17.5+math.sin(q.anim_time*90*5/2)*40", 5, 0],
						"4.375": ["12.5+math.sin(q.anim_time*90*5/2)*40", 5, 0],
						"4.7917": ["-17.5+math.sin(q.anim_time*90*5/2)*40", 5, 0]
					},
					"position": {
						"0.0": [-0.5, "0+math.clamp(math.cos(q.anim_time*90*5/2-180)*3/2,0,20)", "0+math.sin(q.anim_time*90*5/2)*1"],
						"0.4167": [-0.53733, "-0.6716+math.clamp(math.cos(q.anim_time*90*5/2-180)*3/2,0,20)", "0.9964+math.sin(q.anim_time*90*5/2)*1"],
						"1.2083": [-0.5, "0+math.clamp(math.cos(q.anim_time*90*5/2-180)*3/2,0,20)", "0+math.sin(q.anim_time*90*5/2)*1"],
						"2.0": [-0.53733, "-0.6716+math.clamp(math.cos(q.anim_time*90*5/2-180)*3/2,0,20)", "0.9964+math.sin(q.anim_time*90*5/2)*1"],
						"2.7917": [-0.5, "0+math.clamp(math.cos(q.anim_time*90*5/2-180)*3/2,0,20)", "0+math.sin(q.anim_time*90*5/2)*1"],
						"3.5833": [-0.53733, "-0.6716+math.clamp(math.cos(q.anim_time*90*5/2-180)*3/2,0,20)", "0.9964+math.sin(q.anim_time*90*5/2)*1"],
						"4.375": [-0.5, "0+math.clamp(math.cos(q.anim_time*90*5/2-180)*3/2,0,20)", "0+math.sin(q.anim_time*90*5/2)*1"],
						"4.7917": [-0.5, "0+math.clamp(math.cos(q.anim_time*90*5/2-180)*3/2,0,20)", "0+math.sin(q.anim_time*90*5/2)*1"]
					}
				},
				"arm_right2": {
					"rotation": {
						"0.0": ["-35-math.sin(q.anim_time*90*5/2)*20", 0, 0],
						"0.4167": ["-27.5-math.sin(q.anim_time*90*5/2)*20", 0, 0],
						"0.875": [-52.25, 0, 0],
						"1.1667": ["-25-math.sin(q.anim_time*90*5/2)*20", 0, 0],
						"1.5833": [-49.94, 0, 0],
						"1.7083": [-51.54, 0, 0],
						"1.8333": [-44.39, 0, 0],
						"1.9583": [-47.24, 0, 0],
						"2.0": ["-27.5-math.sin(q.anim_time*90*5/2)*20", 0, 0],
						"2.4583": [-52.25, 0, 0],
						"2.75": ["-25-math.sin(q.anim_time*90*5/2)*20", 0, 0],
						"3.1667": [-49.94, 0, 0],
						"3.2917": [-51.54, 0, 0],
						"3.4167": [-44.39, 0, 0],
						"3.5417": [-47.24, 0, 0],
						"3.5833": ["-27.5-math.sin(q.anim_time*90*5/2)*20", 0, 0],
						"4.0417": [-52.25, 0, 0],
						"4.3333": ["-25-math.sin(q.anim_time*90*5/2)*20", 0, 0],
						"4.7917": ["-35-math.sin(q.anim_time*90*5/2)*20", 0, 0]
					}
				},
				"arm_right3": {
					"rotation": {
						"0.0": [-38.5, 0, 0],
						"0.4167": [-63.5017, 0, 0],
						"0.875": [-21.26485, 0, 0],
						"1.2083": [-48.76, 0, 0],
						"1.375": [-31.26, 0, 0],
						"1.5833": [-31.26, 0, 0],
						"1.8333": [-62.86667, 0, 0],
						"2.0": [-62.86667, 0, 0],
						"2.4583": [-21.26485, 0, 0],
						"2.7917": [-48.76, 0, 0],
						"2.9583": [-31.26, 0, 0],
						"3.1667": [-31.26, 0, 0],
						"3.4167": [-62.86667, 0, 0],
						"3.5833": [-62.86667, 0, 0],
						"4.0417": [-21.26485, 0, 0],
						"4.375": [-53.76, 0, 0],
						"4.7917": [-36, 0, 0]
					}
				},
				"head": {
					"rotation": ["12.5+math.cos(q.anim_time*90*5/2*2-140)*2", "0-math.cos(q.anim_time*90*5/2)*1", 0]
				},
				"leg_left": {
					"rotation": {
						"0.0": ["12.3173+math.sin(q.anim_time*90*5/2)*16", -5, 0],
						"1.125": ["12.3173+math.sin(q.anim_time*90*5/2)*16", -5, 0],
						"1.375": ["19.8173+math.sin(q.anim_time*90*5/2)*16", -5, 0],
						"1.9167": ["12.3173+math.sin(q.anim_time*90*5/2)*16", -5, 0],
						"2.75": ["12.3173+math.sin(q.anim_time*90*5/2)*16", -5, 0],
						"3.0": ["19.8173+math.sin(q.anim_time*90*5/2)*16", -5, 0],
						"3.5": ["12.3173+math.sin(q.anim_time*90*5/2)*16", -5, 0],
						"4.375": ["12.3173+math.sin(q.anim_time*90*5/2)*16", -5, 0]
					},
					"position": {
						"0.0": [0.5, "0+math.clamp(math.cos(q.anim_time*90*5/2-180)*1,-0.4,20)", "-1+math.sin(q.anim_time*90*5/2)*1"],
						"1.125": [0.5, "0+math.clamp(math.cos(q.anim_time*90*5/2-180)*1,-0.4,20)", "-1+math.sin(q.anim_time*90*5/2)*1"],
						"1.2083": [0.5, "-0.5+math.clamp(math.cos(q.anim_time*90*5/2-180)*1,-0.4,20)", "-1+math.sin(q.anim_time*90*5/2)*1"],
						"1.9167": [0.5, "0+math.clamp(math.cos(q.anim_time*90*5/2-180)*1,-0.4,20)", "-1+math.sin(q.anim_time*90*5/2)*1"],
						"2.75": [0.5, "0+math.clamp(math.cos(q.anim_time*90*5/2-180)*1,-0.4,20)", "-1+math.sin(q.anim_time*90*5/2)*1"],
						"2.8333": [0.5, "-0.5+math.clamp(math.cos(q.anim_time*90*5/2-180)*1,-0.4,20)", "-1+math.sin(q.anim_time*90*5/2)*1"],
						"3.5": [0.5, "0+math.clamp(math.cos(q.anim_time*90*5/2-180)*1,-0.4,20)", "-1+math.sin(q.anim_time*90*5/2)*1"],
						"4.375": [0.5, "0+math.clamp(math.cos(q.anim_time*90*5/2-180)*1,-0.4,20)", "-1+math.sin(q.anim_time*90*5/2)*1"],
						"4.4583": [0.5, "-0.5+math.clamp(math.cos(q.anim_time*90*5/2-180)*1,-0.4,20)", "-1+math.sin(q.anim_time*90*5/2)*1"],
						"4.7917": [0.5, "0+math.clamp(math.cos(q.anim_time*90*5/2-180)*1,-0.4,20)", "-1+math.sin(q.anim_time*90*5/2)*1"]
					}
				},
				"foot_left": {
					"rotation": {
						"0.0": ["27.5+math.sin(q.anim_time*90*5/2)*26", 0, 0],
						"1.125": ["27.5+math.sin(q.anim_time*90*5/2)*26", 0, 0],
						"1.375": ["17.5+math.sin(q.anim_time*90*5/2)*26", 0, 0],
						"2.75": ["27.5+math.sin(q.anim_time*90*5/2)*26", 0, 0],
						"3.0": ["17.5+math.sin(q.anim_time*90*5/2)*26", 0, 0],
						"4.375": ["27.5+math.sin(q.anim_time*90*5/2)*26", 0, 0]
					}
				},
				"foot_left2": {
					"rotation": {
						"0.0": ["-40-math.sin(q.anim_time*90*5/2)*25", 0, 0],
						"1.125": ["-27.5-math.sin(q.anim_time*90*5/2)*25", 0, 0],
						"1.9167": ["-40-math.sin(q.anim_time*90*5/2)*25", 0, 0],
						"2.75": ["-27.5-math.sin(q.anim_time*90*5/2)*25", 0, 0],
						"3.5417": ["-40-math.sin(q.anim_time*90*5/2)*25", 0, 0],
						"4.375": ["-27.5-math.sin(q.anim_time*90*5/2)*25", 0, 0],
						"4.7917": ["-40-math.sin(q.anim_time*90*5/2)*25", 0, 0]
					}
				},
				"leg_right": {
					"rotation": {
						"0.0": ["12.3173-math.sin(q.anim_time*90*5/2)*16", 5, 0],
						"0.3333": ["12.3173-math.sin(q.anim_time*90*5/2)*16", 5, 0],
						"0.5833": ["19.8173-math.sin(q.anim_time*90*5/2)*16", 5, 0],
						"1.0833": ["12.317-math.sin(q.anim_time*90*5/2)*16", 5, 0],
						"1.9583": ["12.3173-math.sin(q.anim_time*90*5/2)*16", 5, 0],
						"2.4167": ["12.3173-math.sin(q.anim_time*90*5/2)*16", 5, 0],
						"3.5417": ["12.3173-math.sin(q.anim_time*90*5/2)*16", 5, 0],
						"3.7917": ["19.817-math.sin(q.anim_time*90*5/2)*16", 5, 0],
						"4.3333": ["7.3173-math.sin(q.anim_time*90*5/2)*16", 5, 0],
						"4.7917": ["12.3173-math.sin(q.anim_time*90*5/2)*16", 5, 0]
					},
					"position": {
						"0.0": [-0.5, "0+math.clamp(math.cos(q.anim_time*90*5/2)*1,-0.4,20)", "-1-math.sin(q.anim_time*90*5/2)*1"],
						"0.3333": [-0.5, "0+math.clamp(math.cos(q.anim_time*90*5/2)*1,-0.4,20)", "-1-math.sin(q.anim_time*90*5/2)*1"],
						"0.4167": [-0.5, "-0.5+math.clamp(math.cos(q.anim_time*90*5/2)*1,-0.4,20)", "-1-math.sin(q.anim_time*90*5/2)*1"],
						"1.0833": [-0.5, "0+math.clamp(math.cos(q.anim_time*90*5/2)*1,-0.4,20)", "-1-math.sin(q.anim_time*90*5/2)*1"],
						"1.9583": [-0.5, "0+math.clamp(math.cos(q.anim_time*90*5/2)*1,-0.4,20)", "-1-math.sin(q.anim_time*90*5/2)*1"],
						"2.0417": [-0.5, "-0.5+math.clamp(math.cos(q.anim_time*90*5/2)*1,-0.4,20)", "-1-math.sin(q.anim_time*90*5/2)*1"],
						"2.375": [-0.5, "0+math.clamp(math.cos(q.anim_time*90*5/2)*1,-0.4,20)", "-1-math.sin(q.anim_time*90*5/2)*1"],
						"2.4167": [-0.5, "0+math.clamp(math.cos(q.anim_time*90*5/2)*1,-0.4,20)", "-1-math.sin(q.anim_time*90*5/2)*1"],
						"3.5417": [-0.5, "0+math.clamp(math.cos(q.anim_time*90*5/2)*1,-0.4,20)", "-1-math.sin(q.anim_time*90*5/2)*1"],
						"3.5833": [-0.5, "-0.5+math.clamp(math.cos(q.anim_time*90*5/2)*1,-0.4,20)", "-1-math.sin(q.anim_time*90*5/2)*1"],
						"4.3333": [-0.5, "0+math.clamp(math.cos(q.anim_time*90*5/2)*1,-0.4,20)", "-1-math.sin(q.anim_time*90*5/2)*1"]
					}
				},
				"foot_right": {
					"rotation": {
						"0.3333": ["17.5-math.sin(q.anim_time*90*5/2)*26", 0, 0],
						"0.4167": ["28-math.sin(q.anim_time*90*5/2)*26", 0, 0],
						"1.9583": ["27.5-math.sin(q.anim_time*90*5/2)*26", 0, 0],
						"2.4167": ["27.5-math.sin(q.anim_time*90*5/2)*26", 0, 0],
						"3.5417": ["27.5-math.sin(q.anim_time*90*5/2)*26", 0, 0],
						"3.7917": ["17.5-math.sin(q.anim_time*90*5/2)*26", 0, 0],
						"4.3333": ["10-math.sin(q.anim_time*90*5/2)*26", 0, 0],
						"4.75": ["17.5-math.sin(q.anim_time*90*5/2)*26", 0, 0]
					}
				},
				"foot_right2": {
					"rotation": {
						"0.3333": ["-27.5+math.sin(q.anim_time*90*5/2)*25", 0, 0],
						"1.125": ["-40+math.sin(q.anim_time*90*5/2)*25", 0, 0],
						"1.9583": ["-27.5+math.sin(q.anim_time*90*5/2)*25", 0, 0],
						"2.375": ["-40+math.sin(q.anim_time*90*5/2)*25", 0, 0],
						"2.4167": ["-40+math.sin(q.anim_time*90*5/2)*25", 0, 0],
						"3.5417": ["-27.5+math.sin(q.anim_time*90*5/2)*25", 0, 0],
						"4.3333": ["-27+math.sin(q.anim_time*90*5/2)*25", 0, 0]
					}
				},
				"fire_back": {
					"rotation": [-12.5, 0, 0],
					"scale": [0.2, -0.1, 1]
				},
				"fire_head": {
					"position": [0, -2.5, 0],
					"scale": [1, -0.1, 0.4]
				},
				"ear_right": {
					"rotation": ["0+math.cos(q.anim_time*90*5/2*2-120)*2", 0, "0+math.cos(q.anim_time*90*5/2*2-120)*5"]
				},
				"ear_left": {
					"rotation": ["0-math.cos(q.anim_time*90*5/2*2-120)*2", 0, "0-math.cos(q.anim_time*90*5/2*2-120)*5"]
				},
				"fire_back_main": {
					"position": [0, -2, 0],
					"scale": [0.3, -0.2, 1]
				}
			}
		},
		"animation.quilava.ground_run_WIP": {
			"loop": true,
			"animation_length": 1,
			"bones": {
				"torso": {
					"rotation": ["0-math.sin(q.anim_time*90*12-60)*3", 0, 0],
					"position": [0, "0+math.sin(q.anim_time*90*5/2)*0.2", 0]
				},
				"torso2": {
					"rotation": ["-7.5-math.sin(q.anim_time*90*12-60)*3", 0, 0]
				},
				"torso3": {
					"rotation": ["2.5-math.sin(q.anim_time*90*12-180)*3", 0, 0]
				},
				"arm_left": {
					"rotation": ["-15+50*math.sin(q.anim_time*90*12)", 0, 0],
					"position": [0, "1.2-0.5*math.sin(q.anim_time*90*12+45)", "-0.5+1*math.cos(q.anim_time*90*12-45)"]
				},
				"arm_left2": {
					"rotation": [-22.5, 0, 0]
				},
				"arm_left3": {
					"rotation": [-20, 0, 0]
				},
				"arm_right": {
					"rotation": ["-15+50*math.sin(q.anim_time*90*12)", 0, 0],
					"position": [0, "1.2-0.5*math.sin(q.anim_time*90*12+45)", "-0.5+1*math.cos(q.anim_time*90*12-45)"]
				},
				"arm_right2": {
					"rotation": [-15, 0, 0]
				},
				"arm_right3": {
					"rotation": [-5, 0, 0]
				},
				"head": {
					"rotation": ["17.5-math.sin(q.anim_time*90*12-250)*10", 0, 0]
				},
				"leg_left": {
					"rotation": ["22-40*math.cos(q.anim_time*90*12-45)", 0, 0],
					"position": [0.5, "-1+1*math.cos(q.anim_time*90*12+45)", "-1*math.cos(q.anim_time*90*12-45)"]
				},
				"foot_left": {
					"rotation": ["42.5-5*math.sin(q.anim_time*90*12)", 0, 0],
					"position": [0, 0, 0]
				},
				"foot_left2": {
					"rotation": [-40, 0, 0]
				},
				"leg_right": {
					"rotation": ["22-40*math.cos(q.anim_time*90*12-45)", 0, 0],
					"position": [-0.5, "-1+1*math.cos(q.anim_time*90*12+45)", "-1*math.cos(q.anim_time*90*12-45)"]
				},
				"foot_right": {
					"rotation": ["42.5-10*math.sin(q.anim_time*90*12)", 0, 0],
					"position": [0, 0, 0]
				},
				"foot_right2": {
					"rotation": [-40, 0, 0]
				},
				"fire_back": {
					"rotation": [-12.5, 0, 0],
					"scale": [0.2, -0.1, 1]
				},
				"fire_head": {
					"position": [0, -2.5, 0],
					"scale": [1, -0.1, 0.4]
				},
				"ear_right": {
					"rotation": ["0+math.cos(q.anim_time*90*5/2-120)*2", 0, "0+math.cos(q.anim_time*90*5/2-120)*5"]
				},
				"ear_left": {
					"rotation": ["0-math.cos(q.anim_time*90*5/2-120)*2", 0, "0-math.cos(q.anim_time*90*5/2-120)*5"]
				},
				"body": {
					"rotation": ["0-math.sin(q.anim_time*90*12)*6", 0, 0],
					"position": [0, "1.8-1*math.cos(q.anim_time*90*12)", 0]
				},
				"fire_back_main": {
					"position": [0, -2, 0],
					"scale": [0.3, -0.2, 1]
				}
			}
		},
		"animation.quilava.cry": {
			"animation_length": 1.58333,
			"bones": {
				"torso": {
					"rotation": ["0+math.cos(q.anim_time*90*5/2)*1", 0, 0],
					"position": [0, "0+math.sin(q.anim_time*90*5/2)*0.2", 0]
				},
				"torso2": {
					"rotation": {
						"0.0": ["-7.5+math.cos(q.anim_time*90*5/2-60)*1", 0, 0],
						"0.125": {
							"pre": [0, 0, 0],
							"post": [0, 0, 0],
							"lerp_mode": "catmullrom"
						},
						"0.3333": {
							"post": [-7.5, 0, 0],
							"lerp_mode": "catmullrom"
						},
						"0.75": {
							"post": [-7.5, 0, 0],
							"lerp_mode": "catmullrom"
						},
						"1.0": ["-7.5+math.cos(q.anim_time*90*5/2-60)*1", 0, 0]
					}
				},
				"torso3": {
					"rotation": ["2.5-math.cos(q.anim_time*90*5/2-120)*2", 0, 0]
				},
				"arm_left": {
					"rotation": {
						"0.0": ["2.5-math.cos(q.anim_time*90*5/2-120)*4", -10, 0],
						"0.125": {
							"pre": [0, 0, 0],
							"post": [0, 0, 0],
							"lerp_mode": "catmullrom"
						},
						"0.3333": {
							"post": [7.5, 0, 0],
							"lerp_mode": "catmullrom"
						},
						"0.75": {
							"post": [7.5, 0, 0],
							"lerp_mode": "catmullrom"
						},
						"1.0": ["2.5-math.cos(q.anim_time*90*5/2-120)*4", -10, 0]
					},
					"position": {
						"0.0": [0.5, "-0.1-math.sin(q.anim_time*90*5/2-60)*0.2", "0+math.sin(q.anim_time*90*5/2-60)*0.4"],
						"0.125": [0, 1, 0],
						"0.3333": [0, 0, -0.1],
						"0.75": [0, 0, -0.1],
						"1.0": [0.5, "-0.1-math.sin(q.anim_time*90*5/2-60)*0.2", "0+math.sin(q.anim_time*90*5/2-60)*0.4"]
					}
				},
				"arm_left2": {
					"rotation": ["-28-math.cos(q.anim_time*90*5/2-120)*-11", 0, 0]
				},
				"arm_left3": {
					"rotation": ["-60-math.cos(q.anim_time*90*5/2-100)*5", 0, 0]
				},
				"arm_right": {
					"rotation": {
						"0.0": ["2.5-math.cos(q.anim_time*90*5/2-120)*4", 10, 0],
						"0.125": {
							"pre": [0, 0, 0],
							"post": [0, 0, 0],
							"lerp_mode": "catmullrom"
						},
						"0.3333": {
							"post": [7.5, 0, 0],
							"lerp_mode": "catmullrom"
						},
						"0.75": {
							"post": [7.5, 0, 0],
							"lerp_mode": "catmullrom"
						},
						"1.0": ["2.5-math.cos(q.anim_time*90*5/2-120)*4", 10, 0]
					},
					"position": {
						"0.0": [-0.5, "-0.1-math.sin(q.anim_time*90*5/2-60)*0.2", "0+math.sin(q.anim_time*90*5/2-60)*0.4"],
						"0.125": [0, 1, 0],
						"0.3333": [0, 0, -0.1],
						"0.75": [0, 0, -0.1],
						"1.0": [-0.5, "-0.1-math.sin(q.anim_time*90*5/2-60)*0.2", "0+math.sin(q.anim_time*90*5/2-60)*0.4"]
					}
				},
				"arm_right2": {
					"rotation": ["-28-math.cos(q.anim_time*90*5/2-120)*-11", 0, 0]
				},
				"arm_right3": {
					"rotation": ["-60-math.cos(q.anim_time*90*5/2-100)*5", 0, 0]
				},
				"head": {
					"rotation": {
						"0.0": ["17.5+math.cos(q.anim_time*90*5/2-130)*1", 0, 0],
						"0.125": {
							"pre": [12.5, 0, 0],
							"post": [12.5, 0, 0],
							"lerp_mode": "catmullrom"
						},
						"0.3333": {
							"post": [-7.5, 0, 0],
							"lerp_mode": "catmullrom"
						},
						"0.875": {
							"post": [-5.5, 0, 0],
							"lerp_mode": "catmullrom"
						},
						"1.0": ["17.5+math.cos(q.anim_time*90*5/2-130)*1", 0, 0]
					}
				},
				"leg_left": {
					"rotation": ["14.8-math.sin(q.anim_time*90*5/2)*6", -5, 0],
					"position": [0.5, 0, 0]
				},
				"foot_left": {
					"rotation": ["27.5+math.sin(q.anim_time*90*5/2)*15", 0, 0]
				},
				"foot_left2": {
					"rotation": ["-40+math.sin(q.anim_time*90*5/2)*-10", 0, 0]
				},
				"leg_right": {
					"rotation": ["14.8-math.sin(q.anim_time*90*5/2)*6", 5, 0],
					"position": [-0.5, 0, 0]
				},
				"foot_right": {
					"rotation": ["27.5+math.sin(q.anim_time*90*5/2)*15", 0, 0]
				},
				"foot_right2": {
					"rotation": ["-40+math.sin(q.anim_time*90*5/2)*-10", 0, 0]
				},
				"fire_back": {
					"rotation": [-12.5, 0, 0],
					"scale": [0.2, -0.1, 1]
				},
				"fire_head": {
					"rotation": {
						"0.0": [0, 0, 0],
						"0.125": [0, 0, 0],
						"0.1667": [-5, 0, 0],
						"0.875": [-5, 0, 0],
						"0.9583": [0, 0, 0]
					},
					"position": {
						"0.0": [0, 0, 0],
						"0.125": [0, 0, 0],
						"0.9583": [0, 0, 0]
					},
					"scale": {
						"0.0": [1, 0, 1],
						"0.125": [1, 1, 1],
						"0.1667": [1, "1-math.cos(q.anim_time*90*2*40)*1", 1],
						"0.875": [1, 1, 1],
						"0.9583": [1, 0, 1]
					}
				},
				"ear_right": {
					"rotation": ["0+math.cos(q.anim_time*90*5/2-120)*2", 0, "0+math.cos(q.anim_time*90*5/2-120)*5"]
				},
				"ear_left": {
					"rotation": ["0-math.cos(q.anim_time*90*5/2-120)*2", 0, "0-math.cos(q.anim_time*90*5/2-120)*5"]
				},
				"body": {
					"position": [0, "0+math.sin(q.anim_time*90*5/2)*0.2", 0]
				},
				"fire_back_main": {
					"rotation": ["-32.5+math.sin(q.anim_time*90*3*2+30)*1-1*6", 0, "math.sin(q.anim_time*90*3-10)*1-1)+6*(math.sin(q.anim_time*90*3/2-90)*10"],
					"position": {
						"0.0": [0, 0, 0],
						"0.125": [0, 0, 0],
						"0.9583": [0, 0, 0]
					},
					"scale": {
						"0.0": [1, 0, 1],
						"0.125": [1, "2-math.sin(q.anim_time*90*4*2-10)*0.02-1", "1.9-math.sin(q.anim_time*90*4*2-150)*0.02-1"],
						"0.1667": [1, "2-math.cos(q.anim_time*90*2*40)*0.6", 1],
						"0.875": [1, 1, 1],
						"0.9583": [1, 0, 1]
					}
				},
				"mouth": {
					"position": {
						"0.0": [0, 0, 0],
						"0.2083": {
							"pre": [0, 0, 0],
							"post": [0, 0, 0],
							"lerp_mode": "catmullrom"
						},
						"0.25": {
							"post": [0, -0.1, 0],
							"lerp_mode": "catmullrom"
						},
						"0.7917": [0, -0.1, 0],
						"1.0": [0, 0, 0]
					}
				}
			},
			"sound_effects": {
				"0.0833": {
					"effect": "pokemon.quilava.cry"
				}
			}
		},
		"animation.quilava.battle_cry": {
			"animation_length": 1.16667,
			"bones": {
				"head": {
					"rotation": {
						"0.0": [0, 0, 0],
						"0.125": {
							"pre": [12.5, 0, 0],
							"post": [12.5, 0, 0],
							"lerp_mode": "catmullrom"
						},
						"0.3333": {
							"post": [-7.5, 0, 0],
							"lerp_mode": "catmullrom"
						},
						"0.875": {
							"post": [-5.5, 0, 0],
							"lerp_mode": "catmullrom"
						},
						"1.0": [0, 0, 0]
					}
				},
				"mouth": {
					"position": {
						"0.0": [0, 0, 0],
						"0.2083": {
							"pre": [0, 0, 0],
							"post": [0, 0, 0],
							"lerp_mode": "catmullrom"
						},
						"0.25": {
							"post": [0, -0.1, 0],
							"lerp_mode": "catmullrom"
						},
						"0.7917": [0, -0.1, 0],
						"1.0": [0, 0, 0]
					}
				},
				"arm_right": {
					"rotation": {
						"0.0": [0, 0, 0],
						"0.125": {
							"pre": [0, 0, 0],
							"post": [0, 0, 0],
							"lerp_mode": "catmullrom"
						},
						"0.3333": {
							"post": [7.5, 0, 0],
							"lerp_mode": "catmullrom"
						},
						"0.75": {
							"post": [7.5, 0, 0],
							"lerp_mode": "catmullrom"
						},
						"1.0": [0, 0, 0]
					},
					"position": {
						"0.0": [0, 0, 0],
						"0.125": [0, 0, 0],
						"0.3333": [0, -1, -0.1],
						"0.75": [0, -1, -0.1],
						"1.0": [0, 0, 0]
					}
				},
				"arm_left": {
					"rotation": {
						"0.0": [0, 0, 0],
						"0.125": {
							"pre": [0, 0, 0],
							"post": [0, 0, 0],
							"lerp_mode": "catmullrom"
						},
						"0.3333": {
							"post": [7.5, 0, 0],
							"lerp_mode": "catmullrom"
						},
						"0.75": {
							"post": [7.5, 0, 0],
							"lerp_mode": "catmullrom"
						},
						"1.0": [0, 0, 0]
					},
					"position": {
						"0.0": [0, 0, 0],
						"0.125": [0, 0, 0],
						"0.3333": [0, -1, -0.1],
						"0.75": [0, -1, -0.1],
						"1.0": [0, 0, 0]
					}
				},
				"fire_back_main": {
					"position": {
						"0.0": [0, 0, 0],
						"0.125": [0, 0, 0],
						"0.9583": [0, 0, 0]
					},
					"scale": {
						"0.0": [1, 1, 1],
						"0.125": [1, 1, 1],
						"0.1667": [1, "1-math.cos(q.anim_time*90*2*40)*0.6", 1],
						"0.875": [1, 1, 1],
						"0.9583": [1, 1, 1]
					}
				},
				"torso2": {
					"rotation": {
						"0.0": [0, 0, 0],
						"0.125": {
							"pre": [0, 0, 0],
							"post": [0, 0, 0],
							"lerp_mode": "catmullrom"
						},
						"0.3333": {
							"post": [-7.5, 0, 0],
							"lerp_mode": "catmullrom"
						},
						"0.75": {
							"post": [-7.5, 0, 0],
							"lerp_mode": "catmullrom"
						},
						"1.0": [0, 0, 0]
					}
				},
				"fire_head": {
					"rotation": {
						"0.0": [0, 0, 0],
						"0.125": [0, 0, 0],
						"0.1667": [-5, 0, 0],
						"0.875": [-5, 0, 0],
						"0.9583": [0, 0, 0]
					},
					"position": {
						"0.0": [0, 0, 0],
						"0.125": [0, 0, 0],
						"0.9583": [0, 0, 0]
					},
					"scale": {
						"0.0": [1, 1, 1],
						"0.125": [1, 1, 1],
						"0.1667": [1, "1-math.cos(q.anim_time*90*2*40)*1", 1],
						"0.875": [1, 1, 1],
						"0.9583": [1, 1, 1]
					}
				}
			},
			"sound_effects": {
				"0.0833": {
					"effect": "pokemon.quilava.cry"
				}
			}
		},
		"animation.quilava.sleep": {
			"loop": true,
			"bones": {
				"torso": {
					"rotation": ["10+math.cos(q.anim_time*90*1)*1", 0, 0],
					"position": [0, "-1+math.sin(q.anim_time*90*1)*0.2", 0]
				},
				"torso2": {
					"rotation": ["-12.4999+math.cos(q.anim_time*90*1-60)*1", 0, 0]
				},
				"torso3": {
					"rotation": [2.5, 0, 0]
				},
				"arm_left": {
					"rotation": ["-79-math.cos(q.anim_time*90*1-60)*2", -20, 0],
					"position": [0.5, "0.8-math.sin(q.anim_time*90*1-60)*0.3", 0]
				},
				"arm_left2": {
					"rotation": [-5.5, 0, 0]
				},
				"arm_left3": {
					"rotation": [-5, 0, 0]
				},
				"arm_right": {
					"rotation": ["-79-math.cos(q.anim_time*90*1-60)*2", 20, 0],
					"position": [-0.5, "0.8-math.sin(q.anim_time*90*1-60)*0.3", 0]
				},
				"arm_right2": {
					"rotation": [-5.5, 0, 0]
				},
				"arm_right3": {
					"rotation": [-5, 0, 0]
				},
				"head": {
					"rotation": ["6+math.cos(q.anim_time*90*1-130)*1", 0, 0]
				},
				"leg_left": {
					"rotation": [0, -5, 0],
					"position": [0.5, 0, 0]
				},
				"foot_left": {
					"rotation": [0, -10, 0],
					"position": [0, 0.5, 0]
				},
				"leg_right": {
					"rotation": [0, 5, 0],
					"position": [-0.5, 0, 0]
				},
				"foot_right": {
					"rotation": [0, 10, 0],
					"position": [0, 0.5, 0]
				},
				"fire_back": {
					"rotation": [-12.5, 0, 0],
					"scale": [0.2, -0.1, 1]
				},
				"fire_head": {
					"position": [0, -2.5, 0],
					"scale": [1, -0.1, 0.4]
				},
				"ear_right": {
					"rotation": ["42.3144-math.cos(q.anim_time*90*4/2-120)*2", -6.64, "-101.7358-math.cos(q.anim_time*90*4/2-120)*5"]
				},
				"ear_left": {
					"rotation": ["42.3144+math.cos(q.anim_time*90*4/2-120)*2", 6.64, "101.7358+math.cos(q.anim_time*90*4/2-120)*5"]
				},
				"body": {
					"position": [0, -1, 0]
				},
				"fire_back_main": {
					"position": [0, -2, 0],
					"scale": [0.3, -0.2, 1]
				},
				"eyelid_right": {
					"position": [-0.1, 0, 0]
				},
				"eyelid_left": {
					"position": [0.1, 0, 0]
				}
			}
		},
		"animation.quilava.blink": {
			"animation_length": 0.16667,
			"bones": {
				"eyelid_right": {
					"position": {
						"0.0": [-0.1, 0, 0],
						"0.125": [-0.1, 0, 0],
						"0.1667": [0, 0, 0.1]
					}
				},
				"eyelid_left": {
					"position": {
						"0.0": [0.1, 0, 0],
						"0.125": [0.1, 0, 0],
						"0.1667": [0, 0, 0.1]
					}
				}
			}
		},
		"animation.quilava.render": {
			"loop": true,
			"bones": {
				"body": {
					"position": [0, 0.25, 0]
				},
				"torso": {
					"rotation": [0, 0, 0]
				},
				"fire_back_main": {
					"position": [0, -0.5, 0],
					"scale": [0.3, -0.2, 1]
				},
				"torso2": {
					"rotation": [-5.07673, 9.96156, -0.88045]
				},
				"torso3": {
					"rotation": [5, 0, 0]
				},
				"head": {
					"rotation": [-1.49034, 24.59477, 4.62934]
				},
				"fire_head": {
					"position": [0, -2, 0],
					"scale": [1, -0.1, 0.4]
				},
				"arm_right": {
					"rotation": [-35.08807, 14.98539, -0.66963],
					"position": [-0.5, -0.4, 0]
				},
				"arm_right2": {
					"rotation": [-22.5, 0, 0]
				},
				"arm_right3": {
					"rotation": [-30, 0, 0]
				},
				"arm_left": {
					"rotation": [-35.0881, -14.9854, 0.6696],
					"position": [0.5, -0.4, 0]
				},
				"arm_left2": {
					"rotation": [-22.5, 0, 0]
				},
				"arm_left3": {
					"rotation": [-30, 0, 0]
				},
				"leg_right": {
					"rotation": [0, 10, 0],
					"position": [-1, 0, 0]
				},
				"foot_right": {
					"rotation": [45, 0, 0]
				},
				"foot_right2": {
					"rotation": [-45, 0, 0]
				},
				"leg_left": {
					"rotation": [0, -10, 0],
					"position": [1, 0, 0]
				},
				"foot_left": {
					"rotation": [42.15101, -24.54583, 0.61989]
				},
				"foot_left2": {
					"rotation": [-45, 0, 0]
				}
			}
		},
		"animation.quilava.fire_idle": {
			"loop": true,
			"bones": {
				"fire_back_main": {
					"rotation": ["-32.5+math.sin(q.anim_time*90*3*2+30)*1-1*6", 0, "math.sin(q.anim_time*90*3-10)*1-1)+6*(math.sin(q.anim_time*90*3/2-90)*10"],
					"position": [0, 0, 0],
					"scale": [1, "2-math.sin(q.anim_time*90*4*2-10)*0.02-1", "1.9-math.sin(q.anim_time*90*4*2-150)*0.02-1"]
				},
				"fire_head": {
					"rotation": ["5+math.sin(q.anim_time*90*3*2-90)*1-1*6", 0, "math.sin(q.anim_time*90*3-150)*1-1)+6*(math.sin(q.anim_time*90*3/2-90)*10"],
					"position": [0, 0, 0],
					"scale": [1, "2-math.sin(q.anim_time*90*4*2-90)*0.02-1", "1.9-math.sin(q.anim_time*90*4*2)*0.02-1"]
				}
			}
		}
	}
}