{
	"format_version": "1.8.0",
	"animations": {
		"animation.turtwig.ground_idle": {
			"loop": true,
			"bones": {
				"torso": {
					"rotation": ["0-math.cos(q.anim_time*90*2)*-2", "math.sin(q.anim_time*90*1)*0.5", "math.cos(q.anim_time*90*2)*-0.5"],
					"position": [0, "math.sin(q.anim_time*90*2)*0.1", 0]
				},
				"tail": {
					"rotation": [0, "0+math.sin(q.anim_time*90*5)*20", 0]
				},
				"head": {
					"rotation": ["math.sin(q.anim_time*90*2-90)*3", "math.sin(q.anim_time*90*1)*-3", 0],
					"position": [0, "math.sin(q.anim_time*90*2-30)*0.05", 0]
				},
				"twig": {
					"rotation": [0, 0, "math.cos(q.anim_time*90*1-50)*5 "]
				},
				"leaf_left": {
					"rotation": [0, "math.cos(q.anim_time*90*2)*2", "math.cos(q.anim_time*90*1-80)*5 "]
				},
				"leaf_right": {
					"rotation": [0, "math.cos(q.anim_time*90*2)*2", "math.cos(q.anim_time*90*1-80)*5 "]
				},
				"jaw": {
					"rotation": [0, 0, 0]
				}
			}
		},
		"animation.turtwig.ground_walk": {
			"loop": true,
			"bones": {
				"torso": {
					"rotation": ["0-math.cos(q.anim_time*90*6)*1", "0-math.sin(q.anim_time*90*6)*2", "0+math.sin(q.anim_time*90*6)*2"],
					"position": [0, "0+math.sin(q.anim_time*90*6*2)*0.3", 0]
				},
				"leg_front_right": {
					"rotation": ["0-math.sin(q.anim_time*90*6)*9", 0, 0],
					"position": [0, "0+math.clamp(math.cos(q.anim_time*90*6+50)*0.7,0,1)", "0.75-math.sin(q.anim_time*90*6+50)*0.5"]
				},
				"leg_front_left": {
					"rotation": ["0-math.sin(q.anim_time*90*6+230)*9", 0, 0],
					"position": [0, "0+math.clamp(math.cos(q.anim_time*90*6+230)*0.7,0,1)", "0.75-math.sin(q.anim_time*90*6+230)*0.5"]
				},
				"leg_back_right": {
					"rotation": ["0-math.sin(q.anim_time*90*6+180)*9", 0, 0],
					"position": [0, "0+math.clamp(math.cos(q.anim_time*90*6+180)*0.6,0,1)", "0-math.sin(q.anim_time*90*6+180)*0.5"]
				},
				"leg_back_left": {
					"rotation": ["0-math.sin(q.anim_time*90*6+50)*9", 0, 0],
					"position": [0, "0+math.clamp(math.cos(q.anim_time*90*6)*0.6,0,1)", "0-math.sin(q.anim_time*90*6)*0.5"]
				},
				"head": {
					"rotation": ["-math.cos(q.anim_time*90*6*2-30)*2", 0, 0]
				},
				"tail": {
					"rotation": [0, "0-math.cos(q.anim_time*90*6*2-30)*20", 0]
				},
				"twig": {
					"rotation": ["-math.cos(q.anim_time*90*6*2-60)*2-3", 0, 0]
				},
				"leaf_left": {
					"rotation": [0, "math.cos(q.anim_time*90*6-90)*-3+math.cos(q.anim_time*90*6*2-90)*-2", "math.cos(q.anim_time*90*6-80)*5"]
				},
				"leaf_right": {
					"rotation": [0, "math.cos(q.anim_time*90*6-80)*3+math.cos(q.anim_time*90*6*2-80)*2", "math.cos(q.anim_time*90*6-80)*5 "]
				}
			}
		},
		"animation.turtwig.ground_run": {
			"loop": true,
			"bones": {
				"bulb": {
					"rotation": ["4*(math.sin(q.anim_time*90*4*2+150)*1+1)", 0, 0]
				},
				"body": {
					"rotation": ["math.sin(q.anim_time*90*4*2-90)*6+5 ", 0, 0],
					"position": [
						0,
						"math.clamp(math.sin(q.anim_time*90*8+30)*2,0,5)+math.clamp(math.sin(q.anim_time*90*8+30)*0.2,-1,0)",
						"-math.sin(q.anim_time*90*8+math.sin(q.anim_time*90*8+60)*-40)"
					]
				},
				"tail": {
					"rotation": [0, "math.sin(q.anim_time*90*4*3-190)*15", 0]
				},
				"head": {
					"rotation": ["math.sin(q.anim_time*90*4*2-60)*-10", 0, 0]
				},
				"twig": {
					"rotation": ["math.sin(q.anim_time*90*4*2-160)*10-10", 0, 0]
				},
				"leaf_left": {
					"rotation": [0, "math.sin(q.anim_time*90*4*2-190)*-15-10+math.sin(q.anim_time*90*8*2)*2-10", "math.cos(q.anim_time*90*4*2)*-5+10"]
				},
				"leaf_right": {
					"rotation": [0, "math.sin(q.anim_time*90*4*2-190)*15+10+math.sin(q.anim_time*90*8*2)*2+10", "math.cos(q.anim_time*90*4*2)*5-10"]
				},
				"leg_front_right": {
					"rotation": ["math.clamp(math.sin(-q.anim_time*90*8+10)*40,-50,5)-math.clamp(math.sin(q.anim_time*90*8+10)*20,-50,5)", 0, 0],
					"position": [
						0,
						"math.clamp(math.sin(q.anim_time*90*4*2+50-180)*0.5,0,1)+math.clamp(math.sin(q.anim_time*90*4*2+50)*0.8,0,1)",
						"-math.sin(math.sin(q.anim_time*90*8)*5)"
					]
				},
				"leg_front_left": {
					"rotation": ["math.clamp(math.sin(-q.anim_time*90*8)*40,-50,5)-math.clamp(math.sin(q.anim_time*90*8)*20,-50,5)", 0, 0],
					"position": [
						0,
						"math.clamp(math.sin(q.anim_time*90*4*2+50-180)*0.5,0,1)+math.clamp(math.sin(q.anim_time*90*4*2+50)*0.8,0,1)",
						"-math.sin(math.sin(q.anim_time*90*8)*5)"
					]
				},
				"leg_back_right": {
					"rotation": ["math.clamp(math.sin(-q.anim_time*90*8+120)*30,-50,5)-math.clamp(math.sin(q.anim_time*90*8-120)*40,-50,5)", 0, 0],
					"position": [
						0,
						"math.clamp(math.sin(q.anim_time*90*4*2+50-180)*-0.2,-1,0)+math.clamp(math.sin(q.anim_time*90*4*2+50)*-0.3,-1,0)",
						"math.sin(math.sin(q.anim_time*90*8)*20)+0.3"
					]
				},
				"leg_back_left": {
					"rotation": ["math.clamp(math.sin(-q.anim_time*90*8+120)*30,-50,5)-math.clamp(math.sin(q.anim_time*90*8-120)*40,-50,5)", 0, 0],
					"position": [
						0,
						"math.clamp(math.sin(q.anim_time*90*4*2+50-180)*-0.2,-1,0)+math.clamp(math.sin(q.anim_time*90*4*2+50)*-0.3,-1,0)",
						"math.sin(math.sin(q.anim_time*90*8)*20)+0.3"
					]
				}
			}
		},
		"animation.turtwig.sleep": {
			"loop": true,
			"bones": {
				"body": {
					"position": [0, -1.5, 0]
				},
				"head": {
					"rotation": ["22.5+math.cos(q.anim_time*90*1-60)*2", 0, 0]
				},
				"twig": {
					"rotation": ["20+math.cos(q.anim_time*90*1-90)*5", 0, 0]
				},
				"leaf_left": {
					"rotation": [0, "22.5+math.cos(q.anim_time*90*1-120)*5", 0]
				},
				"leaf_right": {
					"rotation": [0, "-22.5-math.cos(q.anim_time*90*1-120)*5", 0]
				},
				"eyelid_left": {
					"position": [0.1, 0, 0]
				},
				"eyelid_right": {
					"position": [-0.1, 0, 0]
				},
				"leg_front_right": {
					"rotation": [-90, "22+math.sin(q.anim_time*90*1-90)*2", 0]
				},
				"leg_front_left": {
					"rotation": [-90, "-22-math.sin(q.anim_time*90*1-90)*2", 0]
				},
				"leg_back_right": {
					"rotation": [90, "-22.5-math.sin(q.anim_time*90*1-90)*2", 0]
				},
				"leg_back_left": {
					"rotation": [90, "22.5+math.sin(q.anim_time*90*1-90)*2", 0]
				},
				"torso": {
					"rotation": ["0+math.cos(q.anim_time*90*1-90)*1", 0, "0+math.sin(q.anim_time*90*1-90)*1"]
				},
				"tail": {
					"rotation": [0, "0+math.cos(q.anim_time*90*1-90)*10", 0]
				}
			}
		},
		"animation.turtwig.faint": {
			"loop": true,
			"animation_length": 3.08333,
			"bones": {
				"torso": {
					"rotation": {
						"0.0": [0, 0, 0],
						"0.125": [7.44, 0, 0],
						"0.2917": [5.44, 0, 0],
						"0.5833": [-5.91, 0, 0],
						"1.4167": ["0.5-math.sin((q.anim_time - 0) * 90 / 1.75) * 5", 0, 0],
						"1.4583": [-6.74625, 0, 0],
						"1.5417": ["-2.8125-math.sin((q.anim_time - 0) * 90 / 1.75) * 5", 0, 0],
						"1.6667": [-7.05, 0, 0],
						"1.7083": ["-1.1563-math.sin((q.anim_time - 0) * 90 / 1.75) * 5", 0, 0],
						"1.75": ["0.2188-math.sin((q.anim_time - 0) * 90 / 1.75) * 5", 0, 0],
						"1.7917": [-1.32625, 0, 0],
						"1.8333": [-0.27125, 0, 0],
						"1.875": [-0.075, 0, 0],
						"2.0": [0, 0, 0]
					},
					"position": {
						"0.0": [0, 0, 0],
						"0.125": [0, -0.3, 0.3],
						"0.4167": [0, -0.3, -0.3],
						"0.625": [0, 0.3498, -0.5716],
						"1.4167": [0, 0.4435, -1.575],
						"1.5": [0, 0.36, -1.84],
						"1.6667": [0, 0.59375, -2.27875],
						"1.7917": [0, 0.685, -2.02375],
						"1.8333": [0, 0.2875, -2.16],
						"1.9167": [0, -2, -3.02875],
						"2.0": [0, -2, -3.0275],
						"2.125": [0, -1.88875, -3.05875],
						"2.25": [0, -1.8125, -3.18375],
						"2.3333": [0, -1.88875, -3.24625],
						"2.4167": [0, -2, -3.2775]
					}
				},
				"head": {
					"rotation": {
						"0.0": [0, 0, 0],
						"0.125": [10, 0, 0],
						"0.2917": [7, 0, 0],
						"0.4583": [6.61, 0, 0],
						"0.7083": [-9.92375, 0, 0],
						"1.4583": [-13.92375, 0, 0],
						"1.5833": [-14.92375, 0, 0],
						"1.75": [-5.00375, 0, 0],
						"1.875": [-4.71875, 0, 0],
						"1.9167": [-0.57, 0, 0],
						"1.9583": [1.0925, 0, 0],
						"2.0417": [1.9725, 0, 0],
						"2.125": [1.96875, 0, 0],
						"2.2083": [0.20375, 0, 0],
						"2.25": [-0.7575, 0, 0],
						"2.3333": [-1.175, 0, 0],
						"2.4583": [-1.25, 0, 0],
						"2.5417": [-0.8925, 0, 0],
						"2.625": [-0.0625, 0, 0]
					},
					"position": {
						"1.625": [0, 0, 0],
						"1.75": [0, -0.535, -0.3],
						"1.875": [0, -1.4675, -0.3],
						"1.9167": [0, -2.71625, -0.3],
						"2.625": [0, -2.71625, -0.3]
					}
				},
				"tail": {
					"rotation": {
						"0.0": [0, 0, 0],
						"0.375": [-5.84875, 0, 0],
						"0.6667": [-9.11625, 0, 0],
						"1.0833": [-10.43125, 0, 0],
						"1.4583": [-10.125, 0, 0],
						"1.6667": [-7.7475, 0, 0],
						"1.75": [-2.3125, 0, 0],
						"1.7917": [1.71875, 0, 0],
						"1.8333": [5.06125, 0, 0],
						"1.9167": [4.9975, 0, 0],
						"2.0417": [-2.4675, 0, 0],
						"2.125": [-5.08125, 0, 0],
						"2.25": [-4.295, 0, 0],
						"2.2917": [-6.205, 0, 0],
						"2.4167": [-7.70625, 0, 0],
						"2.5833": [-8.76, 0, 0],
						"2.9167": [-9.62125, 0, 0]
					}
				},
				"twig": {
					"rotation": {
						"0.0": [0, 0, 0],
						"0.4167": [-1.14, 0, 0],
						"0.875": [-1.875, 0, 0],
						"1.2917": [-2.32625, 0, 0],
						"1.75": [-2.5, 0, 0],
						"1.8333": [-2.15875, 0, 0],
						"1.9167": [0.625, 0, 0],
						"1.9583": [5.5625, 0, 0],
						"2.0417": [8.3875, 0, 0],
						"2.1667": [9.315, 0, 0],
						"2.25": [9.0575, 0, 0],
						"2.3333": [7.845, 0, 0],
						"2.4167": [7.5725, 0, 0],
						"2.5": [7.78125, 0, 0],
						"2.5417": [8.42, 0, 0],
						"2.625": [10.71625, 0, 0],
						"2.75": [13.6125, 0, 0],
						"2.875": [15.33, 0, 0],
						"2.9583": [15.96875, 0, 0]
					},
					"position": [0, 0, 0]
				},
				"leaf_left": {
					"rotation": {
						"0.0": [0, 0, 0],
						"0.2917": [-1.55875, -4.325, 3.46625],
						"0.75": [-2.6775, -8.17125, 6.59875],
						"1.2083": [-3.165, -10.955, 7.6625],
						"1.625": [-3.48303, -12.83414, 8.26511],
						"1.8333": [-3.48, -13.7075, 8.73875],
						"1.875": [-3.295, -13.3525, 8.99],
						"1.9167": [-2.28875, -8.05625, 9.81125],
						"2.0": [3.89375, 3.37875, 11.22875],
						"2.0417": [13.0225, 11.3425, 11.9425],
						"2.0833": [13.8, 13.44, 12.09],
						"2.125": [13.5767, 14.21631, 12.24069],
						"2.1667": [11.8525, 13.13875, 11.9],
						"2.2083": [8.25, 9.205, 11.56],
						"2.25": [2.68875, 6.3675, 11.22],
						"2.2917": [-0.3802, 5.15214, 11.44664],
						"2.3333": [-1.02625, 5.06375, 11.93625],
						"2.375": [-0.67, 5.42375, 12.295],
						"2.4167": [0.28, 6.3375, 12.9975],
						"2.4583": [3.855, 7.44875, 13.79375],
						"2.5833": [5.16125, 10.86875, 15.2925],
						"2.6667": [5.03058, 14.5099, 17.51958],
						"2.75": [5.03, 16.98, 20.06],
						"2.7917": [5.03, 17.855, 23.70375],
						"2.8333": [5.03, 19.4175, 26.05125]
					}
				},
				"leaf_right": {
					"rotation": {
						"0.0417": [0, 0, 0],
						"0.375": [-1.55875, 4.325, -3.46625],
						"0.8333": [-2.6775, 8.17125, -6.59875],
						"1.2917": [-3.165, 10.955, -7.6625],
						"1.7083": [-3.48303, 12.83414, -8.26511],
						"1.9167": [-3.48, 13.7075, -8.73875],
						"1.9583": [-3.295, 13.3525, -8.99],
						"2.0": [-2.28875, 8.05625, -9.81125],
						"2.0833": [3.89375, -3.37875, -11.22875],
						"2.1667": [13.0225, -11.3425, -11.9425],
						"2.2083": [13.8, -13.44, -12.09],
						"2.25": [13.5767, -14.21631, -12.24069],
						"2.2917": [11.8525, -13.13875, -11.9],
						"2.3333": [8.25, -9.205, -11.56],
						"2.375": [2.68875, -6.3675, -11.22],
						"2.4167": [-0.3802, -5.15214, -11.44664],
						"2.4583": [-2.77625, -5.06375, -11.93625],
						"2.5": [-2.9825, -5.42375, -12.295],
						"2.5417": [-2.2825, -6.3375, -12.9975],
						"2.5833": [0.57375, -7.44875, -13.79375],
						"2.625": [3.23, -9.16, -14.54],
						"2.6667": [4.16125, -10.86875, -15.2925],
						"2.75": [5.03058, -14.5099, -17.51958],
						"2.8333": [5.03, -16.98, -20.06],
						"2.9167": [5.03, -17.855, -23.70375],
						"2.9583": [5.03, -19.4175, -26.05125]
					}
				},
				"eyelid_left": {
					"position": {
						"0.0417": [0, 0, 0],
						"0.0833": [0.1, 0, 0],
						"0.4167": [0.1, 0, 0],
						"0.4583": [0, 0, 0],
						"1.125": [0, 0, 0],
						"1.1667": [0.1, 0, 0],
						"1.5": [0.1, 0, 0],
						"1.5417": [0, 0, 0],
						"1.875": [0, 0, 0],
						"1.9167": [0.1, 0, 0]
					}
				},
				"eyelid_right": {
					"position": {
						"0.0417": [0, 0, 0],
						"0.0833": [-0.1, 0, 0],
						"0.4167": [-0.1, 0, 0],
						"0.4583": [0, 0, 0],
						"1.125": [0, 0, 0],
						"1.1667": [-0.1, 0, 0],
						"1.5": [-0.1, 0, 0],
						"1.5417": [0, 0, 0],
						"1.875": [0, 0, 0],
						"1.9167": [-0.1, 0, 0]
					}
				},
				"leg_front_right": {
					"rotation": {
						"0.0": [0, 0, 0],
						"0.1667": [-10, 0, 0],
						"0.5417": [11.69625, 0, 0],
						"1.4167": [25.69625, 0, 0],
						"1.5": [42.72, 0, 0],
						"1.625": [54.75, 0, 0],
						"1.7917": [-30.80221, 18.65355, 3.69849],
						"1.875": [-56.82475, 29.52902, 4.7369],
						"1.9167": [-99.52888, 31.64069, -1.10054],
						"1.9583": [-90, 26.75, 0],
						"2.0417": [-85.87875, 27.6875, 0],
						"2.1667": [-87.3175, 29, 0],
						"2.2917": [-94.66, 29.75, 0],
						"2.4167": [-92.68875, 30.5, 0],
						"2.5": [-90, 30.5, 0]
					},
					"position": {
						"0.0": [0, 0, 0],
						"0.1667": [0, -0.18, 0.48],
						"0.5417": [0, 0.11, -0.15],
						"1.4167": [0, 0.21, -1.15],
						"1.5": [0, 0.44, -1.23],
						"1.625": [0, 0.78125, -1.59375],
						"1.75": [-0.125, 0.6275, -2.3],
						"1.7917": [-0.625, 0.0275, -2.2],
						"1.875": [-1.375, -0.755, -2.7925],
						"1.9167": [-1.49375, -1.59625, -3.175],
						"2.0417": [-1.59375, -1.59625, -3.575],
						"2.0833": [-1.69375, -1.59625, -3.675],
						"2.25": [-1.69375, -1.49625, -3.875],
						"2.3333": [-1.69375, -1.59625, -3.975],
						"2.4583": [-1.69375, -1.59625, -4.075],
						"2.5": [-1.69375, -1.59625, -4.075]
					}
				},
				"leg_front_left": {
					"rotation": {
						"0.0": [0, 0, 0],
						"0.1667": [1.8775, -2.31, 0],
						"0.2917": [6.39125, -2.78, 0],
						"0.375": [8.335, -3.24, 0],
						"0.5": [9.53875, -11.36, 0],
						"0.5833": [5.66625, -14.79, 0],
						"0.6667": [-2.93, -18.06375, 0],
						"0.75": [-19.62875, -20.40625, 0],
						"0.9167": [-49.1625, -22.59625, 0],
						"1.0417": [-64.69, -23.84375, 0],
						"1.25": [-84.25, -24.965, 0],
						"1.4167": [-88.5875, -25.4375, 0],
						"1.7083": [-93.8125, -26, 0],
						"1.7917": [-99.85875, -26.22875, 0],
						"1.9167": [-90, -26.3125, 0],
						"1.9583": [-90, -26.25, 0]
					},
					"position": {
						"0.0": [0, 0, 0],
						"0.1667": [0, 0.02875, -0.15],
						"0.2917": [0, 0.0975, -0.29125],
						"0.375": [0.07, 0.41, -0.41],
						"0.5": [0.28, 0.58375, -0.78],
						"0.75": [0.6875, 0.635, -1.52125],
						"1.2083": [1, 1.095, -1.84],
						"1.5417": [1.1875, 1.75375, -2.18],
						"1.625": [1.21875, 1.875, -2.25],
						"1.75": [1.28125, 1.68375, -2.86],
						"1.7917": [1.28625, 1.14375, -3.16],
						"1.8333": [1.28875, 0.50375, -3.62],
						"1.9167": [1.3125, -1.49625, -4.53125],
						"2.0417": [1.315, -1.5, -4.53],
						"2.2917": [1.315, -1.375, -4.655],
						"2.4583": [1.315, -1.46375, -4.775]
					}
				},
				"leg_back_right": {
					"rotation": {
						"0.0": [0, 0, 0],
						"0.1667": [-10, 0, 0],
						"0.5417": [11.69625, 0, 0],
						"1.4167": [17.69625, 0, 0],
						"1.5": [37.85, 0, 0],
						"1.7917": [66.82, -3.73, 0],
						"1.9583": [95, -6.71875, 0],
						"2.25": [85, -6.71875, 0],
						"2.5": [90, -6.71875, 0]
					},
					"position": {
						"0.0": [0, 0, 0],
						"0.1667": [0, -0.18, 0.48],
						"0.5417": [0, 0.11, -0.45],
						"1.4167": [0, 0.21, -0.65],
						"1.5": [0, 0.01, -0.92],
						"1.7917": [-0.2, 0.30125, -1.1825],
						"1.9583": [-0.81, -1.56, -2.06625],
						"2.2083": [-0.81, -1.2475, -2.14625],
						"2.4583": [-0.81, -1.56, -2.2225],
						"2.5": [-0.81, -1.4975, -2.22]
					}
				},
				"leg_back_left": {
					"rotation": {
						"0.0": [0, 0, 0],
						"0.1667": [-10, 0, 0],
						"0.5417": [11.69625, 0, 0],
						"1.4167": [17.69625, 0, 0],
						"1.5": [37.85, 0, 0],
						"1.7917": [66.82, 3.73, 0],
						"1.9583": [95, 6.71875, 0],
						"2.25": [85, 6.71875, 0],
						"2.5": [90, 6.71875, 0]
					},
					"position": {
						"0.0": [0, 0, 0],
						"0.1667": [0, -0.18, 0.48],
						"0.5417": [0, 0.11, -0.45],
						"1.4167": [0, 0.21, -0.65],
						"1.5": [0, 0.01, -0.92],
						"1.7917": [0.2, 0.30125, -1.1825],
						"1.9583": [0.81, -1.56, -2.06625],
						"2.2083": [0.81, -1.2475, -2.14625],
						"2.4583": [0.81, -1.56, -2.2225],
						"2.5": [0.81, -1.4975, -2.22]
					}
				},
				"jaw": {
					"rotation": {
						"0.0": [0, 0, 0],
						"0.3333": [2.5, 0, 0],
						"0.5": [32.5, 0, 0],
						"1.4167": [37.5, 0, 0],
						"1.5833": [52.5, 0, 0],
						"1.875": [0, 0, 0],
						"2.0417": [-3, 0, 0],
						"2.25": [0, 0, 0]
					}
				}
			}
		},
		"animation.turtwig.blink": {
			"animation_length": 0.1667,
			"bones": {
				"eyelid_left": {
					"position": {
						"0.0": [0.1, 0, 0],
						"0.125": [0.1, 0, 0],
						"0.1667": [0, 0, 0]
					}
				},
				"eyelid_right": {
					"position": {
						"0.0": [-0.1, 0, 0],
						"0.125": [-0.1, 0, 0],
						"0.1667": [0, 0, 0]
					}
				}
			}
		},
		"animation.turtwig.shoulder_left": {
			"loop": true,
			"bones": {
				"player": {
					"position": [-7, -21, 0]
				},
				"body": {
					"rotation": [-27.42287, 1.91134, 4.62111],
					"position": [0, -3, 0]
				},
				"torso": {
					"rotation": ["0+math.sin(q.anim_time*90*2)*0.5", 0, 0]
				},
				"tail": {
					"rotation": [10, "math.sin(q.anim_time*90*4-120)*10", 0]
				},
				"head": {
					"rotation": ["33.5+math.sin(q.anim_time*90*2-90)*1", "-4+math.sin(q.anim_time*90*1)*1", -4],
					"position": [0, "math.sin(q.anim_time*90*2-30)*0.05", 0]
				},
				"twig": {
					"rotation": ["-5+math.cos(q.anim_time*90*2-50)*-5", 0, "math.cos(q.anim_time*90*1-20)*2"]
				},
				"leaf_left": {
					"rotation": [0, "math.cos(q.anim_time*90*2-80)*-10", 0]
				},
				"leaf_right": {
					"rotation": [0, "math.cos(q.anim_time*90*2-80)*10", 0]
				},
				"leg_front_right": {
					"rotation": [-15, 8, -24.5]
				},
				"leg_front_left": {
					"rotation": [-19, -18, 16],
					"position": [0, 0.2, -0.2]
				},
				"leg_back_right": {
					"rotation": ["17+math.sin(q.anim_time*90*2-30)*-3", 2, -7],
					"position": [0, -0.75, 0.85]
				},
				"leg_back_left": {
					"rotation": ["20+math.sin(q.anim_time*90*2-120)*-3", -2.5, 7],
					"position": [0, -0.7, 0.9]
				}
			}
		},
		"animation.turtwig.shoulder_right": {
			"loop": true,
			"bones": {
				"player": {
					"position": [-7, -21, 0]
				},
				"body": {
					"rotation": [-27.42287, -1.91134, -4.62111],
					"position": [0, -3, 0]
				},
				"torso": {
					"rotation": ["0+math.sin(q.anim_time*90*2)*0.5", 0, 0]
				},
				"tail": {
					"rotation": [10, "-(math.sin(q.anim_time*90*4-120)*10)", 0]
				},
				"head": {
					"rotation": ["33.5+math.sin(q.anim_time*90*2-90)*1", "4+math.sin(q.anim_time*90*1)*1", 4],
					"position": [0, "math.sin(q.anim_time*90*2-30)*0.05", 0]
				},
				"twig": {
					"rotation": ["-5+math.cos(q.anim_time*90*2-50)*-5", 0, "-(math.cos(q.anim_time*90*1-20)*2)"]
				},
				"leaf_left": {
					"rotation": [0, "-(math.cos(q.anim_time*90*2-80)*10)", 0]
				},
				"leaf_right": {
					"rotation": [0, "-(math.cos(q.anim_time*90*2-80)*-10)", 0]
				},
				"leg_front_right": {
					"rotation": [-19, 18, -16],
					"position": [0, 0.2, -0.2]
				},
				"leg_front_left": {
					"rotation": [-15, -8, 24.5],
					"position": [0, 0.2, -0.2]
				},
				"leg_back_right": {
					"rotation": ["20+math.sin(q.anim_time*90*2-120)*-3", 2.5, -7],
					"position": [0, -0.7, 0.9]
				},
				"leg_back_left": {
					"rotation": ["17+math.sin(q.anim_time*90*2-30)*-3", -2, 7],
					"position": [0, -0.75, 0.85]
				}
			}
		},
		"animation.turtwig.cry": {
			"animation_length": 1.16667,
			"bones": {
				"head": {
					"rotation": {
						"0.0": [0, 0, 0],
						"0.1667": {
							"pre": [-2.5, 0, 0],
							"post": [-2.5, 0, 0],
							"lerp_mode": "catmullrom"
						},
						"0.2917": {
							"post": [0.49931, -0.02617, 2.99989],
							"lerp_mode": "catmullrom"
						},
						"0.5417": {
							"post": [1.76239, 0.13588, -2.90971],
							"lerp_mode": "catmullrom"
						},
						"0.7083": {
							"post": [-12.50069, -0.02617, 2.99989],
							"lerp_mode": "catmullrom"
						},
						"0.9583": {
							"post": [-6, 0, 0],
							"lerp_mode": "catmullrom"
						},
						"1.0833": [0, 0, 0]
					}
				},
				"jaw": {
					"rotation": {
						"0.0": [0, 0, 0],
						"0.1667": [0, 0, 0],
						"0.25": {
							"pre": [16.5, 0, 0],
							"post": [16.5, 0, 0],
							"lerp_mode": "catmullrom"
						},
						"0.3333": {
							"post": [21.5, 0, 0],
							"lerp_mode": "catmullrom"
						},
						"0.375": {
							"post": [16.5, 0, 0],
							"lerp_mode": "catmullrom"
						},
						"0.4583": {
							"post": [21.5, 0, 0],
							"lerp_mode": "catmullrom"
						},
						"0.5833": {
							"post": [16.5, 0, 0],
							"lerp_mode": "catmullrom"
						},
						"0.625": {
							"post": [21.5, 0, 0],
							"lerp_mode": "catmullrom"
						},
						"0.7917": {
							"post": [41.38, 0, 0],
							"lerp_mode": "catmullrom"
						},
						"0.9583": {
							"post": [0.39, 0, 0],
							"lerp_mode": "catmullrom"
						},
						"1.0833": [0, 0, 0]
					}
				},
				"twig": {
					"rotation": {
						"0.0417": [0, 0, 0],
						"0.125": {
							"pre": [3, 0, 0],
							"post": [3, 0, 0],
							"lerp_mode": "catmullrom"
						},
						"0.3333": {
							"post": [-13.10169, -1.13614, -4.86953],
							"lerp_mode": "catmullrom"
						},
						"0.5": {
							"post": [4.34588, -0.18956, 2.49281],
							"lerp_mode": "catmullrom"
						},
						"0.6667": {
							"post": [9.34126, 0.40604, -2.46683],
							"lerp_mode": "catmullrom"
						},
						"0.875": {
							"post": [-10.65, 0, 0],
							"lerp_mode": "catmullrom"
						},
						"1.125": [0, 0, 0]
					}
				},
				"leaf_left": {
					"rotation": {
						"0.0833": [0, 0, 0],
						"0.2917": {
							"pre": [0, 0, 0],
							"post": [0, 0, 0],
							"lerp_mode": "catmullrom"
						},
						"0.5": {
							"post": [0, 0, -7.5],
							"lerp_mode": "catmullrom"
						},
						"0.7083": {
							"post": [0, 0, 6.09],
							"lerp_mode": "catmullrom"
						},
						"0.9583": {
							"post": [0, 0, -7.5],
							"lerp_mode": "catmullrom"
						},
						"1.1667": [0, 0, 0]
					}
				},
				"leaf_right": {
					"rotation": {
						"0.0833": [0, 0, 0],
						"0.2917": {
							"pre": [0, 0, 0],
							"post": [0, 0, 0],
							"lerp_mode": "catmullrom"
						},
						"0.5": {
							"post": [0, 0, -7.5],
							"lerp_mode": "catmullrom"
						},
						"0.7083": {
							"post": [0, 0, 6.09],
							"lerp_mode": "catmullrom"
						},
						"0.9583": {
							"post": [0, 0, -7.5],
							"lerp_mode": "catmullrom"
						},
						"1.1667": [0, 0, 0]
					}
				}
			},
			"sound_effects": {
				"0.2083": {
					"effect": "pokemon.turtwig.cry"
				}
			}
		}
	},
	"geckolib_format_version": 2
}