{
	"format_version": "1.8.0",
	"animations": {
		"animation.raichu.ground_idle": {
			"loop": true,
			"bones": {
				"torso": {
					"rotation": [10, "math.sin(q.anim_time*90)*2", 0],
					"position": [0, "0.1*(math.sin(q.anim_time*90*3-30)*1+1)", 0]
				},
				"tail": {
					"rotation": ["18+math.sin(query.anim_time*90)*6", "math.sin(query.anim_time*90)*4", 0]
				},
				"tail_2": {
					"rotation": ["20+math.sin(query.anim_time*90)*6", "6*(math.sin(q.anim_time*48*3-48)*1)+7*(math.sin(q.anim_time*48*4/2-48)*1)", 0]
				},
				"tail_3": {
					"rotation": ["25+math.sin(query.anim_time*90)*6", "0+6*(math.sin(q.anim_time*48*3-48)*1)+7*(math.sin(q.anim_time*48*4/2-48)*1)", 0]
				},
				"tail_4": {
					"rotation": [15, 0, 0]
				},
				"head": {
					"rotation": ["-10+math.sin(query.anim_time*90*2)*2", "math.sin(query.anim_time*90)*4", 0]
				},
				"ear_right": {
					"rotation": [0, 0, "math.sin(q.anim_time*90*2+90)*2"]
				},
				"ear_left": {
					"rotation": [0, 0, "-math.sin(q.anim_time*90*2+90)*2"]
				},
				"arm_right": {
					"rotation": [62.5, -47.75, -121],
					"position": [-1, 0, 0.5]
				},
				"arm_left": {
					"rotation": [62.5, 47.75, 121],
					"position": [1, 0, 0.5]
				},
				"leg_left": {
					"rotation": [0.43688, -4.98093, -5.019]
				},
				"leg_right": {
					"rotation": [0.43688, 4.98093, 5.019]
				},
				"foot_left": {
					"rotation": [9.56312, -4.98093, 5.019]
				},
				"foot_right": {
					"rotation": [9.56312, 4.98093, -5.019]
				},
				"body": {
					"position": [0, 0.5, 0]
				},
				"toes_right": {
					"rotation": [-10, 0, 0]
				},
				"toes_left": {
					"rotation": [-10, 0, 0]
				}
			}
		},
		"animation.raichu.ground_walk": {
			"loop": true,
			"bones": {
				"body": {
					"rotation": ["89+6*(math.sin(q.anim_time*90*4*2-140))", 0, 0],
					"position": [0, "0.5+math.clamp(1*(math.sin(q.anim_time*90*4*2-60)*1.25),0,2)", "0-math.clamp(math.sin(q.anim_time*90*4*2-110)*1.25,0,2)"]
				},
				"tail": {
					"rotation": ["-110+10*(math.sin(q.anim_time*90*4*2-240)*1+1)", "8*(math.sin(q.anim_time*90*2*2-140))", 0]
				},
				"tail_2": {
					"rotation": ["5+8*(math.sin(q.anim_time*90*4*2-240)*1+1)", "6*(math.sin(q.anim_time*104*3-104)*1)+2*(math.sin(q.anim_time*104*2/2-104)*1)", 0]
				},
				"tail_3": {
					"rotation": ["2.5+8*(math.sin(q.anim_time*90*4*2-240)*1+1)", "0+6*(math.sin(q.anim_time*104*3-104)*1)+2*(math.sin(q.anim_time*104*2/2-104)*1)", 0]
				},
				"tail_4": {
					"rotation": ["-2.5+8*(math.sin(q.anim_time*90*4*2-240)*1+1)", "0+6*(math.sin(q.anim_time*104*3-104)*1)+2*(math.sin(q.anim_time*104*2/2-104)*1)", 0]
				},
				"head": {
					"rotation": ["-90+3*(math.sin(q.anim_time*90*4*2-200)*1+1)", 0, 0],
					"position": [0, 2.5, -1]
				},
				"ear_left": {
					"rotation": ["-5+8*(math.sin(q.anim_time*90*4*2-240))", 0, "-8*(math.sin(q.anim_time*90*4*2-200))"]
				},
				"ear_right": {
					"rotation": ["-5+8*(math.sin(q.anim_time*90*4*2-240))", 0, "8*(math.sin(q.anim_time*90*4*2-200))"]
				},
				"arm_right": {
					"rotation": [
						-358.7,
						"-76.5+1.8*(math.clamp(math.sin(-q.anim_time*90*4)*40,-50,5)+math.clamp(math.sin(q.anim_time*90*4)*40,-50,5)+math.clamp(math.sin(-q.anim_time*90*8)*25,-15,50))",
						"266.25+5*(-math.sin(q.anim_time*90*4))"
					],
					"position": [0.5, "1-math.clamp(0.5*(math.sin(q.anim_time*90*4*2-30)*1),-1,0)", 0.015]
				},
				"arm_left": {
					"rotation": [
						-1.3,
						"76.5-1.8*(math.clamp(math.sin(-q.anim_time*90*4)*40,-50,5)+math.clamp(math.sin(q.anim_time*90*4)*40,-50,5)+math.clamp(math.sin(-q.anim_time*90*8)*25,-15,50))",
						"93.75-5*(-math.sin(q.anim_time*90*4))"
					],
					"position": [-0.5, "1-math.clamp(0.5*(math.sin(q.anim_time*90*4*2-30)*1),-1,0)", 0.015]
				},
				"leg_right": {
					"rotation": ["-70+math.clamp(math.sin(q.anim_time*90*8-80)*40,-17.5,50)-math.clamp(math.sin(-q.anim_time*90*8)*3,0,8)", 0, 0],
					"position": [
						0,
						"0.0847-math.clamp(math.sin(q.anim_time*90*4*2-80)*1,0,2)-math.clamp(math.sin(-q.anim_time*90*4*2)*0.5,0,2)",
						"-0.0036+math.clamp(math.sin(q.anim_time*90*4*2-110)*1,0,2)"
					]
				},
				"foot_right": {
					"rotation": ["35+math.clamp(math.sin(q.anim_time*90*8-80)*20,-17.5,50)-math.clamp(math.sin(-q.anim_time*90*8)*3,0,8)", 0, 0],
					"position": [0, -0.175, 0.45]
				},
				"toes_right": {
					"rotation": ["math.clamp(math.sin(q.anim_time*90*8-20)*-40,-50,0)", 0, 0]
				},
				"leg_left": {
					"rotation": ["-70+math.clamp(math.sin(q.anim_time*90*8-80)*40,-17.5,50)-math.clamp(math.sin(-q.anim_time*90*8)*3,0,8)", 0, 0],
					"position": [
						0,
						"0.0847-math.clamp(math.sin(q.anim_time*90*4*2-80)*1,0,2)-math.clamp(math.sin(-q.anim_time*90*4*2)*0.5,0,2)",
						"-0.0036+math.clamp(math.sin(q.anim_time*90*4*2-110)*1,0,2)"
					]
				},
				"foot_left": {
					"rotation": ["35+math.clamp(math.sin(q.anim_time*90*8-80)*20,-17.5,50)-math.clamp(math.sin(-q.anim_time*90*8)*3,0,8)", 0, 0],
					"position": [0, -0.175, 0.45]
				},
				"toes_left": {
					"rotation": ["math.clamp(math.sin(q.anim_time*90*8-20)*-40,-50,0)", 0, 0]
				}
			}
		},
		"animation.raichu.ground_sleep": {
			"loop": true,
			"bones": {
				"body": {
					"rotation": [90, 12.5, 0],
					"position": [0, -4, 2]
				},
				"torso": {
					"rotation": ["-5+math.sin(query.anim_time*90*0.5)*1.5", 0, 0]
				},
				"tail": {
					"rotation": ["-80-math.sin(query.anim_time*90+10*0.25)", 105, "math.sin(query.anim_time*90*2)*0.5"],
					"position": [0, 0, -1]
				},
				"tail_2": {
					"rotation": ["50-math.sin(query.anim_time*90+10*0.25)", 0, 0]
				},
				"tail_3": {
					"rotation": ["60-math.sin(query.anim_time*90+10*0.25)", 0, 0]
				},
				"tail_4": {
					"rotation": ["20-math.sin(query.anim_time*90+10*0.25)", 0, 0]
				},
				"head": {
					"rotation": ["-78.75+math.sin(query.anim_time*90)*1.5", -3.5, 9.5],
					"position": [1, 2.25, -1.5]
				},
				"eyelid_right": {
					"position": [0, 0, -0.1]
				},
				"eyelid_left": {
					"position": [0, 0, -0.1]
				},
				"ear_right": {
					"rotation": [-30, 0, "math.sin(q.anim_time*90*2+90)*2"],
					"position": [0, 0, 0]
				},
				"ear_left": {
					"rotation": [-30, 0, "-math.sin(q.anim_time*90*2+90)*2"],
					"position": [0, 0, 0]
				},
				"arm_right": {
					"rotation": [-90.5, "-5+math.sin(query.anim_time*90*0.5)*3", 125],
					"position": [0, 1, -2]
				},
				"arm_left": {
					"rotation": [-90.75, "5-math.sin(query.anim_time*90*0.5)*3", -110],
					"position": [1, 0, -2]
				},
				"leg_right": {
					"rotation": [-127, 5, -17.25],
					"position": [0, -1, 1.25]
				},
				"foot_right": {
					"rotation": [37.5, 0, 0],
					"position": [-0.25, 0, -0.5]
				},
				"leg_left": {
					"rotation": [-128.5, -6, 24],
					"position": [0.25, -1, 1]
				},
				"foot_left": {
					"rotation": [37.5, 0, 0],
					"position": [0, 0.5, -0.25]
				},
				"eye_right": {
					"rotation": [0, 0, -10]
				},
				"eye_left": {
					"rotation": [0, 0, 10]
				}
			}
		},
		"animation.raichu.battle_idle": {
			"loop": true,
			"bones": {
				"body": {
					"rotation": [89, 0, 0],
					"position": [0, "-0.25+0.1*math.sin(q.anim_time*90*4)", 0]
				},
				"tail": {
					"rotation": ["-80+8*(math.sin(q.anim_time*90*2-180))", "8*(math.sin(q.anim_time*90*2-120))", 0]
				},
				"tail_2": {
					"rotation": ["15+8*(math.sin(q.anim_time*90*2-180))", "5*(math.sin(q.anim_time*90*2-120))", 0]
				},
				"tail_3": {
					"rotation": ["25+8*(math.sin(q.anim_time*90*2-180))", "5*(math.sin(q.anim_time*90*2-120))", 0]
				},
				"tail_4": {
					"rotation": ["10+8*(math.sin(q.anim_time*90*2-180))", "5*(math.sin(q.anim_time*90*2-120))", 0]
				},
				"head": {
					"rotation": ["-95-math.sin(query.anim_time*90*4+45)*2", 0, 0],
					"position": [0, 3.25, -0.75]
				},
				"ear_right": {
					"rotation": [-10, 0, "math.sin(q.anim_time*90*4+90)*4"]
				},
				"ear_left": {
					"rotation": [-10, 0, "-math.sin(q.anim_time*90*4+90)*4"]
				},
				"arm_right": {
					"rotation": [-71.35, "-74.2-0.8*math.sin(q.anim_time*90*4)", 72],
					"position": [0.5, 0, "0.25-0.1*math.sin(q.anim_time*90*4)"]
				},
				"arm_left": {
					"rotation": [-71.35, "74.2+0.8*math.sin(q.anim_time*90*4)", -72],
					"position": [-0.5, 0, "0.25-0.1*math.sin(q.anim_time*90*4)"]
				},
				"leg_right": {
					"rotation": ["-65-2*math.sin(q.anim_time*90*4)", 3.15, -6.8],
					"position": [0, 0, "-0.5-0.1*math.sin(q.anim_time*90*4)"]
				},
				"foot_right": {
					"rotation": ["35+1.5*math.sin(q.anim_time*90*4)", 0, 0],
					"position": [0, -0.175, "0.45+0.1*math.sin(q.anim_time*90*3)"]
				},
				"toes_right": {
					"rotation": ["-55-2*math.sin(q.anim_time*90*4)", 0, 0]
				},
				"leg_left": {
					"rotation": ["-65-2*math.sin(q.anim_time*90*4)", -3.15, 6.8],
					"position": [0, 0, "-0.5-0.1*math.sin(q.anim_time*90*4)"]
				},
				"foot_left": {
					"rotation": ["35+1.5*math.sin(q.anim_time*90*4)", 0, 0],
					"position": [0, -0.175, "0.45+0.1*math.sin(q.anim_time*90*4)"]
				},
				"toes_left": {
					"rotation": ["-55-2*math.sin(q.anim_time*90*4)", 0, 0]
				},
				"torso": {
					"rotation": [5, 0, 0]
				},
				"eye_right": {
					"rotation": [0, 0, 20]
				},
				"eye_left": {
					"rotation": [0, 0, -20]
				}
			}
		},
		"animation.raichu.blink": {
			"animation_length": 0.1667,
			"bones": {
				"eyelid_left": {
					"position": {
						"0.0": [0, 0, -0.1],
						"0.125": [0, 0, -0.1],
						"0.1667": [0, 0, 0]
					}
				},
				"eyelid_right": {
					"position": {
						"0.0": [0, 0, -0.1],
						"0.125": [0, 0, -0.1],
						"0.1667": [0, 0, 0]
					}
				}
			}
		},
		"animation.raichu.cry": {
			"animation_length": 1.15,
			"bones": {
				"head": {
					"rotation": {
						"0.0": {
							"post": [0, 0, 0],
							"lerp_mode": "catmullrom"
						},
						"0.25": {
							"post": [-15, 0, 0],
							"lerp_mode": "catmullrom"
						},
						"0.7": {
							"post": [-15, 0, 0],
							"lerp_mode": "catmullrom"
						},
						"1.15": {
							"post": [0, 0, 0],
							"lerp_mode": "catmullrom"
						}
					}
				},
				"mouth_closed": {
					"position": {
						"0.0": {
							"post": [0, 0, 0],
							"lerp_mode": "catmullrom"
						},
						"0.2": {
							"post": [0, 0, 0],
							"lerp_mode": "catmullrom"
						},
						"0.25": {
							"post": [0, 0, 0.2],
							"lerp_mode": "catmullrom"
						},
						"0.7": {
							"post": [0, 0, 0.2],
							"lerp_mode": "catmullrom"
						},
						"0.75": {
							"post": [0, 0, 0],
							"lerp_mode": "catmullrom"
						},
						"1.15": {
							"post": [0, 0, 0],
							"lerp_mode": "catmullrom"
						}
					}
				},
				"mouth_open": {
					"position": {
						"0.0": {
							"post": [0, 0, 0],
							"lerp_mode": "catmullrom"
						},
						"0.2": {
							"post": [0, 0, -0.2],
							"lerp_mode": "catmullrom"
						},
						"0.75": {
							"post": [0, 0, -0.2],
							"lerp_mode": "catmullrom"
						},
						"1.15": {
							"post": [0, 0, 0],
							"lerp_mode": "catmullrom"
						}
					}
				}
			},
			"sound_effects": {
				"0.15": {
					"effect": "pokemon.raichu.cry"
				}
			}
		},
		"animation.raichu.render": {
			"loop": true,
			"bones": {
				"body": {
					"position": [0, 3, 0]
				},
				"head": {
					"rotation": [-15, 0, 0]
				},
				"arm_right": {
					"rotation": [-15, -10, 5]
				},
				"arm_left": {
					"rotation": [12.5, 0, 10]
				},
				"tail": {
					"rotation": [-25, -10, 50]
				},
				"tail_2": {
					"rotation": [55, 0, -10]
				},
				"tail_3": {
					"rotation": [47.5, -40, 40]
				},
				"tail_4": {
					"rotation": [25, 0, 15]
				},
				"leg_right": {
					"rotation": [40, 7.5, 0]
				},
				"foot_right": {
					"rotation": [20, 5, 0]
				},
				"toes_right": {
					"rotation": [-25, 0, 0]
				},
				"leg_left": {
					"rotation": [-60, -15, -20],
					"position": [0.5, 0, -0.5]
				},
				"foot_left": {
					"rotation": [-2.5, -10, 0]
				}
			}
		}
	}
}