{
	"format_version": "1.8.0",
	"animations": {
		"animation.persian.ground_idle": {
			"loop": true,
			"bones": {
				"tail1": {
					"rotation": [0, 0, 0]
				},
				"tail2": {
					"rotation": [-27.5, 0, 0]
				},
				"tail5": {
					"rotation": [-15, 0, 0]
				},
				"tail6": {
					"rotation": [-20, 0, 0]
				},
				"torso": {
					"rotation": [2.5, 0, 0]
				},
				"neck": {
					"rotation": [0, 0, 0]
				},
				"head": {
					"rotation": [0, 0, 0]
				},
				"toe_front_left": {
					"position": [0, 0, 0.5]
				},
				"toe_front_left2": {
					"position": [0, 0, 0.5]
				},
				"toe_front_left3": {
					"position": [0, 0, 0.5]
				},
				"toe_front_right": {
					"position": [0, 0, 0.5]
				},
				"toe_front_right2": {
					"position": [0, 0, 0.5]
				},
				"toe_front_right3": {
					"position": [0, 0, 0.5]
				},
				"toe_back_left": {
					"position": [0, 0, 0.5]
				},
				"toe_back_left2": {
					"position": [0, 0, 0.5]
				},
				"toe_back_left3": {
					"position": [0, 0, 0.5]
				},
				"toe_back_right": {
					"position": [0, 0, 0.5]
				},
				"toe_back_right2": {
					"position": [0, 0, 0.5]
				},
				"toe_back_right3": {
					"position": [0, 0, 0.5]
				},
				"tail3": {
					"rotation": [-27.5, 0, 0]
				},
				"tail4": {
					"rotation": [-15, 0, 0]
				}
			}
		},
		"animation.persian.blink": {
			"animation_length": 0.1667,
			"bones": {
				"eyelid_right": {
					"position": {
						"0.0": [-0.1, 0, -0.1],
						"0.125": [-0.1, 0, -0.1],
						"0.1667": [0, 0, 0]
					}
				},
				"eyelid_left": {
					"position": {
						"0.0": [0.1, 0, -0.1],
						"0.125": [0.1, 0, -0.1],
						"0.1667": [0, 0, 0]
					}
				}
			}
		},
		"animation.persian.sleep": {
			"loop": true,
			"bones": {
				"body": {
					"rotation": [-4.92442, -0.86717, 7.53729],
					"position": [0, -7.75, 0]
				},
				"head": {
					"rotation": [-16.4443, 0.47793, -18.57546],
					"position": [0, 0, 0]
				},
				"eyelid_right": {
					"position": [-0.1, 0, -0.1]
				},
				"whisker_top_left": {
					"rotation": [0, 22.5, 0]
				},
				"whisker_middle_left": {
					"rotation": [0, 20, 0]
				},
				"whisker_bottom_left": {
					"rotation": [0, 17.5, 0]
				},
				"ear_right": {
					"rotation": [-15, 0, -12.5]
				},
				"leg_back_left1": {
					"rotation": [-76.55512, 1.54698, -43.59816],
					"position": [1, 0, 0]
				},
				"leg_back_left2": {
					"rotation": [165.72271, 24.68892, 2.57247],
					"position": [0, 0.75, -0.75]
				},
				"leg_back_left3": {
					"rotation": [32.5, 0, 0]
				},
				"tail1": {
					"rotation": [-22.5, -37.5, 0]
				},
				"tail2": {
					"rotation": [0, -40, 0]
				},
				"tail5": {
					"rotation": [0, -52.5, 0]
				},
				"tail6": {
					"rotation": [0, -50, 0]
				},
				"neck": {
					"rotation": [41.01706, 19.30992, 2.73234]
				},
				"eyelid_left": {
					"position": [0.1, 0, -0.1]
				},
				"whisker_top_right": {
					"rotation": [0, -35, 0]
				},
				"whisker_middle_right": {
					"rotation": [0, -47.5, 0]
				},
				"whisker_bottom_right": {
					"rotation": [0, -52.5, 0]
				},
				"ear_left": {
					"rotation": [-22.85929, 6.30775, 11.74957]
				},
				"leg_front_left1": {
					"rotation": [-66.31061, 15.09492, 8.95891],
					"position": [0.5, 0, 0]
				},
				"leg_front_left2": {
					"rotation": [-15.62057, -12.47265, 29.66576]
				},
				"leg_front_left3": {
					"rotation": [75, 0, 0]
				},
				"leg_front_right1": {
					"rotation": [-65.52239, -5.24826, 11.36081],
					"position": [-0.5, -0.75, 0]
				},
				"leg_front_right2": {
					"rotation": [-7.5, 0, -12.5]
				},
				"leg_front_right3": {
					"rotation": [18.83844, 8.64738, -15.27269]
				},
				"leg_back_right1": {
					"rotation": [-57.14399, 15.43169, 13.74907],
					"position": [-0.5, 0.5, 0]
				},
				"leg_back_right2": {
					"rotation": [161.59445, -15.1893, -2.9572],
					"position": [0, 1.25, -1]
				},
				"leg_back_right3": {
					"rotation": [20, 0, 0]
				}
			}
		},
		"animation.persian.cry": {
			"animation_length": 1.5,
			"bones": {
				"neck": {
					"rotation": {
						"0.0": [0, 0, 0],
						"0.25": [10, 0, 0],
						"1.25": [10, 0, 0],
						"1.5": [0, 0, 0]
					}
				},
				"head": {
					"rotation": {
						"0.0": [0, 0, 0],
						"0.25": [-15, 0, 0],
						"1.25": [-15, 0, 0],
						"1.5": [0, 0, 0]
					},
					"position": [0, 0, 0]
				},
				"jaw": {
					"rotation": {
						"0.0": [0, 0, 0],
						"0.25": [52.5, 0, 0],
						"1.25": [52.5, 0, 0],
						"1.5": [0, 0, 0]
					}
				}
			}
		}
	}
}