{
	"format_version": "1.8.0",
	"animations": {
		"animation.chansey.ground_idle": {
			"loop": true,
			"bones": {
				"head": {
					"rotation": [-1, 0, 0]
				},
				"left_tendril_front": {
					"rotation": [0, 0, 0]
				},
				"left_arm": {
					"rotation": [45, 5, 50]
				},
				"right_arm": {
					"rotation": [45, -5, -50]
				},
				"torso": {
					"rotation": [1, 0, 0]
				},
				"left_eye": {
					"position": [0, 0, 0]
				},
				"right_eye": {
					"position": [0, 0, 0]
				}
			}
		},
		"animation.chansey.blink": {
			"animation_length": 0.16667,
			"bones": {
				"eyes_closed": {
					"position": {
						"0.0": [0, 0, -0.1],
						"0.125": {"pre": [0, 0, -0.1], "post": [0, 0, -0.1]},
						"0.1667": {"pre": [0, 0, -0.1], "post": [0, 0, 0]}
					}
				}
			}
		},
		"animation.chansey.cry": {
			"animation_length": 1,
			"bones": {
				"torso": {
					"rotation": {
						"0.0": {
							"post": [0, 0, 0],
							"lerp_mode": "catmullrom"
						},
						"0.125": {
							"post": [1.39046, 0.02427, -0.99971],
							"lerp_mode": "catmullrom"
						},
						"0.3333": {
							"post": [2.99954, -0.05233, 0.99863],
							"lerp_mode": "catmullrom"
						},
						"0.5": {
							"post": [0, 0, 0],
							"lerp_mode": "catmullrom"
						},
						"0.6667": {
							"post": [2.5, 0, 0],
							"lerp_mode": "catmullrom"
						},
						"0.8333": {
							"post": [0, 0, 0],
							"lerp_mode": "catmullrom"
						}
					}
				},
				"head": {
					"rotation": {
						"0.0": {
							"post": [0, 0, 0],
							"lerp_mode": "catmullrom"
						},
						"0.1667": {
							"post": [-3.99939, 0, -0.4],
							"lerp_mode": "catmullrom"
						},
						"0.2917": {
							"post": [-2.47776, 0, 0.5],
							"lerp_mode": "catmullrom"
						},
						"0.4583": {
							"post": [0, 0, 0],
							"lerp_mode": "catmullrom"
						},
						"0.6667": {
							"post": [-3, 0, 0],
							"lerp_mode": "catmullrom"
						},
						"0.875": {
							"post": [0, 0, 0],
							"lerp_mode": "catmullrom"
						}
					}
				},
				"mouth": {
					"position": {
						"0.0": [0, 0, 0],
						"0.0417": {"pre": [0, 0, 0], "post": [0, 0, 0.1]},
						"0.5": {"pre": [0, 0, 0.1], "post": [0, 0, 0]},
						"0.5417": {"pre": [0, 0, 0], "post": [0, 0, 0.1]},
						"0.875": {"pre": [0, 0, 0.1], "post": [0, 0, 0]}
					}
				},
				"mouth_open": {
					"position": {
						"0.0": [0, 0, 0],
						"0.0417": {"pre": [0, 0, 0], "post": [0, 0, -0.1]},
						"0.5": {"pre": [0, 0, -0.1], "post": [0, 0, 0]},
						"0.5417": {"pre": [0, 0, 0], "post": [0, 0, -0.1]},
						"0.875": {"pre": [0, 0, -0.1], "post": [0, 0, 0]}
					}
				},
				"tail1": {
					"rotation": {
						"0.0": {
							"post": [0, 0, 0],
							"lerp_mode": "catmullrom"
						},
						"0.3333": {
							"post": [-4.98635, -2.41476, -0.64743],
							"lerp_mode": "catmullrom"
						},
						"0.5": {
							"post": [0, 1.5, 0],
							"lerp_mode": "catmullrom"
						},
						"0.7083": {
							"post": [-2.48435, 1.38422, 0.7522],
							"lerp_mode": "catmullrom"
						},
						"0.875": {
							"post": [0, 0, 0],
							"lerp_mode": "catmullrom"
						}
					}
				},
				"tail2": {
					"rotation": {
						"0.0417": {
							"pre": [0, 0, 0],
							"post": [0, 0, 0],
							"lerp_mode": "catmullrom"
						},
						"0.3333": {
							"post": [-2.93883, -4.781, -1.46526],
							"lerp_mode": "catmullrom"
						},
						"0.5417": {
							"post": [0, 1.5, 0],
							"lerp_mode": "catmullrom"
						},
						"0.7917": {
							"post": [-1.43417, 3.74101, 1.59015],
							"lerp_mode": "catmullrom"
						},
						"1.0": [0, 0, 0]
					}
				},
				"egg_torso": {
					"rotation": {
						"0.0": {
							"post": [0, 0, 0],
							"lerp_mode": "catmullrom"
						},
						"0.125": {
							"post": [1.39046, 0.02427, -0.99971],
							"lerp_mode": "catmullrom"
						},
						"0.3333": {
							"post": [2.99954, -0.05233, 0.99863],
							"lerp_mode": "catmullrom"
						},
						"0.5": {
							"post": [0, 0, 0],
							"lerp_mode": "catmullrom"
						},
						"0.6667": {
							"post": [2.5, 0, 0],
							"lerp_mode": "catmullrom"
						},
						"0.8333": {
							"post": [0, 0, 0],
							"lerp_mode": "catmullrom"
						}
					}
				},
				"left_tendrils": {
					"rotation": {
						"0.0": {
							"post": [0, 0, 0],
							"lerp_mode": "catmullrom"
						},
						"0.1667": {
							"post": [-0.98605, -2.99065, -0.70607],
							"lerp_mode": "catmullrom"
						},
						"0.2917": {
							"post": [-0.47776, -1, 0.5],
							"lerp_mode": "catmullrom"
						},
						"0.4583": {
							"post": [0, 0, 0],
							"lerp_mode": "catmullrom"
						},
						"0.6667": {
							"post": [-0.74573, -2.24229, -0.19627],
							"lerp_mode": "catmullrom"
						},
						"0.875": {
							"post": [0, 0, 0],
							"lerp_mode": "catmullrom"
						}
					}
				},
				"right_tendrils": {
					"rotation": {
						"0.0": {
							"post": [0, 0, 0],
							"lerp_mode": "catmullrom"
						},
						"0.1667": {
							"post": [-0.98605, 2.99065, 0.70607],
							"lerp_mode": "catmullrom"
						},
						"0.2917": {
							"post": [-0.47776, 1, -0.5],
							"lerp_mode": "catmullrom"
						},
						"0.4583": {
							"post": [0, 0, 0],
							"lerp_mode": "catmullrom"
						},
						"0.6667": {
							"post": [-0.74573, 2.24229, 0.19627],
							"lerp_mode": "catmullrom"
						},
						"0.875": {
							"post": [0, 0, 0],
							"lerp_mode": "catmullrom"
						}
					}
				},
				"pouch": {
					"rotation": {
						"0.0833": {
							"pre": [0, 0, 0],
							"post": [0, 0, 0],
							"lerp_mode": "catmullrom"
						},
						"0.2083": {
							"post": [1.5, 0, 0],
							"lerp_mode": "catmullrom"
						},
						"0.4167": {
							"post": [2.5, 0, 0],
							"lerp_mode": "catmullrom"
						},
						"0.5833": {
							"post": [-1, 0, 0],
							"lerp_mode": "catmullrom"
						},
						"0.75": {
							"post": [1.5, 0, 0],
							"lerp_mode": "catmullrom"
						},
						"0.9167": {
							"post": [0, 0, 0],
							"lerp_mode": "catmullrom"
						}
					}
				},
				"egg_pouch": {
					"rotation": {
						"0.0833": {
							"pre": [0, 0, 0],
							"post": [0, 0, 0],
							"lerp_mode": "catmullrom"
						},
						"0.2083": {
							"post": [1.5, 0, 0],
							"lerp_mode": "catmullrom"
						},
						"0.4167": {
							"post": [2.5, 0, 0],
							"lerp_mode": "catmullrom"
						},
						"0.5833": {
							"post": [-1, 0, 0],
							"lerp_mode": "catmullrom"
						},
						"0.75": {
							"post": [1.5, 0, 0],
							"lerp_mode": "catmullrom"
						},
						"0.9167": {
							"post": [0, 0, 0],
							"lerp_mode": "catmullrom"
						}
					}
				}
			},
			"sound_effects": {
				"0.0": {
					"effect": "chansey_ambient"
				}
			}
		}
	}
}