{
	"format_version": "1.8.0",
	"animations": {
		"animation.magmortar.ground_idle": {
			"loop": true,
			"bones": {
				"leftarm": {
					"rotation": [0, 0, 45]
				},
				"lefthand": {
					"rotation": [0, 15, 0]
				},
				"rightarm": {
					"rotation": [0, 0, -45]
				},
				"righthand": {
					"rotation": [0, -15, 0]
				},
				"tail": {
					"rotation": [30, 0, 0]
				},
				"tail2": {
					"rotation": [30, 0, 0]
				},
				"rightleg": {
					"rotation": [0, 5, 0]
				},
				"leftleg": {
					"rotation": [0, -5, 0]
				}
			}
		}
	}
}