{
	"format_version": "1.8.0",
	"animations": {
		"animation.gengar.ground_idle": {
			"loop": true,
			"bones": {
				"arm_right": {
					"rotation": [0, 0, -30]
				},
				"arm_right2": {
					"rotation": [0, -15, 0]
				},
				"arm_left": {
					"rotation": [0, 0, 30]
				},
				"arm_left2": {
					"rotation": [0, 15, 0]
				},
				"tail": {
					"rotation": [-20, 0, 0]
				},
				"tail2": {
					"rotation": [12.5, 0, 0]
				}
			}
		},
		"animation.gengar.air_idle": {
			"loop": true,
			"bones": {
				"body": {
					"rotation": [2.5, 0, 0]
				},
				"arm_right": {
					"rotation": [0, 10, -15]
				},
				"arm_right2": {
					"rotation": [0, -15, 0]
				},
				"leg_right": {
					"rotation": [15, 0, 0]
				},
				"leg_right2": {
					"rotation": [15, 0, 0]
				},
				"arm_left": {
					"rotation": [0, -10, 15]
				},
				"arm_left2": {
					"rotation": [0, 15, 0]
				},
				"leg_left": {
					"rotation": [15, 0, 0]
				},
				"leg_left2": {
					"rotation": [15, 0, 0]
				}
			}
		},
		"animation.gengar.air_fly": {
			"loop": true,
			"bones": {
				"body": {
					"rotation": [5, 0, 0]
				},
				"arm_right": {
					"rotation": [15, 15, -15]
				},
				"arm_right2": {
					"rotation": [0, -15, 0]
				},
				"leg_right": {
					"rotation": [30, 0, 0]
				},
				"leg_right2": {
					"rotation": [15, 0, 0]
				},
				"arm_left": {
					"rotation": [15, -15, 15]
				},
				"arm_left2": {
					"rotation": [0, 15, 0]
				},
				"leg_left": {
					"rotation": [30, 0, 0]
				},
				"leg_left2": {
					"rotation": [15, 0, 0]
				}
			}
		},
		"animation.gengar.blink": {
			"animation_length": 0.1667,
			"bones": {
				"eyelid_right": {
					"position": {
						"0.0": [0, 0, -0.1],
						"0.125": [0, 0, -0.1],
						"0.1667": [0, 0, 0]
					}
				},
				"eyelid_left": {
					"position": {
						"0.0": [0, 0, -0.1],
						"0.125": [0, 0, -0.1],
						"0.1667": [0, 0, 0]
					}
				}
			}
		},
		"animation.gengar.cry": {
			"animation_length": 1.5,
			"bones": {
				"mouth_closed": {
					"position": {
						"0.0": [0, 0, 0],
						"0.25": {"pre": [0, 0, 0], "post": [0, 0, 0.1]},
						"1.25": {"pre": [0, 0, 0.1], "post": [0, 0, 0]},
						"1.5": {"pre": [0, 0, 0], "post": [0, 0, 0]}
					}
				},
				"mouth_open": {
					"position": {
						"0.0": [0, 0, 0],
						"0.25": {"pre": [0, 0, 0], "post": [0, 0, -0.1]},
						"1.25": {"pre": [0, 0, -0.1], "post": [0, 0, 0]},
						"1.5": {"pre": [0, 0, 0], "post": [0, 0, 0]}
					}
				}
			}
		}
	}
}