{
	"format_version": "1.8.0",
	"animations": {
		"animation.drowzee.test": {
			"loop": true,
			"bones": {
				"lower_torso": {
					"rotation": [-7.5, 0, 0]
				},
				"upper_torso": {
					"rotation": [7.5, 0, 0]
				},
				"head": {
					"rotation": [-5, 0, 0],
					"position": [0, 0, -0.25]
				},
				"jaw": {
					"rotation": [22.5, 0, 0]
				},
				"trunk_base": {
					"rotation": [0, 0, 0]
				},
				"left_upper_arm": {
					"rotation": [0, 30, 15]
				},
				"left_lower_arm": {
					"rotation": [0, 52.5, 0]
				},
				"left_pinky_finger": {
					"rotation": [0, 0, -15]
				},
				"left_index_finger": {
					"rotation": [0, 0, 37.5]
				},
				"left_middle_finger": {
					"rotation": [0, 0, 10]
				},
				"right_leg": {
					"rotation": [0, 5, 0]
				},
				"right_upper_arm": {
					"rotation": [0, -30, -15]
				},
				"right_lower_arm": {
					"rotation": [0, -52.5, 0]
				},
				"right_index_finger": {
					"rotation": [0, 0, -37.5]
				},
				"right_middle_finger": {
					"rotation": [0, 0, -10]
				},
				"right_pinky_finger": {
					"rotation": [0, 0, 15]
				},
				"right_lower_leg": {
					"rotation": [0, -2.5, 0]
				},
				"right_foot": {
					"rotation": [0, 5, 0]
				},
				"left_leg": {
					"rotation": [0, -5, 0]
				},
				"left_lower_leg": {
					"rotation": [0, 2.5, 0]
				},
				"left_foot": {
					"rotation": [0, -5, 0]
				}
			}
		},
		"animation.drowzee.pose": {
			"loop": true,
			"bones": {
				"lower_torso": {
					"rotation": [-2.5, 0, 0]
				},
				"upper_torso": {
					"rotation": [-2.49294, -2.4786, -0.32652]
				},
				"head": {
					"rotation": [-15.0547, -4.82922, 1.29717]
				},
				"trunk_base": {
					"rotation": [-2.45487, 3.52165, -0.3068]
				},
				"trunk_tip": {
					"rotation": [5.10912, 2.49762, 2.50238]
				},
				"jaw": {
					"rotation": [27.5, 0, 0]
				},
				"left_ear": {
					"rotation": [-15, 0, -20]
				},
				"right_ear": {
					"rotation": [-15, 0, 20]
				},
				"left_upper_arm": {
					"rotation": [-5.123, 46.12286, 0.123]
				},
				"left_lower_arm": {
					"rotation": [-9.36302, 31.26463, -17.62528]
				},
				"left_index_finger": {
					"rotation": [0, 0, 12.5]
				},
				"left_middle_finger": {
					"rotation": [0, 0, -15]
				},
				"left_pinky_finger": {
					"rotation": [0, 0, 37.5]
				},
				"right_upper_arm": {
					"rotation": [-62.48843, -16.65476, 36.93227],
					"position": [0.25, -0.5, 0.75]
				},
				"right_lower_arm": {
					"rotation": [-8.88967, -30.89796, 9.31664]
				},
				"right_index_finger": {
					"rotation": [0, 0, -30]
				},
				"right_middle_finger": {
					"rotation": [0, 0, -5]
				},
				"right_pinky_finger": {
					"rotation": [0, 0, 7.5]
				},
				"right_leg": {
					"rotation": [-0.47479, 17.22575, 1.86612]
				},
				"right_lower_leg": {
					"rotation": [2.50933, 2.462, 0.43439]
				},
				"right_foot": {
					"rotation": [-0.33117, 7.60185, -2.51978]
				},
				"left_leg": {
					"rotation": [10.6574, -7.4713, -5.04292]
				},
				"left_lower_leg": {
					"rotation": [7.5547, -4.82922, -1.29717]
				},
				"left_foot": {
					"rotation": [-7.90786, -4.30881, 7.92181]
				}
			}
		},
		"animation.drowzee.ground_idle": {
			"loop": true,
			"bones": {
				"nose": {
					"rotation": ["0+math.sin(q.anim_time*90*2-20+180)*1", 0, 0]
				},
				"left_hand": {
					"rotation": [0, "0+math.sin(q.anim_time*90*1-40)*2", "22.5+math.sin(q.anim_time*90*2-40)*3"]
				},
				"left_thumb1": {
					"rotation": [0, 22.5, 0]
				},
				"left_thumb2": {
					"rotation": [0, -90, 0]
				},
				"left_index_finger1": {
					"rotation": [0, 0, 75]
				},
				"left_index_finger2": {
					"rotation": [0, 0, 75]
				},
				"left_middle_finger1": {
					"rotation": [0, 0, 75]
				},
				"left_middle_finger2": {
					"rotation": [0, 0, 75]
				},
				"left_ring_finger1": {
					"rotation": [0, 0, 75]
				},
				"left_ring_finger2": {
					"rotation": [0, 0, 75]
				},
				"left_pinky_finger1": {
					"rotation": [0, 0, 75]
				},
				"left_pinky_finger2": {
					"rotation": [0, 0, 75]
				},
				"pendulum": {
					"position": [-2.5, -1.5, 1]
				},
				"string_1": {
					"rotation": [180, 0, 60]
				},
				"string_2": {
					"rotation": [0, 0, -180]
				},
				"string_3": {
					"rotation": [0, 0, -180]
				},
				"weight": {
					"rotation": [0, 0, 180]
				},
				"right_hand": {
					"rotation": [0, "0+math.sin(q.anim_time*90*1-40+180)*2", "-22.5+math.sin(q.anim_time*90*2-40+180)*3"]
				},
				"right_thumb1": {
					"rotation": [0, -25, -22.5]
				},
				"right_thumb2": {
					"rotation": [0, 27.5, 0]
				},
				"right_index_finger1": {
					"rotation": [0, 0, -5]
				},
				"right_index_finger2": {
					"rotation": [0, 0, -37.5]
				},
				"right_middle_finger1": {
					"rotation": [0, 0, -15]
				},
				"right_middle_finger2": {
					"rotation": [0, 0, -37.5]
				},
				"right_ring_finger1": {
					"rotation": [0, 0, -30]
				},
				"right_ring_finger2": {
					"rotation": [0, 0, -32.5]
				},
				"right_pinky_finger1": {
					"rotation": [0, 0, -22.5]
				},
				"right_pinky_finger2": {
					"rotation": [0, 0, -60]
				},
				"neck_fluff": {
					"rotation": ["0+math.sin(q.anim_time*90*2-40+180)*2", 0, "0+math.sin(q.anim_time*90*1-100)*1.5"]
				},
				"front_fluff": {
					"rotation": ["0+math.sin(q.anim_time*90*2-60+180)*2", "0+math.sin(q.anim_time*90*1-120)*1", 0]
				},
				"back_fluff": {
					"rotation": ["0+math.sin(q.anim_time*90*2-60+180)*2", "0+math.sin(q.anim_time*90*1-120)*2", 0]
				},
				"left_fluff": {
					"rotation": [0, "0+math.sin(q.anim_time*90*2-60)*1", "0+math.sin(q.anim_time*90*1-120)*2"]
				},
				"right_fluff": {
					"rotation": [0, "0+math.sin(q.anim_time*90*2-60+180)*1", "0+math.sin(q.anim_time*90*1-120)*2"]
				},
				"left_upper_leg": {
					"rotation": ["1+math.sin(q.anim_time*90*2+0)*1.5", 5, 0]
				},
				"right_upper_leg": {
					"rotation": ["1+math.sin(q.anim_time*90*2+0)*1.5", -5, 0]
				},
				"body": {
					"rotation": ["0+math.sin(q.anim_time*90*2-40)*1", 0, 0],
					"position": [0, "-0.1+math.sin(q.anim_time*90*2-20)*0.05", "0+math.sin(q.anim_time*90*2+20+180)*0.05"]
				},
				"lower_torso": {
					"rotation": ["0+math.sin(q.anim_time*90*2+40)*1", 0, "0+math.sin(q.anim_time*90*1-60+180)*1"],
					"position": [0, "0+math.sin(q.anim_time*90*2-0)*0.1", 0]
				},
				"upper_torso": {
					"rotation": ["0+math.sin(q.anim_time*90*2+20+180)*1.5", 0, "0+math.sin(q.anim_time*90*1-80)*2"]
				},
				"head": {
					"rotation": ["0+math.sin(q.anim_time*90*2+0+180)*1.5", 0, 0]
				},
				"trunk_base": {
					"rotation": ["0+math.sin(q.anim_time*90*2-25+180)*2", 0, "0+math.sin(q.anim_time*90*1-100)*0.5"]
				},
				"trunk_tip": {
					"rotation": ["0+math.sin(q.anim_time*90*2-50+180)*3", 0, "0+math.sin(q.anim_time*90*1-125)*1"]
				},
				"left_ear": {
					"rotation": ["0+math.sin(q.anim_time*90*2-50+180)*5", 0, "0+math.sin(q.anim_time*90*2-25+180)*5"]
				},
				"right_ear": {
					"rotation": ["0+math.sin(q.anim_time*90*2-50+180)*3", 0, "0+math.sin(q.anim_time*90*2-25)*5"]
				},
				"left_upper_arm": {
					"rotation": ["0.5483+math.sin(q.anim_time*90*1-0)*2", -8.67925, "42.8489+math.sin(q.anim_time*90*2-0)*1"]
				},
				"left_lower_arm": {
					"rotation": [4.19228, "29.7225+math.sin(q.anim_time*90*1-20)*3", "8.5866+math.sin(q.anim_time*90*2-20)*1"]
				},
				"right_upper_arm": {
					"rotation": ["0.5483+math.sin(q.anim_time*90*1-0)*2", 8.67926, "-42.8489+math.sin(q.anim_time*90*2-0+180)*1"]
				},
				"right_lower_arm": {
					"rotation": [4.19228, "-29.7225+math.sin(q.anim_time*90*1-20+180)*3", "-8.5866+math.sin(q.anim_time*90*2-20+180)*1"]
				},
				"right_leg": {
					"rotation": ["0+math.sin(q.anim_time*90*2+0)*1.5", 20, 0]
				},
				"right_lower_leg": {
					"rotation": ["-0.0074+math.sin(q.anim_time*90*2-20+180)*1", 0.341, -2.47665]
				},
				"right_foot": {
					"rotation": ["-0.2977+math.sin(q.anim_time*90*2+180)*1", -6.7419, 2.40084],
					"position": ["math.sin(q.anim_time*90*2+180)*0.02", 0, 0]
				},
				"left_leg": {
					"rotation": ["0+math.sin(q.anim_time*90*2+0)*1.5", -20, 0]
				},
				"left_lower_leg": {
					"rotation": ["-0.0074+math.sin(q.anim_time*90*2-20+180)*1", -0.341, 2.47665]
				},
				"left_foot": {
					"rotation": ["-0.2977+math.sin(q.anim_time*90*2+180)*1", 6.7419, -2.40084],
					"position": ["-math.sin(q.anim_time*90*2+180)*0.02", 0, 0]
				}
			}
		},
		"animation.drowzee.ground_walk": {
			"loop": true,
			"bones": {
				"nose": {
					"rotation": ["0+math.sin(q.anim_time*90*6-140+180)*1.5", 0, 0]
				},
				"left_hand": {
					"rotation": [0, "0+math.sin(q.anim_time*90*3-35)*10", "22.5+math.sin(q.anim_time*90*2-40)*3"]
				},
				"left_thumb1": {
					"rotation": [0, 22.5, 0]
				},
				"left_thumb2": {
					"rotation": [0, -90, 0]
				},
				"left_index_finger1": {
					"rotation": [0, 0, 75]
				},
				"left_index_finger2": {
					"rotation": [0, 0, 75]
				},
				"left_middle_finger1": {
					"rotation": [0, 0, 75]
				},
				"left_middle_finger2": {
					"rotation": [0, 0, 75]
				},
				"left_ring_finger1": {
					"rotation": [0, 0, 75]
				},
				"left_ring_finger2": {
					"rotation": [0, 0, 75]
				},
				"left_pinky_finger1": {
					"rotation": [0, 0, 75]
				},
				"left_pinky_finger2": {
					"rotation": [0, 0, 75]
				},
				"pendulum": {
					"position": [-2.5, -1.5, 1]
				},
				"string_1": {
					"rotation": [180, 0, 60]
				},
				"string_2": {
					"rotation": [0, 0, -180]
				},
				"string_3": {
					"rotation": [0, 0, -180]
				},
				"weight": {
					"rotation": [0, 0, 180]
				},
				"right_hand": {
					"rotation": [0, "0+math.sin(q.anim_time*90*3-35)*10", "-22.5+math.sin(q.anim_time*90*2-40+180)*3"]
				},
				"right_thumb1": {
					"rotation": [0, -25, -22.5]
				},
				"right_thumb2": {
					"rotation": [0, 27.5, 0]
				},
				"right_index_finger1": {
					"rotation": [0, 0, -5]
				},
				"right_index_finger2": {
					"rotation": [0, 0, -37.5]
				},
				"right_middle_finger1": {
					"rotation": [0, 0, -15]
				},
				"right_middle_finger2": {
					"rotation": [0, 0, -37.5]
				},
				"right_ring_finger1": {
					"rotation": [0, 0, -30]
				},
				"right_ring_finger2": {
					"rotation": [0, 0, -32.5]
				},
				"right_pinky_finger1": {
					"rotation": [0, 0, -22.5]
				},
				"right_pinky_finger2": {
					"rotation": [0, 0, -60]
				},
				"neck_fluff": {
					"rotation": ["0+math.sin(q.anim_time*90*6-120+180)*3", "0+math.sin(q.anim_time*90*3-90)*2", "0+math.sin(q.anim_time*90*3-100)*1.5"]
				},
				"front_fluff": {
					"rotation": ["0+math.sin(q.anim_time*90*6-140+180)*4", "0+math.sin(q.anim_time*90*3-120)*1", 0]
				},
				"back_fluff": {
					"rotation": ["-2.5+math.sin(q.anim_time*90*6-140+180)*4", "math.sin(q.anim_time*90*3-120)*2", 0]
				},
				"left_fluff": {
					"rotation": [0, "0+math.sin(q.anim_time*90*6-150)*2", "0+math.sin(q.anim_time*90*3-120)*2"]
				},
				"right_fluff": {
					"rotation": [0, "0+math.sin(q.anim_time*90*6-150+180)*2", "0+math.sin(q.anim_time*90*3-120)*2"]
				},
				"left_upper_leg": {
					"rotation": [
						"0.5927+math.clamp(math.sin(query.anim_time*90*3*1+0)*22.5,-22,0)+math.clamp(math.sin(query.anim_time*90*3*1+0)*22.5,0,22)",
						"26.4464+math.sin(q.anim_time*90*3+20)*2",
						-0.91184
					],
					"position": [0, "math.clamp(math.sin(query.anim_time*90*3*1+200)*0.75,-0.1,0.75)", "0+math.sin(q.anim_time*90*3-75)*0.25"]
				},
				"right_upper_leg": {
					"rotation": [
						"0.503+math.clamp(math.sin(query.anim_time*90*3*1+0+180)*22.5,-22,0)+math.clamp(math.sin(query.anim_time*90*3*1+0+180)*22.5,0,22)",
						"-26.449+math.sin(q.anim_time*90*3+20)*2",
						0.88733
					],
					"position": [0, "math.clamp(math.sin(query.anim_time*90*3*1+200+180)*0.75,-0.1,0.75)", "0+math.sin(q.anim_time*90*3-75+180)*0.25"]
				},
				"left_toes": {
					"rotation": ["-15+math.clamp(math.sin(query.anim_time*90*3*1-45+180)*40,-37.5,30)", 0, 0]
				},
				"right_toes": {
					"rotation": ["-15+math.clamp(math.sin(query.anim_time*90*3*1-45)*40,-37.5,30)", 0, 0]
				},
				"body": {
					"position": [0, "0.5+math.clamp(math.sin(query.anim_time*90*6*1-120)*0.6,-0.25,0.6)", 0]
				},
				"lower_torso": {
					"rotation": ["2.5+math.sin(q.anim_time*90*6-90+180)*2", "math.sin(q.anim_time*90*3-40+180)*5", "math.sin(q.anim_time*90*3-30)*2"],
					"position": [0, "0+math.sin(q.anim_time*90*6-90+180)*0.1", 0]
				},
				"upper_torso": {
					"rotation": ["2.5+math.sin(q.anim_time*90*6-120)*1.5", "math.sin(q.anim_time*90*3-60)*3", "math.sin(q.anim_time*90*3-75+180)*1.5"]
				},
				"head": {
					"rotation": ["0+math.sin(q.anim_time*90*6-140)*1", "0+math.sin(q.anim_time*90*3-80)*1", "0+math.sin(q.anim_time*90*3-50+180)*1"]
				},
				"trunk_base": {
					"rotation": ["0+math.sin(q.anim_time*90*6-170)*3", 0, "0+math.sin(q.anim_time*90*3-75+180)*2"]
				},
				"trunk_tip": {
					"rotation": ["0+math.sin(q.anim_time*90*6-200)*5", 0, "0+math.sin(q.anim_time*90*3-100+180)*3"]
				},
				"left_ear": {
					"rotation": [0, "0+math.sin(q.anim_time*90*6-140+180)*5", "0+math.sin(q.anim_time*90*6-140+180)*5+math.sin(q.anim_time*90*3-70)*3"]
				},
				"right_ear": {
					"rotation": [0, "0+math.sin(q.anim_time*90*6-140+180)*5", "0+math.sin(q.anim_time*90*6-140+180)*5+math.sin(q.anim_time*90*3-70+180)*3"]
				},
				"left_upper_arm": {
					"rotation": ["2.5192+math.sin(q.anim_time*90*1.5-0)*2", "-4.8251+math.sin(q.anim_time*90*3+20)*15", "37.9838+math.sin(q.anim_time*90*3-0)*1"]
				},
				"left_lower_arm": {
					"rotation": [1.51679, "34.9668+math.sin(q.anim_time*90*3-10)*15", "3.035+math.sin(q.anim_time*90*3-20)*1"]
				},
				"right_upper_arm": {
					"rotation": ["2.4794+math.sin(q.anim_time*90*1.5-0+180)*2", "4.8251+math.sin(q.anim_time*90*3+20)*15", "-37.9872+math.sin(q.anim_time*90*3-0+180)*1"]
				},
				"right_lower_arm": {
					"rotation": [1.53384, "-34.9668+math.sin(q.anim_time*90*3-10)*15", "-3.0447+math.sin(q.anim_time*90*3-20+180)*1"]
				},
				"right_leg": {
					"rotation": [
						"2.4459+math.clamp(math.sin(query.anim_time*90*3*1+0+180)*22.5,-22,0)+math.clamp(math.sin(query.anim_time*90*3*1+0+180)*22.5,0,22)",
						"13.794+math.sin(q.anim_time*90*3+20)*2",
						-0.27805
					],
					"position": [0, "math.clamp(math.sin(query.anim_time*90*3*1+200+180)*0.75,-0.1,0.75)", "0+math.sin(q.anim_time*90*3-75+180)*0.9"]
				},
				"right_lower_leg": {
					"rotation": ["0+math.clamp(math.sin(query.anim_time*90*3*1-450+180)*15,-10,14)", 0, 0]
				},
				"right_foot": {
					"rotation": ["-0.3039+math.clamp(math.sin(query.anim_time*90*3*1-40+180)*30,-10,30)", "-4.2427+math.sin(q.anim_time*90*2-0)*1", 2.46579]
				},
				"left_leg": {
					"rotation": [
						"2.5564+math.clamp(math.sin(query.anim_time*90*3*1+0)*22.5,-22,0)+math.clamp(math.sin(query.anim_time*90*3*1+0)*22.5,0,22)",
						"-13.7988+math.sin(q.anim_time*90*3+20)*2",
						0.18725
					],
					"position": [0, "math.clamp(math.sin(query.anim_time*90*3*1+200)*0.75,-0.1,0.75)", "0+math.sin(q.anim_time*90*3-75)*0.9"]
				},
				"left_lower_leg": {
					"rotation": ["0+math.clamp(math.sin(query.anim_time*90*3*1-450)*15,-10,14)", 0, 0]
				},
				"left_foot": {
					"rotation": ["-0.1829+math.clamp(math.sin(query.anim_time*90*3*1-40)*30,-10,30)", "4.5292+math.sin(q.anim_time*90*2-0+180)*1", -1.2316]
				}
			}
		},
		"animation.drowzee.battle_idle": {
			"loop": true,
			"bones": {
				"nose": {
					"rotation": ["0+math.sin(q.anim_time*90*2-20+180)*1", 0, 0]
				},
				"left_hand": {
					"rotation": [0, "0+math.sin(q.anim_time*90*1-40)*2", "22.5+math.sin(q.anim_time*90*2-40)*3"]
				},
				"left_thumb1": {
					"rotation": [0, 22.5, 0]
				},
				"left_thumb2": {
					"rotation": [0, -90, 0]
				},
				"left_index_finger1": {
					"rotation": [0, 0, 75]
				},
				"left_index_finger2": {
					"rotation": [0, 0, 75]
				},
				"left_middle_finger1": {
					"rotation": [0, 0, 75]
				},
				"left_middle_finger2": {
					"rotation": [0, 0, 75]
				},
				"left_ring_finger1": {
					"rotation": [0, 0, 75]
				},
				"left_ring_finger2": {
					"rotation": [0, 0, 75]
				},
				"left_pinky_finger1": {
					"rotation": [0, 0, 75]
				},
				"left_pinky_finger2": {
					"rotation": [0, 0, 75]
				},
				"pendulum": {
					"position": [-2.5, -1.5, 1]
				},
				"string_1": {
					"rotation": [180, 0, 60]
				},
				"string_2": {
					"rotation": [0, 0, -180]
				},
				"string_3": {
					"rotation": [0, 0, -180]
				},
				"weight": {
					"rotation": [0, 0, 180]
				},
				"right_hand": {
					"rotation": [0, "0+math.sin(q.anim_time*90*1-40+180)*2", "-22.5+math.sin(q.anim_time*90*2-40+180)*3"]
				},
				"right_thumb1": {
					"rotation": [0, -25, -22.5]
				},
				"right_thumb2": {
					"rotation": [0, 27.5, 0]
				},
				"right_index_finger1": {
					"rotation": [0, 0, -5]
				},
				"right_index_finger2": {
					"rotation": [0, 0, -37.5]
				},
				"right_middle_finger1": {
					"rotation": [0, 0, -15]
				},
				"right_middle_finger2": {
					"rotation": [0, 0, -37.5]
				},
				"right_ring_finger1": {
					"rotation": [0, 0, -30]
				},
				"right_ring_finger2": {
					"rotation": [0, 0, -32.5]
				},
				"right_pinky_finger1": {
					"rotation": [0, 0, -22.5]
				},
				"right_pinky_finger2": {
					"rotation": [0, 0, -60]
				},
				"neck_fluff": {
					"rotation": ["0+math.sin(q.anim_time*90*2-40+180)*2", 0, "0+math.sin(q.anim_time*90*1-100)*1.5"]
				},
				"front_fluff": {
					"rotation": ["0+math.sin(q.anim_time*90*2-60+180)*2", "0+math.sin(q.anim_time*90*1-120)*1", 0]
				},
				"back_fluff": {
					"rotation": ["0+math.sin(q.anim_time*90*2-60+180)*2", "0+math.sin(q.anim_time*90*1-120)*2", 0]
				},
				"left_fluff": {
					"rotation": [0, "0+math.sin(q.anim_time*90*2-60)*1", "0+math.sin(q.anim_time*90*1-120)*2"]
				},
				"right_fluff": {
					"rotation": [0, "0+math.sin(q.anim_time*90*2-60+180)*1", "0+math.sin(q.anim_time*90*1-120)*2"]
				},
				"left_upper_leg": {
					"rotation": ["1+math.sin(q.anim_time*90*2+0)*1.5", 5, 0]
				},
				"right_upper_leg": {
					"rotation": ["1+math.sin(q.anim_time*90*2+0)*1.5", -5, 0]
				},
				"body": {
					"rotation": ["0+math.sin(q.anim_time*90*1-40)*1", 0, 0],
					"position": [0, "-0.1+math.sin(q.anim_time*90*2-20)*0.05", "0+math.sin(q.anim_time*90*2+20+180)*0.05"]
				},
				"lower_torso": {
					"rotation": ["0+math.sin(q.anim_time*90*1+40)*5", 0, "0+math.sin(q.anim_time*90*1-60+180)*1"],
					"position": [0, "0+math.sin(q.anim_time*90*2-0)*0.1", 0]
				},
				"upper_torso": {
					"rotation": ["2.5+math.sin(q.anim_time*90*1+20)*6", 0, "math.sin(q.anim_time*90*1-80)*2"]
				},
				"head": {
					"rotation": ["math.sin(q.anim_time*90*1-10+180)*3", 0, 0]
				},
				"trunk_base": {
					"rotation": ["0+math.sin(q.anim_time*90*1-35+180)*2", 0, "0+math.sin(q.anim_time*90*1-100)*0.5"]
				},
				"trunk_tip": {
					"rotation": ["0+math.sin(q.anim_time*90*1-60+180)*5", 0, "0+math.sin(q.anim_time*90*1-125)*1"]
				},
				"left_ear": {
					"rotation": ["0+math.sin(q.anim_time*90*1-50+180)*5", 0, "0+math.sin(q.anim_time*90*1-25+180)*5"]
				},
				"right_ear": {
					"rotation": ["0+math.sin(q.anim_time*90*1-50+180)*3", 0, "0+math.sin(q.anim_time*90*1-25)*5"]
				},
				"left_upper_arm": {
					"rotation": ["3.2352+math.sin(q.anim_time*90*1-0)*10", "38.1659+math.sin(q.anim_time*90*1-10)*20", "9.3131+math.sin(q.anim_time*90*1-10+270)*15"]
				},
				"left_lower_arm": {
					"rotation": [-3.16193, "39.5405+math.sin(q.anim_time*90*1-20+180)*15", "2.1517+math.sin(q.anim_time*90*2-40+180)*10"]
				},
				"right_upper_arm": {
					"rotation": ["3.1901+math.sin(q.anim_time*90*1-0)*10", "-38.1657+math.sin(q.anim_time*90*1-10+180)*20", "-9.2866+math.sin(q.anim_time*90*1-10+90)*15"]
				},
				"right_lower_arm": {
					"rotation": [-3.16193, "-39.5405+math.sin(q.anim_time*90*1-20)*15", "-2.1517+math.sin(q.anim_time*90*2-40)*10"]
				},
				"right_leg": {
					"rotation": ["0+math.sin(q.anim_time*90*2+0)*1.5", 20, 0]
				},
				"right_lower_leg": {
					"rotation": ["-0.0074+math.sin(q.anim_time*90*2-20+180)*1", 0.341, -2.47665]
				},
				"right_foot": {
					"rotation": [-0.31192, "-1.7455+math.sin(q.anim_time*90*2-0)*1", 2.59282]
				},
				"left_leg": {
					"rotation": ["0+math.sin(q.anim_time*90*2+0)*1.5", -20, 0]
				},
				"left_lower_leg": {
					"rotation": ["-0.0074+math.sin(q.anim_time*90*2-20+180)*1", -0.341, 2.47665]
				},
				"left_foot": {
					"rotation": [-0.31192, "1.7455+math.sin(q.anim_time*90*2-0+180)*1", -2.59282]
				},
				"jaw": {
					"rotation": ["5+math.sin(q.anim_time*90*1-25+180)*5", 0, 0]
				},
				"left_index_finger": {
					"rotation": [0, 0, "10+math.sin(q.anim_time*90*8-80)*30"]
				},
				"left_middle_finger": {
					"rotation": [0, 0, "10+math.sin(q.anim_time*90*8-120)*35"]
				},
				"left_pinky_finger": {
					"rotation": [0, 0, "10+math.sin(q.anim_time*90*8-180)*25"]
				},
				"right_index_finger": {
					"rotation": [0, 0, "-10+math.sin(q.anim_time*90*8-80+180)*30"]
				},
				"right_middle_finger": {
					"rotation": [0, 0, "-10+math.sin(q.anim_time*90*8-120+180)*35"]
				},
				"right_pinky_finger": {
					"rotation": [0, 0, "-10+math.sin(q.anim_time*90*8-160+180)*25"]
				}
			}
		},
		"animation.drowzee.sleep": {
			"loop": true,
			"bones": {
				"nose": {
					"rotation": ["0+math.sin(q.anim_time*90*2-20+180)*1", 0, 0]
				},
				"left_hand": {
					"rotation": [0, "0+math.sin(q.anim_time*90*1-40)*2", "22.5+math.sin(q.anim_time*90*2-40)*3"]
				},
				"left_thumb1": {
					"rotation": [0, 22.5, 0]
				},
				"left_thumb2": {
					"rotation": [0, -90, 0]
				},
				"left_index_finger1": {
					"rotation": [0, 0, 75]
				},
				"left_index_finger2": {
					"rotation": [0, 0, 75]
				},
				"left_middle_finger1": {
					"rotation": [0, 0, 75]
				},
				"left_middle_finger2": {
					"rotation": [0, 0, 75]
				},
				"left_ring_finger1": {
					"rotation": [0, 0, 75]
				},
				"left_ring_finger2": {
					"rotation": [0, 0, 75]
				},
				"left_pinky_finger1": {
					"rotation": [0, 0, 75]
				},
				"left_pinky_finger2": {
					"rotation": [0, 0, 75]
				},
				"pendulum": {
					"position": [-2.5, -1.5, 1]
				},
				"string_1": {
					"rotation": [180, 0, 60]
				},
				"string_2": {
					"rotation": [0, 0, -180]
				},
				"string_3": {
					"rotation": [0, 0, -180]
				},
				"weight": {
					"rotation": [0, 0, 180]
				},
				"right_hand": {
					"rotation": [0, "0+math.sin(q.anim_time*90*1-40+180)*2", "-22.5+math.sin(q.anim_time*90*2-40+180)*3"]
				},
				"right_thumb1": {
					"rotation": [0, -25, -22.5]
				},
				"right_thumb2": {
					"rotation": [0, 27.5, 0]
				},
				"right_index_finger1": {
					"rotation": [0, 0, -5]
				},
				"right_index_finger2": {
					"rotation": [0, 0, -37.5]
				},
				"right_middle_finger1": {
					"rotation": [0, 0, -15]
				},
				"right_middle_finger2": {
					"rotation": [0, 0, -37.5]
				},
				"right_ring_finger1": {
					"rotation": [0, 0, -30]
				},
				"right_ring_finger2": {
					"rotation": [0, 0, -32.5]
				},
				"right_pinky_finger1": {
					"rotation": [0, 0, -22.5]
				},
				"right_pinky_finger2": {
					"rotation": [0, 0, -60]
				},
				"neck_fluff": {
					"rotation": ["0+math.sin(q.anim_time*90*2-40+180)*2", 0, "0+math.sin(q.anim_time*90*1-100)*1.5"]
				},
				"front_fluff": {
					"rotation": ["0+math.sin(q.anim_time*90*2-60+180)*2", "0+math.sin(q.anim_time*90*1-120)*1", 0]
				},
				"back_fluff": {
					"rotation": ["0+math.sin(q.anim_time*90*2-60+180)*2", "0+math.sin(q.anim_time*90*1-120)*2", 0]
				},
				"left_fluff": {
					"rotation": [0, "0+math.sin(q.anim_time*90*2-60)*1", "0+math.sin(q.anim_time*90*1-120)*2"]
				},
				"right_fluff": {
					"rotation": [0, "0+math.sin(q.anim_time*90*2-60+180)*1", "0+math.sin(q.anim_time*90*1-120)*2"]
				},
				"left_upper_leg": {
					"rotation": ["1+math.sin(q.anim_time*90*2+0)*1.5", 5, 0]
				},
				"right_upper_leg": {
					"rotation": ["1+math.sin(q.anim_time*90*2+0)*1.5", -5, 0]
				},
				"body": {
					"rotation": ["0+math.sin(q.anim_time*90*1-40)*1", 0, 0],
					"position": [0, "-2.35+math.sin(q.anim_time*90*1-20)*0.05", "0+math.sin(q.anim_time*90*1+20+180)*0.05"]
				},
				"lower_torso": {
					"rotation": ["0+math.sin(q.anim_time*90*1+40)*1", 0, "0+math.sin(q.anim_time*90*0.5-60+180)*1"],
					"position": [0, "0+math.sin(q.anim_time*90*1-0)*0.1", 0]
				},
				"upper_torso": {
					"rotation": ["10+math.sin(q.anim_time*90*1+20+180)*1.5", 0, "0+math.sin(q.anim_time*90*0.5-80)*2"]
				},
				"head": {
					"rotation": ["10+math.sin(q.anim_time*90*1+0+180)*1.5", 0, 0]
				},
				"trunk_base": {
					"rotation": ["0+math.sin(q.anim_time*90*1-25+180)*2", 0, "0+math.sin(q.anim_time*90*0.5-100)*0.5"],
					"scale": [1, 1, "1+math.sin(q.anim_time*90*1+0+180)*0.05"]
				},
				"trunk_tip": {
					"rotation": ["0+math.sin(q.anim_time*90*1-50+180)*3", 0, "0+math.sin(q.anim_time*90*0.5-125)*1"]
				},
				"left_ear": {
					"rotation": ["0+math.sin(q.anim_time*90*1-50+180)*5", 0, "0+math.sin(q.anim_time*90*1-25+180)*5"]
				},
				"right_ear": {
					"rotation": ["0+math.sin(q.anim_time*90*1-50+180)*3", 0, "0+math.sin(q.anim_time*90*1-25)*5"]
				},
				"left_upper_arm": {
					"rotation": ["-2.998+math.sin(q.anim_time*90*0.5-0)*2", 36.21691, "37.1288+math.sin(q.anim_time*90*1-0)*1"]
				},
				"left_lower_arm": {
					"rotation": [7.58425, "44.6743+math.sin(q.anim_time*90*0.5-20)*2", "10.085+math.sin(q.anim_time*90*1-20)*1"]
				},
				"right_upper_arm": {
					"rotation": ["-2.998+math.sin(q.anim_time*90*0.5-0+180)*2", -36.21691, "-37.1288+math.sin(q.anim_time*90*1-0+180)*1"]
				},
				"right_lower_arm": {
					"rotation": [7.58425, "-44.6743+math.sin(q.anim_time*90*0.5-20+180)*2", "-10.085+math.sin(q.anim_time*90*1-20+180)*1"]
				},
				"right_leg": {
					"rotation": ["-80+math.sin(q.anim_time*90*1+0)*1.5", 32.5, 0]
				},
				"right_lower_leg": {
					"rotation": ["2.4926+math.sin(q.anim_time*90*1-20+180)*1", 0.341, -2.47665]
				},
				"right_foot": {
					"rotation": ["9.6344+math.sin(q.anim_time*90*1+180)*1", "10.7999+math.sin(q.anim_time*90*1-0)*1", 2.63477]
				},
				"left_leg": {
					"rotation": ["-80+math.sin(q.anim_time*90*1+0)*1.5", -32.5, 0]
				},
				"left_lower_leg": {
					"rotation": ["2.4926+math.sin(q.anim_time*90*1-20+180)*1", -0.341, 2.47665]
				},
				"left_foot": {
					"rotation": ["9.6344+math.sin(q.anim_time*90*1+180)*1", "-10.7999+math.sin(q.anim_time*90*1-0+180)*1", -2.63477]
				},
				"jaw": {
					"rotation": ["2.5+math.sin(q.anim_time*90*1-25+180)*2.5", 0, 0]
				},
				"left_eyelid": {
					"position": [0.1, 0, 0]
				},
				"right_eyelid": {
					"position": [-0.1, 0, 0]
				},
				"left_index_finger": {
					"rotation": [0, 0, 35]
				},
				"left_middle_finger": {
					"rotation": [0, 0, 27.5]
				},
				"left_pinky_finger": {
					"rotation": [0, 0, 15]
				},
				"right_index_finger": {
					"rotation": [0, 0, -35]
				},
				"right_middle_finger": {
					"rotation": [0, 0, -27.5]
				},
				"right_pinky_finger": {
					"rotation": [0, 0, -15]
				}
			}
		},
		"animation.drowzee.cry": {
			"animation_length": 1.25,
			"bones": {
				"head": {
					"rotation": {
						"0.0": [0, 0, 0],
						"0.25": [-10, 0, 0],
						"1.0": [-10, 0, 0],
						"1.25": [0, 0, 0]
					}
				},
				"trunk_base": {
					"rotation": {
						"0.0": [0, 0, 0],
						"0.25": [-7.5, 0, 0],
						"0.375": [-5, 0, 0],
						"0.5": [-7.5, 0, 0],
						"0.625": [-5, 0, 0],
						"0.75": [-7.5, 0, 0],
						"0.875": [-5, 0, 0],
						"1.0": [-7.5, 0, 0],
						"1.1667": [0, 0, 0]
					},
					"scale": {
						"0.125": [1, 1, 1],
						"0.25": [1, 1, 1.05],
						"0.375": [1, 1, 1.03],
						"0.5": [1, 1, 1.02],
						"0.625": [1, 1, 1.02],
						"0.75": [1, 1, 1.02],
						"0.875": [1, 1, 1.02],
						"1.0": [1, 1, 1.02],
						"1.125": [1, 1, 1]
					}
				},
				"trunk_tip": {
					"rotation": {
						"0.0833": [0, 0, 0],
						"0.3333": [-15, 0, 0],
						"0.4583": [-12.5, 0, 0],
						"0.5833": [-15, 0, 0],
						"0.7083": [-12.5, 0, 0],
						"0.8333": [-15, 0, 0],
						"0.9583": [-12.5, 0, 0],
						"1.0833": [-15, 0, 0],
						"1.25": [0, 0, 0]
					}
				},
				"jaw": {
					"rotation": {
						"0.0": [0, 0, 0],
						"0.25": [30, 0, 0],
						"1.0": [30, 0, 0],
						"1.25": [0, 0, 0]
					}
				}
			}
		},
		"animation.drowzee.blink": {
			"animation_length": 0.16667,
			"bones": {
				"left_eyelid": {
					"position": {
						"0.0": [0.1, 0, 0],
						"0.125": [0.1, 0, 0],
						"0.1667": [0, 0, 0]
					}
				},
				"right_eyelid": {
					"position": {
						"0.0": [-0.1, 0, 0],
						"0.125": [-0.1, 0, 0],
						"0.1667": [0, 0, 0]
					}
				}
			}
		}
	}
}