{
	"format_version": "1.8.0",
	"animations": {
		"animation.dewott.blink": {
			"animation_length": 0.1667,
			"bones": {
				"eyelid_right": {
					"position": {
						"0.0": [0, 0, -0.1],
						"0.12": [0, 0, -0.1],
						"0.16": [0, 0, 0]
					}
				},
				"eyelid_left": {
					"position": {
						"0.0": [0, 0, -0.1],
						"0.12": [0, 0, -0.12],
						"0.16": [0, 0, 0]
					}
				}
			}
		},
		"animation.dewott.ground_idle": {
			"loop": true,
			"bones": {
				"waist": {
					"rotation": ["Math.cos((query.anim_time-0.2) * 90 * 2) * 1", 10, 0],
					"position": [0, "Math.cos((query.anim_time+0.2) * 90 * 2) * 0.2", 0]
				},
				"torso": {
					"rotation": ["-5+Math.cos((query.anim_time-0.4) * 90 * 2) * 2", -7.5, 0],
					"position": [0, "Math.cos((query.anim_time) * 90 * 2) * 0.1", 0]
				},
				"head": {
					"rotation": ["7.5+Math.cos((query.anim_time-0.6) * 90 * 2) * -2", 0, 0]
				},
				"arm_right": {
					"rotation": [-1.6575, "12.3914+Math.cos((query.anim_time-0.8) * 90 * 2) * -2", -45.17995]
				},
				"arm_right2": {
					"rotation": [0, -27.5, 0]
				},
				"arm_left": {
					"rotation": [0, "Math.cos((query.anim_time-0.7) * 90 * 2) * -2", 45]
				},
				"arm_left2": {
					"rotation": [0, 32.5, 0]
				},
				"tail": {
					"rotation": ["-15+Math.cos((query.anim_time-0.4) * 90 * 2) * 2", 0, 0]
				},
				"thigh_right": {
					"rotation": [0, 22.5, 0]
				},
				"thigh_left": {
					"rotation": [0, -7.5, 0]
				},
				"scalchop_hand_right": {
					"position": [2.5, -0.75, 0]
				},
				"scalchop_hand_left": {
					"position": [-2.5, -0.75, 0]
				}
			}
		},
		"animation.dewott.ground_walk": {
			"loop": true,
			"animation_length": 1.5,
			"bones": {
				"waist": {
					"rotation": ["2.5+Math.cos((query.anim_time-0.2) * 90 * (2+2/3)*2) * -2", 0, 0],
					"position": [0, "Math.cos((query.anim_time) * 90 * (2+2/3)*2) * 0.3", 0]
				},
				"torso": {
					"rotation": ["Math.cos((query.anim_time-0.4) * 90 * (2+2/3)*2) * -2", 0, 0]
				},
				"head": {
					"rotation": ["Math.cos((query.anim_time+0.4) * 90 * (2+2/3)*2) * 3", 0, 0]
				},
				"arm_right": {
					"rotation": [0, "-(Math.cos((query.anim_time) * 90 * (2+2/3)) * 10)", -47.5]
				},
				"arm_right2": {
					"rotation": [0, "-25+Math.cos((query.anim_time-0.2) * 90 * (2+2/3)) * -10", 0]
				},
				"arm_left": {
					"rotation": [0, "Math.cos((query.anim_time) * 90 * (2+2/3)) * -10", 47.5]
				},
				"arm_left2": {
					"rotation": [0, "25+Math.cos((query.anim_time-0.2) * 90 * (2+2/3)) * -10", 0]
				},
				"tail": {
					"rotation": ["17.5+Math.cos((query.anim_time-0.5) * 90 * (2+2/3)*2) * 4", 0, 0]
				},
				"thigh_right": {
					"rotation": {
						"0.0": [26.79, 0, 0],
						"0.25": [37.5, 0, 0],
						"0.5": [-7.5, 0, 0],
						"0.6667": [-29.36, 0, 0],
						"0.75": [-32.5, 0, 0],
						"0.8333": [-29.36, 0, 0],
						"1.0417": [-10, 0, 0],
						"1.4583": [25, 0, 0],
						"1.5": [26.79, 0, 0]
					},
					"position": {
						"0.0": [0, 0, 0],
						"0.25": [0, 0, 0],
						"0.5": [0, 1, 0],
						"0.75": [0, 0, 0],
						"1.5": [0, 0, 0]
					}
				},
				"leg_right": {
					"rotation": {
						"0.0": [-16.07, 0, 0],
						"0.25": [7.5, 0, 0],
						"0.375": [50, 0, 0],
						"0.5": [62.5, 0, 0],
						"0.625": [49, 0, 0],
						"0.75": [12.5, 0, 0],
						"1.0417": [0, 0, 0],
						"1.25": [-17.5, 0, 0],
						"1.4583": [-20, 0, 0],
						"1.5": [-16.07, 0, 0]
					}
				},
				"foot_right": {
					"rotation": {
						"0.0": [5.89, 0, 0],
						"0.125": [-6.43, 0, 0],
						"0.25": [-20, 0, 0],
						"0.5": [-7.5, 0, 0],
						"0.75": [7.5, 0, 0],
						"1.0417": [12.5, 0, 0],
						"1.4583": [10, 0, 0],
						"1.5": [5.89, 0, 0]
					}
				},
				"thigh_left": {
					"rotation": {
						"0.0": [-32.5, 0, 0],
						"0.0833": [-29.36, 0, 0],
						"0.2917": [-10, 0, 0],
						"0.7083": [25, 0, 0],
						"1.0": [37.5, 0, 0],
						"1.25": [-7.5, 0, 0],
						"1.4167": [-29.36, 0, 0],
						"1.5": [-32.5, 0, 0]
					},
					"position": {
						"1.0": [0, 0, 0],
						"1.25": [0, 1, 0],
						"1.5": [0, 0, 0]
					}
				},
				"leg_left": {
					"rotation": {
						"0.0": [12.5, 0, 0],
						"0.2917": [0, 0, 0],
						"0.5": [-17.5, 0, 0],
						"0.7083": [-20, 0, 0],
						"1.0": [7.5, 0, 0],
						"1.125": [50, 0, 0],
						"1.25": [62.5, 0, 0],
						"1.375": [49, 0, 0],
						"1.5": [12.5, 0, 0]
					}
				},
				"foot_left": {
					"rotation": {
						"0.0": [7.5, 0, 0],
						"0.2917": [12.5, 0, 0],
						"0.7083": [10, 0, 0],
						"0.875": [-6.43, 0, 0],
						"1.0": [-20, 0, 0],
						"1.25": [-7.5, 0, 0],
						"1.5": [7.5, 0, 0]
					}
				}
			}
		},
		"animation.dewott.sleep": {
			"loop": true,
			"bones": {
				"body": {
					"rotation": [87.5, 0, 0],
					"position": [0, -11, 0]
				},
				"waist": {
					"rotation": [0, 0, 7.5]
				},
				"torso": {
					"rotation": ["Math.cos((query.anim_time) * 90 * 1) * 2", 0, 7.5]
				},
				"head": {
					"rotation": ["-50.6753+Math.cos((query.anim_time-0.2) * 90 * 1) * -2", 7.9972, -9.63846]
				},
				"eyelid_right": {
					"position": [0, 0, -0.125]
				},
				"eyelid_left": {
					"position": [0, 0, -0.175]
				},
				"arm_right": {
					"rotation": [-84.0373, "-4.5575+Math.cos((query.anim_time-0.2) * 90 * 1) * 2", 37.2625]
				},
				"arm_right2": {
					"rotation": [0, -60, 0]
				},
				"arm_left": {
					"rotation": [-84.0373, "4.5575+Math.cos((query.anim_time-0.2) * 90 * 1) * -2", -37.2625]
				},
				"arm_left2": {
					"rotation": [0, 60, 0]
				},
				"skirt_right": {
					"rotation": [12.5, 0, 0]
				},
				"skirt_left": {
					"rotation": [10, 0, 0]
				},
				"tail": {
					"rotation": ["-102.5+Math.cos((query.anim_time) * 90 * 1) * 2", 0, 0]
				},
				"thigh_right": {
					"rotation": [0, 82.5, 20]
				},
				"thigh_left": {
					"rotation": [0, -90, -17.5]
				}
			}
		},
		"animation.dewott.cry": {
			"animation_length": 0.875,
			"bones": {
				"head": {
					"rotation": {
						"0.0": [0, 0, 0],
						"0.0833": [-15, 0, 0],
						"0.1667": [-17.5, 0, 0],
						"0.5": [-17.78, 0, 0],
						"0.5833": [-15, 0, 0],
						"0.8333": [0, 0, 0]
					}
				},
				"mouth_open": {
					"position": {
						"0.0": [0, 0, 0],
						"0.0833": [0, 0, 0],
						"0.125": [0, 0, -0.2],
						"0.6667": [0, 0, -0.2],
						"0.7083": [0, 0, 0],
						"0.8333": [0, 0, 0]
					}
				},
				"tail": {
					"rotation": {
						"0.0": [0, 0, 0],
						"0.125": [-12.5, 0, 0],
						"0.2083": [-14, 0, 0],
						"0.5": [-14, 0, 0],
						"0.5833": [-12.5, 0, 0],
						"0.8333": [0, 0, 0]
					}
				}
			},
			"sound_effects": {
				"0.0833": {
					"effect": "pokemon.dewott.cry"
				}
			}
		}
	},
	"geckolib_format_version": 2
}