{
	"format_version": "1.8.0",
	"animations": {
		"animation.abra.ground_idle": {
			"loop": true,
			"animation_length": 4,
			"bones": {
				"body": {
					"rotation": [-10, 0, 0],
					"position": [0, "math.sin(q.anim_time*90*2+33*0)*0.4", 0]
				},
				"tail": {
					"rotation": ["-20+math.sin(q.anim_time*90*2+33*4)*0.4*5", "math.sin(q.anim_time*90*2+33*7)*8", 0]
				},
				"tail2": {
					"rotation": ["17.5+math.sin(q.anim_time*90*2+33*3)*0.4*4", "math.sin(q.anim_time*90*2+33*6)*7", 0]
				},
				"tail3": {
					"rotation": ["22.5+math.sin(q.anim_time*90*2+33*2)*0.4*5", "math.sin(q.anim_time*90*2+33*3)*5", 0]
				},
				"tail4": {
					"rotation": ["25+math.sin(q.anim_time*90*2+33*1)*0.4*6", "math.sin(q.anim_time*90*2+33*3)*6", 0]
				},
				"chest": {
					"rotation": [15, 0, 0]
				},
				"head": {
					"rotation": ["-math.sin(q.anim_time*90*2-33*2)*2+5", 0, 0]
				},
				"arm_right": {
					"rotation": [50, "-37.5-math.sin(q.anim_time*90*2-33*2)*1", "-45+math.sin(q.anim_time*90*2-33*2)*1"]
				},
				"forearm_right": {
					"rotation": [0, -65, 0]
				},
				"finger_pinky_right": {
					"rotation": [0, -10, "-15-math.sin(q.anim_time*90*2-33*2)*2"]
				},
				"finger_middle_right": {
					"rotation": [0, 0, "-10-math.sin(q.anim_time*90*2-33*2)*2"]
				},
				"finger_index_right": {
					"rotation": [10, 5, "-10-math.sin(q.anim_time*90*2-33*2)*2"]
				},
				"arm_left": {
					"rotation": [47.5, "37.5+math.sin(q.anim_time*90*2-33*2)*1", "45-math.sin(q.anim_time*90*2-33*2)*1"]
				},
				"forearm_left": {
					"rotation": [0, 75, 0]
				},
				"finger_pinky_left": {
					"rotation": [0, 10, "15+math.sin(q.anim_time*90*2-33*2)*2"]
				},
				"finger_middle_left": {
					"rotation": [0, 0, "20+math.sin(q.anim_time*90*2-33*2)*2"]
				},
				"finger_index_left": {
					"rotation": [10, -5, "20+math.sin(q.anim_time*90*2-33*2)*2"]
				},
				"leg_right": {
					"rotation": [-145, "35-math.sin(q.anim_time*90*2-33*2)*1", "-90+math.sin(q.anim_time*90*2-33*2)*1"]
				},
				"knee_right": {
					"rotation": [50, 0, -10]
				},
				"foot_right": {
					"rotation": [0, -25, 0]
				},
				"toe_back_right": {
					"rotation": [-45, 0, 0]
				},
				"leg_left": {
					"rotation": [-145, "-35+math.sin(q.anim_time*90*2-33*2)*1", "90-math.sin(q.anim_time*90*2-33*2)*1"]
				},
				"knee_left": {
					"rotation": [62.5, 0, 10]
				},
				"toe_back_left": {
					"rotation": [-35, 0, 0]
				},
				"foot_left": {
					"rotation": [-5, 10, 0]
				},
				"finger_index_left2": {
					"rotation": [0, 0, 45]
				},
				"finger_pinky_left2": {
					"rotation": [0, 0, 55]
				},
				"finger_middle_left2": {
					"rotation": [0, 0, 45]
				},
				"toe_outer_left2": {
					"rotation": [35, 0, 0]
				},
				"toe_inner_left2": {
					"rotation": [45, 0, 0]
				},
				"finger_index_right2": {
					"rotation": [0, 0, -50]
				},
				"finger_middle_right2": {
					"rotation": [0, 0, -45]
				},
				"finger_pinky_right2": {
					"rotation": [0, 0, -40]
				},
				"toe_outer_right2": {
					"rotation": [45, 0, 0]
				},
				"toe_inner_right2": {
					"rotation": [55, 0, 0]
				}
			}
		},
		"animation.abra.ground_walk": {
			"loop": true,
			"bones": {
				"body": {
					"rotation": [2.5, 0, 0],
					"position": [0, "math.sin(q.anim_time*90*2+33*0)*0.8", 0]
				},
				"tail": {
					"rotation": ["-20+math.sin(q.anim_time*90*2+33*4)*0.4*5", "math.sin(q.anim_time*90*2+33*7)*10", 0]
				},
				"tail2": {
					"rotation": ["17.5+math.sin(q.anim_time*90*2+33*3)*0.4*4", "math.sin(q.anim_time*90*2+33*6)*9", 0]
				},
				"tail3": {
					"rotation": ["22.5+math.sin(q.anim_time*90*2+33*2)*0.4*5", "math.sin(q.anim_time*90*2+33*3)*7", 0]
				},
				"tail4": {
					"rotation": ["25+math.sin(q.anim_time*90*2+33*1)*0.4*6", "math.sin(q.anim_time*90*2+33*3)*8", 0]
				},
				"chest": {
					"rotation": [15, 0, 0]
				},
				"head": {
					"rotation": ["-math.sin((q.anim_time-0.1)*90*2-33*2)*5", 0, 0]
				},
				"arm_right": {
					"rotation": ["50-math.sin(q.anim_time*90*2-33*2)*5", "-37.5-math.sin(q.anim_time*90*2-33*2)*1", "-45+math.sin(q.anim_time*90*2-33*2)*1"]
				},
				"forearm_right": {
					"rotation": [0, "-70+math.sin((q.anim_time-0.2)*90*2-33*2)*5", 0]
				},
				"finger_pinky_right": {
					"rotation": [0, -10, "-15-math.sin(q.anim_time*90*2-33*2)*2"]
				},
				"finger_middle_right": {
					"rotation": [0, 0, "-10-math.sin(q.anim_time*90*2-33*2)*2"]
				},
				"finger_index_right": {
					"rotation": [10, 5, "-10-math.sin(q.anim_time*90*2-33*2)*2"]
				},
				"arm_left": {
					"rotation": ["47.5-math.sin(q.anim_time*90*2-33*2)*5", "37.5+math.sin(q.anim_time*90*2-33*2)*1", "45-math.sin(q.anim_time*90*2-33*2)*1"]
				},
				"forearm_left": {
					"rotation": [0, "70-math.sin((q.anim_time-0.2)*90*2-33*2)*5", 0]
				},
				"finger_pinky_left": {
					"rotation": [0, 10, "15+math.sin(q.anim_time*90*2-33*2)*2"]
				},
				"finger_middle_left": {
					"rotation": [0, 0, "20+math.sin(q.anim_time*90*2-33*2)*2"]
				},
				"finger_index_left": {
					"rotation": [10, -5, "20+math.sin(q.anim_time*90*2-33*2)*2"]
				},
				"leg_right": {
					"rotation": [-145, "35-math.sin(q.anim_time*90*2-33*2)*1", "-90+math.sin(q.anim_time*90*2-33*2)*5"]
				},
				"knee_right": {
					"rotation": [50, 0, -10]
				},
				"foot_right": {
					"rotation": [0, -25, 0]
				},
				"toe_back_right": {
					"rotation": [-45, 0, 0]
				},
				"leg_left": {
					"rotation": [-145, "-35+math.sin(q.anim_time*90*2-33*2)*1", "90-math.sin(q.anim_time*90*2-33*2)*5"]
				},
				"knee_left": {
					"rotation": [62.5, 0, 10]
				},
				"toe_back_left": {
					"rotation": [-35, 0, 0]
				},
				"foot_left": {
					"rotation": [-5, 10, 0]
				},
				"finger_index_left2": {
					"rotation": [0, 0, 45]
				},
				"finger_pinky_left2": {
					"rotation": [0, 0, 55]
				},
				"finger_middle_left2": {
					"rotation": [0, 0, 45]
				},
				"toe_outer_left2": {
					"rotation": [35, 0, 0]
				},
				"toe_inner_left2": {
					"rotation": [45, 0, 0]
				},
				"finger_index_right2": {
					"rotation": [0, 0, -50]
				},
				"finger_middle_right2": {
					"rotation": [0, 0, -45]
				},
				"finger_pinky_right2": {
					"rotation": [0, 0, -40]
				},
				"toe_outer_right2": {
					"rotation": [45, 0, 0]
				},
				"toe_inner_right2": {
					"rotation": [55, 0, 0]
				}
			}
		},
		"animation.abra.ground_run": {
			"loop": true,
			"bones": {
				"body": {
					"rotation": [7.5, 0, 0],
					"position": [0, "math.sin(q.anim_time*90*2+63*0)*0.8", "math.cos(q.anim_time*90*2+63*0)*1"]
				},
				"tail": {
					"rotation": ["-20+math.sin(q.anim_time*90*2+33*4)*0.4*5", "math.sin(q.anim_time*90*2+33*7)*10", 0]
				},
				"tail2": {
					"rotation": ["17.5+math.sin(q.anim_time*90*2+33*3)*0.4*4", "math.sin(q.anim_time*90*2+33*6)*9", 0]
				},
				"tail3": {
					"rotation": ["22.5+math.sin(q.anim_time*90*2+33*2)*0.4*5", "math.sin(q.anim_time*90*2+33*3)*7", 0]
				},
				"tail4": {
					"rotation": ["25+math.sin(q.anim_time*90*2+33*1)*0.4*6", "math.sin(q.anim_time*90*2+33*3)*8", 0]
				},
				"chest": {
					"rotation": [15, 0, 0]
				},
				"head": {
					"rotation": ["-7.5-math.sin((q.anim_time-0.2)*90*2-33*2)*5", 0, 0]
				},
				"arm_right": {
					"rotation": ["50-math.sin(q.anim_time*90*2-33*2)*5", "-37.5-math.sin(q.anim_time*90*2-33*2)*1", "-45+math.sin(q.anim_time*90*2-33*2)*1"]
				},
				"forearm_right": {
					"rotation": [0, "-70+math.sin((q.anim_time-0.22)*90*2-33*2)*5", 0]
				},
				"finger_pinky_right": {
					"rotation": [0, -10, "-15-math.sin(q.anim_time*90*2-33*2)*2"]
				},
				"finger_middle_right": {
					"rotation": [0, 0, "-10-math.sin(q.anim_time*90*2-33*2)*2"]
				},
				"finger_index_right": {
					"rotation": [10, 5, "-10-math.sin(q.anim_time*90*2-33*2)*2"]
				},
				"arm_left": {
					"rotation": ["47.5-math.sin(q.anim_time*90*2-33*2)*5", "37.5+math.sin(q.anim_time*90*2-33*2)*1", "45-math.sin(q.anim_time*90*2-33*2)*1"]
				},
				"forearm_left": {
					"rotation": [0, "70-math.sin((q.anim_time-0.2)*90*2-33*2)*5", 0]
				},
				"finger_pinky_left": {
					"rotation": [0, 10, "15+math.sin(q.anim_time*90*2-33*2)*2"]
				},
				"finger_middle_left": {
					"rotation": [0, 0, "20+math.sin(q.anim_time*90*2-33*2)*2"]
				},
				"finger_index_left": {
					"rotation": [10, -5, "20+math.sin(q.anim_time*90*2-33*2)*2"]
				},
				"leg_right": {
					"rotation": [-145, "35-math.sin(q.anim_time*90*2-33*2)*1", "-90+math.sin(q.anim_time*90*2-33*2)*5"]
				},
				"knee_right": {
					"rotation": [50, 0, -10]
				},
				"foot_right": {
					"rotation": [0, -25, 0]
				},
				"toe_back_right": {
					"rotation": [-45, 0, 0]
				},
				"leg_left": {
					"rotation": [-145, "-35+math.sin(q.anim_time*90*2-33*2)*1", "90-math.sin(q.anim_time*90*2-33*2)*5"]
				},
				"knee_left": {
					"rotation": [62.5, 0, 10]
				},
				"toe_back_left": {
					"rotation": [-35, 0, 0]
				},
				"foot_left": {
					"rotation": [-5, 10, 0]
				},
				"finger_index_left2": {
					"rotation": [0, 0, 45]
				},
				"finger_pinky_left2": {
					"rotation": [0, 0, 55]
				},
				"finger_middle_left2": {
					"rotation": [0, 0, 45]
				},
				"toe_outer_left2": {
					"rotation": [35, 0, 0]
				},
				"toe_inner_left2": {
					"rotation": [45, 0, 0]
				},
				"finger_index_right2": {
					"rotation": [0, 0, -50]
				},
				"finger_middle_right2": {
					"rotation": [0, 0, -45]
				},
				"finger_pinky_right2": {
					"rotation": [0, 0, -40]
				},
				"toe_outer_right2": {
					"rotation": [45, 0, 0]
				},
				"toe_inner_right2": {
					"rotation": [55, 0, 0]
				}
			}
		},
		"animation.abra.battle_idle": {
			"loop": true,
			"bones": {
				"body": {
					"rotation": ["7.5+math.sin((q.anim_time-0.2)*90*2+63*0)*4", "math.sin((q.anim_time-0.2)*90*3+63*0)*1", "math.sin((q.anim_time-0.2)*90*1+120*0)*2"],
					"position": ["math.sin((q.anim_time-0.2)*90*2+63*0)*0.3", "math.cos((q.anim_time-0.2)*90*2+63*0)*0.4+math.cos((q.anim_time-0.2)*90*2.4+63*0)*0.5", 0]
				},
				"tail": {
					"rotation": ["-20+math.sin(q.anim_time*90*2+33*4)*0.4*5", "math.sin(q.anim_time*90*2+33*7)*10", 0]
				},
				"tail2": {
					"rotation": ["17.5+math.sin(q.anim_time*90*2+33*3)*0.4*4", "math.sin(q.anim_time*90*2+33*6)*9", 0]
				},
				"tail3": {
					"rotation": ["22.5+math.sin(q.anim_time*90*2+33*2)*0.4*5", "math.sin(q.anim_time*90*2+33*3)*7", 0]
				},
				"tail4": {
					"rotation": ["25+math.sin(q.anim_time*90*2+33*1)*0.4*6", "math.sin(q.anim_time*90*2+33*3)*8", 0]
				},
				"chest": {
					"rotation": [5, 0, 0]
				},
				"head": {
					"rotation": ["2.5-math.sin((q.anim_time-0.2)*90*2-33*2)*5", 0, 0]
				},
				"arm_right": {
					"rotation": ["41.0834-math.sin(q.anim_time*90*2-33*2)*5", "-29.566-math.sin(q.anim_time*90*2-33*2)*1", "-37.7588+math.sin(q.anim_time*90*2-33*2)*1"]
				},
				"forearm_right": {
					"rotation": [-37.32066, "-3.6966+math.sin((q.anim_time-0.22)*90*2-33*2)*5", 79.66625]
				},
				"finger_pinky_right": {
					"rotation": [0, -10, "-15-math.sin(q.anim_time*90*2-33*2)*2"]
				},
				"finger_middle_right": {
					"rotation": [0, 0, "20-math.sin(q.anim_time*90*2-33*2)*2"]
				},
				"finger_index_right": {
					"rotation": [2.39022, 1.09389, "25.5854-math.sin(q.anim_time*90*2-33*2)*2"]
				},
				"arm_left": {
					"rotation": ["41.0834-math.sin(q.anim_time*90*2-33*2)*5", "29.566-math.sin(q.anim_time*90*2-33*2)*1", "37.7588+math.sin(q.anim_time*90*2-33*2)*1"]
				},
				"forearm_left": {
					"rotation": [-37.32066, "3.6966+math.sin((q.anim_time-0.22)*90*2-33*2)*5", -79.66625]
				},
				"finger_pinky_left": {
					"rotation": [0, 10, "15-math.sin(q.anim_time*90*2-33*2)*2"]
				},
				"finger_middle_left": {
					"rotation": [0, 0, "-20-math.sin(q.anim_time*90*2-33*2)*2"]
				},
				"finger_index_left": {
					"rotation": [2.39022, -1.09389, "-25.5854-math.sin(q.anim_time*90*2-33*2)*2"]
				},
				"leg_right": {
					"rotation": [-145, "35-math.sin(q.anim_time*90*2-33*2)*1", "-90+math.sin(q.anim_time*90*2-33*2)*5"]
				},
				"knee_right": {
					"rotation": [50, 0, -10]
				},
				"foot_right": {
					"rotation": [0, -25, 0]
				},
				"toe_back_right": {
					"rotation": [-45, 0, 0]
				},
				"leg_left": {
					"rotation": [-145, "-35+math.sin(q.anim_time*90*2-33*2)*1", "90-math.sin(q.anim_time*90*2-33*2)*5"]
				},
				"knee_left": {
					"rotation": [62.5, 0, 10]
				},
				"toe_back_left": {
					"rotation": [-35, 0, 0]
				},
				"foot_left": {
					"rotation": [-5, 10, 0]
				},
				"finger_index_left2": {
					"rotation": [0, 0, 50]
				},
				"finger_pinky_left2": {
					"rotation": [0, 0, 40]
				},
				"finger_middle_left2": {
					"rotation": [0, 0, 52.5]
				},
				"toe_outer_left2": {
					"rotation": [35, 0, 0]
				},
				"toe_inner_left2": {
					"rotation": [45, 0, 0]
				},
				"finger_index_right2": {
					"rotation": [0, 0, -50]
				},
				"finger_middle_right2": {
					"rotation": [0, 0, -52.5]
				},
				"finger_pinky_right2": {
					"rotation": [0, 0, -40]
				},
				"toe_outer_right2": {
					"rotation": [45, 0, 0]
				},
				"toe_inner_right2": {
					"rotation": [55, 0, 0]
				}
			}
		},
		"animation.abra.sleep": {
			"loop": true,
			"bones": {
				"body": {
					"rotation": [-30, 0, 0],
					"position": [0, -7.5, 1]
				},
				"tail": {
					"rotation": ["35.5-math.sin(q.anim_time*180)*0.4", "math.sin(q.anim_time*90)*1", 0]
				},
				"tail2": {
					"rotation": ["18+math.sin(q.anim_time*180)*0.4*4", "math.sin(q.anim_time*90)*7", 0]
				},
				"tail3": {
					"rotation": ["23+math.sin(q.anim_time*180)*0.4*5", "math.sin(q.anim_time*90)*5", 0]
				},
				"tail4": {
					"rotation": ["25+math.sin(q.anim_time*180)*0.4*6", "math.sin(q.anim_time*90)*6", 0]
				},
				"chest": {
					"rotation": ["25-math.sin((q.anim_time+0.1)*90-60)*1+5", 0, 0]
				},
				"head": {
					"rotation": ["22.5-math.sin(q.anim_time*90)*2+5", 0, 0]
				},
				"arm_right": {
					"rotation": [57.23431, "-52.529-math.sin(q.anim_time*90)*2", -55.55882]
				},
				"forearm_right": {
					"rotation": [-7.58967, -36.83503, "12.5306-math.sin(q.anim_time*90-20)*5"]
				},
				"finger_pinky_right": {
					"rotation": [-1.29717, -10.17078, -30.0547]
				},
				"finger_middle_right": {
					"rotation": [0, 0, -22.5]
				},
				"finger_index_right": {
					"rotation": [10, 5, -10]
				},
				"arm_left": {
					"rotation": [56.79179, "52.5027+math.sin(q.anim_time*90)*2", 55.54963]
				},
				"forearm_left": {
					"rotation": [-4.18273, 39.8173, "-6.5154+math.sin(q.anim_time*90-20)*5"]
				},
				"finger_pinky_left": {
					"rotation": [-0.87038, 10.07615, 25.0374]
				},
				"finger_middle_left": {
					"rotation": [0, 0, 25]
				},
				"finger_index_left": {
					"rotation": [10, -5, 20]
				},
				"leg_right": {
					"rotation": [-128.26517, 44.8324, -79.7527]
				},
				"knee_right": {
					"rotation": [57.40093, -4.21541, -7.30864]
				},
				"foot_right": {
					"rotation": [19.01386, -17.92911, 2.68937]
				},
				"toe_back_right": {
					"rotation": [-57.05902, 28.53623, -36.40051]
				},
				"leg_left": {
					"rotation": [-128.26517, -44.8324, 79.7527]
				},
				"knee_left": {
					"rotation": [64.9791, 2.26564, 8.9429]
				},
				"toe_back_left": {
					"rotation": [-52.30222, -21.2842, 25.15933]
				},
				"foot_left": {
					"rotation": [10.83265, 8.98092, -10.08648]
				},
				"finger_index_left2": {
					"rotation": [0, 0, 57.5]
				},
				"finger_pinky_left2": {
					"rotation": [0, 0, 55]
				},
				"finger_middle_left2": {
					"rotation": [0, 0, 55]
				},
				"toe_outer_left2": {
					"rotation": [48.4877, 10.07026, 11.17505]
				},
				"toe_inner_left2": {
					"rotation": [62.5, 0, 0]
				},
				"finger_index_right2": {
					"rotation": [0, 0, -62.5]
				},
				"finger_middle_right2": {
					"rotation": [0, 0, -60]
				},
				"finger_pinky_right2": {
					"rotation": [0, 0, -55]
				},
				"toe_outer_right2": {
					"rotation": [48.4877, -10.07026, -11.17505]
				},
				"toe_inner_right2": {
					"rotation": [67.5, 0, 0]
				},
				"ear_right": {
					"rotation": [28.05995, 4.38813, -39.45069]
				},
				"ear_left": {
					"rotation": [19.2055, -1.36898, 25.75011]
				}
			}
		},
		"animation.abra.dance": {
			"loop": true,
			"bones": {
				"body": {
					"rotation": ["-10+q.anim_time*90*1", "q.anim_time*90*2", "q.anim_time*90*3"],
					"position": [0, "math.sin(q.anim_time*90*10)*1", 0]
				},
				"tail": {
					"rotation": ["-32+math.sin(q.anim_time*180)*0.4*5", "math.sin(q.anim_time*90)*8", 0]
				},
				"tail2": {
					"rotation": ["18+math.sin(q.anim_time*180)*0.4*4", "math.sin(q.anim_time*90)*7", 0]
				},
				"tail3": {
					"rotation": ["23+math.sin(q.anim_time*180)*0.4*5", "math.sin(q.anim_time*90)*5", 0]
				},
				"tail4": {
					"rotation": ["25+math.sin(q.anim_time*180)*0.4*6", "math.sin(q.anim_time*90)*6", 0]
				},
				"chest": {
					"rotation": ["25-math.sin((q.anim_time+0.1)*90)*2+5", 0, 0]
				},
				"head": {
					"rotation": ["-math.sin(q.anim_time*90)*2-17.5", 0, 0]
				},
				"arm_right": {
					"rotation": [-90.3766, 15.5537, "14.5772+math.sin(q.anim_time*90*10)*20"]
				},
				"forearm_right": {
					"rotation": [-7.58967, -36.83503, 12.53061]
				},
				"finger_pinky_right": {
					"rotation": [-1.29717, -10.17078, -30.0547]
				},
				"finger_middle_right": {
					"rotation": [0, 0, -22.5]
				},
				"finger_index_right": {
					"rotation": [10, 5, -10]
				},
				"arm_left": {
					"rotation": [-90.3766, "-15.5537+math.sin(q.anim_time*90*10)*20", -14.57718]
				},
				"forearm_left": {
					"rotation": [-4.18273, 39.8173, -6.51543]
				},
				"finger_pinky_left": {
					"rotation": [-0.87038, 10.07615, 25.0374]
				},
				"finger_middle_left": {
					"rotation": [0, 0, 25]
				},
				"finger_index_left": {
					"rotation": [10, -5, 20]
				},
				"leg_right": {
					"rotation": ["-42.7023+math.sin(q.anim_time*90*10)*20", "77.4832+math.sin(q.anim_time*90)*4", "22.6649-math.sin(q.anim_time*90)*1"]
				},
				"knee_right": {
					"rotation": [42.4791, -2.26564, -8.9429]
				},
				"foot_right": {
					"rotation": [19.01386, -17.92911, 2.68937]
				},
				"toe_back_right": {
					"rotation": [-62.5, 0, 0]
				},
				"leg_left": {
					"rotation": ["-42.7023+math.sin(q.anim_time*90*10)*20", "-77.4832+math.sin(q.anim_time*90)*4", "-22.6649-math.sin(q.anim_time*90)*1"]
				},
				"knee_left": {
					"rotation": [42.4791, 2.26564, 8.9429]
				},
				"toe_back_left": {
					"rotation": [-47.5, 0, 0]
				},
				"foot_left": {
					"rotation": [10.83265, 8.98092, -10.08648]
				},
				"finger_index_left2": {
					"rotation": [0, 0, 57.5]
				},
				"finger_pinky_left2": {
					"rotation": [0, 0, 55]
				},
				"finger_middle_left2": {
					"rotation": [0, 0, 55]
				},
				"toe_outer_left2": {
					"rotation": [47.5, 0, 0]
				},
				"toe_inner_left2": {
					"rotation": [62.5, 0, 0]
				},
				"finger_index_right2": {
					"rotation": [0, 0, -62.5]
				},
				"finger_middle_right2": {
					"rotation": [0, 0, -60]
				},
				"finger_pinky_right2": {
					"rotation": [0, 0, -55]
				},
				"toe_outer_right2": {
					"rotation": [50, 0, 0]
				},
				"toe_inner_right2": {
					"rotation": [67.5, 0, 0]
				},
				"ear_right": {
					"rotation": [28.05995, 4.38813, -39.45069]
				},
				"ear_left": {
					"rotation": [19.2055, -1.36898, 25.75011]
				}
			}
		},
		"animation.abra.cry": {
			"animation_length": 1.5,
			"bones": {
				"body": {
					"rotation": {
						"0.0": [0, 0, 0],
						"0.3333": [0, 0, 0],
						"0.4167": [0, 0, "0-(math.random(-0.1,0.1))"],
						"0.75": [0, 0, "0-(math.random(-0.1,0.1))"],
						"1.0": [0, 0, 0]
					},
					"position": {
						"0.0": [0, 0, 0],
						"0.2917": [0, 0, 0],
						"0.3333": [0, "0-(math.random(-0.1,0.1))", 0],
						"1.0": [0, 0, 0]
					}
				},
				"tail": {
					"rotation": {
						"0.0833": [0, 0, 0],
						"0.2083": [0, 0, 0],
						"0.25": [-10, 0, 0],
						"0.375": [12.5, 0, 0],
						"0.7083": [17.5, 0, 0],
						"1.1667": [0, 0, 0]
					}
				},
				"tail2": {
					"rotation": {
						"0.125": [0, 0, 0],
						"0.25": [0, 0, 0],
						"0.2917": [-10, 0, 0],
						"0.4167": [12.5, 0, 0],
						"0.75": [17.5, 0, 0],
						"1.2083": [0, 0, 0]
					}
				},
				"tail3": {
					"rotation": {
						"0.2083": [0, 0, 0],
						"0.3333": [0, 0, 0],
						"0.375": [-10, 0, 0],
						"0.5": [12.5, 0, 0],
						"0.8333": [17.5, 0, 0],
						"1.2917": [0, 0, 0]
					}
				},
				"tail4": {
					"rotation": {
						"0.2083": [0, 0, 0],
						"0.3333": [0, 0, 0],
						"0.375": [-10, 0, 0],
						"0.5": [12.5, 0, 0],
						"0.8333": [17.5, 0, 0],
						"1.2917": [0, 0, 0]
					}
				},
				"chest": {
					"rotation": {
						"0.0": [0, 0, 0],
						"0.2083": [-5, 0, 0],
						"0.7083": [5, 0, 0],
						"1.0": [0, 0, 0]
					}
				},
				"head": {
					"rotation": {
						"0.0": [0, 0, 0],
						"0.0833": [-5, 0, 0],
						"0.2083": [-3.18, "-(math.random(0,10))", 0],
						"0.75": [9.32, "-(math.random(0,10))", 0],
						"1.0": [9.32, 0, 0],
						"1.25": [0, 0, 0]
					}
				},
				"eye_right": {
					"rotation": {
						"0.0": [0, 0, 0],
						"0.0833": [0, 0, -10],
						"0.2917": [0, 0, 7.5],
						"0.75": [0, 0, 7.5],
						"1.0833": [0, 0, 0]
					},
					"position": {
						"0.0": [0, 0, 0],
						"0.0833": [0, 0.07471, -0.00654],
						"0.2917": [0.225, -0.18, -0.01],
						"0.75": [0.225, -0.18, -0.01],
						"1.0833": [0, 0, 0]
					}
				},
				"eye_left": {
					"rotation": {
						"0.0": [0, 0, 0],
						"0.0833": [0, 0, 10],
						"0.2917": [0, 0, -7.5],
						"0.75": [0, 0, -7.5],
						"1.0833": [0, 0, 0]
					},
					"position": {
						"0.0": [0, 0, 0],
						"0.0833": [0, 0.07471, -0.00654],
						"0.2917": [-0.225, -0.18, -0.01],
						"0.75": [-0.225, -0.18, -0.01],
						"1.0833": [0, 0, 0]
					}
				},
				"ear_right": {
					"rotation": {
						"0.0": [0, 0, 0],
						"0.1667": [-3.18, "-(math.random(0,10))", 0],
						"1.0833": [0, 0, 0]
					}
				},
				"ear_left": {
					"rotation": {
						"0.0": [0, 0, 0],
						"0.1667": [-3.18, "NaN-(math.random(0,10))", 0],
						"1.0833": [0, 0, 0]
					}
				},
				"arm_right": {
					"rotation": {
						"0.0833": [0, 0, 0],
						"0.3333": [0, 5, 0],
						"0.8333": [0, -10, 0],
						"1.25": [0, 0, 0]
					}
				},
				"forearm_right": {
					"rotation": {
						"0.0": [0, 0, 0],
						"0.0833": [0, -5, 0],
						"0.2917": ["-10.9921+math.random(-5,5)", -12.506, 0],
						"0.5833": ["-4.2519+math.random(-5,5)", -14.88906, 0],
						"0.8333": [-0.73, -12.41, 0],
						"1.2083": [0, 0, 0]
					}
				},
				"finger_index_right": {
					"rotation": {
						"0.0": [0, 0, 0],
						"0.2083": [0, 0, 10],
						"0.2917": [0, 0, -12.5],
						"0.6667": [0, 0, -12.5],
						"1.0": [0, 0, 0]
					}
				},
				"finger_index_right2": {
					"rotation": {
						"0.0": [0, 0, 0],
						"0.125": [0, 0, 0],
						"0.2083": [0, 0, 32.5],
						"0.2917": [0, 0, -30],
						"0.6667": [0, 0, -32.5],
						"1.0": [0, 0, 0]
					}
				},
				"finger_middle_right": {
					"rotation": {
						"0.0": [0, 0, 0],
						"0.2083": [0, 0, 10],
						"0.2917": [0, 0, -12.5],
						"0.6667": [0, 0, -12.5],
						"1.0": [0, 0, 0]
					}
				},
				"finger_middle_right2": {
					"rotation": {
						"0.0": [0, 0, 0],
						"0.125": [0, 0, 0],
						"0.2083": [0, 0, 32.5],
						"0.2917": [0, 0, -30],
						"0.6667": [0, 0, -32.5],
						"1.0": [0, 0, 0]
					}
				},
				"finger_pinky_right": {
					"rotation": {
						"0.0": [0, 0, 0],
						"0.2083": [0, 0, 10],
						"0.2917": [0, 0, -12.5],
						"0.6667": [0, 0, -12.5],
						"1.0": [0, 0, 0]
					}
				},
				"finger_pinky_right2": {
					"rotation": {
						"0.0": [0, 0, 0],
						"0.125": [0, 0, 0],
						"0.2083": [0, 0, 32.5],
						"0.2917": [0, 0, -30],
						"0.6667": [0, 0, -32.5],
						"1.0": [0, 0, 0]
					}
				},
				"arm_left": {
					"rotation": {
						"0.0833": [0, 0, 0],
						"0.3333": [0, -5, 0],
						"0.7917": [0, 10, 0],
						"1.1667": [0, 0, 0]
					}
				},
				"forearm_left": {
					"rotation": {
						"0.0": [0, 0, 0],
						"0.0833": [0, 5, 0],
						"0.2917": ["-10.9921+math.random(-5,5)", 12.506, 0],
						"0.5833": ["-4.2519+math.random(-5,5)", 14.88906, 0],
						"0.7917": [-0.73, 12.41, 0],
						"1.1667": [0, 0, 0]
					}
				},
				"finger_index_left": {
					"rotation": {
						"0.0": [0, 0, 0],
						"0.2083": [0, 0, -10],
						"0.2917": [0, 0, 12.5],
						"0.6667": [0, 0, 12.5],
						"1.0": [0, 0, 0]
					}
				},
				"finger_index_left2": {
					"rotation": {
						"0.0": [0, 0, 0],
						"0.125": [0, 0, 0],
						"0.2083": [0, 0, -32.5],
						"0.2917": [0, 0, 30],
						"0.6667": [0, 0, 32.5],
						"1.0": [0, 0, 0]
					}
				},
				"finger_middle_left": {
					"rotation": {
						"0.0": [0, 0, 0],
						"0.2083": [0, 0, -10],
						"0.2917": [0, 0, 12.5],
						"0.6667": [0, 0, 12.5],
						"1.0": [0, 0, 0]
					}
				},
				"finger_middle_left2": {
					"rotation": {
						"0.0": [0, 0, 0],
						"0.125": [0, 0, 0],
						"0.2083": [0, 0, -32.5],
						"0.2917": [0, 0, 30],
						"0.6667": [0, 0, 32.5],
						"1.0": [0, 0, 0]
					}
				},
				"finger_pinky_left": {
					"rotation": {
						"0.0": [0, 0, 0],
						"0.2083": [0, 0, -10],
						"0.2917": [0, 0, 12.5],
						"0.6667": [0, 0, 12.5],
						"1.0": [0, 0, 0]
					}
				},
				"finger_pinky_left2": {
					"rotation": {
						"0.0": [0, 0, 0],
						"0.125": [0, 0, 0],
						"0.2083": [0, 0, -32.5],
						"0.2917": [0, 0, 30],
						"0.6667": [0, 0, 32.5],
						"1.0": [0, 0, 0]
					}
				},
				"leg_right": {
					"rotation": {
						"0.0833": [0, 0, 0],
						"0.1667": {
							"pre": [0, 0, 0],
							"post": [0, 0, 0],
							"lerp_mode": "catmullrom"
						},
						"0.3333": {
							"post": [0, 0, -10],
							"lerp_mode": "catmullrom"
						},
						"0.5": {
							"post": [0, 0, 2.5],
							"lerp_mode": "catmullrom"
						},
						"0.75": {
							"post": [0, 0, 5],
							"lerp_mode": "catmullrom"
						},
						"1.0833": [0, 0, 0]
					}
				},
				"toe_outer_right": {
					"rotation": {
						"0.0833": [0, 0, 0],
						"0.25": {
							"pre": [-7.5, 0, 0],
							"post": [-7.5, 0, 0],
							"lerp_mode": "catmullrom"
						},
						"0.3333": {
							"post": [15, 0, 0],
							"lerp_mode": "catmullrom"
						},
						"0.75": {
							"post": [17.5, 0, 0],
							"lerp_mode": "catmullrom"
						},
						"1.0833": [0, 0, 0]
					}
				},
				"toe_outer_right2": {
					"rotation": {
						"0.0833": [0, 0, 0],
						"0.25": {
							"pre": [-7.5, 0, 0],
							"post": [-7.5, 0, 0],
							"lerp_mode": "catmullrom"
						},
						"0.3333": {
							"post": [20, 0, 0],
							"lerp_mode": "catmullrom"
						},
						"0.75": {
							"post": [27.5, 0, 0],
							"lerp_mode": "catmullrom"
						},
						"1.0833": [0, 0, 0]
					}
				},
				"toe_inner_right": {
					"rotation": {
						"0.125": [0, 0, 0],
						"0.2917": {
							"pre": [-7.5, 0, 0],
							"post": [-7.5, 0, 0],
							"lerp_mode": "catmullrom"
						},
						"0.375": {
							"post": [15, 0, 0],
							"lerp_mode": "catmullrom"
						},
						"0.7917": {
							"post": [17.5, 0, 0],
							"lerp_mode": "catmullrom"
						},
						"1.125": [0, 0, 0]
					}
				},
				"toe_inner_right2": {
					"rotation": {
						"0.0833": [0, 0, 0],
						"0.25": {
							"pre": [-7.5, 0, 0],
							"post": [-7.5, 0, 0],
							"lerp_mode": "catmullrom"
						},
						"0.3333": {
							"post": [15, 0, 0],
							"lerp_mode": "catmullrom"
						},
						"0.75": {
							"post": [17.5, 0, 0],
							"lerp_mode": "catmullrom"
						},
						"1.0833": [0, 0, 0]
					}
				},
				"toe_back_right": {
					"rotation": {
						"0.0833": [0, 0, 0],
						"0.25": {
							"pre": [10, 0, 0],
							"post": [10, 0, 0],
							"lerp_mode": "catmullrom"
						},
						"0.3333": {
							"post": [-10, 0, 0],
							"lerp_mode": "catmullrom"
						},
						"0.75": {
							"post": [-12.5, 0, 0],
							"lerp_mode": "catmullrom"
						},
						"1.0833": [0, 0, 0]
					}
				},
				"leg_left": {
					"rotation": {
						"0.0": [0, 0, 0],
						"0.0833": {
							"pre": [0, 0, 0],
							"post": [0, 0, 0],
							"lerp_mode": "catmullrom"
						},
						"0.25": {
							"post": [0, 0, 10],
							"lerp_mode": "catmullrom"
						},
						"0.4167": {
							"post": [0, 0, -2.5],
							"lerp_mode": "catmullrom"
						},
						"0.6667": {
							"post": [0, 0, -5],
							"lerp_mode": "catmullrom"
						},
						"1.0": [0, 0, 0]
					}
				},
				"toe_outer_left": {
					"rotation": {
						"0.0": [0, 0, 0],
						"0.1667": {
							"pre": [-7.5, 0, 0],
							"post": [-7.5, 0, 0],
							"lerp_mode": "catmullrom"
						},
						"0.25": {
							"post": [15, 0, 0],
							"lerp_mode": "catmullrom"
						},
						"0.6667": {
							"post": [17.5, 0, 0],
							"lerp_mode": "catmullrom"
						},
						"1.0": [0, 0, 0]
					}
				},
				"toe_outer_left2": {
					"rotation": {
						"0.0": [0, 0, 0],
						"0.1667": {
							"pre": [-7.5, 0, 0],
							"post": [-7.5, 0, 0],
							"lerp_mode": "catmullrom"
						},
						"0.25": {
							"post": [20, 0, 0],
							"lerp_mode": "catmullrom"
						},
						"0.6667": {
							"post": [27.5, 0, 0],
							"lerp_mode": "catmullrom"
						},
						"1.0": [0, 0, 0]
					}
				},
				"toe_inner_left": {
					"rotation": {
						"0.0417": [0, 0, 0],
						"0.2083": {
							"pre": [-7.5, 0, 0],
							"post": [-7.5, 0, 0],
							"lerp_mode": "catmullrom"
						},
						"0.2917": {
							"post": [15, 0, 0],
							"lerp_mode": "catmullrom"
						},
						"0.7083": {
							"post": [17.5, 0, 0],
							"lerp_mode": "catmullrom"
						},
						"1.0417": [0, 0, 0]
					}
				},
				"toe_inner_left2": {
					"rotation": {
						"0.0": [0, 0, 0],
						"0.1667": {
							"pre": [-7.5, 0, 0],
							"post": [-7.5, 0, 0],
							"lerp_mode": "catmullrom"
						},
						"0.25": {
							"post": [15, 0, 0],
							"lerp_mode": "catmullrom"
						},
						"0.6667": {
							"post": [17.5, 0, 0],
							"lerp_mode": "catmullrom"
						},
						"1.0": [0, 0, 0]
					}
				},
				"toe_back_left": {
					"rotation": {
						"0.0": [0, 0, 0],
						"0.1667": {
							"pre": [10, 0, 0],
							"post": [10, 0, 0],
							"lerp_mode": "catmullrom"
						},
						"0.25": {
							"post": [-10, 0, 0],
							"lerp_mode": "catmullrom"
						},
						"0.6667": {
							"post": [-12.5, 0, 0],
							"lerp_mode": "catmullrom"
						},
						"1.0": [0, 0, 0]
					}
				}
			},
			"sound_effects": {
				"0.125": {
					"effect": "pokemon.abra.cry"
				}
			}
		},
		"animation.abra.faint": {
			"animation_length": 3,
			"bones": {
				"body": {
					"rotation": {
						"0.0": [-10, 0, 0],
						"1.0": {
							"pre": [-10, 0, 0],
							"post": [-10, 0, 0],
							"lerp_mode": "catmullrom"
						},
						"1.4583": {
							"post": [-8.03729, -0.67323, -4.56093],
							"lerp_mode": "catmullrom"
						},
						"1.75": {
							"post": [32.93, 0, 0],
							"lerp_mode": "catmullrom"
						},
						"1.9167": {
							"post": [76.94444, 0, 0],
							"lerp_mode": "catmullrom"
						},
						"2.0833": {
							"post": [52.22222, 0, 0],
							"lerp_mode": "catmullrom"
						},
						"2.1667": {
							"post": [37.5, 0, 0],
							"lerp_mode": "catmullrom"
						},
						"2.25": {
							"post": [21.66667, 0, 0],
							"lerp_mode": "catmullrom"
						},
						"2.4167": {
							"post": [5, 0, 0],
							"lerp_mode": "catmullrom"
						},
						"3.0": {
							"post": [5, 0, 0],
							"lerp_mode": "catmullrom"
						}
					},
					"position": {
						"0.0": [0, 0, 0],
						"0.3333": {
							"pre": [0, -0.3, 1.06],
							"post": [0, -0.3, 1.06],
							"lerp_mode": "catmullrom"
						},
						"1.0": {
							"post": [0, -1, 0],
							"lerp_mode": "catmullrom"
						},
						"1.2917": {
							"post": [0, 0, 0.5],
							"lerp_mode": "catmullrom"
						},
						"1.5833": {
							"post": [0, -0.25, -2.47],
							"lerp_mode": "catmullrom"
						},
						"1.9167": {
							"post": [0, -1, -5],
							"lerp_mode": "catmullrom"
						},
						"2.0833": {
							"post": [0, -2.55, -4.9],
							"lerp_mode": "catmullrom"
						},
						"2.3333": {
							"post": [0, 0.38, -2.88],
							"lerp_mode": "catmullrom"
						},
						"3.0": [0, 0.75, -3.25]
					}
				},
				"tail": {
					"rotation": {
						"0.0": ["-20+math.sin(q.anim_time*90*2+33*4)*0.4*5", "math.sin(q.anim_time*90*2+33*7)*8", 0],
						"1.4167": ["-2.5+math.sin(q.anim_time*90*2+33*4)*0.4*5", "0+math.sin(q.anim_time*90*2+33*7)*8", 0],
						"1.8333": [-56.26874, -6.64676, 1.80718],
						"2.2083": ["-60.3244+math.sin(q.anim_time*90*2+33*4)*0.4*5", "2.5595+math.sin(q.anim_time*90*2+33*7)*8", 4.51795]
					},
					"position": [0, 0, 0]
				},
				"tail2": {
					"rotation": {
						"0.0": ["17.5+math.sin(q.anim_time*90*2+33*3)*0.4*4", "math.sin(q.anim_time*90*2+33*6)*7", 0],
						"1.875": ["-10+math.sin(q.anim_time*90*2+33*3)*0.4*4", "0+math.sin(q.anim_time*90*2+33*6)*7", 0],
						"2.0417": ["17.5+math.sin(q.anim_time*90*2+33*3)*0.4*4", "math.sin(q.anim_time*90*2+33*6)*7", 0],
						"2.9167": ["-14.7616+math.sin(q.anim_time*90*2+33*3)*0.4*4", "5.1014+math.sin(q.anim_time*90*2+33*6)*7", 5.68555]
					},
					"position": {
						"0.0": [0, 0, 0],
						"1.4583": [0, 0, 0],
						"1.7083": [0, 0, -0.25],
						"1.875": [0, 0, -0.4],
						"1.9583": [0, 0, 0],
						"2.625": [0, 0, -0.75]
					}
				},
				"tail3": {
					"rotation": {
						"0.0": ["22.5+math.sin(q.anim_time*90*2+33*2)*0.4*5", "math.sin(q.anim_time*90*2+33*3)*5", 0],
						"1.9167": ["-17.5+math.sin(q.anim_time*90*2+33*2)*0.4*5", "math.sin(q.anim_time*90*2+33*3)*5", 0],
						"2.0417": ["22.5+math.sin(q.anim_time*90*2+33*2)*0.4*5", "math.sin(q.anim_time*90*2+33*3)*5", 0],
						"3.0": ["-11.4233+math.sin(q.anim_time*90*2+33*2)*0.4*5", "10.0204+math.sin(q.anim_time*90*2+33*3)*5", -0.30205]
					},
					"position": {
						"0.0": [0, 0, 0],
						"1.0417": [0, 0, 0],
						"1.5417": [0, 0, -0.5],
						"1.9167": [0, 0, -0.75],
						"1.9583": [0, 0, 0],
						"2.4583": [0, 0, 0],
						"2.5": [0, 0, -0.25],
						"3.0": [0, 0, -0.6]
					}
				},
				"tail4": {
					"rotation": {
						"0.0": ["25+math.sin(q.anim_time*90*2+33*1)*0.4*6", "math.sin(q.anim_time*90*2+33*3)*6", 0],
						"1.9583": ["-17.5+math.sin(q.anim_time*90*2+33*1)*0.4*6", "math.sin(q.anim_time*90*2+33*3)*6", 0],
						"2.0417": ["25+math.sin(q.anim_time*90*2+33*1)*0.4*6", "math.sin(q.anim_time*90*2+33*3)*6", 0],
						"3.0": ["-25.8514+math.sin(q.anim_time*90*2+33*1)*0.4*6", "12.8953+math.sin(q.anim_time*90*2+33*3)*6", -4.67136]
					}
				},
				"chest": {
					"rotation": {
						"0.0": [15, 0, 0],
						"0.1667": {
							"pre": [-7.5, 0, 0],
							"post": [-7.5, 0, 0],
							"lerp_mode": "catmullrom"
						},
						"0.375": {
							"post": [5, 0, 0],
							"lerp_mode": "catmullrom"
						},
						"0.625": {
							"post": [27.5, 0, 0],
							"lerp_mode": "catmullrom"
						},
						"0.7917": {
							"post": [27.5, 0, 0],
							"lerp_mode": "catmullrom"
						},
						"1.0417": {
							"post": [35, 0, 0],
							"lerp_mode": "catmullrom"
						},
						"1.8333": {
							"post": [20, 0, 0],
							"lerp_mode": "catmullrom"
						},
						"2.0417": {
							"post": [32.5, 0, 0],
							"lerp_mode": "catmullrom"
						},
						"2.4583": [20, 0, 0]
					},
					"position": {
						"0.0": [0, 0, 0],
						"0.125": [0, -0.5, 0],
						"0.3333": [0, 0, 0]
					}
				},
				"head": {
					"rotation": {
						"0.0": ["-math.sin(q.anim_time*90*2-33*2)*2+5", 0, 0],
						"0.125": ["-math.sin(q.anim_time*90*2-33*2)*2-20", 0, 0],
						"0.625": ["-math.sin(q.anim_time*90*2-33*2)*2+32.5", 0, 0],
						"0.6667": ["-math.sin(q.anim_time*90*2-33*2)*2+22.5", 0, 0],
						"0.8333": [15, 0, 0],
						"0.9583": {
							"pre": [7.5, 0, 0],
							"post": [7.5, 0, 0],
							"lerp_mode": "catmullrom"
						},
						"1.2083": {
							"post": [-12.5, 0, 0],
							"lerp_mode": "catmullrom"
						},
						"1.625": {
							"post": [-30, 0, 0],
							"lerp_mode": "catmullrom"
						},
						"1.875": {
							"post": [-70, 0, 0],
							"lerp_mode": "catmullrom"
						},
						"2.1667": {
							"post": [-10, 0, 0],
							"lerp_mode": "catmullrom"
						},
						"2.375": {
							"post": [-15, 0, 0],
							"lerp_mode": "catmullrom"
						},
						"3.0": [10, 0, 0]
					},
					"position": {
						"0.0": [0, 0, 0],
						"0.8333": [0, 0, 0]
					}
				},
				"arm_right": {
					"rotation": {
						"0.0": [50, "-37.5-math.sin(q.anim_time*90*2-33*2)*1", "-45+math.sin(q.anim_time*90*2-33*2)*1"],
						"0.3333": [44.81413, -33.15714, -41.83094],
						"0.375": [43.79143, -31.9725, -41.1754],
						"0.4583": [62.13456, -42.60372, -38.82952],
						"0.5417": [60, -65, -60],
						"0.625": [45, -45, -65],
						"0.75": [46.10302, -46.0887, -56.0156],
						"0.7917": [47.85846, -48.32368, -57.90417],
						"1.125": {
							"pre": [60.94584, -55.66668, -74.43609],
							"post": [60.94584, -55.66668, -74.43609],
							"lerp_mode": "catmullrom"
						},
						"1.4583": {
							"post": [47.85846, -48.32368, -57.90417],
							"lerp_mode": "catmullrom"
						},
						"1.6667": {
							"post": [-2.33679, -65.13696, 1.83965],
							"lerp_mode": "catmullrom"
						},
						"1.9167": {
							"post": [-10.51629, -64.24432, 9.79246],
							"lerp_mode": "catmullrom"
						},
						"2.125": {
							"post": [39.14635, -60.68761, -46.54707],
							"lerp_mode": "catmullrom"
						},
						"2.25": {
							"post": [6.77709, -70.6268, -9.8448],
							"lerp_mode": "catmullrom"
						},
						"2.375": {
							"post": [21.13025, -69.1605, -23.3862],
							"lerp_mode": "catmullrom"
						},
						"2.5": {
							"post": [7.1817, -70.6476, -10.2757],
							"lerp_mode": "catmullrom"
						},
						"2.7083": [14.23084, -70.039, -16.8952]
					},
					"position": [0, 0, 0]
				},
				"forearm_right": {
					"rotation": {
						"0.0": [0, -65, 0],
						"0.1667": [-72.9135, -50.09793, 36.23912],
						"0.375": [-14.32481, -23.75883, 5.36001],
						"0.5": [0, -35, -10],
						"0.5417": [6.24605, -19.03771, -18.54835],
						"0.7083": [7.5, -30, -45],
						"0.75": [5, -35, -30],
						"0.8333": [6.97219, -31.70052, -36.29244],
						"1.0": [7.944, -24.57071, -46.9898],
						"1.8333": [-5.11105, -25.26668, -16.61204],
						"2.125": [7.944, -24.57071, -46.9898],
						"2.2917": [-1.5331, -25.70437, -24.9074]
					},
					"position": [0, 0, 0]
				},
				"finger_pinky_right": {
					"rotation": [0, -10, "-15-math.sin(q.anim_time*90*2-33*2)*2"]
				},
				"finger_middle_right": {
					"rotation": [0, 0, "-10-math.sin(q.anim_time*90*2-33*2)*2"]
				},
				"finger_index_right": {
					"rotation": [10, 5, "-10-math.sin(q.anim_time*90*2-33*2)*2"]
				},
				"arm_left": {
					"rotation": {
						"0.0": [47.5, 37.5, 45],
						"0.3333": {
							"pre": [29.94466, 18.46236, 35.99905],
							"post": [29.94466, 18.46236, 35.99905],
							"lerp_mode": "catmullrom"
						},
						"0.375": {
							"post": [27.9435, 16.0411, 34.9293],
							"lerp_mode": "catmullrom"
						},
						"0.4583": {
							"post": [49.68962, 35.91133, 32.4683],
							"lerp_mode": "catmullrom"
						},
						"0.5417": {
							"post": [65, 62.5, 60],
							"lerp_mode": "catmullrom"
						},
						"0.625": {
							"post": [45, 45, 65],
							"lerp_mode": "catmullrom"
						},
						"0.6667": {
							"post": [40, 40, 60],
							"lerp_mode": "catmullrom"
						},
						"0.75": {
							"post": [12.05302, 44.71118, 40.223],
							"lerp_mode": "catmullrom"
						},
						"1.0833": {
							"post": [-75, 45, -25],
							"lerp_mode": "catmullrom"
						},
						"1.1667": {
							"post": [-75, 45, -45],
							"lerp_mode": "catmullrom"
						},
						"1.25": {
							"post": [-75, 50, -50],
							"lerp_mode": "catmullrom"
						},
						"1.4167": {
							"post": [-75, 60, -50],
							"lerp_mode": "catmullrom"
						},
						"1.4583": {
							"post": [-73.66296, 56.23353, -46.65741],
							"lerp_mode": "catmullrom"
						},
						"1.5": {
							"post": [-79.36718, 54.79569, -51.59361],
							"lerp_mode": "catmullrom"
						},
						"1.5417": {
							"post": [-77.45314, 48.52993, -46.12347],
							"lerp_mode": "catmullrom"
						},
						"1.5833": {
							"post": [-85.4265, 39.85332, -53.61129],
							"lerp_mode": "catmullrom"
						},
						"1.6667": {
							"post": [-86.69589, 31.60403, -52.68971],
							"lerp_mode": "catmullrom"
						},
						"2.0": {
							"post": [-7.24906, 57.57343, 9.94375],
							"lerp_mode": "catmullrom"
						},
						"2.125": {
							"post": [43.88306, 45.31702, 52.0708],
							"lerp_mode": "catmullrom"
						},
						"2.25": {
							"post": [-3.41399, 67.5012, 9.8589],
							"lerp_mode": "catmullrom"
						},
						"2.375": {
							"post": [9.32122, 66.16519, 21.65515],
							"lerp_mode": "catmullrom"
						},
						"2.5": {
							"post": [-3.26658, 67.5173, 10.0184],
							"lerp_mode": "catmullrom"
						},
						"2.7083": [2.89894, 66.9402, 15.6842]
					}
				},
				"forearm_left": {
					"rotation": {
						"0.0": [0, 75, 0],
						"0.1667": [-58.44943, 60.91443, -31.62345],
						"0.625": [10.09541, 25.71543, 22.30998],
						"0.7083": [7.5, 40, 10],
						"0.75": [10, 40, 10],
						"0.8333": [10, 45, 0],
						"1.0417": [8.50189, 40.35815, 26.93964],
						"1.1667": [-2.5, 30, 10],
						"1.2083": [-10, 25, 0],
						"1.2917": [-12.58579, 13.72132, -1.75183],
						"1.9583": [13.64501, 49.19994, 48.59278],
						"2.0833": [7.80224, 31.06904, 32.63662],
						"2.125": [8.63852, 24.43488, 45.98907],
						"2.2917": [6.44491, 32.59348, 27.23999],
						"2.375": [2.01191, 37.21628, 13.66461],
						"2.4583": [4.74539, 34.65529, 21.96334]
					},
					"position": [0, 0, 0]
				},
				"finger_pinky_left": {
					"rotation": {
						"0.0": [0, 10, "15+math.sin(q.anim_time*90*2-33*2)*2"],
						"0.625": [0, 10, "15+math.sin(q.anim_time*90*2-33*2)*2"],
						"0.7083": [18.18625, 41.67591, "-26.8369+math.sin(q.anim_time*90*2-33*2)*2"],
						"1.1667": [-9.11521, 25.1903, "-60.5623+math.sin(q.anim_time*90*2-33*2)*2"],
						"1.4167": [1.38949, 4.88428, -31.2657],
						"1.5417": [-6.65851, 15.36419, -46.81113],
						"1.75": [3.34139, -5, "15.0914+math.sin(q.anim_time*90*2-33*2)*2"]
					}
				},
				"finger_middle_left": {
					"rotation": {
						"0.0": [0, 0, "20+math.sin(q.anim_time*90*2-33*2)*2"],
						"0.625": [0, 0, "20+math.sin(q.anim_time*90*2-33*2)*2"],
						"0.7083": [21.29654, 28.1205, "-17.9257+math.sin(q.anim_time*90*2-33*2)*2"],
						"1.1667": [10.52127, 30, "-47.5394+math.sin(q.anim_time*90*2-33*2)*2"],
						"1.4583": [-0.13133, 20, -32.75008],
						"1.75": [0.3025, -8.92748, "15+math.sin(q.anim_time*90*2-33*2)*2"]
					}
				},
				"finger_index_left": {
					"rotation": {
						"0.0": [10, -5, "20+math.sin(q.anim_time*90*2-33*2)*2"],
						"0.625": [10, -5, "20+math.sin(q.anim_time*90*2-33*2)*2"],
						"0.7083": [30.41358, 16.5222, "-7.6375+math.sin(q.anim_time*90*2-33*2)*2"],
						"1.1667": [25.92099, 30.24112, "-31.2547+math.sin(q.anim_time*90*2-33*2)*2"],
						"1.4583": [6.49678, 32.24132, -48.0197],
						"1.75": [11.98587, -8.87092, "17.1809+math.sin(q.anim_time*90*2-33*2)*2"]
					}
				},
				"leg_right": {
					"rotation": {
						"0.0": [-145, 35, -90],
						"0.1667": {
							"pre": [-155, 35, -90],
							"post": [-155, 35, -90],
							"lerp_mode": "catmullrom"
						},
						"0.3333": {
							"post": [-168.68018, 33.4312, -99.8005],
							"lerp_mode": "catmullrom"
						},
						"0.75": {
							"post": [-161.40199, 56.7264, -81.5276],
							"lerp_mode": "catmullrom"
						},
						"1.2083": {
							"post": [-144.93691, 42.4997, -89.9608],
							"lerp_mode": "catmullrom"
						},
						"1.25": {
							"post": [-144.99989, 47.4995, -90.0058],
							"lerp_mode": "catmullrom"
						},
						"1.4167": {
							"post": [-98.11019, 71.97477, -39.06155],
							"lerp_mode": "catmullrom"
						},
						"1.8333": {
							"post": [-8.12456, 71.7205, 39.9548],
							"lerp_mode": "catmullrom"
						},
						"1.9167": {
							"post": [9.09081, 32.1004, 38.2949],
							"lerp_mode": "catmullrom"
						},
						"2.0417": {
							"post": [17.10924, 31.9225, 43.689],
							"lerp_mode": "catmullrom"
						},
						"2.375": {
							"post": [-15.30173, 37.83122, 7.96744],
							"lerp_mode": "catmullrom"
						},
						"2.5833": {
							"post": [-9.09931, 36.97468, 11.73732],
							"lerp_mode": "catmullrom"
						},
						"3.0": {
							"post": [-15.30173, 37.83122, 7.96744],
							"lerp_mode": "catmullrom"
						}
					},
					"position": [0, 0, 0]
				},
				"knee_right": {
					"rotation": {
						"0.0": [50, 0, -10],
						"1.8333": [52.5, 0, -10],
						"1.9167": [42.5, 0, -10],
						"2.0417": [52.5, 0, -10],
						"2.25": [32.5, 0, -10]
					}
				},
				"foot_right": {
					"rotation": [0, -25, 0]
				},
				"toe_back_right": {
					"rotation": {
						"0.0": [-45, 0, 0],
						"0.1667": [-32.5, 0, 0],
						"0.3333": [-45, 0, 0]
					}
				},
				"leg_left": {
					"rotation": {
						"0.0": [-145, -35, 90],
						"0.1667": {
							"pre": [-157.5, -35, 90],
							"post": [-157.5, -35, 90],
							"lerp_mode": "catmullrom"
						},
						"0.3333": {
							"post": [-171.5655, -33.0053, 100.93],
							"lerp_mode": "catmullrom"
						},
						"0.7917": {
							"post": [-162.48428, -61.79528, 80.23238],
							"lerp_mode": "catmullrom"
						},
						"1.2083": {
							"post": [-144.95883, -42.5, 89.9743],
							"lerp_mode": "catmullrom"
						},
						"1.25": {
							"post": [-145.02357, -47.4998, 90.0205],
							"lerp_mode": "catmullrom"
						},
						"1.4167": {
							"post": [-56.34129, -68.42156, -5.0741],
							"lerp_mode": "catmullrom"
						},
						"1.8333": {
							"post": [-8.12456, -71.7205, -39.9548],
							"lerp_mode": "catmullrom"
						},
						"1.9167": {
							"post": [9.09081, -32.1004, -38.2949],
							"lerp_mode": "catmullrom"
						},
						"2.0417": {
							"post": [17.10924, -31.9225, -43.689],
							"lerp_mode": "catmullrom"
						},
						"2.375": {
							"post": [-15.30173, -37.83122, -7.96744],
							"lerp_mode": "catmullrom"
						},
						"2.5833": {
							"post": [-3.05967, -35.80363, -15.32277],
							"lerp_mode": "catmullrom"
						},
						"3.0": {
							"post": [-9.09931, -36.97468, -11.73732],
							"lerp_mode": "catmullrom"
						}
					},
					"position": [0, 0, 0]
				},
				"knee_left": {
					"rotation": {
						"0.0": [62.5, 0, 10],
						"0.8333": [62.5, 0, 10],
						"1.8333": [52.5, 0, 10],
						"1.9167": [42.5, 0, 10],
						"2.0417": [52.5, 0, 10],
						"2.25": [32.5, 0, 10]
					},
					"position": {
						"0.0": [0, 0, 0],
						"0.8333": [0, 0, 0]
					}
				},
				"toe_back_left": {
					"rotation": {
						"0.0": [-35, 0, 0],
						"0.1667": [-24, 0, 0],
						"0.3333": [-35, 0, 0]
					}
				},
				"foot_left": {
					"rotation": [-5, 10, 0]
				},
				"finger_index_left2": {
					"rotation": {
						"0.0": [0, 0, 45],
						"0.0833": [0, 0, 0],
						"0.2917": [0, 0, 45],
						"0.75": [0, 0, -5],
						"1.4167": [0, 0, 20.5194]
					},
					"position": [0, 0, 0]
				},
				"finger_pinky_left2": {
					"rotation": {
						"0.0": [0, 0, 55],
						"0.0833": [0, 0, 7.5],
						"0.2917": [0, 0, 55],
						"0.75": [0, 0, -2.5],
						"1.4167": [0, 0, 30.34777],
						"1.5417": [0, 0, 23.28697],
						"1.75": [0, 0, 16.91352]
					},
					"position": [0, 0, 0]
				},
				"finger_middle_left2": {
					"rotation": {
						"0.0": [0, 0, 45],
						"0.0833": [0, 0, -2.5],
						"0.2917": [0, 0, 45],
						"0.75": [0, 0, -10],
						"1.4167": [0, 0, 15]
					},
					"position": [0, 0, 0]
				},
				"toe_outer_left2": {
					"rotation": {
						"0.0": [35, 0, 0],
						"0.1667": [20, 0, 0],
						"0.3333": [35, 0, 0]
					}
				},
				"toe_inner_left2": {
					"rotation": {
						"0.0": [45, 0, 0],
						"0.1667": [30, 0, 0],
						"0.3333": [45, 0, 0]
					}
				},
				"finger_index_right2": {
					"rotation": {
						"0.0": [0, 0, -50],
						"0.0833": [0, 0, -10],
						"0.2917": [0, 0, -50],
						"0.75": [0, 0, -5]
					},
					"position": [0, 0, 0]
				},
				"finger_middle_right2": {
					"rotation": {
						"0.0": [0, 0, -45],
						"0.0833": [0, 0, -22.5],
						"0.2917": [0, 0, -45],
						"0.75": [0, 0, -5]
					}
				},
				"finger_pinky_right2": {
					"rotation": {
						"0.0": [0, 0, -40],
						"0.0833": [0, 0, -12.5],
						"0.2917": [0, 0, -40],
						"0.75": [0, 0, 0]
					}
				},
				"toe_outer_right2": {
					"rotation": {
						"0.0": [45, 0, 0],
						"0.1667": [24.91643, -2.11089, 4.53359],
						"0.3333": [45, 0, 0]
					}
				},
				"toe_inner_right2": {
					"rotation": {
						"0.0": [55, 0, 0],
						"0.1667": [42.5, 0, 0],
						"0.3333": [55, 0, 0]
					}
				},
				"torso": {
					"rotation": {
						"0.0": [0, 0, 0],
						"0.7917": [0, 0, 0],
						"1.9583": [7.5, 0, 0],
						"2.2083": [52.5, 0, 0]
					},
					"position": {
						"0.0": [0, 0, 0],
						"0.7917": [0, 0, 0]
					}
				},
				"eye_left": {
					"position": [0, 0, 0]
				},
				"pad_right": {
					"rotation": {
						"0.0": [0, 0, 0],
						"0.7083": [-17.5, 0, 0],
						"2.2083": [-90, 0, 0]
					}
				},
				"pad_left": {
					"rotation": {
						"0.0": [0, 0, 0],
						"0.625": [0, 0, 0],
						"1.25": [-47.5, 0, 0],
						"2.2083": [-80, 0, 0]
					}
				}
			}
		}
	}
}