{
	"format_version": "1.8.0",
	"animations": {
		"animation.pachirisu.ground_idle": {
			"loop": true,
			"bones": {
				"lefthand": {
					"rotation": [30, 15, 0]
				},
				"righthand": {
					"rotation": [30, -15, 0]
				},
				"leftfoot": {
					"rotation": [0, 5, 0]
				},
				"rightfoot": {
					"rotation": [0, -5, 0]
				}
			}
		},
		"animation.pachirisu.blink": {
			"animation_length": 0.16667,
			"bones": {
				"eyelid_right": {
					"position": {
						"0.0": [0, 0, -0.1],
						"0.125": [0, 0, -0.1],
						"0.1667": [0, 0, 0]
					}
				},
				"eyelid_left": {
					"position": {
						"0.0": [0, 0, -0.1],
						"0.125": [0, 0, -0.1],
						"0.1667": [0, 0, 0]
					}
				}
			}
		}
	}
}