{
	"format_version": "1.8.0",
	"animations": {
		"animation.scyther.pose": {
			"loop": true,
			"bones": {
				"scyther": {
					"position": [0, -1.5, 0]
				},
				"abdomen": {
					"rotation": [7.5, 0, 10]
				},
				"spine": {
					"rotation": [-2.5, 15, 0]
				},
				"thorax": {
					"rotation": [7.5, 25, 0]
				},
				"neck": {
					"rotation": [25, -22.5, 0]
				},
				"head": {
					"rotation": [-15.44582, -11.73507, 4.3361]
				},
				"jaw": {
					"rotation": [0, 0, 0]
				},
				"left_shoulder": {
					"rotation": [-56.2576, 14.6914, 9.61518]
				},
				"left_arm": {
					"rotation": [-86.19205, 14.46394, 6.13141]
				},
				"left_upper_leg": {
					"rotation": [-1.86918, -16.59607, 0.02545],
					"position": [0, -0.75, 0]
				},
				"left_lower_leg": {
					"rotation": [4.92232, 3.45071, -45.76768],
					"position": [0, 0.25, 0]
				},
				"foot_left1": {
					"rotation": [7.64814, 4.61994, 18.27887]
				},
				"foot_left2": {
					"rotation": [-2.84624, 3.07207, 8.44394]
				},
				"foot_left3": {
					"rotation": [-3.73686, -5.46697, 16.28295]
				},
				"left_scythe": {
					"rotation": [4.6557, -1.91628, 4.06646]
				},
				"left_wing": {
					"rotation": [13.27968, 37.37427, 1.36019]
				},
				"left_upper_wing": {
					"rotation": [30, 0, 0]
				},
				"left_lower_wing": {
					"rotation": [12.5, 0, 0]
				},
				"right_shoulder": {
					"rotation": [-89.23498, 16.14586, 33.04434]
				},
				"right_arm": {
					"rotation": [0, -15, 0]
				},
				"right_scythe": {
					"rotation": [-17.70232, -0.7532, -2.37393]
				},
				"right_upper_leg": {
					"rotation": [-9.98436, 0.75155, 12.38443],
					"position": [0, -0.1, 0]
				},
				"right_lower_leg": {
					"rotation": [-25.59196, -3.40487, 19.71975]
				},
				"foot_right1": {
					"rotation": [27.5, 27.5, -5]
				},
				"foot_right2": {
					"rotation": [10.10362, -1.61888, -7.32417]
				},
				"foot_right3": {
					"rotation": [7.48145, 0.35929, -15.53162]
				},
				"right_wing": {
					"rotation": [13.27968, -37.37427, -1.36019]
				},
				"right_upper_wing": {
					"rotation": [30, 0, 0]
				},
				"right_lower_wing": {
					"rotation": [12.5, 0, 0]
				}
			}
		},
		"animation.scyther.ground_idle": {
			"loop": true,
			"bones": {
				"abdomen": {
					"rotation": [20, 0, 0]
				},
				"spine": {
					"rotation": [0, 0, 0]
				},
				"thorax": {
					"rotation": [-5, 0, 0]
				},
				"neck": {
					"rotation": [0, 0, 0]
				},
				"head": {
					"rotation": [0, 0, 0]
				},
				"jaw": {
					"rotation": [0, 0, 0]
				},
				"left_shoulder": {
					"rotation": [0.88045, 9.96156, 42.57673]
				},
				"left_arm": {
					"rotation": [-10.80522, 18.58877, 8.52371]
				},
				"left_upper_leg": {
					"rotation": [0, 0, 0]
				},
				"left_scythe": {
					"rotation": [-27.73195, 47.78189, 10.5603]
				},
				"left_wing": {
					"rotation": [0, 22.5, 0]
				},
				"left_upper_wing": {
					"rotation": [27.5, 0, 0]
				},
				"left_lower_wing": {
					"rotation": [7.5, 0, 0]
				},
				"right_wing": {
					"rotation": [0, -22.5, 0]
				},
				"right_shoulder": {
					"rotation": [0.88045, -9.96156, -42.57673]
				},
				"right_arm": {
					"rotation": [-10.80522, -18.58877, -8.52371]
				},
				"right_scythe": {
					"rotation": [-27.73195, -47.78189, -10.5603]
				},
				"right_upper_wing": {
					"rotation": [27.5, 0, 0]
				},
				"right_lower_wing": {
					"rotation": [7.5, 0, 0]
				}
			}
		},
		"animation.scyther.air_idle": {
			"loop": true,
			"bones": {
				"abdomen": {
					"rotation": [2.5, 0, 0]
				},
				"spine": {
					"rotation": [10, 0, 0]
				},
				"thorax": {
					"rotation": [2.5, 0, 0]
				},
				"neck": {
					"rotation": [0, 0, 0]
				},
				"head": {
					"rotation": [0, 0, 0]
				},
				"jaw": {
					"rotation": [0, 0, 0]
				},
				"left_shoulder": {
					"rotation": [0.87473, -7.53642, 42.30968]
				},
				"left_arm": {
					"rotation": [1.69478, 18.58877, 8.52371]
				},
				"left_upper_leg": {
					"rotation": [-15, 0, 0]
				},
				"left_scythe": {
					"rotation": [-24.49291, 41.04285, 15.17943]
				},
				"left_wing": {
					"rotation": [0, 62.5, 0]
				},
				"left_upper_wing": {
					"rotation": [47.5, 0, 0]
				},
				"left_lower_wing": {
					"rotation": [-17.5, 0, 0]
				},
				"right_wing": {
					"rotation": [0, -62.5, 0]
				},
				"right_shoulder": {
					"rotation": [0.87473, 7.53642, -42.30968]
				},
				"right_arm": {
					"rotation": [1.69478, -18.58877, -8.52371]
				},
				"right_scythe": {
					"rotation": [-24.49291, -41.04285, -15.17943]
				},
				"right_upper_wing": {
					"rotation": [47.5, 0, 0]
				},
				"right_lower_wing": {
					"rotation": [-17.5, 0, 0]
				},
				"left_lower_leg": {
					"rotation": [10, 0, 0]
				},
				"foot_left1": {
					"rotation": [15, 0, 0]
				},
				"foot_left2": {
					"rotation": [-2.5, 0, 0]
				},
				"foot_left3": {
					"rotation": [22.5, 0, 0]
				},
				"toes_left": {
					"rotation": [22.5, 0, 0]
				},
				"right_upper_leg": {
					"rotation": [-15, 0, 0]
				},
				"right_lower_leg": {
					"rotation": [10, 0, 0]
				},
				"foot_right1": {
					"rotation": [15, 0, 0]
				},
				"foot_right2": {
					"rotation": [-2.5, 0, 0]
				},
				"foot_right3": {
					"rotation": [22.5, 0, 0]
				},
				"toes_right": {
					"rotation": [22.5, 0, 0]
				}
			}
		},
		"animation.scyther.blink": {
			"animation_length": 0.16667,
			"bones": {
				"left_eyelid": {
					"position": {
						"0.0": [0.1, 0, -0.1],
						"0.125": [0.1, 0, -0.1],
						"0.1667": [0, 0, 0]
					}
				},
				"right_eyelid": {
					"position": {
						"0.0": [-0.1, 0, -0.1],
						"0.125": [-0.1, 0, -0.1],
						"0.1667": [0, 0, 0]
					}
				}
			}
		},
		"animation.scyther.cry": {
			"bones": {
				"neck": {
					"rotation": [-2.5, 0, 0]
				},
				"head": {
					"rotation": [-7.5, 0, 0]
				},
				"jaw": {
					"rotation": [45, 0, 0]
				}
			}
		}
	}
}