{
	"format_version": "1.8.0",
	"animations": {
		"animation.butterfree.air_idle": {
			"loop": true,
			"bones": {
				"body": {
					"rotation": ["math.sin(q.anim_time*90*2)*2+2", 0, 0],
					"position": [
						"math.clamp(math.sin(q.anim_time*90*4)*0.5,-0.1,0)+math.clamp(math.sin(q.anim_time*90*4)*0.5,0,0.1)+math.sin(q.anim_time*90*4)*0.5",
						"math.clamp(math.sin(q.anim_time*90*2)*1.2,-1,0)+math.clamp(math.sin(q.anim_time*90*2)*1.2,0,1)+math.sin(q.anim_time*90*2)*1",
						"math.sin(q.anim_time*90*2)*1"
					]
				},
				"antenna_right": {
					"rotation": ["math.sin(q.anim_time*90*2)*5+5", 0, 0]
				},
				"antenna_right2": {
					"rotation": ["math.sin(q.anim_time*90*2+45)*5+5", 0, 0]
				},
				"antenna_left": {
					"rotation": ["math.sin(q.anim_time*90*2)*5+5", 0, 0]
				},
				"antenna_left2": {
					"rotation": ["math.sin(q.anim_time*90*2+45)*5+5", 0, 0]
				},
				"leg_right": {
					"rotation": ["math.sin(q.anim_time*90*2-45)*10", 0, 0]
				},
				"leg_left": {
					"rotation": ["math.sin(q.anim_time*90*2-45)*10", 0, 0]
				},
				"wing_right": {
					"rotation": [0, "45-25*(math.sin(q.anim_time*90*4*3)*1+1)", 0]
				},
				"wing_right2": {
					"rotation": [0, "-2.5*(math.sin(q.anim_time*90*4*3-90)*1)+2.5", 0]
				},
				"wing_left": {
					"rotation": [0, "-45+25*(math.sin(q.anim_time*90*4*3)*1+1)", 0]
				},
				"wing_left2": {
					"rotation": [0, "2.5*(math.sin(q.anim_time*90*4*3-90)*1)-2.5", 0]
				}
			}
		},
		"animation.butterfree.air_fly": {
			"loop": true,
			"bones": {
				"body": {
					"rotation": ["math.sin(q.anim_time*90*4)*3+20", 0, 0],
					"position": [
						"math.clamp(math.sin(q.anim_time*90*4)*0.5,-0.1,0)+math.clamp(math.sin(q.anim_time*90*4)*0.5,0,0.1)+math.sin(q.anim_time*90*4)*2",
						"math.clamp(math.sin(q.anim_time*90*2)*2,-0.2,0)+math.clamp(math.sin(q.anim_time*90*2)*2,0,1)+math.sin(q.anim_time*90*2)*2",
						"math.sin(q.anim_time*90*4)*1"
					]
				},
				"antenna_right": {
					"rotation": ["2*math.sin(q.anim_time*90*2)*5+15", 0, 0]
				},
				"antenna_right2": {
					"rotation": ["math.sin(q.anim_time*90*2+45)*5+15", 0, 0]
				},
				"antenna_left": {
					"rotation": ["2*math.sin(q.anim_time*90*2)*5+15", 0, 0]
				},
				"antenna_left2": {
					"rotation": ["math.sin(q.anim_time*90*2+45)*5+15", 0, 0]
				},
				"leg_right": {
					"rotation": ["math.sin(q.anim_time*90*2-45)*15", 0, 0]
				},
				"leg_left": {
					"rotation": ["math.sin(q.anim_time*90*2-45)*15", 0, 0]
				},
				"wing_right": {
					"rotation": [0, "45-25*(math.sin(q.anim_time*90*4*4)*1+1)", 0]
				},
				"wing_right2": {
					"rotation": [0, "-2.5*(math.sin(q.anim_time*90*4*4-90)*1)+2.5", 0]
				},
				"wing_left": {
					"rotation": [0, "-45+25*(math.sin(q.anim_time*90*4*4)*1+1)", 0]
				},
				"wing_left2": {
					"rotation": [0, "2.5*(math.sin(q.anim_time*90*4*4-90)*1)-2.5", 0]
				}
			}
		},
		"animation.butterfree.sleep": {
			"loop": true,
			"bones": {
				"body": {
					"rotation": ["80+math.sin(q.anim_time*90*2)*0.2", 0, 0],
					"position": [0, -7, 0]
				},
				"head": {
					"rotation": [-26.23136, 18.93112, -5.7872],
					"position": [0, 0, -0.75]
				},
				"antenna_right": {
					"rotation": ["-15+math.sin(q.anim_time*90*2)*1.5", 0, 0]
				},
				"antenna_right2": {
					"rotation": ["50+math.sin(q.anim_time*90*2-60)*2.5", 0, 0]
				},
				"antenna_left": {
					"rotation": ["-20+math.sin(q.anim_time*90*2)*1", 0, 0]
				},
				"antenna_left2": {
					"rotation": ["25+math.sin(q.anim_time*90*2-60)*2", 0, 0]
				},
				"hand_right": {
					"rotation": [-31.80139, 80.34418, 40.89356]
				},
				"hand_left": {
					"rotation": [-31.8014, -80.3442, -40.8936]
				},
				"leg_right": {
					"rotation": [0, -20, -25]
				},
				"leg_left": {
					"rotation": [6.42848, 26.79524, 14.03271]
				},
				"wing_right": {
					"rotation": [-50.75, "69.05-8*(math.sin(q.anim_time*90*2/4)*0.25)+4*(math.sin(q.anim_time*90*2/3)*0.25)", -52]
				},
				"wing_left": {
					"rotation": [-61, "-70.5+8*(math.sin(q.anim_time*90*2/4)*0.25)-4*(math.sin(q.anim_time*90*2/3)*0.25)", 59.5]
				}
			}
		},
		"animation.butterfree.faint": {
			"loop": true,
			"animation_length": 3,
			"bones": {
				"body": {
					"rotation": {
						"0.0": ["math.sin(q.anim_time*90*2)*2+12", 0, 0],
						"0.05": ["math.sin(q.anim_time*90*2)*2-13", 0, 0],
						"0.15": ["math.sin(q.anim_time*90*2)*2-25.5", 0, 0],
						"0.25": [-11.2, 0, 0],
						"0.4": ["math.sin(q.anim_time*90*2)*2+14.5", 0, 0],
						"0.5": ["math.sin(q.anim_time*90*2)*2+34.5", 0, 0],
						"0.6": ["math.sin(q.anim_time*90*2)*2+52", 0, 0],
						"0.75": ["math.sin(q.anim_time*90*2)*2+29.5", 0, 0],
						"0.85": ["math.sin(q.anim_time*90*2)*2+9.5", 0, 0],
						"0.95": ["math.sin(q.anim_time*90*2)*2-10.5", 0, 0],
						"1.1": ["math.sin(q.anim_time*90*2)*2-33", 0, 0],
						"1.2": ["math.sin(q.anim_time*90*2)*2-40.5", 0, 0],
						"1.3": ["math.sin(q.anim_time*90*2)*2-53", 0, 0],
						"1.4": ["math.sin(q.anim_time*90*2)*2-58", 0, 0],
						"1.5": [-92.5, 0, 0],
						"1.55": [-92.5, 0, 0],
						"1.6": [-85, 0, 0],
						"1.65": [-90, 0, 0]
					},
					"position": {
						"0.0": [
							"math.clamp(math.sin(q.anim_time*90*4)*0.5,-0.1,0)+math.clamp(math.sin(q.anim_time*90*4)*0.5,0,0.1)+math.sin(q.anim_time*90*4)*0.5",
							"math.clamp(math.sin(q.anim_time*90*2)*1.2,-1,0)+math.clamp(math.sin(q.anim_time*90*2)*1.2,0,1)+math.sin(q.anim_time*90*2)*1",
							"math.sin(q.anim_time*90*2)*1"
						],
						"0.05": [
							"math.clamp(math.sin(q.anim_time*90*4)*0.5,-0.1,0)+math.clamp(math.sin(q.anim_time*90*4)*0.5,0,0.1)+math.sin(q.anim_time*90*4)*0.5",
							"math.clamp(math.sin(q.anim_time*90*2)*1.2,-1,0)+math.clamp(math.sin(q.anim_time*90*2)*1.2,0,1)+math.sin(q.anim_time*90*2)*1",
							"1+math.sin(q.anim_time*90*2)*1"
						],
						"0.15": [
							"math.clamp(math.sin(q.anim_time*90*4)*0.5,-0.1,0)+math.clamp(math.sin(q.anim_time*90*4)*0.5,0,0.1)+math.sin(q.anim_time*90*4)*0.5",
							"math.clamp(math.sin(q.anim_time*90*2)*1.2,-1,0)+math.clamp(math.sin(q.anim_time*90*2)*1.2,0,1)+math.sin(q.anim_time*90*2)*1",
							"2+math.sin(q.anim_time*90*2)*1"
						],
						"0.25": [
							"math.clamp(math.sin(q.anim_time*90*4)*0.5,-0.1,0)+math.clamp(math.sin(q.anim_time*90*4)*0.5,0,0.1)+math.sin(q.anim_time*90*4)*0.5",
							"math.clamp(math.sin(q.anim_time*90*2)*1.2,-1,0)+math.clamp(math.sin(q.anim_time*90*2)*1.2,0,1)+math.sin(q.anim_time*90*2)*1",
							2.64
						],
						"0.5": [
							"math.clamp(math.sin(q.anim_time*90*4)*0.5,-0.1,0)+math.clamp(math.sin(q.anim_time*90*4)*0.5,0,0.1)+math.sin(q.anim_time*90*4)*0.5",
							"-1.25+math.clamp(math.sin(q.anim_time*90*2)*1.2,-1,0)+math.clamp(math.sin(q.anim_time*90*2)*1.2,0,1)+math.sin(q.anim_time*90*2)*1",
							"math.sin(q.anim_time*90*2)*1"
						],
						"0.6": [
							"math.clamp(math.sin(q.anim_time*90*4)*0.5,-0.1,0)+math.clamp(math.sin(q.anim_time*90*4)*0.5,0,0.1)+math.sin(q.anim_time*90*4)*0.5",
							"-2.25+math.clamp(math.sin(q.anim_time*90*2)*1.2,-1,0)+math.clamp(math.sin(q.anim_time*90*2)*1.2,0,1)+math.sin(q.anim_time*90*2)*1",
							"-1.5+math.sin(q.anim_time*90*2)*1"
						],
						"0.75": [
							"math.clamp(math.sin(q.anim_time*90*4)*0.5,-0.1,0)+math.clamp(math.sin(q.anim_time*90*4)*0.5,0,0.1)+math.sin(q.anim_time*90*4)*0.5",
							"-2.25+math.clamp(math.sin(q.anim_time*90*2)*1.2,-1,0)+math.clamp(math.sin(q.anim_time*90*2)*1.2,0,1)+math.sin(q.anim_time*90*2)*1",
							"-2+math.sin(q.anim_time*90*2)*1"
						],
						"0.85": [
							"math.clamp(math.sin(q.anim_time*90*4)*0.5,-0.1,0)+math.clamp(math.sin(q.anim_time*90*4)*0.5,0,0.1)+math.sin(q.anim_time*90*4)*0.5",
							"-2+math.clamp(math.sin(q.anim_time*90*2)*1.2,-1,0)+math.clamp(math.sin(q.anim_time*90*2)*1.2,0,1)+math.sin(q.anim_time*90*2)*1",
							"-3+math.sin(q.anim_time*90*2)*1"
						],
						"0.95": [
							"math.clamp(math.sin(q.anim_time*90*4)*0.5,-0.1,0)+math.clamp(math.sin(q.anim_time*90*4)*0.5,0,0.1)+math.sin(q.anim_time*90*4)*0.5",
							"2+math.clamp(math.sin(q.anim_time*90*2)*1.2,-1,0)+math.clamp(math.sin(q.anim_time*90*2)*1.2,0,1)+math.sin(q.anim_time*90*2)*1",
							"-3+math.sin(q.anim_time*90*2)*1"
						],
						"1.1": [
							"math.clamp(math.sin(q.anim_time*90*4)*0.5,-0.1,0)+math.clamp(math.sin(q.anim_time*90*4)*0.5,0,0.1)+math.sin(q.anim_time*90*4)*0.5",
							"1.75+math.clamp(math.sin(q.anim_time*90*2)*1.2,-1,0)+math.clamp(math.sin(q.anim_time*90*2)*1.2,0,1)+math.sin(q.anim_time*90*2)*1",
							"-3+math.sin(q.anim_time*90*2)*1"
						],
						"1.2": [
							"math.clamp(math.sin(q.anim_time*90*4)*0.5,-0.1,0)+math.clamp(math.sin(q.anim_time*90*4)*0.5,0,0.1)+math.sin(q.anim_time*90*4)*0.5",
							"2.75+math.clamp(math.sin(q.anim_time*90*2)*1.2,-1,0)+math.clamp(math.sin(q.anim_time*90*2)*1.2,0,1)+math.sin(q.anim_time*90*2)*1",
							"-3+math.sin(q.anim_time*90*2)*1"
						],
						"1.3": [
							"math.clamp(math.sin(q.anim_time*90*4)*0.5,-0.1,0)+math.clamp(math.sin(q.anim_time*90*4)*0.5,0,0.1)+math.sin(q.anim_time*90*4)*0.5",
							"1.75+math.clamp(math.sin(q.anim_time*90*2)*1.2,-1,0)+math.clamp(math.sin(q.anim_time*90*2)*1.2,0,1)+math.sin(q.anim_time*90*2)*1",
							"-3+math.sin(q.anim_time*90*2)*1"
						],
						"1.4": [
							"math.clamp(math.sin(q.anim_time*90*4)*0.5,-0.1,0)+math.clamp(math.sin(q.anim_time*90*4)*0.5,0,0.1)+math.sin(q.anim_time*90*4)*0.5",
							"-0.25+math.clamp(math.sin(q.anim_time*90*2)*1.2,-1,0)+math.clamp(math.sin(q.anim_time*90*2)*1.2,0,1)+math.sin(q.anim_time*90*2)*1",
							"-3+math.sin(q.anim_time*90*2)*1"
						],
						"1.5": [0, -9, -3],
						"1.55": [0, -6.75, -3],
						"1.6": [0, -8.25, -3],
						"1.65": [0, -8.25, -3]
					}
				},
				"antenna_right": {
					"rotation": {
						"0.0": ["math.sin(q.anim_time*90*2)*5+5", 0, 0],
						"0.05": ["math.sin(q.anim_time*90*2)*5+52.5", 0, 0],
						"0.25": ["math.sin(q.anim_time*90*2)*5-7.5", 0, 0],
						"0.7": ["math.sin(q.anim_time*90*2)*5+52.5", 0, 0],
						"0.9": ["math.sin(q.anim_time*90*2)*5+52.5", 0, 0],
						"1.3": ["math.sin(q.anim_time*90*2)*5-7.5", 0, 0],
						"1.5": ["math.sin(q.anim_time*90*2)*5+52.5", 0, 0],
						"1.55": ["math.sin(q.anim_time*90*2)*5+2.5", 0, 0],
						"1.6": ["math.sin(q.anim_time*90*2)*5-29.9987", -3.53098, -13.12427],
						"1.65": ["math.sin(q.anim_time*90*2)*5+42.5", 0, 0],
						"1.75": [2.5, 0, 0]
					}
				},
				"antenna_right2": {
					"rotation": {
						"0.0": ["math.sin(q.anim_time*90*2+45)*5+5", 0, 0],
						"0.2": ["math.sin(q.anim_time*90*2+45)*5-17.5", 0, 0],
						"0.7": ["math.sin(q.anim_time*90*2+45)*5+42.5", 0, 0],
						"1.3": ["math.sin(q.anim_time*90*2+45)*5+10", 0, 0],
						"1.35": ["math.sin(q.anim_time*90*2+45)*5-15", 0, 0],
						"1.5": ["math.sin(q.anim_time*90*2+45)*5+10", 0, 0],
						"1.6": ["math.sin(q.anim_time*90*2+45)*5-22.5", 0, 0],
						"1.7": ["math.sin(q.anim_time*90*2+45)*5+37.5", 0, 0],
						"1.8": ["math.sin(q.anim_time*90*2+45)*5+5", 0, 0]
					}
				},
				"antenna_left": {
					"rotation": {
						"0.0": ["math.sin(q.anim_time*90*2)*5+5", 0, 0],
						"0.05": ["math.sin(q.anim_time*90*2)*5+52.5", 0, 0],
						"0.25": ["math.sin(q.anim_time*90*2)*5-12.5", 0, 0],
						"0.7": ["math.sin(q.anim_time*90*2)*5+52.5", 0, 0],
						"0.9": ["math.sin(q.anim_time*90*2)*5+52.5", 0, 0],
						"1.3": ["math.sin(q.anim_time*90*2)*5-12.5", 0, 0],
						"1.5": ["math.sin(q.anim_time*90*2)*5+52.5", 0, 0],
						"1.55": ["math.sin(q.anim_time*90*2)*5+0", 0, 0],
						"1.6": ["math.sin(q.anim_time*90*2)*5-35.1046", 4.11873, 14.06573],
						"1.65": ["math.sin(q.anim_time*90*2)*5+40", 0, 0],
						"1.75": [0, 0, 0]
					}
				},
				"antenna_left2": {
					"rotation": {
						"0.0": ["math.sin(q.anim_time*90*2+45)*5+5", 0, 0],
						"0.2": ["math.sin(q.anim_time*90*2+45)*5-17.5", 0, 0],
						"0.7": ["math.sin(q.anim_time*90*2+45)*5+32.5", 0, 0],
						"1.3": ["math.sin(q.anim_time*90*2+45)*5+15", 0, 0],
						"1.35": ["math.sin(q.anim_time*90*2+45)*5-10", 0, 0],
						"1.5": ["math.sin(q.anim_time*90*2+45)*5+15", 0, 0],
						"1.6": ["math.sin(q.anim_time*90*2+45)*5-30", 0, 0],
						"1.7": ["math.sin(q.anim_time*90*2+45)*5+55", 0, 0],
						"1.8": ["math.sin(q.anim_time*90*2+45)*5+5", 0, 0]
					}
				},
				"leg_right": {
					"rotation": {
						"0.0": ["-30+math.sin(q.anim_time*90*2-45)*10", 0, 0],
						"0.1": ["-10+math.sin(q.anim_time*90*2-45)*10", 0, 0],
						"0.2": ["5+math.sin(q.anim_time*90*2-45)*10", 0, 0],
						"0.35": ["5+math.sin(q.anim_time*90*2-45)*10", 0, 0],
						"0.45": [-3.46, 0, 0],
						"0.7": ["-60+math.sin(q.anim_time*90*2-45)*10", 0, 0],
						"0.8": ["-65+math.sin(q.anim_time*90*2-45)*10", 0, 0],
						"1.15": ["-67.5+math.sin(q.anim_time*90*2-45)*10", 0, 0],
						"1.5": ["-67.5+math.sin(q.anim_time*90*2-45)*10", 0, 0],
						"1.55": ["-31.5636+math.sin(q.anim_time*90*2-45)*10", -28.62794, 25.33124],
						"1.6": ["-61.202+math.sin(q.anim_time*90*2-45)*10", -14.60758, 31.08814],
						"1.7": [-30, 0, 0]
					}
				},
				"leg_left": {
					"rotation": {
						"0.0": ["-35+math.sin(q.anim_time*90*2-45)*10", 0, 0],
						"0.1": ["-5+math.sin(q.anim_time*90*2-45)*10", 0, 0],
						"0.2": ["12.5+math.sin(q.anim_time*90*2-45)*10", 0, 0],
						"0.35": ["12.5+math.sin(q.anim_time*90*2-45)*10", 0, 0],
						"0.45": [3.04, 0, 0],
						"0.7": ["-57.5+math.sin(q.anim_time*90*2-45)*10", 0, 0],
						"0.8": ["-62.5+math.sin(q.anim_time*90*2-45)*10", 0, 0],
						"1.15": ["-65+math.sin(q.anim_time*90*2-45)*10", 0, 0],
						"1.5": ["-65+math.sin(q.anim_time*90*2-45)*10", 0, 0],
						"1.55": ["-22.1598+math.sin(q.anim_time*90*2-45)*10", 8.36234, -28.91573],
						"1.6": ["-52.1598+math.sin(q.anim_time*90*2-45)*10", 8.36234, -28.91573],
						"1.7": [-30, 0, 0]
					}
				},
				"wing_right": {
					"rotation": {
						"0.0": [0, "45-25*(math.sin(q.anim_time*90*4*3)*1+1)", 0],
						"1.45": [0, "17.5-25*(math.sin(q.anim_time*90*4*3)*1+1)", 0],
						"1.5": [0, -32.5, 0],
						"1.55": [0, -10.00234, 0.16412],
						"1.6": [0, -20.00234, 0.16412],
						"1.75": [0, -10.00234, 0.16412]
					},
					"position": {
						"0.0": [0, 0, 0],
						"0.1": [0, 0, 0.1],
						"0.35": [0, 0, 0],
						"0.4": [0, 0, 0.6],
						"0.5": [0, 0, 0],
						"0.65": [0, 0, 0],
						"0.75": [0, 0, 0.9],
						"0.85": [0, 0, 0],
						"1.0": [0, 0, 0],
						"1.05": [0, 0, 0.9],
						"1.1": [0, 0, 1.4],
						"1.2": [0, 0, 0],
						"1.3": [0, 0, 0],
						"1.4": [0, 0, 1.5],
						"1.5": [0, 0, 0]
					}
				},
				"wing_right2": {
					"rotation": {
						"0.0": [0, "-2.5*(math.sin(q.anim_time*90*4*3-90)*1)+2.5", 0],
						"1.45": [0, "-2.5*(math.sin(q.anim_time*90*4*3-90)*1)+2.5", 0],
						"1.5": [0, 0, 0],
						"1.55": [0, -1.5, 0],
						"1.6": [-7.5, -1.5, 0],
						"1.65": [0, -1.5, 0]
					}
				},
				"wing_left": {
					"rotation": {
						"0.0": [0, "-45+25*(math.sin(q.anim_time*90*4*3)*1+1)", 0],
						"1.45": [0, "-17.5+25*(math.sin(q.anim_time*90*4*3)*1+1)", 0],
						"1.5": [0, 35, 0],
						"1.55": [0, 10, 0],
						"1.6": [0, 22.5, 0],
						"1.75": [0, 10, 0]
					},
					"position": {
						"0.0": [0, 0, 0],
						"0.1": [0, 0, 0.1],
						"0.35": [0, 0, 0],
						"0.4": [0, 0, 0.6],
						"0.5": [0, 0, 0],
						"0.65": [0, 0, 0],
						"0.75": [0, 0, 0.9],
						"0.85": [0, 0, 0],
						"1.0": [0, 0, 0],
						"1.05": [0, 0, 0.9],
						"1.1": [0, 0, 1.4],
						"1.2": [0, 0, 0],
						"1.3": [0, 0, 0],
						"1.4": [0, 0, 1.5],
						"1.5": [0, 0, 0]
					}
				},
				"wing_left2": {
					"rotation": {
						"0.0": [0, "2.5*(math.sin(q.anim_time*90*4*3-90)*1)-2.5", 0],
						"1.45": [0, "2.5*(math.sin(q.anim_time*90*4*3-90)*1)-2.5", 0],
						"1.5": [0, 0, 0],
						"1.55": [0, 2, 0],
						"1.6": [-7.5, 2, 0],
						"1.65": [0, 2, 0]
					}
				},
				"head": {
					"rotation": {
						"0.0": [35, 0, 0],
						"0.1": [0, 0, 0],
						"0.15": [-22.5, 0, 0],
						"0.35": [2.5, 0, 0],
						"0.45": [7.5, 0, 0],
						"0.55": [32.5, 0, 0],
						"1.0": [32.5, 0, 0],
						"1.25": [0, 0, 0],
						"1.5": [30, 0, 0],
						"1.55": [-17.5, 0, 0],
						"1.6": [15, 0, 0],
						"1.7": [-2.5, 0, 0]
					}
				},
				"hand_right": {
					"rotation": {
						"0.0": [0, 0, 0],
						"0.1": [3.11715, 30.68096, 8.36811],
						"0.25": [0, 0, 0],
						"0.35": [0, -22.5, 0],
						"0.75": [0, -22.5, 0],
						"1.05": [0, 12.5, 0],
						"1.45": [0, 55, 0],
						"1.5": [0, 55, 0],
						"1.55": [0, -30, 0],
						"1.6": [0, 7.5, 0],
						"1.65": [0, -13.75, 0],
						"1.8": [0, 0, 0]
					}
				},
				"hand_left": {
					"rotation": {
						"0.0": [0, 0, 0],
						"0.1": [4.3907, -37.69448, -10.21175],
						"0.25": [0, 0, 0],
						"0.35": [0, 22.5, 0],
						"0.75": [0, 22.5, 0],
						"1.05": [0, -12.5, 0],
						"1.45": [0, -50, 0],
						"1.5": [0, -50, 0],
						"1.55": [0, 30, 0],
						"1.6": [0, -17.5, 0],
						"1.65": [0, 11.25, 0],
						"1.8": [0, 0, 0]
					}
				}
			}
		},
		"animation.butterfree.cry": {
			"animation_length": 1,
			"bones": {
				"head": {
					"rotation": {
						"0.0": [0, 0, 0],
						"0.1667": [-12.5, 0, 0],
						"0.3333": [0, 0, 0],
						"0.4167": [-10, 0, 0],
						"0.625": [-7.5, 0, 0],
						"0.9167": [0, 0, 0]
					}
				},
				"antenna_right": {
					"rotation": {
						"0.0": [0, 0, 0],
						"0.1667": [22.5, 0, 0],
						"0.3333": [2.5, 0, 0],
						"0.5": [20, 0, 0],
						"0.9167": [0, 0, 0]
					}
				},
				"antenna_right2": {
					"rotation": {
						"0.0": [0, 0, 0],
						"0.1667": [12.5, 0, 0],
						"0.5833": [-7.5, 0, 0],
						"0.9167": [0, 0, 0]
					}
				},
				"antenna_left": {
					"rotation": {
						"0.0": [0, 0, 0],
						"0.1667": [20, 0, 0],
						"0.3333": [2.5, 0, 0],
						"0.5": [20, 0, 0],
						"0.9167": [0, 0, 0]
					}
				},
				"antenna_left2": {
					"rotation": {
						"0.0": [0, 0, 0],
						"0.1667": [12.5, 0, 0],
						"0.5833": [-5, 0, 0],
						"0.9167": [0, 0, 0]
					}
				}
			},
			"sound_effects": {
				"0.0": {
					"effect": "pokemon.butterfree.cry"
				}
			}
		},
		"animation.butterfree_male.render": {
			"loop": true,
			"bones": {
				"body": {
					"rotation": [12.5, 0, 0]
				},
				"head": {
					"rotation": [0, -12.5, 0]
				},
				"antenna_right": {
					"rotation": [-24.62934, -0.40523, -11.00966]
				},
				"antenna_right2": {
					"rotation": [-15, 0, -7.5]
				},
				"antenna_left": {
					"rotation": [-20, 0, 0]
				},
				"antenna_left2": {
					"rotation": [-26.4271, -5.04349, 13.66203]
				},
				"leg_right": {
					"rotation": [-5, 0, 0]
				},
				"leg_left": {
					"rotation": [-7.5, 0, 0]
				},
				"wing_right": {
					"rotation": [0, 7.5, 0]
				},
				"wing_left": {
					"rotation": [0, -15, 0]
				},
				"wing_left2": {
					"rotation": [0, 0, 0]
				}
			}
		}
	}
}