{
	"format_version": "1.8.0",
	"animations": {
		"animation.magmar.ground_idle": {
			"loop": true,
			"bones": {
				"tail": {
					"rotation": [-22.5, 0, 0]
				},
				"tail2": {
					"rotation": [22.5, 0, 0]
				},
				"tail3": {
					"rotation": [22.5, 0, 0]
				},
				"tailfire": {
					"rotation": [67.5, 0, 0]
				},
				"leftarm": {
					"rotation": [0, 25, 50]
				},
				"lefthand": {
					"rotation": [22.5, 22.5, 0]
				},
				"leftlilfinger": {
					"rotation": [-45, 0, 0]
				},
				"rightarm": {
					"rotation": [0, -25, -50]
				},
				"righthand": {
					"rotation": [22.5, -22.5, 0]
				},
				"rightlilfinger": {
					"rotation": [-45, 0, 0]
				},
				"leftfoot": {
					"rotation": [0, -22.5, 0]
				},
				"rightfoot": {
					"rotation": [0, 22.5, 0]
				}
			}
		}
	}
}