{
	"format_version": "1.8.0",
	"animations": {
		"animation.relicanth.water_idle": {
			"loop": true,
			"bones": {
				"body": {
					"rotation": [0, "Math.cos((query.anim_time-0.15) * 90 / 1.3) * 1", 0]
				},
				"body2": {
					"rotation": [0, "Math.cos((query.anim_time-0.15) * 90 / 1.3) * 2", 0]
				},
				"fin_front_right": {
					"rotation": [0, "Math.cos((query.anim_time-0.15) * 90 / 1.1) * 5", 0]
				},
				"fin_front_left": {
					"rotation": [0, 0, "Math.cos((query.anim_time-0.15) * 90 / 1.1) * 5"]
				},
				"fin_rear_right": {
					"rotation": [0, 0, "Math.cos((query.anim_time-0.15) * 90 / 1.3) * 5"]
				},
				"fin_rear_left": {
					"rotation": [0, "Math.cos((query.anim_time-0.15) * 90 / 1.3) * 5", 0]
				},
				"tail": {
					"rotation": [0, "-Math.cos((query.anim_time-0.15) * 90 / 1.3) * 2", 0]
				}
			}
		},
		"animation.relicanth.cry": {
			"animation_length": 1.20833,
			"bones": {
				"jaw": {
					"rotation": {
						"0.0": [0, 0, 0],
						"0.2083": [12.5, 0, 0],
						"1.0": [12.5, 0, 0],
						"1.2083": [0, 0, 0]
					}
				}
			}
		}
	}
}