{
	"format_version": "1.8.0",
	"animations": {
		"animation.rapidash_galar.ground_idle": {
			"loop": true,
			"bones": {
				"tail_main": {
					"rotation": [22.5, 0, 0]
				},
				"tail_main3": {
					"rotation": [-22.5, 0, 0]
				},
				"tail_main4": {
					"rotation": [-35, 0, 0]
				},
				"tail_main5": {
					"rotation": [-17.5, 0, 0]
				},
				"tail_main6": {
					"rotation": [-15, 0, 0]
				},
				"tail_main7": {
					"rotation": [-15, 0, 0]
				},
				"tail_left_rotation": {
					"rotation": [7.5, 0, 0]
				},
				"tail_left2": {
					"rotation": [-12.5, 0, 0]
				},
				"tail_left3": {
					"rotation": [-10, 0, 0]
				},
				"tail_left4": {
					"rotation": [-27.5, 0, 0]
				},
				"tail_left5": {
					"rotation": [-45, 0, 0]
				},
				"tail_right_rotation": {
					"rotation": [7.5, 0, 0]
				},
				"tail_right2": {
					"rotation": [-12.5, 0, 0]
				},
				"tail_right3": {
					"rotation": [-10, 0, 0]
				},
				"tail_right4": {
					"rotation": [-30, 0, 0]
				},
				"tail_right5": {
					"rotation": [-45, 0, 0]
				},
				"head": {
					"rotation": [2.5, 0, 0]
				},
				"hair_center2": {
					"rotation": [-5.00933, -2.462, 0.43439]
				},
				"hair_center3": {
					"rotation": [-13.06715, -14.40448, 4.18316]
				},
				"hair_center4": {
					"rotation": [-25.08377, -4.53051, 2.11751]
				},
				"hair_center5": {
					"rotation": [-12.65108, -9.84655, 1.75378]
				},
				"hair_center6": {
					"rotation": [-7.50706, -2.4786, 0.32652]
				},
				"hair_center7": {
					"rotation": [-25, 0, 0]
				},
				"hair_inner_left_rotation": {
					"rotation": [-7.5, 0, 0]
				},
				"hair_inner_left2": {
					"rotation": [-25.02362, 1.2497, -2.16541]
				},
				"hair_inner_left3": {
					"rotation": [0, -12.5, 0]
				},
				"hair_inner_left4": {
					"rotation": [0, -15, 0]
				},
				"hair_inner_left5": {
					"rotation": [-17.5, -20, 0]
				},
				"hair_inner_left6": {
					"rotation": [-14.73437, 0.46826, -1.30479]
				},
				"hair_middle_left_rotation": {
					"rotation": [0, -2.5, 0]
				},
				"hair_middle_left2": {
					"rotation": [-33.40406, -17.77245, -2.65868]
				},
				"hair_middle_left3": {
					"rotation": [-10.76926, -13.56626, 6.46066]
				},
				"hair_middle_left4": {
					"rotation": [0, -10, 0]
				},
				"hair_middle_left5": {
					"rotation": [-9.93325, -7.53772, -0.43777]
				},
				"hair_middle_left6": {
					"rotation": [-12.5, 0, 0]
				},
				"hair_outer_left_rotation": {
					"rotation": [-5.39875, 8.42145, -5.41207]
				},
				"hair_outer_left2": {
					"rotation": [-25.43127, 1.3266, -8.9085]
				},
				"hair_outer_left3": {
					"rotation": [-16.60837, 7.01478, -11.90642]
				},
				"hair_outer_left4": {
					"rotation": [-17.25002, -2.99318, -9.54589]
				},
				"hair_outer_left5": {
					"rotation": [7.5, 0, 0]
				},
				"leg_front_left": {
					"rotation": [0, 5, 0]
				},
				"leg_fluff_front_left3": {
					"rotation": [-15.31179, 9.23186, -3.86032]
				},
				"leg_fluff_front_left4": {
					"rotation": [17.5, 0, 0]
				},
				"leg_fluff_front_left5": {
					"rotation": [-15, 0, 0]
				},
				"leg_fluff_front_left6": {
					"rotation": [15, 0, 0]
				},
				"leg_fluff_front_left7": {
					"rotation": [-17.5, 0, 0]
				},
				"leg_fluff_back_left3": {
					"rotation": [-12.5, 0, 0]
				},
				"leg_fluff_back_left4": {
					"rotation": [25, 0, 0]
				},
				"leg_fluff_back_left5": {
					"rotation": [-30, 0, 0]
				},
				"leg_fluff_back_left6": {
					"rotation": [17.5, 0, 0]
				},
				"leg_fluff_back_left7": {
					"rotation": [-10, 0, 0]
				},
				"leg_front_right": {
					"rotation": [0, -5, 0]
				},
				"leg_fluff_front_right3": {
					"rotation": [-15.49008, -11.53486, 4.8493]
				},
				"leg_fluff_front_right4": {
					"rotation": [17.5, 0, 0]
				},
				"leg_fluff_front_right5": {
					"rotation": [-15, 0, 0]
				},
				"leg_fluff_front_right6": {
					"rotation": [15, 0, 0]
				},
				"leg_fluff_front_right7": {
					"rotation": [-17.5, 0, 0]
				},
				"leg_fluff_back_right3": {
					"rotation": [-12.5, 0, 0]
				},
				"leg_fluff_back_right4": {
					"rotation": [25, 0, 0]
				},
				"leg_fluff_back_right5": {
					"rotation": [-30, 0, 0]
				},
				"leg_fluff_back_right6": {
					"rotation": [17.5, 0, 0]
				},
				"leg_fluff_back_right7": {
					"rotation": [-10, 0, 0]
				},
				"hair_inner_right_rotation": {
					"rotation": [-7.5, -2.5, 0]
				},
				"hair_inner_right2": {
					"rotation": [-11.84008, -3.1876, 15.64443]
				},
				"hair_inner_right3": {
					"rotation": [-7.24294, -5.37589, -1.91979]
				},
				"hair_inner_right4": {
					"rotation": [-20.15874, -7.04533, 2.57816]
				},
				"hair_inner_right5": {
					"rotation": [-20.01754, -2.34914, 0.85553]
				},
				"hair_inner_right6": {
					"rotation": [-5, 0, 0]
				},
				"hair_inner_right7": {
					"rotation": [7.5, 0, 0]
				},
				"hair_middle_right_rotation": {
					"rotation": [-12.5, -7.5, 0]
				},
				"hair_middle_right2": {
					"rotation": [-19.15687, -1.82961, 15.8554]
				},
				"hair_middle_right3": {
					"rotation": [-22.5, 0, 0]
				},
				"hair_middle_right4": {
					"rotation": [-12.67458, -6.92618, 2.88419]
				},
				"hair_middle_right5": {
					"rotation": [10, 0, 0]
				},
				"hair_middle_right6": {
					"rotation": [-7.5, 0, 0]
				},
				"hair_outer_right_rotation": {
					"rotation": [-11.31893, -13.80192, 10.86531]
				},
				"hair_outer_right2": {
					"rotation": [-26.424, -4.68059, 13.32175]
				},
				"hair_outer_right3": {
					"rotation": [-12.48848, 0.54094, 2.44081]
				},
				"hair_outer_right4": {
					"rotation": [-12.31594, 2.15393, 9.76758]
				},
				"hair_outer_right5": {
					"rotation": [2.47864, -0.32621, 7.49294]
				}
			}
		},
		"animation.rapidash_galar.blink": {
			"animation_length": 0.16667,
			"bones": {
				"eyelid_left": {
					"position": {
						"0.0": [0.1, 0, 0],
						"0.125": [0.1, 0, 0],
						"0.1667": [0, 0, 0]
					}
				},
				"eyelid_right": {
					"position": {
						"0.0": [-0.1, 0, 0],
						"0.125": [-0.1, 0, 0],
						"0.1667": [0, 0, 0]
					}
				}
			}
		},
		"animation.rapidash_galar.cry": {
			"animation_length": 1.5,
			"bones": {
				"neck": {
					"rotation": {
						"0.0": {
							"post": [0, 0, 0],
							"lerp_mode": "catmullrom"
						},
						"0.25": {
							"post": [10, 0, 0],
							"lerp_mode": "catmullrom"
						},
						"0.6667": {
							"post": [10, 0, 0],
							"lerp_mode": "catmullrom"
						},
						"0.9167": {
							"post": [0, 0, 0],
							"lerp_mode": "catmullrom"
						}
					}
				},
				"head": {
					"rotation": {
						"0.0": {
							"post": [0, 0, 0],
							"lerp_mode": "catmullrom"
						},
						"0.25": {
							"post": [-15, 0, 0],
							"lerp_mode": "catmullrom"
						},
						"0.6667": {
							"post": [-15, 0, 0],
							"lerp_mode": "catmullrom"
						},
						"0.9167": {
							"post": [0, 0, 0],
							"lerp_mode": "catmullrom"
						}
					}
				},
				"jaw": {
					"rotation": {
						"0.0": {
							"post": [0, 0, 0],
							"lerp_mode": "catmullrom"
						},
						"0.25": {
							"post": [25, 0, 0],
							"lerp_mode": "catmullrom"
						},
						"0.75": {
							"post": [25, 0, 0],
							"lerp_mode": "catmullrom"
						},
						"1.0": {
							"post": [0, 0, 0],
							"lerp_mode": "catmullrom"
						}
					}
				}
			},
			"sound_effects": {
				"0.0833": {
					"effect": "pokemon.rapidash_galar.cry"
				}
			}
		}
	}
}