{
	"format_version": "1.8.0",
	"animations": {
		"animation.poliwrath.ground_idle": {
			"loop": true,
			"bones": {
				"arm_right1": {
					"rotation": [0, 10, -45]
				},
				"arm_right2": {
					"rotation": [0, -30, 0]
				},
				"finger_front_right2": {
					"rotation": [0, 0, -75]
				},
				"finger_middle_right2": {
					"rotation": [0, 0, -77.5]
				},
				"finger_back_right2": {
					"rotation": [0, 0, -80]
				},
				"thumb_right2": {
					"rotation": [0, 30, 0]
				},
				"arm_left1": {
					"rotation": [0, -10, 45]
				},
				"arm_left2": {
					"rotation": [0, 30, 0]
				},
				"finger_front_left2": {
					"rotation": [0, 0, 75]
				},
				"finger_middle_left2": {
					"rotation": [0, 0, 77.5]
				},
				"finger_back_left2": {
					"rotation": [0, 0, 80]
				},
				"thumb_left2": {
					"rotation": [0, -30, 0]
				}
			}
		},
		"animation.poliwrath.water_idle": {
			"loop": true,
			"bones": {
				"arm_right1": {
					"rotation": [0, 10, -30]
				},
				"arm_right2": {
					"rotation": [0, -30, 0]
				},
				"finger_front_right2": {
					"rotation": [0, 0, -10]
				},
				"finger_middle_right2": {
					"rotation": [0, 0, -12.5]
				},
				"finger_back_right2": {
					"rotation": [0, 0, -15]
				},
				"arm_left1": {
					"rotation": [0, -10, 30]
				},
				"arm_left2": {
					"rotation": [0, 30, 0]
				},
				"finger_front_left2": {
					"rotation": [0, 0, 10]
				},
				"finger_middle_left2": {
					"rotation": [0, 0, 12.5]
				},
				"finger_back_left2": {
					"rotation": [0, 0, 15]
				},
				"body": {
					"rotation": [15, 0, 0]
				},
				"thumb_right1": {
					"rotation": [0, -15, 0]
				},
				"thumb_left1": {
					"rotation": [0, 15, 0]
				},
				"leg_right": {
					"rotation": [15, 0, 0]
				},
				"foot_right1": {
					"rotation": [15, 0, 0]
				},
				"leg_left": {
					"rotation": [15, 0, 0]
				},
				"foot_left1": {
					"rotation": [15, 0, 0]
				}
			}
		},
		"animation.poliwrath.water_swim": {
			"loop": true,
			"bones": {
				"arm_right1": {
					"rotation": [15, 10, -50]
				},
				"arm_right2": {
					"rotation": [0, -15, 0]
				},
				"finger_front_right2": {
					"rotation": [0, 0, -75]
				},
				"finger_middle_right2": {
					"rotation": [0, 0, -77.5]
				},
				"finger_back_right2": {
					"rotation": [0, 0, -80]
				},
				"thumb_right2": {
					"rotation": [0, 30, 0]
				},
				"arm_left1": {
					"rotation": [15, -10, 50]
				},
				"arm_left2": {
					"rotation": [0, 15, 0]
				},
				"finger_front_left2": {
					"rotation": [0, 0, 75]
				},
				"finger_middle_left2": {
					"rotation": [0, 0, 77.5]
				},
				"finger_back_left2": {
					"rotation": [0, 0, 80]
				},
				"thumb_left2": {
					"rotation": [0, -30, 0]
				},
				"body": {
					"rotation": [45, 0, 0]
				},
				"leg_right": {
					"rotation": [15, 0, 0]
				},
				"foot_right1": {
					"rotation": [15, 0, 0]
				},
				"leg_left": {
					"rotation": [15, 0, 0]
				},
				"foot_left1": {
					"rotation": [15, 0, 0]
				}
			}
		},
		"animation.poliwrath.blink": {
			"animation_length": 0.16667,
			"bones": {
				"eyelid_right": {
					"position": {
						"0.0": [0, 0, -0.1],
						"0.125": [0, 0, -0.1],
						"0.1667": [0, 0, 0]
					}
				},
				"eyelid_left": {
					"position": {
						"0.0": [0, 0, -0.1],
						"0.125": [0, 0, -0.1],
						"0.1667": [0, 0, 0]
					}
				}
			}
		},
		"animation.poliwrath.sleep": {
			"loop": true,
			"bones": {
				"body": {
					"rotation": [-10, 0, 0],
					"position": [0, -5.75, 0]
				},
				"eye_base_right": {
					"rotation": [12.5, 0, 0]
				},
				"eye_base_left": {
					"rotation": [12.5, 0, 0]
				},
				"arm_right1": {
					"rotation": [8.38762, -9.20933, -57.68763]
				},
				"arm_right2": {
					"rotation": [5.84544, -37.85295, -6.14212]
				},
				"hand_right": {
					"rotation": [36.04676, -33.62639, 2.66328]
				},
				"finger_front_right1": {
					"rotation": [0, 0, -32.5]
				},
				"finger_front_right2": {
					"rotation": [0, 0, -50]
				},
				"finger_middle_right1": {
					"rotation": [0, 0, -12.5]
				},
				"finger_middle_right2": {
					"rotation": [0, 0, -47.5]
				},
				"finger_back_right1": {
					"rotation": [0, 0, -10]
				},
				"finger_back_right2": {
					"rotation": [0, 0, -35]
				},
				"thumb_right1": {
					"rotation": [36.01619, -24.28484, -60.50174]
				},
				"thumb_right2": {
					"rotation": [0, 12.5, 0]
				},
				"arm_left1": {
					"rotation": [7.9621, 8.91506, 53.4748],
					"position": [0, -0.5, -0.25]
				},
				"arm_left2": {
					"rotation": [9.51963, 49.45961, 8.08315]
				},
				"hand_left": {
					"rotation": [45.58895, 24.69771, 4.80859]
				},
				"finger_front_left1": {
					"rotation": [0, 0, 35]
				},
				"finger_front_left2": {
					"rotation": [0, 0, 17.5]
				},
				"finger_middle_left1": {
					"rotation": [0, 0, 22.5]
				},
				"finger_middle_left2": {
					"rotation": [0, 0, 27.5]
				},
				"finger_back_left1": {
					"rotation": [0, 0, 17.5]
				},
				"finger_back_left2": {
					"rotation": [0, 0, 17.5]
				},
				"thumb_left1": {
					"rotation": [22.76048, 33.82584, 37.0045]
				},
				"thumb_left2": {
					"rotation": [0, -17.5, 0]
				},
				"leg_right": {
					"rotation": [-93.28422, 19.37511, -47.89925],
					"position": [-0.5, 0, 0]
				},
				"foot_right1": {
					"rotation": [35.76926, 13.56626, 6.46066]
				},
				"foot_right2": {
					"rotation": [15, 0, 0]
				},
				"leg_left": {
					"rotation": [-85.24226, -18.42291, 25.92129],
					"position": [0.5, 0, 0]
				},
				"foot_left1": {
					"rotation": [34.2345, -32.77469, 1.37263]
				},
				"foot_left2": {
					"rotation": [22.5, 0, 0]
				},
				"eyelid_right": {
					"position": [0, 0, -0.1]
				},
				"eyelid_left": {
					"position": [0, 0, -0.1]
				}
			}
		},
		"animation.poliwrath.render": {
			"loop": true,
			"bones": {
				"arm_right1": {
					"rotation": [0, -20, -45]
				},
				"arm_right2": {
					"rotation": [-7.5, -50, 0]
				},
				"finger_front_right2": {
					"rotation": [0, 0, -75]
				},
				"finger_middle_right2": {
					"rotation": [0, 0, -77.5]
				},
				"finger_back_right2": {
					"rotation": [0, 0, -80]
				},
				"thumb_right2": {
					"rotation": [0, 30, 0]
				},
				"arm_left1": {
					"rotation": [0, 10, 45]
				},
				"arm_left2": {
					"rotation": [0, 50, 0]
				},
				"finger_front_left2": {
					"rotation": [0, 0, 75]
				},
				"finger_middle_left2": {
					"rotation": [0, 0, 77.5]
				},
				"finger_back_left2": {
					"rotation": [0, 0, 80]
				},
				"thumb_left2": {
					"rotation": [0, -30, 0]
				},
				"leg_right": {
					"rotation": [0.42466, 0.86283, 7.94797]
				},
				"foot_right1": {
					"rotation": [0, 0, -8],
					"position": [0, -0.1, 0]
				},
				"leg_left": {
					"rotation": [0, 0, -15],
					"position": [0, -0.3, 0]
				},
				"foot_left1": {
					"rotation": [0, 0, 15],
					"position": [0, -0.2, 0]
				},
				"foot_left2": {
					"position": [0, 0, 0]
				}
			}
		}
	}
}