{
	"format_version": "1.8.0",
	"animations": {
		"animation.kingdra.ground_idle": {
			"loop": true,
			"bones": {
				"body": {
					"rotation": [32.5, 0, 0],
					"position": [0, -13.5, -3]
				},
				"neck": {
					"rotation": [-5, 0, 0]
				},
				"head": {
					"rotation": ["-math.sin(q.anim_time*90*2-90)*4", 0, "-math.sin(q.anim_time*90*1)*2+math.sin(q.anim_time*90*2)*2"]
				},
				"head_angle": {
					"rotation": [-2.5, 0, 0]
				},
				"fin": {
					"rotation": [0, "math.sin(q.anim_time*90*2)*10", 0]
				},
				"tail": {
					"rotation": [39.3469, -48.88524, -84.99671],
					"position": [1, -1, -1.5]
				},
				"tail2": {
					"rotation": [-12.88872, -4.57826, 0.87804]
				},
				"waist": {
					"rotation": ["-17.5+math.sin(q.anim_time*90*2-90)*4", 0, "math.sin(q.anim_time*90*1)*2"]
				},
				"head_correction": {
					"rotation": [-10, 0, 0]
				}
			}
		},
		"animation.kingdra.ground_walk": {
			"loop": true,
			"bones": {
				"body": {
					"rotation": [32.5, 0, 0],
					"position": [0, -13.5, "-2+math.sin(q.anim_time*90*3+66)*3"]
				},
				"neck": {
					"rotation": [-5, 0, 0]
				},
				"head": {
					"rotation": [
						"-math.sin(q.anim_time*90*3-90)*10+(math.sin(q.anim_time*90*3-45)*1+0.5)*10",
						0,
						"-math.sin(q.anim_time*90*1)*2+math.sin(q.anim_time*90*2)*1"
					]
				},
				"fin": {
					"rotation": [0, "math.clamp(math.sin(q.anim_time*90*3*2)*8,-10,10)+math.sin(q.anim_time*90*3*2)*4", 0]
				},
				"tail": {
					"rotation": ["39.3469+math.sin(q.anim_time*90*3-90)*10", -48.88524, -84.99671],
					"position": [1, -1, -1.5]
				},
				"tail2": {
					"rotation": [-12.88872, -4.57826, 0.87804]
				},
				"waist": {
					"rotation": ["-10+math.sin(q.anim_time*90*3-90)*10", 0, "math.sin(q.anim_time*90*1.5)*2"]
				},
				"head_correction": {
					"rotation": [-17.5, 0, 0]
				}
			}
		},
		"animation.kingdra.water_idle": {
			"loop": true,
			"bones": {
				"body": {
					"rotation": ["math.sin(q.anim_time*90*2+33)*2+2", 0, 0],
					"position": [0, "math.sin(q.anim_time*90*2)*0.5", 0]
				},
				"head": {
					"rotation": ["-math.sin(q.anim_time*90*2+33)*1-math.sin(q.anim_time*90*2+33)*2", 0, 0]
				},
				"head_angle": {
					"rotation": [-2.5, 0, 0]
				},
				"fin": {
					"rotation": [0, "math.sin(q.anim_time*90*4*2+33)*20", 0]
				},
				"tail": {
					"rotation": ["math.sin(q.anim_time*90*2-33*0)*3+3", 0, 0]
				},
				"tail2": {
					"rotation": ["math.sin(q.anim_time*90*2-33*0)*4", 0, 0]
				}
			}
		},
		"animation.kingdra.water_swim": {
			"loop": true,
			"bones": {
				"body": {
					"rotation": ["15+math.sin(q.anim_time*90*4+33)*4", 0, 0],
					"position": [0, "math.sin(q.anim_time*90*2)*0.5", 0]
				},
				"head": {
					"rotation": ["-math.sin(q.anim_time*90*4+33)*2-math.sin(q.anim_time*90*4+33)*2", 0, 0]
				},
				"head_angle": {
					"rotation": [0, 0, 0]
				},
				"fin": {
					"rotation": [0, "math.sin(q.anim_time*90*4*4+33)*20", 0]
				},
				"tail": {
					"rotation": ["math.sin(q.anim_time*90*4-33*0)*5", 0, 0]
				},
				"tail2": {
					"rotation": ["-math.sin(q.anim_time*90*4-33*0)*10", 0, 0]
				},
				"head_correction": {
					"rotation": [-12.5, 0, 0]
				},
				"head_ai": {
					"rotation": [-2.5, 0, 0]
				}
			}
		},
		"animation.kingdra.blink": {
			"animation_length": 0.1667,
			"bones": {
				"eyelid_right": {
					"position": {
						"0.0": [-0.1, 0, 0],
						"0.125": [-0.1, 0, 0],
						"0.1667": [0, 0, 0]
					}
				},
				"eyelid_left": {
					"position": {
						"0.0": [0.1, 0, 0],
						"0.125": [0.1, 0, 0],
						"0.1667": [0, 0, 0]
					}
				}
			}
		}
	}
}