{
	"format_version": "1.8.0",
	"animations": {
		"animation.staraptor.ground_idle": {
			"loop": true,
			"bones": {
				"hairstrand": {
					"rotation": [7.5, 0, 12.5]
				},
				"hairstrand2": {
					"rotation": [-17.5, 0, 0]
				},
				"tail": {
					"rotation": [37.5, 0, 0]
				},
				"wing_left": {
					"rotation": [-189.24606, -74.79781, -80.42476],
					"position": [0, -4, -1]
				},
				"wing_left2": {
					"rotation": [0, 45, 0]
				},
				"wing_left3": {
					"rotation": [0, -40, 0]
				},
				"neck": {
					"rotation": [5, 0, 0]
				},
				"head": {
					"rotation": [-2.5, 0, 0]
				},
				"hair": {
					"rotation": [7.5, 0, 0]
				},
				"wing_right": {
					"rotation": [-189.24606, 74.79781, 80.42476],
					"position": [0, -4, -1]
				},
				"wing_right2": {
					"rotation": [0, -45, 0]
				},
				"wing_right3": {
					"rotation": [0, 40, 0]
				},
				"head_ai": {
					"rotation": [0, 0, 0]
				}
			}
		},
		"animation.staraptor.cry": {
			"animation_length": 1.5,
			"bones": {
				"neck": {
					"rotation": {
						"0.0": [0, 0, 0],
						"0.25": [10, 0, 0],
						"1.25": [10, 0, 0],
						"1.5": [0, 0, 0]
					}
				},
				"head": {
					"rotation": {
						"0.0": [0, 0, 0],
						"0.25": [-15, 0, 0],
						"1.25": [-15, 0, 0],
						"1.5": [0, 0, 0]
					}
				},
				"jaw": {
					"rotation": {
						"0.0": [0, 0, 0],
						"0.25": [42.5, 0, 0],
						"1.25": [42.5, 0, 0],
						"1.5": [0, 0, 0]
					}
				}
			}
		},
		"animation.staraptor.blink": {
			"animation_length": 0.1667,
			"bones": {
				"eyelid_left": {
					"position": {
						"0.0": [0.1, 0, -0.1],
						"0.125": [0.1, 0, -0.1],
						"0.1667": [0, 0, 0]
					}
				},
				"eyelid_right": {
					"position": {
						"0.0": [-0.1, 0, -0.1],
						"0.125": [-0.1, 0, -0.1],
						"0.1667": [0, 0, 0]
					}
				}
			}
		}
	}
}