{
	"format_version": "1.8.0",
	"animations": {
		"animation.rhyperior.ground_idle": {
			"loop": true,
			"bones": {
				"tail": {
					"rotation": [-7.5, 0, 0]
				},
				"tail2": {
					"rotation": [7.5, 0, 0]
				},
				"tail3": {
					"rotation": [7.5, 0, 0]
				},
				"tail4": {
					"rotation": [7.5, 0, 0]
				},
				"leftarm": {
					"rotation": [0, 0, 30]
				},
				"lefthand": {
					"rotation": [-45, 0, -20]
				},
				"rightarm": {
					"rotation": [0, 0, -30]
				},
				"righthand": {
					"rotation": [-45, 0, 20]
				}
			}
		}
	}
}