{
	"format_version": "1.8.0",
	"animations": {
		"animation.metapod.ground_idle": {
			"loop": true,
			"bones": {
				"body": {
					"rotation": [
						"math.sin(q.anim_time*90*2)*0.5",
						0,
						"math.clamp(math.sin(q.anim_time*90*4)*0.1,-0.8,0)+math.clamp(math.sin(q.anim_time*90*4)*0.5,0,0.8)+math.sin(q.anim_time*90*2)*0.1"
					],
					"position": [
						0,
						"(-math.clamp(math.sin(q.anim_time*90*2)*0.2,-0.1,0)-math.clamp(math.sin(q.anim_time*90*2)*0.2,0,0.1)-math.sin(q.anim_time*90*2)*0.2)*0.1",
						0
					]
				},
				"body_segment": {
					"rotation": ["-math.clamp(math.sin(q.anim_time*90*2)*0.5,-0.8,0)-math.clamp(math.sin(q.anim_time*90*2)*0.5,0,0.8)-math.sin(q.anim_time*90*2)*0.1", 0, 0]
				}
			}
		},
		"animation.metapod.sleep": {
			"loop": true,
			"bones": {
				"body": {
					"rotation": [
						"5+math.sin(q.anim_time*90*1)*0.25",
						0,
						"math.clamp(math.sin(q.anim_time*90*2)*0.1,-0.8,0)+math.clamp(math.sin(q.anim_time*90*2)*0.5,0,0.8)+math.sin(q.anim_time*90*1)*0.1"
					],
					"position": [
						0,
						"(-math.clamp(math.sin(q.anim_time*90*1)*0.2,-0.1,0)-math.clamp(math.sin(q.anim_time*90*1)*0.2,0,0.1)-math.sin(q.anim_time*90*1)*0.2)*0.1",
						-0.5
					]
				},
				"body_segment": {
					"rotation": ["-math.clamp(math.sin(q.anim_time*90*1)*0.5,-0.8,0)-math.clamp(math.sin(q.anim_time*90*1)*0.5,0,0.8)-math.sin(q.anim_time*90*1)*0.1", 0, 0]
				},
				"eyelid_right": {
					"position": [-0.1, 0, 0]
				},
				"eyelid_left": {
					"position": [0.1, 0, 0]
				}
			}
		},
		"animation.metapod.faint": {
			"animation_length": 3,
			"bones": {
				"body": {
					"rotation": {
						"0.0": [0, 0, 0],
						"0.2917": [4.29, 0, 0],
						"0.4583": [10, 0, 0],
						"0.625": [32.5, 0, 0],
						"0.6667": [30, 0, 0],
						"0.7083": [32.5, 0, 0],
						"1.5": [32.5, 0, 0],
						"1.8333": [30, 0, -26.25],
						"2.0": [30, 0, -60],
						"2.0833": [30, 0, -97.5],
						"2.125": [30, 0, -85],
						"2.1667": [30, 0, -90]
					},
					"position": {
						"0.0": [0, 0, 0],
						"0.2917": [0, 0.04, -0.43],
						"0.4583": [0, 0.1, -1],
						"0.625": [0, 0.1, -3.3],
						"0.6667": [0, 0.1, -3.1],
						"0.7083": [0, 0.1, -3.3],
						"1.5": [0, 0.1, -3.3],
						"1.8333": [-2.63, 1.03, -3.1],
						"1.9583": [-4.65, 0.84, -3.1],
						"2.0": [-6, 0.22, -3.1],
						"2.0833": [-9, -2.2, -3.1]
					}
				},
				"eyelid_right": {
					"position": {
						"0.0": [0, 0, 0],
						"0.5833": [0, 0, 0],
						"0.625": [-0.1, 0, 0],
						"0.9583": [-0.1, 0, 0],
						"1.0": [0, 0, 0],
						"1.0833": [0, 0, 0],
						"1.125": [-0.1, 0, 0],
						"1.2083": [-0.1, 0, 0],
						"1.25": [0, 0, 0],
						"2.0417": [0, 0, 0],
						"2.0833": [-0.1, 0, 0]
					}
				},
				"eyelid_left": {
					"position": {
						"0.0": [0, 0, 0],
						"0.5833": [0, 0, 0],
						"0.625": [0.1, 0, 0],
						"0.9583": [0.1, 0, 0],
						"1.0": [0, 0, 0],
						"1.0833": [0, 0, 0],
						"1.125": [0.1, 0, 0],
						"1.2083": [0.1, 0, 0],
						"1.25": [0, 0, 0],
						"2.0417": [0, 0, 0],
						"2.0833": [0.1, 0, 0]
					}
				}
			}
		},
		"animation.metapod.blink": {
			"animation_length": 0.16667,
			"bones": {
				"eyelid_right": {
					"position": {
						"0.0": [-0.1, 0, 0],
						"0.125": [-0.1, 0, 0],
						"0.1667": [0, 0, 0]
					}
				},
				"eyelid_left": {
					"position": {
						"0.0": [0.1, 0, 0],
						"0.125": [0.1, 0, 0],
						"0.1667": [0, 0, 0]
					}
				}
			}
		},
		"animation.metapod.cry": {
			"animation_length": 1.41667,
			"bones": {
				"body": {
					"rotation": {
						"0.0": {
							"post": [0, 0, 0],
							"lerp_mode": "catmullrom"
						},
						"0.125": {
							"post": [0.24495, 2.5286, -6.33169],
							"lerp_mode": "catmullrom"
						},
						"0.25": {
							"post": [5.05167, -1.52982, 3.02713],
							"lerp_mode": "catmullrom"
						},
						"0.375": {
							"post": [0, 2.5, 0],
							"lerp_mode": "catmullrom"
						},
						"0.5": {
							"post": [0, -2.5, 0],
							"lerp_mode": "catmullrom"
						},
						"0.75": {
							"post": [0, 2.5, 0],
							"lerp_mode": "catmullrom"
						},
						"0.875": {
							"post": [0, -2.5, 0],
							"lerp_mode": "catmullrom"
						},
						"1.1667": {
							"post": [0, 0, 0],
							"lerp_mode": "catmullrom"
						}
					},
					"position": {
						"0.0": {
							"post": [0, 0, 0],
							"lerp_mode": "catmullrom"
						},
						"1.1667": {
							"post": [0, 0, 0],
							"lerp_mode": "catmullrom"
						}
					}
				},
				"body_segment": {
					"rotation": {
						"0.0": {
							"post": [0, 0, 0],
							"lerp_mode": "catmullrom"
						},
						"0.125": {
							"post": [0.2074, -2.5008, 4.95993],
							"lerp_mode": "catmullrom"
						},
						"0.25": {
							"post": [-4.81906, 2.96226, -5.45921],
							"lerp_mode": "catmullrom"
						},
						"0.375": {
							"post": [-0.09209, -0.00633, -0.26004],
							"lerp_mode": "catmullrom"
						},
						"0.5": {
							"post": [-0.69275, 2.49348, -0.29026],
							"lerp_mode": "catmullrom"
						},
						"0.75": {
							"post": [0.27379, -2.50469, -0.15728],
							"lerp_mode": "catmullrom"
						},
						"0.875": {
							"post": [-0.38046, 2.49075, -0.36995],
							"lerp_mode": "catmullrom"
						},
						"1.0": {
							"post": [0, 0, 0],
							"lerp_mode": "catmullrom"
						}
					},
					"position": [0, 0, 0]
				},
				"eyelid_right": {
					"position": {
						"0.0": [0, 0, 0],
						"0.0833": [-0.12441, 0.01024, -0.00643],
						"0.625": [-0.12441, 0.01024, -0.00643],
						"0.75": [0, 0, 0]
					}
				},
				"eyelid_left": {
					"position": {
						"0.0": [0, 0, 0],
						"0.0833": [0.09953, -0.00819, 0.00514],
						"0.625": [0.09953, -0.00819, 0.00514],
						"0.75": [0, 0, 0]
					}
				}
			},
			"sound_effects": {
				"0.0417": {
					"effect": "pokemon.metapod.cry"
				}
			}
		},
		"animation.metapod.render": {
			"loop": true,
			"bones": {
				"body": {
					"rotation": [-10, 0, 0],
					"position": [0, 1, 0]
				}
			}
		}
	}
}