{
	"format_version": "1.8.0",
	"animations": {
		"animation.mudkip.water_idle": {
			"loop": true,
			"bones": {
				"body": {
					"rotation": [-15, 0, 0]
				},
				"head": {
					"rotation": [10, 0, 0]
				},
				"leg_front_left": {
					"rotation": [15, 0, -30]
				},
				"leg_front_right": {
					"rotation": [15, 0, 30]
				},
				"leg_back_left": {
					"rotation": [30, 0, -15]
				},
				"leg_back_right": {
					"rotation": [30, 0, 15]
				},
				"tail": {
					"rotation": [7.5, 0, 0]
				}
			}
		},
		"animation.mudkip.water_swim": {
			"loop": true,
			"bones": {
				"head": {
					"position": [0, -1, -1]
				},
				"leg_front_left": {
					"rotation": [30, 0, -15]
				},
				"leg_front_right": {
					"rotation": [30, 0, 15]
				},
				"leg_back_left": {
					"rotation": [45, 0, -15]
				},
				"leg_back_right": {
					"rotation": [45, 0, 15]
				}
			}
		},
		"animation.mudkip.blink": {
			"animation_length": 0.16667,
			"bones": {
				"eyelid_right": {
					"position": {
						"0.0": [0, 0, -0.1],
						"0.125": [0, 0, -0.1],
						"0.1667": [0, 0, 0]
					}
				},
				"eyelid_left": {
					"position": {
						"0.0": [0, 0, -0.1],
						"0.125": [0, 0, -0.1],
						"0.1667": [0, 0, 0]
					}
				}
			}
		},
		"animation.mudkip.cry": {
			"animation_length": 0.625,
			"bones": {
				"head": {
					"rotation": {
						"0.0": {
							"post": [0, 0, 0],
							"lerp_mode": "catmullrom"
						},
						"0.125": {
							"post": [-7.5, 0, 0],
							"lerp_mode": "catmullrom"
						},
						"0.4167": {
							"post": [-10, 0, 0],
							"lerp_mode": "catmullrom"
						},
						"0.625": {
							"post": [0, 0, 0],
							"lerp_mode": "catmullrom"
						}
					}
				}
			},
			"sound_effects": {
				"0.0417": {
					"effect": "pokemon.mudkip.cry"
				}
			}
		}
	}
}