{
	"format_version": "1.8.0",
	"animations": {
		"animation.meowth_galarian.ground_idle": {
			"loop": true,
			"bones": {
				"foot_right": {
					"rotation": [0, 12.5, 0]
				},
				"foot_left": {
					"rotation": [0, -12.5, 0]
				},
				"foot_left_end": {
					"rotation": [0, 0, 0]
				},
				"tail1": {
					"rotation": ["-12.5+math.sin(q.anim_time*90*2-25)*2", "0+math.sin(q.anim_time*90*1-30)*3", 0]
				},
				"arm_right": {
					"rotation": [25, 0, "-52.5+math.sin(q.anim_time*90*2-30+180)*1.5"]
				},
				"forearm_right": {
					"rotation": [0, "-30+math.sin(q.anim_time*90*2-60+180)*2.5", 0]
				},
				"arm_left": {
					"rotation": [25, 0, "52.5+math.sin(q.anim_time*90*2-30)*1.5"]
				},
				"forearm_left": {
					"rotation": [0, "30+math.sin(q.anim_time*90*2-60)*2.5", 0]
				},
				"claw_front_right": {
					"rotation": [0, -10, 0],
					"position": [2, 0, 0]
				},
				"claw_middle_right2": {
					"rotation": [0, 10, 0],
					"position": [2, 0, 0]
				},
				"claw_front_left": {
					"rotation": [0, 10, 0],
					"position": [-2, 0, 0]
				},
				"claw_middle_left2": {
					"rotation": [0, -10, 0],
					"position": [-2, 0, 0]
				},
				"torso": {
					"rotation": ["0+math.sin(q.anim_time*90*2+0)*2", "0+math.sin(q.anim_time*90*1+0)*3", 0],
					"position": [0, "0+math.sin(q.anim_time*90*2-50+180)*0.15", 0]
				},
				"head": {
					"rotation": ["0+math.sin(q.anim_time*90*2-30)*1.5", "0+math.sin(q.anim_time*90*1-30+180)*5.5", "0+math.sin(q.anim_time*90*2-15+90)*1"]
				},
				"beard": {
					"rotation": ["0+math.sin(q.anim_time*90*2-60)*1.5", 0, "0+math.sin(q.anim_time*90*1-40+90)*2"]
				},
				"beard_scruff": {
					"rotation": ["0+math.sin(q.anim_time*90*2-85)*2", 0, "0+math.sin(q.anim_time*90*1-55+90)*2.5"]
				},
				"beard_scruff_right": {
					"rotation": ["0+math.sin(q.anim_time*90*2-95)*1.5", 0, "0+math.sin(q.anim_time*90*1-65+90)*1.5"]
				},
				"beard_scruff_left": {
					"rotation": ["0+math.sin(q.anim_time*90*2-95)*1.5", 0, "0+math.sin(q.anim_time*90*1-65+90)*1.5"]
				},
				"beard2": {
					"rotation": ["0+math.sin(q.anim_time*90*2-90)*2.5", 0, "0+math.sin(q.anim_time*90*1-65+90)*3.5"]
				},
				"beard_scruff2": {
					"rotation": ["0+math.sin(q.anim_time*90*2-120)*2.5", 0, "0+math.sin(q.anim_time*90*1-95+90)*2.5"]
				},
				"beard_right": {
					"rotation": [0, "0+math.sin(q.anim_time*90*1-60+180)*1.5", "0+math.sin(q.anim_time*90*2-65+180)*1.5"]
				},
				"beard_left": {
					"rotation": [0, "0+math.sin(q.anim_time*90*1-60+180)*1.5", "0+math.sin(q.anim_time*90*2-65)*1.5"]
				},
				"beard_left2": {
					"rotation": [0, "0+math.sin(q.anim_time*90*1-60+180)*1.5", "0+math.sin(q.anim_time*90*2-55)*1"]
				},
				"beard_right2": {
					"rotation": [0, "0+math.sin(q.anim_time*90*1-60+180)*1.5", "0+math.sin(q.anim_time*90*2-55+180)*1"]
				},
				"ear_right": {
					"rotation": ["0+math.sin(q.anim_time*90*2-60)*1.5", 0, "0+math.sin(q.anim_time*90*1-30+180)*2.5"]
				},
				"ear_left": {
					"rotation": ["0+math.sin(q.anim_time*90*2-60)*1.5", 0, "0+math.sin(q.anim_time*90*1-30+180)*2.5"]
				},
				"head_whisker_right": {
					"rotation": ["0+math.sin(q.anim_time*90*2-50)*2.5", "0+math.sin(q.anim_time*90*1-60+180)*1", "0+math.sin(q.anim_time*90*1-25+180)*3"]
				},
				"head_whisker_left": {
					"rotation": ["0+math.sin(q.anim_time*90*2-50)*2.5", "0+math.sin(q.anim_time*90*1-60+180)*1", "0+math.sin(q.anim_time*90*1-25+180)*3"]
				},
				"whisker_top_right": {
					"rotation": [0, "0+math.sin(q.anim_time*90*1-60+180)*1.5", "0+math.sin(q.anim_time*90*2-55+180)*1"]
				},
				"whisker_top_left": {
					"rotation": [0, "0+math.sin(q.anim_time*90*1-60+180)*1.5", "0+math.sin(q.anim_time*90*2-55)*1"]
				},
				"whisker_middle_right": {
					"rotation": [0, "0+math.sin(q.anim_time*90*1-60+180)*1.5", "0+math.sin(q.anim_time*90*2-65+180)*1.5"]
				},
				"whisker_middle_left": {
					"rotation": [0, "0+math.sin(q.anim_time*90*1-60+180)*1.5", "0+math.sin(q.anim_time*90*2-65)*1.5"]
				},
				"whisker_bottom_right": {
					"rotation": [0, "0+math.sin(q.anim_time*90*1-60+180)*1.5", "0+math.sin(q.anim_time*90*2-55+180)*1"]
				},
				"whisker_bottom_left": {
					"rotation": [0, "0+math.sin(q.anim_time*90*1-60+180)*1.5", "0+math.sin(q.anim_time*90*2-55)*1"]
				},
				"hand_right": {
					"rotation": [0, 0, "-1+math.sin(q.anim_time*90*2-90+180)*1.5"]
				},
				"claw_middle_right": {
					"position": [2, 0, 0]
				},
				"hand_left": {
					"rotation": [0, 0, "1+math.sin(q.anim_time*90*2-90)*1.5"]
				},
				"claw_middle_left": {
					"position": [-2, 0, 0]
				},
				"tail2": {
					"rotation": ["8+math.sin(q.anim_time*90*2-50)*3", "0+math.sin(q.anim_time*90*1-60)*5", 0]
				}
			}
		},
		"animation.meowth_galarian.battle_idle": {
			"loop": true,
			"bones": {
				"foot_right": {
					"rotation": ["10.75+math.sin(q.anim_time*90*3+180)*2", 12.25, 1],
					"position": [0, 0.25, 0]
				},
				"foot_left": {
					"rotation": ["-10.5+math.sin(q.anim_time*90*3+180)*2", -12, 2.5],
					"position": [0, 0.25, 0]
				},
				"foot_left_end": {
					"rotation": [-10, 0, 0]
				},
				"tail1": {
					"rotation": ["-20+math.sin(q.anim_time*90*3-25)*2", "math.sin(q.anim_time*90*2-30)*5", 0]
				},
				"arm_right": {
					"rotation": [-65, -5, "-40+math.sin(q.anim_time*90*3-30+180)*1.5"]
				},
				"forearm_right": {
					"rotation": [0, "-27.5+math.sin(q.anim_time*90*3-60)*-2.5", 0]
				},
				"arm_left": {
					"rotation": [-65, 5, "40+math.sin(q.anim_time*90*3-30+180)*1.5"]
				},
				"forearm_left": {
					"rotation": [0, "27.5+math.sin(q.anim_time*90*3-60)*2.5", 0]
				},
				"claw_front_right": {
					"rotation": [0, -10, 0],
					"position": [0, 0, 0]
				},
				"claw_middle_right2": {
					"rotation": [0, 10, 0],
					"position": [0, 0, 0]
				},
				"claw_front_left": {
					"rotation": [0, 10, 0],
					"position": [0, 0, 0]
				},
				"claw_middle_left2": {
					"rotation": [0, -10, 0],
					"position": [0, 0, 0]
				},
				"torso": {
					"rotation": ["20+math.sin(q.anim_time*90*3+0)*2", "0+math.sin(q.anim_time*90*1.5+0)*3", 0],
					"position": [0, "0+math.sin(q.anim_time*90*3-50+180)*0.2", "0+math.sin(q.anim_time*90*3-15+180)*0.15"]
				},
				"head": {
					"rotation": ["-17.5+math.sin(q.anim_time*90*3-30)*1.5", "math.sin(q.anim_time*90*1.5-30+180)*5", "math.sin(q.anim_time*90*3-15+90)*1"]
				},
				"beard": {
					"rotation": ["0+math.sin(q.anim_time*90*3-60)*1.5", 0, "0+math.sin(q.anim_time*90*1.5-40+90)*2"]
				},
				"beard_scruff": {
					"rotation": ["0+math.sin(q.anim_time*90*3-85)*2", 0, "0+math.sin(q.anim_time*90*1.5-55+90)*2.5"]
				},
				"beard_scruff_right": {
					"rotation": ["0+math.sin(q.anim_time*90*3-95)*1.5", 0, "0+math.sin(q.anim_time*90*1.5-65+90)*1.5"]
				},
				"beard_scruff_left": {
					"rotation": ["0+math.sin(q.anim_time*90*3-95)*1.5", 0, "0+math.sin(q.anim_time*90*1.5-65+90)*1.5"]
				},
				"beard2": {
					"rotation": ["0+math.sin(q.anim_time*90*3-90)*2.5", 0, "0+math.sin(q.anim_time*90*1.5-65+90)*3.5"]
				},
				"beard_scruff2": {
					"rotation": ["0+math.sin(q.anim_time*90*3-120)*2.5", 0, "0+math.sin(q.anim_time*90*1.5-95+90)*2.5"]
				},
				"beard_right": {
					"rotation": [0, "0+math.sin(q.anim_time*90*1.5-60+180)*1.5", "0+math.sin(q.anim_time*90*3-65+180)*1.5"]
				},
				"beard_left": {
					"rotation": [0, "0+math.sin(q.anim_time*90*1.5-60+180)*1.5", "0+math.sin(q.anim_time*90*3-65)*1.5"]
				},
				"beard_left2": {
					"rotation": [0, "0+math.sin(q.anim_time*90*1.5-60+180)*1.5", "0+math.sin(q.anim_time*90*3-55)*1"]
				},
				"beard_right2": {
					"rotation": [0, "0+math.sin(q.anim_time*90*1.5-60+180)*1.5", "0+math.sin(q.anim_time*90*3-55+180)*1"]
				},
				"ear_right": {
					"rotation": ["0+math.sin(q.anim_time*90*3-60)*1.5", 0, "0+math.sin(q.anim_time*90*1.5-30+180)*3.5"]
				},
				"ear_left": {
					"rotation": ["0+math.sin(q.anim_time*90*3-60)*1.5", 0, "0+math.sin(q.anim_time*90*1.5-30+180)*3.5"]
				},
				"head_whisker_right": {
					"rotation": ["0+math.sin(q.anim_time*90*3-50)*2.5", "0+math.sin(q.anim_time*90*1.5-60+180)*1", "0+math.sin(q.anim_time*90*1.5-25+180)*3"]
				},
				"head_whisker_left": {
					"rotation": ["0+math.sin(q.anim_time*90*3-50)*2.5", "0+math.sin(q.anim_time*90*1.5-60+180)*1", "0+math.sin(q.anim_time*90*1.5-25+180)*3"]
				},
				"whisker_top_right": {
					"rotation": [0, "0+math.sin(q.anim_time*90*1.5-60+180)*1.5", "0+math.sin(q.anim_time*90*3-55+180)*1"]
				},
				"whisker_top_left": {
					"rotation": [0, "0+math.sin(q.anim_time*90*1.5-60+180)*1.5", "0+math.sin(q.anim_time*90*3-55)*1"]
				},
				"whisker_middle_right": {
					"rotation": [0, "0+math.sin(q.anim_time*90*1.5-60+180)*1.5", "0+math.sin(q.anim_time*90*3-65+180)*1.5"]
				},
				"whisker_middle_left": {
					"rotation": [0, "0+math.sin(q.anim_time*90*1.5-60+180)*1.5", "0+math.sin(q.anim_time*90*3-65)*1.5"]
				},
				"whisker_bottom_right": {
					"rotation": [0, "0+math.sin(q.anim_time*90*1.5-60+180)*1.5", "0+math.sin(q.anim_time*90*3-55+180)*1"]
				},
				"whisker_bottom_left": {
					"rotation": [0, "0+math.sin(q.anim_time*90*1.5-60+180)*1.5", "0+math.sin(q.anim_time*90*3-55)*1"]
				},
				"hand_right": {
					"rotation": [-32.5, -27.5, "-50+math.sin(q.anim_time*90*3-90+180)*1.5"]
				},
				"claw_middle_right": {
					"position": [0, 0, 0]
				},
				"hand_left": {
					"rotation": [-32.5, 27.5, "50+math.sin(q.anim_time*90*3-90)*1.5"]
				},
				"claw_middle_left": {
					"position": [0, 0, 0]
				},
				"tail2": {
					"rotation": ["8+math.sin(q.anim_time*90*3-50)*3", "0+math.sin(q.anim_time*90*1.5-60)*7.5", 0]
				},
				"leg_right": {
					"rotation": ["-10+math.sin(q.anim_time*90*3+0)*2", 0, 0],
					"position": [0, -0.1, "-0.75+math.sin(q.anim_time*90*3+180)*0.15"]
				},
				"leg_left": {
					"rotation": ["20+math.sin(q.anim_time*90*3+0)*2", -10, 0],
					"position": [0, "0+math.sin(q.anim_time*90*3+180)*0.075", "0+math.sin(q.anim_time*90*3+180)*0.15"]
				},
				"body": {
					"position": [0, -0.25, 0]
				}
			}
		},
		"animation.meowth_galarian.ground_walk": {
			"loop": true,
			"animation_length": 1,
			"bones": {
				"foot_right": {
					"rotation": {
						"0.0": [-8.87839, 6.87736, -4.29916],
						"0.0417": [-7.12839, 6.87736, -4.29916],
						"0.0833": [0.87161, 6.87736, -4.29916],
						"0.125": [3.62161, 6.87736, -4.29916],
						"0.1667": [4.87161, 6.87736, -4.29916],
						"0.25": [7.62161, 6.87736, -4.29916],
						"0.3333": [8.62161, 7.62736, -3.79916],
						"0.4167": [4.37161, 9.37736, -2.29916],
						"0.4583": [-7.62839, 11.62736, -0.79916],
						"0.5": [-10, 12.5, 0],
						"0.625": [-2, 12.5, 0],
						"0.7083": [0, 10.75, -0.75],
						"0.7917": [-1.75, 8.75, -2.25],
						"0.9167": [-7.62839, 6.87736, -4.29916],
						"1.0": [-8.87839, 6.87736, -4.29916]
					}
				},
				"foot_left": {
					"rotation": {
						"0.0": [-10, -12.5, 0],
						"0.125": [-2, -12.5, 0],
						"0.2083": [0, -10.75, 0.75],
						"0.2917": [-1.75, -8.75, 2.25],
						"0.4167": [-7.62839, -6.87736, 4.29916],
						"0.5": [-8.87839, -6.87736, 4.29916],
						"0.5417": [-7.12839, -6.87736, 4.29916],
						"0.5833": [0.87161, -6.87736, 4.29916],
						"0.625": [3.62161, -6.87736, 4.29916],
						"0.6667": [4.87161, -6.87736, 4.29916],
						"0.75": [7.62161, -6.87736, 4.29916],
						"0.8333": [8.62161, -7.62736, 3.79916],
						"0.9167": [4.37161, -9.37736, 2.29916],
						"0.9583": [-7.62839, -11.62736, 0.79916],
						"1.0": [-10, -12.5, 0]
					}
				},
				"foot_left_end": {
					"rotation": {
						"0.0": [12.5, 0, 0],
						"0.2083": [0, 0, 0],
						"0.5": [-27.5, 0, 0],
						"0.5833": [-44, 0, 0],
						"0.625": [-47.5, 0, 0],
						"0.7083": [-39.75, 0, 0],
						"0.8333": [5, 0, 0],
						"0.9167": [10.5, 0, 0],
						"1.0": [12.5, 0, 0]
					}
				},
				"tail1": {
					"rotation": ["-12.5+math.sin(q.anim_time*90*8-100+180)*5", "0+math.sin(q.anim_time*90*4-95+180)*5", "0+math.sin(q.anim_time*90*4-100)*1.5"]
				},
				"claw_front_right": {
					"rotation": [0, -10, 0],
					"position": [2, 0, 0]
				},
				"claw_middle_right2": {
					"rotation": [0, 10, 0],
					"position": [2, 0, 0]
				},
				"claw_front_left": {
					"rotation": [0, 10, 0],
					"position": [-2, 0, 0]
				},
				"claw_middle_left2": {
					"rotation": [0, -10, 0],
					"position": [-2, 0, 0]
				},
				"meowth_galarian": {
					"position": [0, 0, "0+math.sin(q.anim_time*90*8+75)*0.35"]
				},
				"body": {
					"position": {
						"0.0": [0, 0.25, 0],
						"0.0417": [0, 0.1, 0],
						"0.125": [0, 0, 0],
						"0.2083": [0, 0.1, 0],
						"0.2917": [0, 0.25, 0],
						"0.3333": [0, 0.45, 0],
						"0.375": [0, 0.5, 0],
						"0.4167": [0, 0.45, 0],
						"0.5": [0, 0.25, 0],
						"0.5417": [0, 0.1, 0],
						"0.625": [0, 0, 0],
						"0.7083": [0, 0.1, 0],
						"0.7917": [0, 0.25, 0],
						"0.8333": [0, 0.45, 0],
						"0.875": [0, 0.5, 0],
						"0.9167": [0, 0.45, 0],
						"1.0": [0, 0.25, 0]
					}
				},
				"torso": {
					"rotation": ["0+math.sin(q.anim_time*90*8-70)*1", "0+math.sin(q.anim_time*90*4-70+180)*4.5", "0+math.sin(q.anim_time*90*4-70)*2.5"],
					"position": [0, "0+math.sin(q.anim_time*90*8-130)*0.25", 0]
				},
				"head": {
					"rotation": ["0+math.sin(q.anim_time*90*8-100)*1.5", "0+math.sin(q.anim_time*90*4-100)*7.5", "0+math.sin(q.anim_time*90*4-280)*4.5"]
				},
				"beard": {
					"rotation": ["0+math.sin(q.anim_time*90*8-130)*1.75", 0, "0+math.sin(q.anim_time*90*4-210)*2"]
				},
				"beard_scruff": {
					"rotation": ["0+math.sin(q.anim_time*90*8-170)*2.5", 0, "0+math.sin(q.anim_time*90*4-250)*3.5"]
				},
				"beard_scruff_right": {
					"rotation": ["0+math.sin(q.anim_time*90*8-160)*2.5", 0, "0+math.sin(q.anim_time*90*4-240)*3"]
				},
				"beard_scruff_left": {
					"rotation": ["0+math.sin(q.anim_time*90*8-160)*2.5", 0, "0+math.sin(q.anim_time*90*4-240)*3"]
				},
				"beard2": {
					"rotation": ["0+math.sin(q.anim_time*90*8-160)*2.5", 0, "0+math.sin(q.anim_time*90*4-240)*5"]
				},
				"beard_scruff2": {
					"rotation": ["0+math.sin(q.anim_time*90*8-190)*2.5", 0, "0+math.sin(q.anim_time*90*4-270)*3"]
				},
				"beard_right": {
					"rotation": [0, "0+math.sin(q.anim_time*90*4-130)*5", "0+math.sin(q.anim_time*90*8-145+180)*3.5"]
				},
				"beard_left": {
					"rotation": [0, "0+math.sin(q.anim_time*90*4-130)*5", "0+math.sin(q.anim_time*90*8-145)*3.5"]
				},
				"beard_left2": {
					"rotation": [0, "0+math.sin(q.anim_time*90*4-130)*4", "0+math.sin(q.anim_time*90*8-135)*2.5"]
				},
				"beard_right2": {
					"rotation": [0, "0+math.sin(q.anim_time*90*4-130)*4", "0+math.sin(q.anim_time*90*8-135+180)*2.5"]
				},
				"ear_right": {
					"rotation": ["0+math.sin(q.anim_time*90*8-130)*2.5", 0, "0+math.sin(q.anim_time*90*4-310)*2"]
				},
				"head_whisker_right": {
					"rotation": ["0+math.sin(q.anim_time*90*8-140)*4", "0+math.sin(q.anim_time*90*4-285)*1", "0+math.sin(q.anim_time*90*4-285)*3.5"]
				},
				"whisker_top_right": {
					"rotation": [0, "0+math.sin(q.anim_time*90*4-130)*3", "-1+math.sin(q.anim_time*90*8-130+180)*2.5"]
				},
				"whisker_middle_right": {
					"rotation": [0, "0+math.sin(q.anim_time*90*4-130)*3", "-2+math.sin(q.anim_time*90*8-135+180)*3.5"]
				},
				"whisker_middle_left": {
					"rotation": [0, "0+math.sin(q.anim_time*90*4-130)*3", "2+math.sin(q.anim_time*90*8-135)*3.5"]
				},
				"whisker_bottom_right": {
					"rotation": [0, "0+math.sin(q.anim_time*90*4-130)*3", "-1+math.sin(q.anim_time*90*8-130+180)*2.5"]
				},
				"leg_right": {
					"rotation": {
						"0.0": [41, 0, 0],
						"0.125": [50, 0, 0],
						"0.2083": [41.75, 0, 0],
						"0.3333": [2.5, 0, 0],
						"0.4167": [-41.38, 2.97, 2.29],
						"0.5": [-52.26198, 5.94383, 4.58217],
						"0.5833": [-44.36, 3.57, 2.75],
						"0.7083": [0, 0, 0],
						"0.8333": [23.57, 0, 0],
						"1.0": [41, 0, 0]
					},
					"position": [0, "0+math.clamp(math.sin(query.anim_time*90*4*1+145+180)*1.75,-0,1.75)", 0]
				},
				"foot_right_end": {
					"rotation": {
						"0.0": [-27.5, 0, 0],
						"0.0833": [-44, 0, 0],
						"0.125": [-47.5, 0, 0],
						"0.2083": [-39.75, 0, 0],
						"0.3333": [5, 0, 0],
						"0.4167": [10.5, 0, 0],
						"0.5": [12.5, 0, 0],
						"0.7083": [0, 0, 0],
						"1.0": [-27.5, 0, 0]
					}
				},
				"leg_left": {
					"rotation": {
						"0.0": [-52.26198, -5.94383, -4.58217],
						"0.0833": [-44.36, -3.57, -2.75],
						"0.2083": [0, 0, 0],
						"0.3333": [23.57, 0, 0],
						"0.5": [41, 0, 0],
						"0.625": [50, 0, 0],
						"0.7083": [41.75, 0, 0],
						"0.8333": [2.5, 0, 0],
						"0.9167": [-41.38, -2.97, -2.29],
						"1.0": [-52.26198, -5.94383, -4.58217]
					},
					"position": [0, "0+math.clamp(math.sin(query.anim_time*90*4*1+145)*1.75,-0,1.75)", 0]
				},
				"tail3": {
					"rotation": ["20+math.sin(q.anim_time*90*8-160+180)*3", "math.sin(q.anim_time*90*4-145+180)*7.5", 0]
				},
				"ear_left": {
					"rotation": ["0+math.sin(q.anim_time*90*8-130)*2.5", 0, "0+math.sin(q.anim_time*90*4-310)*2"]
				},
				"head_whisker_left": {
					"rotation": ["0+math.sin(q.anim_time*90*8-140)*4", "0+math.sin(q.anim_time*90*4-285)*1", "0+math.sin(q.anim_time*90*4-285)*3.5"]
				},
				"whisker_top_left": {
					"rotation": [0, "0+math.sin(q.anim_time*90*4-130)*3", "1+math.sin(q.anim_time*90*8-130)*2.5"]
				},
				"whisker_bottom_left": {
					"rotation": [0, "0+math.sin(q.anim_time*90*4-130)*3", "1+math.sin(q.anim_time*90*8-130)*2.5"]
				},
				"arm_right": {
					"rotation": [25, "0+math.sin(q.anim_time*90*4-100)*20", "-52.5+math.sin(q.anim_time*90*4-280)*10"]
				},
				"forearm_right": {
					"rotation": [0, "-30+math.sin(q.anim_time*90*4-120)*15", 0]
				},
				"hand_right": {
					"rotation": [0, "0+math.sin(q.anim_time*90*4-140)*2.5", 0]
				},
				"claw_middle_right": {
					"position": [2, 0, 0]
				},
				"arm_left": {
					"rotation": [25, "0+math.sin(q.anim_time*90*4-100)*20", "52.5+math.sin(q.anim_time*90*4-280)*10"]
				},
				"forearm_left": {
					"rotation": [0, "30+math.sin(q.anim_time*90*4-120)*15", 0]
				},
				"hand_left": {
					"rotation": [0, "0+math.sin(q.anim_time*90*4-140)*2.5", 0]
				},
				"claw_middle_left": {
					"position": [-2, 0, 0]
				},
				"tail2": {
					"rotation": ["3+math.sin(q.anim_time*90*8-130+180)*3", "0+math.sin(q.anim_time*90*4-120+180)*7.5", 0]
				}
			}
		},
		"animation.meowth_galarian.sleep": {
			"loop": true,
			"bones": {
				"body": {
					"rotation": [82.52822, 0.65182, 4.95744],
					"position": [0, -5, 0]
				},
				"head": {
					"rotation": [
						"-40.8629+math.sin(q.anim_time*90*1-30+180)*2.5",
						"1.4868+math.sin(q.anim_time*90*0.5-30-90)*1",
						"-13.8019+math.sin(q.anim_time*90*0.5-30+90)*1"
					]
				},
				"eyelids": {
					"position": [0, 0, -0.1]
				},
				"ear_right": {
					"rotation": ["-21.7865+math.sin(q.anim_time*90*1-60+180)*2", -11.06084, -22.52508]
				},
				"head_whisker_right": {
					"rotation": ["15+math.sin(q.anim_time*90*1-60+180)*2.5", 0, 0]
				},
				"whisker_top_right": {
					"rotation": [0, "-57.5+math.sin(q.anim_time*90*1-50)*2", 0]
				},
				"whisker_bottom_right": {
					"rotation": [0, "-52.5+math.sin(q.anim_time*90*1-50)*2", 0]
				},
				"leg_right": {
					"rotation": [-9.85108, 47.59191, 14.00194]
				},
				"foot_right": {
					"rotation": [57.98181, 30.03502, 15.40729]
				},
				"leg_left": {
					"rotation": [-7.5, 12.5, 0]
				},
				"foot_left": {
					"rotation": [85.04221, 16.00293, 23.69721]
				},
				"tail1": {
					"rotation": ["-64.9813+math.sin(q.anim_time*90*1-30)*2", "-5.1047+math.sin(q.anim_time*90*0.5-30)*0.5", 9.08112],
					"position": [0, 0, -1]
				},
				"tail3": {
					"rotation": [0, -25, 0]
				},
				"eyelid_right": {
					"position": [0, 0, -0.1]
				},
				"eyelid_left": {
					"position": [0, 0, -0.1]
				},
				"beard": {
					"rotation": ["10+math.sin(q.anim_time*90*1-60)*0.5", 0, 0]
				},
				"ear_left": {
					"rotation": ["-30.9896+math.sin(q.anim_time*90*1-60+180)*2", 15.18089, 23.01875]
				},
				"head_whisker_left": {
					"rotation": ["20+math.sin(q.anim_time*90*1-60+180)*2.5", 0, 0]
				},
				"whisker_top_left": {
					"rotation": [0, "37.5+math.sin(q.anim_time*90*1-50+180)*2", 0]
				},
				"whisker_bottom_left": {
					"rotation": [0, "27.5+math.sin(q.anim_time*90*1-50+180)*2", 0]
				},
				"arm_right": {
					"rotation": ["-79.2216+math.sin(q.anim_time*90*1+160)*1", -23.87408, 5.74526]
				},
				"forearm_right": {
					"rotation": [36.51073, -77.52294, "-37.1678+math.sin(q.anim_time*90*1+180)*1"]
				},
				"hand_right": {
					"rotation": [11.81028, -8.55346, 4.93623]
				},
				"arm_left": {
					"rotation": ["-84.5048+math.sin(q.anim_time*90*1+160)*1", "22.9491+math.sin(q.anim_time*90*1+160)*0.5", "-45.5969+math.sin(q.anim_time*90*1+160)*0.5"]
				},
				"forearm_left": {
					"rotation": [-5, 32.5, "-20+math.sin(q.anim_time*90*1+180)*1"]
				},
				"hand_left": {
					"rotation": [-24.53622, 13.42946, -0.71475]
				},
				"tail2": {
					"rotation": ["5+math.sin(q.anim_time*90*1-60)*3", "-30+math.sin(q.anim_time*90*0.5-60)*1", 0]
				},
				"claw_middle_right": {
					"position": [2, 0, 0]
				},
				"claw_front_right": {
					"position": [2, 0, 0]
				},
				"claw_middle_right2": {
					"position": [2, 0, 0]
				},
				"claw_middle_left": {
					"position": [-2, 0, 0]
				},
				"claw_front_left": {
					"position": [-2, 0, 0]
				},
				"claw_middle_left2": {
					"position": [-2, 0, 0]
				},
				"torso": {
					"rotation": ["0+math.sin(q.anim_time*90*1+0)*1", 0, 0]
				},
				"beard_right": {
					"rotation": [0, 0, -22.5],
					"position": [1, 0, 0]
				},
				"whisker_middle_right": {
					"rotation": [0, "-47.5+math.sin(q.anim_time*90*1-60)*2.5", -2.5]
				},
				"whisker_middle_left": {
					"rotation": [0, "35+math.sin(q.anim_time*90*1-60+180)*2.5", 2.5]
				},
				"foot_left_end": {
					"rotation": ["5+math.sin(q.anim_time*90*0.5-90)*5", 0, 0]
				}
			}
		},
		"animation.meowth_galarian.blink": {
			"animation_length": 0.1667,
			"bones": {
				"eyelid_right": {
					"position": {
						"0.0": [0, 0, -0.1],
						"0.125": [0, 0, -0.1],
						"0.1667": [0, 0, 0]
					}
				},
				"eyelid_left": {
					"position": {
						"0.0": [0, 0, -0.1],
						"0.125": [0, 0, -0.1],
						"0.1667": [0, 0, 0]
					}
				}
			}
		},
		"animation.meowth_galarian.render": {
			"loop": true,
			"bones": {
				"body": {
					"rotation": [0, 3, 0]
				},
				"head": {
					"rotation": [0, 6, 0]
				},
				"leg_right": {
					"rotation": [0, 0, 22.5]
				},
				"foot_right_end": {
					"rotation": [7.5, 0, 0]
				},
				"leg_left": {
					"rotation": [0, 0, 1]
				},
				"foot_left": {
					"rotation": [0, -2, 0]
				},
				"foot_left_end": {
					"rotation": [4, 0, 0]
				},
				"tail1": {
					"rotation": [-9, 40, 0]
				}
			}
		},
		"animation.meowth_galarian.cry": {
			"animation_length": 1.5,
			"bones": {
				"mouth": {
					"position": {
						"0.0": [0, 0, 0],
						"0.25": [0, -2, 0],
						"1.25": [0, -2, 0],
						"1.5": [0, 0, 0]
					}
				},
				"mouth2": {
					"position": {
						"0.0": [0, 0, 0],
						"0.25": [0, -5, 0],
						"1.25": [0, -5, 0],
						"1.5": [0, 0, 0]
					}
				},
				"jaw": {
					"position": {
						"0.0": [0, 0, 0],
						"0.25": [0, -3, 0],
						"1.25": [0, -3, 0],
						"1.5": [0, 0, 0]
					}
				},
				"head2": {
					"rotation": {
						"0.0": [0, 0, 0],
						"0.25": [-15, 0, 0],
						"1.25": [-15, 0, 0],
						"1.5": [0, 0, 0]
					}
				},
				"mouth_closed2": {
					"position": {
						"0.25": [0, 0, -0.1],
						"0.3333": [0, 0, 0],
						"1.1667": [0, 0, 0],
						"1.25": [0, 0, -0.1]
					}
				},
				"mouth_open2": {
					"position": {
						"0.0": [0, 0, 0.1],
						"0.25": [0, 0, 0],
						"1.25": [0, 0, 0],
						"1.5": [0, 0, 0.1]
					}
				},
				"head3": {
					"rotation": {
						"0.0": [0, 0, 0],
						"0.25": [-15, 0, 0],
						"1.25": [-15, 0, 0],
						"1.5": [0, 0, 0]
					}
				},
				"mouth_closed3": {
					"position": {
						"0.25": [0, 0, -0.1],
						"0.3333": [0, 0, 0],
						"1.1667": [0, 0, 0],
						"1.25": [0, 0, -0.1]
					}
				},
				"mouth_open3": {
					"position": {
						"0.0": [0, 0, 0.1],
						"0.25": [0, 0, 0],
						"1.25": [0, 0, 0],
						"1.5": [0, 0, 0.1]
					}
				},
				"neck": {
					"rotation": {
						"0.0": [0, 0, 0],
						"0.25": [10, 0, 0],
						"1.25": [10, 0, 0],
						"1.5": [0, 0, 0]
					}
				},
				"mouth_hair": {
					"rotation": {
						"0.0": [0, 0, 0],
						"0.25": [30, 0, 0],
						"1.25": [30, 0, 0],
						"1.5": [0, 0, 0]
					}
				},
				"mouth_open": {
					"position": {
						"0.0": [0, 0, 0],
						"0.25": {"pre": [0, 0, 0], "post": [0, 0, -0.1]},
						"1.25": {"pre": [0, 0, -0.1], "post": [0, 0, 0]}
					}
				},
				"body": {
					"rotation": [0, 0, 0]
				},
				"head": {
					"rotation": {
						"0.0": [0, 0, 0],
						"0.25": [-7.5, 0, 0],
						"1.25": [-7.5, 0, 0],
						"1.5": [0, 0, 0]
					}
				},
				"mouth_closed": {
					"position": {
						"0.1667": [0, 0, 0],
						"0.25": {"pre": [0, 0, 0], "post": [0, 0, 0.1]},
						"1.25": {"pre": [0, 0, 0.1], "post": [0, 0, 0]}
					}
				},
				"mouth_opened": {
					"position": {
						"0.0": [0, 0, 0],
						"0.25": {"pre": [0, 0, 0], "post": [0, 0.00326, -0.07521]},
						"0.5": [0, 0.00326, -0.07521],
						"1.25": {"pre": [0, 0.00326, -0.07521], "post": [0, 0, 0]}
					}
				},
				"eye_left": {
					"position": [0, 0, 0]
				}
			}
		}
	}
}