{
	"format_version": "1.8.0",
	"animations": {
		"animation.meowth_alolan.ground_idle": {
			"loop": true,
			"bones": {
				"arm_right": {
					"rotation": [-66.33765, -8.31087, -39.24388]
				},
				"arm_left": {
					"rotation": [-66.33765, 8.31087, 39.24388]
				},
				"foot_right": {
					"rotation": [0, 12.5, 0]
				},
				"foot_left": {
					"rotation": [0, -12.5, 0]
				},
				"foot_left_end": {
					"rotation": [0, 0, 0]
				},
				"tail1": {
					"rotation": [-12.5, 0, 0]
				},
				"tail2": {
					"rotation": [22.5, 0, 0]
				},
				"tail3": {
					"rotation": [22.5, 0, 0]
				},
				"forearm_right": {
					"rotation": [0, -65, 0]
				},
				"forearm_left": {
					"rotation": [0, 65, 0]
				},
				"hand_right": {
					"rotation": [36.00521, 18.74724, -23.85865]
				},
				"hand_left": {
					"rotation": [36.00521, -18.74724, 23.85865]
				}
			}
		},
		"animation.meowth_alolan.sleep": {
			"loop": true,
			"bones": {
				"body": {
					"rotation": [82.52822, 0.65182, 4.95744],
					"position": [0, -5, 0]
				},
				"head": {
					"rotation": [-40.86286, 1.48678, -13.80191]
				},
				"eyelids": {
					"position": [0, 0, -0.1]
				},
				"ear_right": {
					"rotation": [-26.78651, -11.06084, -22.52508]
				},
				"ear_left": {
					"rotation": [-33.48964, 15.18089, 23.01875]
				},
				"head_whisker_right": {
					"rotation": [15, 0, 0]
				},
				"head_whisker_left": {
					"rotation": [20, 0, 0]
				},
				"whisker_top_right": {
					"rotation": [0, -57.5, 0]
				},
				"whisker_top_left": {
					"rotation": [0, 37.5, 0]
				},
				"whisker_bottom_right": {
					"rotation": [0, -52.5, 0]
				},
				"whisker_bottom_left": {
					"rotation": [0, 27.5, 0]
				},
				"arm_right": {
					"rotation": [-79.22158, -23.87408, 5.74526]
				},
				"forearm_right": {
					"rotation": [36.51073, -77.52294, -37.16782]
				},
				"hand_right": {
					"rotation": [11.81028, -8.55346, 4.93623]
				},
				"arm_left": {
					"rotation": [-84.50484, 22.9491, -45.59689]
				},
				"forearm_left": {
					"rotation": [-5, 32.5, -20]
				},
				"hand_left": {
					"rotation": [-24.53622, 13.42946, -0.71475]
				},
				"leg_right": {
					"rotation": [-9.85108, 47.59191, 14.00194]
				},
				"foot_right": {
					"rotation": [57.98181, 30.03502, 15.40729]
				},
				"leg_left": {
					"rotation": [-7.5, 12.5, 0]
				},
				"foot_left": {
					"rotation": [85.04221, 16.00293, 23.69721]
				},
				"tail1": {
					"rotation": [-82.48127, -5.10466, 9.08112]
				},
				"tail2": {
					"rotation": [0, -30, 0]
				},
				"tail3": {
					"rotation": [0, -25, 0]
				},
				"eyelid_left": {
					"position": [0, 0, -0.1]
				},
				"eyelid_right": {
					"position": [0, 0, -0.1]
				}
			}
		},
		"animation.meowth_alolan.blink": {
			"animation_length": 0.1667,
			"bones": {
				"eyelid_left": {
					"position": {
						"0.0": [0, 0, -0.1],
						"0.125": [0, 0, -0.1],
						"0.1667": [0, 0, 0]
					}
				},
				"eyelid_right": {
					"position": {
						"0.0": [0, 0, -0.1],
						"0.125": [0, 0, -0.1],
						"0.1667": [0, 0, 0]
					}
				}
			}
		},
		"animation.meowth_alolan.render": {
			"loop": true,
			"bones": {
				"body": {
					"rotation": [0, 3, 0]
				},
				"head": {
					"rotation": [0, 6, 0]
				},
				"arm_right": {
					"rotation": [12.2561, -42.59831, -17.79375]
				},
				"forearm_right": {
					"rotation": [4.73334, -14.2499, -18.59199]
				},
				"hand_right": {
					"rotation": [0, 0, -22]
				},
				"arm_left": {
					"rotation": [-78.06155, 3.73171, -17.10967],
					"position": [0, -1, 0]
				},
				"forearm_left": {
					"rotation": [-6.45419, 25.78073, -7.15127]
				},
				"hand_left": {
					"rotation": [0, 0, 25]
				},
				"leg_right": {
					"rotation": [0, 0, 22.5]
				},
				"foot_right_end": {
					"rotation": [7.5, 0, 0]
				},
				"leg_left": {
					"rotation": [0, 0, 1]
				},
				"foot_left": {
					"rotation": [0, -2, 0]
				},
				"foot_left_end": {
					"rotation": [4, 0, 0]
				},
				"tail1": {
					"rotation": [-9, 40, 0]
				},
				"tail2": {
					"rotation": [7, 0, 0]
				},
				"tail3": {
					"rotation": [7, 0, 0]
				}
			}
		},
		"animation.meowth_alolan.cry": {
			"animation_length": 1.5,
			"bones": {
				"head": {
					"rotation": {
						"0.0": [0, 0, 0],
						"0.25": [-7.5, 0, 0],
						"1.25": [-7.5, 0, 0],
						"1.5": [0, 0, 0]
					}
				},
				"mouth_lid": {
					"position": {
						"0.0": [0, 0, 0],
						"0.25": {"pre": [0, 0, 0], "post": [0, 0.5, 0]},
						"1.25": {"pre": [0, 0.5, 0], "post": [0, 0, 0]},
						"1.5": {
							"pre": [0, 0, 0],
							"post": [0, 0, 0],
							"lerp_mode": "catmullrom"
						}
					}
				},
				"mouth_opening": {
					"position": {
						"0.0": [0, 0, 0],
						"0.25": {"pre": [0, 0, 0], "post": [0, 0, -0.1]},
						"1.25": {"pre": [0, 0, -0.1], "post": [0, 0, 0]},
						"1.5": {"pre": [0, 0, 0], "post": [0, 0, 0]}
					}
				}
			}
		}
	}
}