{
	"format_version": "1.8.0",
	"animations": {
		"animation.tepig.ground_idle": {
			"loop": true,
			"bones": {
				"tail": {
					"rotation": ["15+Math.cos((query.anim_time + 0.9) * 90 * 8) * 4", "Math.cos((query.anim_time + 0.9) * 90 * 4) * 15", 0]
				},
				"tail2": {
					"rotation": [25, 0, 0]
				},
				"torso": {
					"rotation": [0, 0, "Math.cos((query.anim_time + 1) * 90 * 4) * 4"],
					"position": [0, "Math.cos((query.anim_time + 1) * 90 * 8) * 0.2", 0]
				},
				"head": {
					"rotation": ["Math.cos((query.anim_time + 0.3) * 90 * 8) * 1", 0, "Math.cos((query.anim_time + 0.3) * 90 * 4) * 4"]
				},
				"ear_right": {
					"rotation": [0, 0, "Math.cos((query.anim_time + 0.2) * 90 * 8) * 4"]
				},
				"ear_left": {
					"rotation": [0, 0, "Math.cos((query.anim_time + 0.2) * 90 * 8) * -4"]
				}
			}
		},
		"animation.tepig.ground_walk": {
			"loop": true,
			"bones": {
				"torso": {
					"rotation": ["Math.cos((query.anim_time) * 90 * 2) * 2", 0, "Math.cos((query.anim_time) * 90 * 6) * 4"],
					"position": [0, "Math.cos((query.anim_time) * 90 * 12) * 0.2", 0]
				},
				"tail": {
					"rotation": ["45+Math.cos((query.anim_time-0.4) * 90 * 12) * 6", 0, 0]
				},
				"head": {
					"rotation": ["7.5+Math.cos((query.anim_time-0.6) * 90 * 12) * 3", 0, 0]
				},
				"leg_front_right": {
					"rotation": ["Math.cos((query.anim_time+0.25) * 90 * 6) * 15", 0, 0]
				},
				"leg_front_left": {
					"rotation": ["Math.cos((query.anim_time) * 90 * 6) * 15", 0, 0]
				},
				"leg_back_right": {
					"rotation": ["Math.cos((query.anim_time) * 90 * 6) * 15", 0, 0]
				},
				"leg_back_left": {
					"rotation": ["Math.cos((query.anim_time+0.25) * 90 * 6) * 15", 0, 0]
				}
			}
		},
		"animation.tepig.ground_run": {
			"loop": true,
			"animation_length": 0.75,
			"bones": {
				"body": {
					"rotation": {
						"0.0": [-22.5, 0, 0],
						"0.25": [20, 0, 0],
						"0.5": [5, 0, 0],
						"0.75": [-22.5, 0, 0]
					},
					"position": {
						"0.0": [0, 1, 0],
						"0.0833": [0, 1.625, 0],
						"0.1667": [0, 2, 0],
						"0.25": [0, 1, 0],
						"0.375": [0, 0.25, 0],
						"0.5": [0, 0, 0],
						"0.625": [0, 0.25, 0],
						"0.75": [0, 1, 0]
					}
				},
				"torso": {
					"rotation": {
						"0.0": [-2.5, 0, 0],
						"0.0833": [-5.5, 0, 0],
						"0.2083": [-7.5, 0, 0],
						"0.2917": [5, 0, 0],
						"0.5": [3.09, 0, 0],
						"0.75": [-2.5, 0, 0]
					},
					"position": {
						"0.0": [0, 0, -1],
						"0.2083": [0, 0, -1],
						"0.2917": [0, -0.75, 0],
						"0.375": [0, -0.51, -0.09],
						"0.4583": [0, -0.07, -0.18],
						"0.75": [0, 0, -1]
					}
				},
				"tail": {
					"rotation": {
						"0.0": ["12.5+Math.cos((query.anim_time - 0.5) * 90*5.3) * 15", 0, 0],
						"0.4167": [65.42, 0, 0],
						"0.5417": [61.8, 0, 0],
						"0.75": ["15+Math.cos((query.anim_time - 0.5) * 90*5.3) * 15", 0, 0]
					}
				},
				"head": {
					"rotation": {
						"0.0": [20, 0, 0],
						"0.0833": [2.5, 0, 0],
						"0.2083": [-9.75, 0, 0],
						"0.2917": [-6.31, 0, 0],
						"0.375": [8, 0, 0],
						"0.5417": [17, 0, 0],
						"0.75": [20, 0, 0]
					},
					"position": {
						"0.0": [0, 0, 0],
						"0.2083": [0, 0, 0],
						"0.2917": [0, -0.5, 0],
						"0.375": [0, -0.32, 0],
						"0.4583": [0, 0, 0]
					}
				},
				"ear_right": {
					"rotation": {
						"0.0": [-37.5, 0, 0],
						"0.2917": [-9.44, 0, 0],
						"0.4167": [27.5, 0, 0],
						"0.4583": [29.69, 0, 0],
						"0.5833": [23.56, 0, 0],
						"0.6667": [11.18, 0, 0],
						"0.75": [-37.5, 0, 0]
					}
				},
				"ear_left": {
					"rotation": {
						"0.0": [-37.5, 0, 0],
						"0.2917": [-9.44, 0, 0],
						"0.4167": [27.5, 0, 0],
						"0.4583": [29.69, 0, 0],
						"0.5833": [23.56, 0, 0],
						"0.6667": [11.18, 0, 0],
						"0.75": [-37.5, 0, 0]
					}
				},
				"leg_front_right": {
					"rotation": {
						"0.0": [-47.5, 0, 0],
						"0.0833": [-71.83, 0, 0],
						"0.125": [-75.75, 0, 0],
						"0.1667": [-71.08, 0, 0],
						"0.25": [-37.75, 0, 0],
						"0.375": [3, 0, 0],
						"0.5": [15, 0, 0],
						"0.625": [5, 0, 0],
						"0.75": [-47.5, 0, 0]
					},
					"position": {
						"0.25": [0, 0, 0],
						"0.375": [0, 0.5, 0],
						"0.5": [0, 0, 0],
						"0.5833": [0, -1, 0],
						"0.75": [0, 0, 0]
					}
				},
				"leg_front_left": {
					"rotation": {
						"0.0": [-47.5, 0, 0],
						"0.0833": [-71.83, 0, 0],
						"0.125": [-75.75, 0, 0],
						"0.1667": [-71.08, 0, 0],
						"0.25": [-37.75, 0, 0],
						"0.375": [3, 0, 0],
						"0.5": [15, 0, 0],
						"0.625": [5, 0, 0],
						"0.75": [-47.5, 0, 0]
					},
					"position": {
						"0.25": [0, 0, 0],
						"0.375": [0, 0.5, 0],
						"0.5": [0, 0, 0],
						"0.5833": [0, -1, 0],
						"0.75": [0, 0, 0]
					}
				},
				"leg_back_right": {
					"rotation": {
						"0.0": [22.5, 0, 0],
						"0.25": [47.5, 0, 0],
						"0.375": [30, 0, 0],
						"0.4583": [11, 0, 0],
						"0.5": [-22.5, 0, 0],
						"0.5417": [-27.25, 0, 0],
						"0.625": [-6.75, 0, 0],
						"0.75": [22.5, 0, 0]
					},
					"position": {
						"0.0": [0, -1, 0],
						"0.0833": [0, -1.83, 0],
						"0.1667": [0, -0.47, 0],
						"0.5": [0, 0, 0],
						"0.75": [0, -1, 0]
					}
				},
				"leg_back_left": {
					"rotation": {
						"0.0": [22.5, 0, 0],
						"0.25": [47.5, 0, 0],
						"0.375": [30, 0, 0],
						"0.4583": [11, 0, 0],
						"0.5": [-22.5, 0, 0],
						"0.5417": [-27.25, 0, 0],
						"0.625": [-6.75, 0, 0],
						"0.75": [22.5, 0, 0]
					},
					"position": {
						"0.0": [0, -1, 0],
						"0.0833": [0, -1.83, 0],
						"0.1667": [0, -0.47, 0],
						"0.5": [0, 0, 0],
						"0.75": [0, -1, 0]
					}
				}
			}
		},
		"animation.tepig.cry": {
			"animation_length": 0.66667,
			"bones": {
				"head": {
					"rotation": {
						"0.0": {
							"post": [0, 0, 0],
							"lerp_mode": "catmullrom"
						},
						"0.1667": {
							"post": [-10, 0, 0],
							"lerp_mode": "catmullrom"
						},
						"0.3333": {
							"post": [-10, 0, 0],
							"lerp_mode": "catmullrom"
						},
						"0.6667": {
							"post": [0, 0, 0],
							"lerp_mode": "catmullrom"
						}
					}
				},
				"mouth_closed": {
					"position": {
						"0.0833": [0, 0, 0],
						"0.1667": [0, 0, 0.1],
						"0.3333": [0, 0, 0.1],
						"0.4167": [0, 0, 0]
					}
				},
				"mouth_open": {
					"position": {
						"0.0": {
							"post": [0, 0, 0],
							"lerp_mode": "catmullrom"
						},
						"0.1667": {
							"post": [0, 0, -0.1],
							"lerp_mode": "catmullrom"
						},
						"0.4167": {
							"post": [0, 0, -0.1],
							"lerp_mode": "catmullrom"
						},
						"0.6667": {
							"post": [0, 0, 0],
							"lerp_mode": "catmullrom"
						}
					}
				}
			},
			"sound_effects": {
				"0.0833": {
					"effect": "pokemon.tepig.cry"
				}
			}
		},
		"animation.tepig.blink": {
			"animation_length": 0.16667,
			"bones": {
				"eyelid_right": {
					"position": {
						"0.0": [-0.1, 0, -0.1],
						"0.125": [-0.1, 0, -0.1],
						"0.1667": [0, 0, 0]
					}
				},
				"eyelid_left": {
					"position": {
						"0.0": [0.1, 0, -0.1],
						"0.125": [0.1, 0, -0.1],
						"0.1667": [0, 0, 0]
					}
				}
			}
		},
		"animation.tepig.faint": {
			"loop": true,
			"animation_length": 3,
			"bones": {
				"body": {
					"position": {
						"0.0": [0, 0, 0],
						"0.375": [0, -2.25, 0]
					}
				},
				"torso": {
					"rotation": {
						"0.0": [0, 0, 0],
						"0.3333": [0, 0, 30],
						"0.5417": [0, 0, 15],
						"0.9167": [0, 0, 5],
						"1.25": [0, 0, 2.5]
					},
					"position": {
						"0.0": [0, 0, 0],
						"0.25": [0, 1, 0],
						"0.4167": [0, -0.41, 0],
						"0.5": [0, 0.14, 0],
						"0.5833": [0, -0.41, 0],
						"1.1667": [0, 0, 0],
						"1.25": [0, -0.5, 0],
						"1.2917": [0, 0, 0],
						"1.4583": [0, 0.5, 0],
						"2.125": [0, 0.5, 0],
						"2.2917": [0, 0, 0]
					}
				},
				"tail": {
					"rotation": {
						"0.0": [0, 0, 0],
						"0.25": [0, 55, 0],
						"0.5": [-9.33, 40.17, 0],
						"0.875": [-17.5, -38, 0],
						"1.0": [-22.04, -48.27, 0],
						"1.125": [-26.59, -51.55, 0],
						"1.25": [-30.95, -42.93, 0],
						"1.375": [-22.5, -20.5, 0],
						"1.4583": [5, -15.5, 0],
						"1.625": [20, -10.5, 0],
						"2.125": [25, -10.5, 0],
						"2.2917": [-35, -10.5, 0],
						"2.375": [-27.5, -10.5, 0],
						"2.5": [-35, -10.5, 0]
					}
				},
				"tail2": {
					"rotation": {
						"0.0": [0, 0, 0],
						"0.25": [0, 32.5, 0],
						"1.0": [0, -12.5, 0],
						"1.1667": [0, -17.5, 0],
						"1.2917": [0, -12.5, 0]
					}
				},
				"head": {
					"rotation": {
						"0.0": [0, 0, 0],
						"0.0833": [-24.12, -2.09, 1.89],
						"0.25": [-26.67, -5.83, 4.62],
						"0.4167": [3.09765, -8.01676, 6.4103],
						"0.5": [-2.93, -8.26, 3.81],
						"0.625": [9, -9, 0],
						"0.9167": [12, -10, 0],
						"1.2083": [12, -7.5, 0],
						"1.2917": [16, -7.5, 0],
						"1.4167": [-15.5, -7.5, 0],
						"1.5833": [-26.75, -7.5, 0],
						"1.8333": [-29, -7.5, 0],
						"2.0417": [-25.33, -7.5, 0],
						"2.2083": [-16.7, -7.5, 0],
						"2.3333": [11.5, -7.5, 0],
						"2.4167": [5, -7.5, 0],
						"2.5": [9.75, -7.5, 0],
						"2.625": [11.5, -7.5, 0]
					},
					"position": {
						"0.0": [0, 0, 0],
						"0.3333": [0, -2, 0]
					}
				},
				"ear_right": {
					"rotation": {
						"0.0": [0, 0, 0],
						"0.0833": [0, 0, 14.27],
						"0.4583": [0, 0, -56.13],
						"0.625": [0, 0, -34.81],
						"0.875": [0, 0, -34.07],
						"1.0": [0, 0, -40.98],
						"1.0833": [0, 0, -56.5],
						"1.3333": [0, 0, -56.5],
						"1.4583": [0, 0, -4],
						"2.25": [0, 0, -4],
						"2.375": [0, 0, -64],
						"2.4583": [0, 0, -46.5],
						"2.625": [0, 0, -64]
					}
				},
				"ear_left": {
					"rotation": {
						"0.0": [0, 0, 0],
						"0.0833": [0, 0, -14.27],
						"0.4583": [0, 0, 56.13],
						"0.625": [0, 0, 34.81],
						"0.875": [0, 0, 34.07],
						"1.0": [0, 0, 40.98],
						"1.0833": [0, 0, 56.5],
						"1.3333": [0, 0, 56.5],
						"1.4583": [0, 0, 4],
						"2.25": [0, 0, 4],
						"2.375": [0, 0, 64],
						"2.4583": [0, 0, 46.5],
						"2.625": [0, 0, 64]
					}
				},
				"mouth_open": {
					"position": {
						"1.375": [0, 0, 0],
						"1.4167": [0, 0, -0.15],
						"2.1667": [0, 0, -0.15],
						"2.2083": [0, 0, 0]
					}
				},
				"eyelid_left": {
					"position": {
						"0.0": [0.1, 0, -0.1],
						"1.3333": [0.1, 0, -0.1],
						"1.375": [-0.15, 0, 0.15],
						"2.2917": [-0.15, 0, 0.15],
						"2.3333": [0.1, 0, -0.1]
					}
				},
				"eyelid_right": {
					"position": {
						"0.0": [-0.1, 0, -0.1],
						"1.3333": [-0.1, 0, -0.1],
						"1.375": [0.15, 0, 0.15],
						"2.2917": [0.15, 0, 0.15],
						"2.3333": [-0.1, 0, -0.1]
					}
				},
				"leg_front_right": {
					"rotation": {
						"0.0": [0, 0, 0],
						"0.2917": [0, 0, 87.5],
						"0.5417": [37.5, 0, 87.5],
						"0.875": [17.5, 0, 87.5],
						"1.1667": [20, 0, 87.5],
						"1.4167": [7.5, 0, 75],
						"1.5833": [7.5, 0, 67.5],
						"1.8333": [7.5, 0, 65],
						"2.0833": [7.5, 0, 67.5],
						"2.3333": [7.5, 0, 87.5]
					}
				},
				"leg_front_left": {
					"rotation": {
						"0.0": [0, 0, 0],
						"0.3333": [0, 0, -87.5],
						"0.5833": [-30, 0, -87.5],
						"0.9167": [-7.5, 0, -87.5],
						"1.25": [7.5, 0, -87.5],
						"1.4167": [7.5, 0, -75],
						"1.5833": [7.5, 0, -67.5],
						"1.8333": [7.5, 0, -65],
						"2.0833": [7.5, 0, -67.5],
						"2.3333": [7.5, 0, -87.5]
					}
				},
				"leg_back_right": {
					"rotation": {
						"0.0": [0, 0, 0],
						"0.3333": [0, 0, 87.5],
						"0.5833": [30, 0, 87.5]
					},
					"position": {
						"0.0": [0, 0, 0],
						"0.3333": [-1, 1, 0]
					}
				},
				"leg_back_left": {
					"rotation": {
						"0.0": [0, 0, 0],
						"0.3333": [0, 0, -87.5],
						"0.5833": [30, 0, -87.5]
					},
					"position": {
						"0.0": [0, 0, 0],
						"0.3333": [1, 1, 0]
					}
				}
			}
		},
		"animation.tepig.sleep": {
			"loop": true,
			"bones": {
				"body": {
					"rotation": [0, 0, 95],
					"position": [0, -0.25, 0]
				},
				"torso": {
					"rotation": [0, 0, "-7.5+Math.cos((query.anim_time-0.5) * 90 * 1) * -3"],
					"position": ["Math.cos((query.anim_time-0.2) * 90 * 1) * 0.2", 0, 0]
				},
				"tail": {
					"rotation": [0, "22.5+Math.cos((query.anim_time-0.5) * 90 * 1) * -3", 0]
				},
				"tail2": {
					"rotation": [0, -15, 10]
				},
				"head": {
					"rotation": ["12.5+Math.cos((query.anim_time) * 90 * 1) * 4", 0, -47.5],
					"position": [1, 2, 0]
				},
				"ear_right": {
					"rotation": [0, 0, "35+Math.cos((query.anim_time-0.3) * 90 * 1) * 8"]
				},
				"ear_left": {
					"rotation": [0, 0, "37.5+Math.cos((query.anim_time-0.5) * 90 * 1) * 4"]
				},
				"eyelid_left": {
					"position": [0.1, 0, -0.1]
				},
				"eyelid_right": {
					"position": [-0.1, 0, -0.1]
				},
				"leg_front_right": {
					"rotation": [10, 0, "-40+Math.cos((query.anim_time-0.3) * 90 * 1) * 10"],
					"position": [0, -1, 0]
				},
				"leg_front_left": {
					"rotation": [-52.5, 0, -15]
				},
				"leg_back_right": {
					"rotation": [-15, 0, "-37.5+Math.cos((query.anim_time-0.5) * 90 * 1) * 7"],
					"position": [0.25, -1, 0]
				},
				"leg_back_left": {
					"rotation": [27.5, 0, -7.5],
					"position": [0, -1, 0.25]
				}
			}
		}
	}
}