{
	"format_version": "1.8.0",
	"animations": {
		"animation.kirlia.ground_idle": {
			"loop": true,
			"bones": {
				"skirt_left": {
					"rotation": [0, 0, -5]
				},
				"skirt_right": {
					"rotation": [0, 0, 5]
				},
				"chest": {
					"rotation": [2.5, 0, 0]
				},
				"arm_left": {
					"rotation": [0, 30, 17.5]
				},
				"arm_left2": {
					"rotation": [13.98981, 69.39182, 14.21142]
				},
				"arm_right": {
					"rotation": [0, -32.5, -17.5]
				},
				"arm_right2": {
					"rotation": [22.74459, -65.48376, -24.73858]
				},
				"neck": {
					"rotation": [-2.5, 0, 0]
				},
				"leg_left": {
					"rotation": [4.88206, -1.08089, 12.45392]
				},
				"leg_left2": {
					"rotation": [2.5, 0, 0]
				},
				"leg_right": {
					"rotation": [-4.88206, -1.08089, -12.45392]
				},
				"leg_right2": {
					"rotation": [12.5, 0, 0]
				},
				"body": {
					"position": [0, -0.3, 0]
				},
				"arm_right3": {
					"rotation": [9.19307, -37.25943, -8.92712]
				},
				"arm_left3": {
					"rotation": [4.89225, 34.67942, 9.12406]
				}
			}
		},
		"animation.kirlia.blink": {
			"animation_length": 0.16667,
			"bones": {
				"eyelid_left": {
					"position": {
						"0.0": [0, 0, -0.1],
						"0.125": [0, 0, -0.1],
						"0.1667": [0, 0, 0]
					}
				},
				"eyelid_right": {
					"position": {
						"0.0": [0, 0, -0.1],
						"0.125": [0, 0, -0.1],
						"0.1667": [0, 0, 0]
					}
				}
			}
		},
		"animation.kirlia.cry": {
			"animation_length": 0.625,
			"bones": {
				"head": {
					"rotation": {
						"0.0": {
							"post": [0, 0, 0],
							"lerp_mode": "catmullrom"
						},
						"0.125": {
							"post": [-2.5, 0, 0],
							"lerp_mode": "catmullrom"
						},
						"0.5": {
							"post": [0, 0, 0],
							"lerp_mode": "catmullrom"
						},
						"0.625": {
							"post": [0, 0, 0],
							"lerp_mode": "catmullrom"
						}
					}
				}
			},
			"sound_effects": {
				"0.0417": {
					"effect": "pokemon.kirlia.cry"
				}
			}
		}
	}
}