{
	"format_version": "1.8.0",
	"animations": {
		"animation.golem.test": {
			"loop": true,
			"bones": {
				"body": {
					"position": [0, -0.75, 0]
				},
				"torso": {
					"rotation": [2.5, 0, 0]
				},
				"head": {
					"rotation": [7.5, 0, 0]
				},
				"left_upper_arm": {
					"rotation": [0, 0, 22.5]
				},
				"left_lower_arm": {
					"rotation": [3.56463, 54.92219, 4.35299]
				},
				"left_hand": {
					"rotation": [0, 0, -52.5],
					"position": [0, 0, 0]
				},
				"left_middle_finger_claw": {
					"rotation": [0, 0, 40]
				},
				"left_middle_finger": {
					"rotation": [0, 0, 27.5]
				},
				"left_thumb": {
					"rotation": [41.09768, -15.19586, -13.11512]
				},
				"left_thumb_claw": {
					"rotation": [40, 0, 0]
				},
				"left_pinky_finger": {
					"rotation": [-43.67038, 20.35084, -14.86213]
				},
				"left_pinky_claw": {
					"rotation": [-42.5, 0, 0]
				},
				"left_upper_leg": {
					"rotation": [-5, -22.5, 0]
				},
				"left_lower_leg": {
					"rotation": [12.5, 0, 0]
				},
				"left_foot": {
					"rotation": [-7.5, 0, 0]
				},
				"right_upper_arm": {
					"rotation": [0, 0, -22.5]
				},
				"right_upper_leg": {
					"rotation": [-5, 22.5, 0]
				},
				"right_lower_leg": {
					"rotation": [15, 0, 0]
				},
				"right_foot": {
					"rotation": [-10, 0, 0]
				},
				"right_lower_arm": {
					"rotation": [3.56463, -54.92219, -4.35299]
				},
				"right_hand": {
					"rotation": [0, 0, 52.5],
					"position": [0, 0, 0]
				},
				"right_middle_finger": {
					"rotation": [0, 0, -27.5]
				},
				"right_middle_finger_claw": {
					"rotation": [0, 0, -40]
				},
				"right_thumb": {
					"rotation": [41.09768, 15.19586, 13.11512]
				},
				"right_thumb_claw": {
					"rotation": [40, 0, 0]
				},
				"right_pinky_finger": {
					"rotation": [-43.67038, -20.35084, 14.86213]
				},
				"right_pinky_claw": {
					"rotation": [-42.5, 0, 0]
				},
				"jaw": {
					"rotation": [42.5, 0, 0]
				}
			}
		},
		"animation.golem.blink": {
			"animation_length": 0.16667,
			"bones": {
				"left_eyelid": {
					"position": {
						"0.0": [0.1, 0, -0.1],
						"0.125": {"pre": [0.1, 0, -0.1], "post": [0.1, 0, -0.1]},
						"0.1667": {"pre": [0.1, 0, -0.1], "post": [0, 0, 0]}
					}
				},
				"right_eyelid": {
					"position": {
						"0.0": [-0.1, 0, -0.1],
						"0.125": {"pre": [-0.1, 0, -0.1], "post": [-0.1, 0, -0.1]},
						"0.1667": {"pre": [-0.1, 0, -0.1], "post": [0, 0, 0]}
					}
				}
			}
		}
	}
}