{
	"format_version": "1.8.0",
	"animations": {
		"animation.buneary.ground_idle": {
			"loop": true,
			"bones": {
				"arm_left": {
					"rotation": [2.5, 10, 10]
				},
				"arm_left2": {
					"rotation": [0, 0, -5]
				},
				"arm_left3": {
					"rotation": [0, 0, -5]
				},
				"arm_right": {
					"rotation": [2.5, -10, -10]
				},
				"arm_right2": {
					"rotation": [0, 0, 5]
				},
				"arm_right3": {
					"rotation": [0, 0, 5]
				},
				"ear_left": {
					"position": [0, -0.5, 0.5]
				},
				"ear_left_rotation": {
					"rotation": [7.50474, 2.49048, 25.21803]
				},
				"ear_left2": {
					"position": [0, -6, 0]
				},
				"ear_right_folded": {
					"rotation": [0, 0, 40],
					"position": [3, -4, 0]
				}
			}
		},
		"animation.buneary.blink": {
			"animation_length": 0.16667,
			"bones": {
				"eyelid_left": {
					"position": {
						"0.0": [0, 0, -0.1],
						"0.125": [0, 0, -0.1],
						"0.1667": [0, 0, 0]
					}
				},
				"eyelid_right": {
					"position": {
						"0.0": [0, 0, -0.1],
						"0.125": [0, 0, -0.1],
						"0.1667": [0, 0, 0]
					}
				}
			}
		},
		"animation.buneary.cry": {
			"animation_length": 1.54167,
			"bones": {
				"head": {
					"rotation": {
						"0.0": {
							"post": [0, 0, 0],
							"lerp_mode": "catmullrom"
						},
						"0.2083": {
							"post": [-7.5, 0, 0],
							"lerp_mode": "catmullrom"
						},
						"0.3333": {
							"post": [-2.5, 0, 0],
							"lerp_mode": "catmullrom"
						},
						"0.4167": {
							"post": [-7.5, 0, 0],
							"lerp_mode": "catmullrom"
						},
						"0.4583": {
							"post": [0, 0, 0],
							"lerp_mode": "catmullrom"
						},
						"0.5417": {
							"post": [-5, 0, 0],
							"lerp_mode": "catmullrom"
						},
						"0.5833": {
							"post": [-12.5, 0, 0],
							"lerp_mode": "catmullrom"
						},
						"0.75": {
							"post": [-12.60443, 7.32123, -1.63219],
							"lerp_mode": "catmullrom"
						},
						"1.0417": {
							"post": [-12.60443, -7.32123, 1.63219],
							"lerp_mode": "catmullrom"
						},
						"1.3333": {
							"post": [0, 0, 0],
							"lerp_mode": "catmullrom"
						}
					}
				},
				"mouth_open": {
					"position": {
						"0.0": [0, 0, 0],
						"0.2083": {"pre": [0, 0, 0], "post": [0, 0, -0.101]},
						"0.2917": {"pre": [0, 0, -0.101], "post": [0, 0, -0.101]},
						"0.3333": {"pre": [0, 0, -0.101], "post": [0, 0, 0]},
						"0.4167": {"pre": [0, 0, 0], "post": [0, 0, -0.101]},
						"0.4583": {"pre": [0, 0, -0.101], "post": [0, 0, -0.101]},
						"0.5": {"pre": [0, 0, -0.101], "post": [0, 0, 0]},
						"0.5417": {"pre": [0, 0, 0], "post": [0, 0, -0.101]},
						"0.5833": {"pre": [0, 0, -0.101], "post": [0, 0, -0.101]},
						"1.2083": {"pre": [0, 0, -0.101], "post": [0, 0, -0.101]},
						"1.3333": {"pre": [0, 0, -0.101], "post": [0, 0, 0]}
					}
				}
			},
			"sound_effects": {
				"0.125": {
					"effect": "pokemon.buneary.cry"
				}
			}
		}
	}
}