{
	"format_version": "1.8.0",
	"animations": {
		"animation.lickilicky.test": {
			"loop": true,
			"bones": {
				"torso": {
					"rotation": [0, 0, 5],
					"position": [0, 0.75, 0]
				},
				"head": {
					"rotation": [-4.98107, -0.43523, -4.98107]
				},
				"upper_torso": {
					"rotation": [0, 0, 0]
				},
				"cowlick": {
					"rotation": [-4.91063, 2.30644, 4.43745]
				},
				"left_leg": {
					"rotation": [1.92797, -17.56604, -5.67698]
				},
				"left_foot": {
					"rotation": [0.21865, -4.99523, 4.99046]
				},
				"right_leg": {
					"rotation": [-41.96648, 27.27619, 15.87033],
					"position": [-1, 0, 0]
				},
				"right_foot": {
					"rotation": [10.03742, 4.92385, 0.87038]
				},
				"left_upper_arm": {
					"rotation": [-22.5, 0, 10]
				},
				"left_lower_arm": {
					"rotation": [0, 22.5, 0]
				},
				"right_upper_arm": {
					"rotation": [-57.10087, -12.67956, 18.74227],
					"position": [0, -0.25, 2]
				},
				"right_lower_arm": {
					"rotation": [0, -25, 0],
					"position": [0, 0, 0]
				},
				"tail_1": {
					"rotation": [0, -5, 0]
				},
				"tail_2": {
					"rotation": [0.17854, 0.75623, -4.81323]
				},
				"tail_3": {
					"rotation": [-0.1007, -3.99485, 0.46057]
				},
				"jaw": {
					"position": [0, -2.75, 0]
				},
				"tongue_1": {
					"rotation": [-17.53742, 4.92385, -0.87038],
					"position": [0, -1, -4]
				},
				"tongue_2": {
					"rotation": [17.81606, 6.89338, 3.75033]
				},
				"tongue_3": {
					"rotation": [12.54495, 5.42225, 3.64395]
				},
				"tongue_4": {
					"rotation": [32.822, 4.96806, 6.15643]
				},
				"tongue_5": {
					"rotation": [25.11629, 0.14602, 5.58685]
				}
			}
		},
		"animation.lickilicky.ground_idle": {
			"loop": true,
			"bones": {
				"torso": {
					"rotation": ["5+math.sin(q.anim_time*90*2-0)*-1.5", 0, "0+math.sin(q.anim_time*90*1-90)*-1"]
				},
				"head": {
					"rotation": ["-2.5+math.sin(q.anim_time*90*2+60)*-1.5", 0, "0+math.sin(q.anim_time*90*1-130+180)*-0.75"]
				},
				"upper_torso": {
					"rotation": ["-5+math.sin(q.anim_time*90*2+30+90)*-1", 0, "0+math.sin(q.anim_time*90*1-110+180)*-0.75"]
				},
				"cowlick": {
					"rotation": ["0+math.sin(q.anim_time*90*2-25)*-3", 0, "0+math.sin(q.anim_time*90*1-130+180)*-1.5"]
				},
				"left_foot": {
					"rotation": [0.21865, -4.99523, 4.99046]
				},
				"left_leg": {
					"rotation": [1.92797, -17.56604, -5.67698]
				},
				"right_leg": {
					"rotation": [1.92797, 17.56604, 5.67698]
				},
				"right_foot": {
					"rotation": [0.21865, 4.99523, -4.99046]
				},
				"left_lower_arm": {
					"rotation": [0, 22.5, "0+math.sin(q.anim_time*90*2+30+180)*-1"]
				},
				"left_upper_arm": {
					"rotation": [0, 0, "37.5+math.sin(q.anim_time*90*2+60+180)*-2.5"]
				},
				"right_upper_arm": {
					"rotation": [0, 0, "-37.5+math.sin(q.anim_time*90*2+60)*-2.5"]
				},
				"right_lower_arm": {
					"rotation": [0, -22.5, "0+math.sin(q.anim_time*90*2+30)*-1"]
				},
				"jaw": {
					"position": [0, 0, 0]
				},
				"tail_3": {
					"rotation": ["-5+math.sin(q.anim_time*90*2-60)*-1.5", "0+math.sin(q.anim_time*90*1-180+180)*-2", "0+math.sin(q.anim_time*90*1-180+180)*-1"]
				},
				"tongue_1": {
					"position": [0, 0, 2]
				},
				"tongue_5": {
					"rotation": ["15+math.sin(q.anim_time*90*2-55)*-5", "0+math.sin(q.anim_time*90*1-170+180)*-0.75", 0]
				},
				"tongue_4": {
					"rotation": ["12.5+math.sin(q.anim_time*90*2-25)*-3", "0+math.sin(q.anim_time*90*1-150+180)*-0.5", 0]
				},
				"tongue_3": {
					"position": [0, 0, 9]
				},
				"tongue_2": {
					"position": [0, 0, 9]
				},
				"tail_1": {
					"rotation": ["0+math.sin(q.anim_time*90*2-20)* -0.75", "0+math.sin(q.anim_time*90*1-120+180)*-2", "0+math.sin(q.anim_time*90*1-120+180)*-0.5"]
				},
				"tail_2": {
					"rotation": ["0+math.sin(q.anim_time*90*2-40)*-1", "0+math.sin(q.anim_time*90*1-150+180)*-1", "0+math.sin(q.anim_time*90*1-150+180)*-0.5"]
				}
			}
		},
		"animation.lickilicky.battle_idle": {
			"loop": true,
			"bones": {
				"torso": {
					"rotation": ["5+math.sin(q.anim_time*90*3-0)*-3", "0+math.sin(q.anim_time*90*1.5-90)*-7", "0+math.sin(q.anim_time*90*1.5-90)*-4"]
				},
				"head": {
					"rotation": ["-7.5+math.sin(q.anim_time*90*3+60)*-7.5", "0+math.sin(q.anim_time*90*1.5-130+180)*-7.5", "math.sin(q.anim_time*90*1.5-130+180)*-1.75"]
				},
				"upper_torso": {
					"rotation": ["-5+math.sin(q.anim_time*90*3+30+90)*-5", "0+math.sin(q.anim_time*90*1.5-110+180)*-2.5", "0+math.sin(q.anim_time*90*1.5-110+180)*-2.75"]
				},
				"cowlick": {
					"rotation": ["-0.5+math.sin(q.anim_time*90*3-25)*-7.5", "math.sin(q.anim_time*90*1.5-160+180)*-1.5", "math.sin(q.anim_time*90*1.5-160+180)*-3.5"]
				},
				"left_foot": {
					"rotation": [0.21865, "-4.9952+math.sin(q.anim_time*90*1.5-110+180)*-3", 4.99046]
				},
				"left_leg": {
					"rotation": [1.92797, "-17.566+math.sin(q.anim_time*90*1.5-110)*-3", -5.67698]
				},
				"right_leg": {
					"rotation": [1.92797, "17.566+math.sin(q.anim_time*90*1.5-110)*-3", 5.67698]
				},
				"right_foot": {
					"rotation": [0.21865, "4.9952+math.sin(q.anim_time*90*1.5-110+180)*-3", -4.99046]
				},
				"left_lower_arm": {
					"rotation": [0, "22.5+math.sin(q.anim_time*90*1.5-170)*-5", "0+math.sin(q.anim_time*90*3+30+180)*-1"]
				},
				"left_upper_arm": {
					"rotation": [0, "0+math.sin(q.anim_time*90*1.5-140)*-15", "32.5+math.sin(q.anim_time*90*3+60+180)*-7.5"]
				},
				"right_upper_arm": {
					"rotation": [0, "0+math.sin(q.anim_time*90*1.5-140)*-15", "-32.5+math.sin(q.anim_time*90*3+60)*-7.5"]
				},
				"right_lower_arm": {
					"rotation": [0, "-22.5+math.sin(q.anim_time*90*1.5-170)*-5", "0+math.sin(q.anim_time*90*3+30)*-1"]
				},
				"jaw": {
					"position": [0, 0, 0]
				},
				"tail_3": {
					"rotation": ["-5+math.sin(q.anim_time*90*3-60)*-5", "0+math.sin(q.anim_time*90*1.5-180+180)*-3", "0+math.sin(q.anim_time*90*1.5-180)*-3.5"]
				},
				"tongue_1": {
					"position": [0, 0, 2.1]
				},
				"tongue_5": {
					"rotation": ["5+math.sin(q.anim_time*90*3-55)*-25", "math.sin(q.anim_time*90*1.5-170+180)*-5", 0]
				},
				"tongue_4": {
					"rotation": ["15+math.sin(q.anim_time*90*3-25)*-25", "math.sin(q.anim_time*90*1.5-150+180)*-3.5", 0]
				},
				"tongue_3": {
					"rotation": ["-1.25+math.sin(q.anim_time*90*3-0)*-2.5", "math.sin(q.anim_time*90*1.5-130+180)*-0.5", 0],
					"position": [0, 0, 8]
				},
				"tongue_2": {
					"position": [0, 0, 9]
				},
				"tail_1": {
					"rotation": ["0+math.sin(q.anim_time*90*3-20)* -2.5", "0+math.sin(q.anim_time*90*1.5-120)*-5", "0+math.sin(q.anim_time*90*1.5-120+180)*-1.5"]
				},
				"tail_2": {
					"rotation": ["0+math.sin(q.anim_time*90*3-40)*-4", "0+math.sin(q.anim_time*90*1.5-150+180)*-5", "0+math.sin(q.anim_time*90*1.5-150)*-5.5"]
				}
			}
		},
		"animation.lickilicky.ground_walk": {
			"loop": true,
			"animation_length": 1.33333,
			"bones": {
				"torso": {
					"rotation": ["5+math.sin(q.anim_time*90*6-120+180)*2", "0+math.sin(q.anim_time*90*3-75+180)*7", "0+math.sin(q.anim_time*90*3+15)*7.5"],
					"position": {
						"0.0": [0, "0+math.sin(q.anim_time*90*6-120)*0.75", 0],
						"0.0417": [0, "-0.4+math.sin(q.anim_time*90*6-120)*0.75", 0],
						"0.125": [0, "0+math.sin(q.anim_time*90*6-120)*0.75", 0],
						"0.6667": [0, "0+math.sin(q.anim_time*90*6-120)*0.75", 0],
						"0.7083": [0, "-0.4+math.sin(q.anim_time*90*6-120)*0.75", 0],
						"0.7917": [0, "0+math.sin(q.anim_time*90*6-120)*0.75", 0],
						"1.3333": [0, "0+math.sin(q.anim_time*90*6-120)*0.75", 0]
					}
				},
				"upper_torso": {
					"rotation": ["-5+math.sin(q.anim_time*90*6-140)*1.5", "0+math.sin(q.anim_time*90*3-105)*3.5", "0+math.sin(q.anim_time*90*3-25+180)*8"]
				},
				"head": {
					"rotation": ["-2.5+math.sin(q.anim_time*90*6-170+180)*3", "0+math.sin(q.anim_time*90*3-135)*5", "0+math.sin(q.anim_time*90*3-55+180)*3"]
				},
				"cowlick": {
					"rotation": ["0+math.sin(q.anim_time*90*6-200+180)*5", "0+math.sin(q.anim_time*90*3-165)*2", "0+math.sin(q.anim_time*90*3-85+180)*5"]
				},
				"tongue_1": {
					"position": [0, 0, 2.1]
				},
				"tongue_2": {
					"position": [0, 0, 9]
				},
				"tongue_3": {
					"rotation": [0, "0+math.sin(q.anim_time*90*3-135)*2", 0],
					"position": [0, 0, 9]
				},
				"tongue_4": {
					"rotation": ["12.5+math.sin(q.anim_time*90*6-190+180)*2.5", "0+math.sin(q.anim_time*90*3-155)*6", "0+math.sin(q.anim_time*90*3-75+180)*1.5"]
				},
				"tongue_5": {
					"rotation": ["15+math.sin(q.anim_time*90*6-210+180)*5", "0+math.sin(q.anim_time*90*3-175)*5", "0+math.sin(q.anim_time*90*3-95+180)*3"]
				},
				"left_upper_arm": {
					"rotation": [0, "0+math.sin(q.anim_time*90*3-0)*17.5", "37.5 +math.sin(q.anim_time*90*6-130+180)*7.5"]
				},
				"left_lower_arm": {
					"rotation": [0, "22.5+math.sin(q.anim_time*90*3-30)*15", "0+math.sin(q.anim_time*90*6-150+180)*5.5"]
				},
				"right_upper_arm": {
					"rotation": [0, "0+math.sin(q.anim_time*90*3-0)*17.5", "-37.5+math.sin(q.anim_time*90*6-130)*7.5"]
				},
				"right_lower_arm": {
					"rotation": [0, "-22.5+math.sin(q.anim_time*90*3-30)*15", "0+math.sin(q.anim_time*90*6-150)*5.5"]
				},
				"tail_1": {
					"rotation": ["0+math.sin(q.anim_time*90*6-140+180)*2", "0+math.sin(q.anim_time*90*3-100+180)*4", "0+math.sin(q.anim_time*90*3-10+180)*2.5"]
				},
				"tail_2": {
					"rotation": ["0+math.sin(q.anim_time*90*6-160)*5", "0+math.sin(q.anim_time*90*3-125+180)*6", "0+math.sin(q.anim_time*90*3-35)*4"]
				},
				"tail_3": {
					"rotation": ["-5+math.sin(q.anim_time*90*6-180)*3", "0+math.sin(q.anim_time*90*3-150+180)*3", "0+math.sin(q.anim_time*90*3-60)*2.5"]
				},
				"left_leg": {
					"rotation": [
						"math.clamp(math.sin(query.anim_time*90*3*1+0)*22.5,-22,0)+math.clamp(math.sin(query.anim_time*90*3*1+0)*22.5,0,22)",
						0,
						"math.clamp(math.sin(query.anim_time*90*3*1+10)*20.5,-20,0)"
					],
					"position": [0, "math.clamp(math.sin(query.anim_time*90*3*1+200)*1.25,-0.1,1.25)", "0+math.sin(q.anim_time*90*3-75)*1"]
				},
				"left_foot": {
					"rotation": ["0+math.clamp(math.sin(query.anim_time*90*3*1-90)*12.5,-0,12)+math.clamp(math.sin(query.anim_time*90*3*1-190)*17.5,-17,0)", 0, 0]
				},
				"right_leg": {
					"rotation": [
						"math.clamp(math.sin(query.anim_time*90*3*1+180)*22.5,-22,0)+math.clamp(math.sin(query.anim_time*90*3*1+180)*22.5,0,22)",
						0,
						"-(math.clamp(math.sin(query.anim_time*90*3*1+190)*20.5,-20,0))"
					],
					"position": [0, "math.clamp(math.sin(query.anim_time*90*3*1+200+180)*1.25,-0.1,1.25)", "0+math.sin(q.anim_time*90*3-75+180)*1"]
				},
				"right_foot": {
					"rotation": ["0+math.clamp(math.sin(query.anim_time*90*3*1-90+180)*12.5,-0,12)+math.clamp(math.sin(query.anim_time*90*3*1-190+180)*17.5,-17,0)", 0, 0]
				}
			}
		},
		"animation.lickilicky.ground_run": {
			"loop": true,
			"bones": {
				"torso": {
					"rotation": ["-10+math.sin(q.anim_time*90*10-120+180)*2", "0+math.sin(q.anim_time*90*5-75+180)*8.5", "0+math.sin(q.anim_time*90*5+15)*7.5"],
					"position": [0, "-0+math.sin(q.anim_time*90*10-120)*0.75+math.clamp(math.sin(query.anim_time*90*10*1-130)*0.8,-0.6,0)", 0]
				},
				"upper_torso": {
					"rotation": ["-10+math.sin(q.anim_time*90*10-140)*1.5", "0+math.sin(q.anim_time*90*5-105)*3.5", "0+math.sin(q.anim_time*90*5-25+180)*8"]
				},
				"head": {
					"rotation": ["-2.5+math.sin(q.anim_time*90*10-170+180)*3", "0+math.sin(q.anim_time*90*5-135)*5", "0+math.sin(q.anim_time*90*5-55+180)*3"]
				},
				"cowlick": {
					"rotation": ["0+math.sin(q.anim_time*90*10-200+180)*5", "0+math.sin(q.anim_time*90*5-165)*2", "0+math.sin(q.anim_time*90*5-85+180)*5"]
				},
				"tongue_1": {
					"position": [0, 0, 4.1]
				},
				"tongue_2": {
					"position": [0, 0, 9]
				},
				"tongue_3": {
					"rotation": [-66.45651, 11.6433, -22.54622],
					"position": [1, -1.5, 0.75]
				},
				"tongue_4": {
					"rotation": ["-31.661+math.sin(q.anim_time*90*10-190+180)*3", "math.sin(q.anim_time*90*5-155)*2.5", 0],
					"position": [0, -0.3, 1.05]
				},
				"tongue_5": {
					"rotation": ["-47.5+math.sin(q.anim_time*90*10-210+180)*5", "math.sin(q.anim_time*90*5-175)*5", 0],
					"position": [0, -0.5, 1.25]
				},
				"left_upper_arm": {
					"rotation": [24.5161, "-45.0509+math.sin(q.anim_time*90*5-0)*4", "4.702 +math.sin(q.anim_time*90*10-130+180)*7.5"]
				},
				"left_lower_arm": {
					"rotation": [0, "22.5+math.sin(q.anim_time*90*5-30)*8", "0+math.sin(q.anim_time*90*10-150+180)*5.5"]
				},
				"right_upper_arm": {
					"rotation": [24.5161, "45.0509+math.sin(q.anim_time*90*5-0)*4", "-4.702+math.sin(q.anim_time*90*10-130+180)*7.5"]
				},
				"right_lower_arm": {
					"rotation": [0, "-22.5+math.sin(q.anim_time*90*5-30)*15", "0+math.sin(q.anim_time*90*10-150)*5.5"]
				},
				"tail_1": {
					"rotation": ["2.5+math.sin(q.anim_time*90*10-140+180)*3", "math.sin(q.anim_time*90*5-100+180)*6", "math.sin(q.anim_time*90*5-10+180)*2.5"]
				},
				"tail_2": {
					"rotation": ["0+math.sin(q.anim_time*90*10-160)*7", "0+math.sin(q.anim_time*90*5-125+180)*8", "0+math.sin(q.anim_time*90*5-35)*4"]
				},
				"tail_3": {
					"rotation": ["-5+math.sin(q.anim_time*90*10-180)*5", "0+math.sin(q.anim_time*90*5-150+180)*4", "0+math.sin(q.anim_time*90*5-60)*2.5"]
				},
				"left_leg": {
					"rotation": [
						"math.clamp(math.sin(query.anim_time*90*5*1+0)*40.5,-40,0)+math.clamp(math.sin(query.anim_time*90*5*1+0)*40.5,0,40)",
						0,
						"math.clamp(math.sin(query.anim_time*90*5*1+10)*25.5,-25,0)"
					],
					"position": [0, "math.clamp(math.sin(query.anim_time*90*5*1+200)*1.25,-0.1,1.25)", "0+math.sin(q.anim_time*90*5-75)*2"]
				},
				"left_foot": {
					"rotation": ["0+math.clamp(math.sin(query.anim_time*90*5*1-90)*12.5,-0,12)+math.clamp(math.sin(query.anim_time*90*5*1-190)*27.5,-27,0)", 0, 0]
				},
				"right_leg": {
					"rotation": [
						"math.clamp(math.sin(query.anim_time*90*5*1+180)*40.5,-40,0)+math.clamp(math.sin(query.anim_time*90*5*1+180)*40.5,0,40)",
						0,
						"-(math.clamp(math.sin(query.anim_time*90*5*1+190)*25.5,-25,0))"
					],
					"position": [0, "math.clamp(math.sin(query.anim_time*90*5*1+200+180)*1.25,-0.1,1.25)", "0+math.sin(q.anim_time*90*5-75+180)*2"]
				},
				"right_foot": {
					"rotation": ["0+math.clamp(math.sin(query.anim_time*90*5*1-90+180)*12.5,-0,12)+math.clamp(math.sin(query.anim_time*90*5*1-190+180)*27.5,-27,0)", 0, 0]
				},
				"jaw": {
					"position": [0, 0, 0]
				}
			}
		},
		"animation.lickilicky.sleep": {
			"loop": true,
			"bones": {
				"torso": {
					"rotation": ["2.5+math.sin(q.anim_time*90*1-0)*1.5", 0, "0+math.sin(q.anim_time*90*0.5-0)*2"],
					"position": [0, -5.25, 0],
					"scale": 1
				},
				"upper_torso": {
					"rotation": ["7.5+math.sin(q.anim_time*90*1-30)*3", 0, "0+math.sin(q.anim_time*90*0.5-25+180)*1"]
				},
				"head": {
					"rotation": ["2.5+math.sin(q.anim_time*90*1-60)*2.5", 0, "0+math.sin(q.anim_time*90*0.5-50)*2"]
				},
				"jaw": {
					"position": [0, -2, 0]
				},
				"tongue_1": {
					"position": [0, -2, 3]
				},
				"tongue_2": {
					"position": [0, 0, 9]
				},
				"tongue_3": {
					"rotation": ["10+math.sin(q.anim_time*90*1-60+180)*4", "0+math.sin(q.anim_time*90*0.5-75+180)*1.5", 0],
					"position": [0, 2, 2]
				},
				"tongue_4": {
					"rotation": ["55+math.sin(q.anim_time*90*1-90)*4", "0+math.sin(q.anim_time*90*0.5-100+180)*3", 0]
				},
				"tongue_5": {
					"rotation": ["12.5+math.sin(q.anim_time*90*1-120)*6", "0+math.sin(q.anim_time*90*0.5-125+180)*3", 0]
				},
				"closed": {
					"position": [0, 0, -0.1]
				},
				"left_upper_arm": {
					"rotation": [24.54147, "0.4422+math.sin(q.anim_time*90*1-60)*3", 37.58003],
					"position": [0, 0, -2]
				},
				"left_lower_arm": {
					"rotation": [0, "40+math.sin(q.anim_time*90*1-90)*1.5", 0]
				},
				"right_upper_arm": {
					"rotation": [24.54147, "-0.4422+math.sin(q.anim_time*90*1-60+180)*3", -37.58003],
					"position": [0, 0, -2]
				},
				"right_lower_arm": {
					"rotation": [0, "-40+math.sin(q.anim_time*90*1-90+180)*1.5", 0]
				},
				"left_leg": {
					"rotation": [-90, -55, 0],
					"position": [6, -2.5, -7]
				},
				"right_leg": {
					"rotation": [-90, 55, 0],
					"position": [-6, -2.5, -7]
				},
				"cowlick": {
					"rotation": ["0+math.sin(q.anim_time*90*1-90)*4", 0, "0+math.sin(q.anim_time*90*0.5-75)*3"]
				},
				"tail_1": {
					"rotation": ["0+math.sin(q.anim_time*90*1-180)*0.5", 0, 0]
				},
				"tail_2": {
					"rotation": ["0+math.sin(q.anim_time*90*1-25)*0.75", "0+math.sin(q.anim_time*90*0.5-25+180)*2", 0]
				},
				"tail_3": {
					"rotation": ["0+math.sin(q.anim_time*90*1-50)*1.5", "0+math.sin(q.anim_time*90*0.5-50+180)*2", 0]
				}
			}
		},
		"animation.lickilicky.blink": {
			"animation_length": 0.16667,
			"bones": {
				"closed": {
					"position": {
						"0.0": [0, 0, -0.1],
						"0.125": [0, 0, -0.1],
						"0.1667": [0, 0, 0]
					}
				}
			}
		},
		"animation.lickilicky.cry": {
			"animation_length": 1.5,
			"bones": {
				"head": {
					"rotation": {
						"0.0": {
							"post": [0, 0, 0],
							"lerp_mode": "catmullrom"
						},
						"0.125": {
							"post": [-1.25, 0, 0],
							"lerp_mode": "catmullrom"
						},
						"0.25": {
							"post": [-7.5, 0, 0],
							"lerp_mode": "catmullrom"
						},
						"1.0833": {
							"post": [-7.5, 0, 0],
							"lerp_mode": "catmullrom"
						},
						"1.2917": {
							"post": [1.25, 0, 0],
							"lerp_mode": "catmullrom"
						},
						"1.5": {
							"post": [0, 0, 0],
							"lerp_mode": "catmullrom"
						}
					}
				},
				"jaw": {
					"position": {
						"0.0": [0, 0, 0],
						"0.25": [0, -2.9, 0],
						"1.25": [0, -2.9, 0],
						"1.5": [0, 0, 0]
					}
				},
				"tongue_1": {
					"position": {
						"0.0": [0, 0, 0],
						"0.25": [0, -1.5, 0],
						"1.25": [0, -1.5, 0],
						"1.5": [0, 0, 0]
					}
				}
			}
		}
	}
}