{
	"format_version": "1.8.0",
	"animations": {
		"animation.zigzagoon.ground_idle": {
			"loop": true,
			"animation_length": 4,
			"bones": {
				"zigzagoon": {
					"rotation": [6, 0, 0],
					"position": [0, 0.65, 0]
				},
				"butt": {
					"rotation": [-10, 0, 0],
					"position": [0, "0.1+0.2*math.cos(q.anim_time*90*2-90)", 0]
				},
				"leg_back_right": {
					"rotation": ["10+2*math.cos(q.anim_time*90*2-90)", 0, 0],
					"position": [0, "-0.2-0.18*math.cos(q.anim_time*90*2-90)", "-0.1*math.cos(q.anim_time*90*2-90)"]
				},
				"foot_back_right": {
					"rotation": ["-5-2*math.cos(q.anim_time*90*2-90)", 0, 0]
				},
				"leg_back_left": {
					"rotation": ["10+2*math.cos(q.anim_time*90*2-90)", 0, 0],
					"position": [0, "-0.2-0.2*math.cos(q.anim_time*90*2-90)", "-0.1*math.cos(q.anim_time*90*2-90)"]
				},
				"foot_back_left": {
					"rotation": ["-5-2*math.cos(q.anim_time*90*2-90)", 0, 0]
				},
				"tail": {
					"rotation": ["5+5*math.sin(q.anim_time*90*2-90)", "15*math.cos(q.anim_time*90*1-90)", 0]
				},
				"torso": {
					"rotation": [10, 0, 0],
					"position": [0, "0.1+0.2*math.cos(q.anim_time*90*2-90)", 0]
				},
				"head": {
					"rotation": ["-15+1.5*math.cos(q.anim_time*90*2)", 0, 0]
				},
				"leg_front_right": {
					"rotation": ["-10-2*math.cos(q.anim_time*90*2-90)", 0, 0],
					"position": [0, "-0.2-0.25*math.cos(q.anim_time*90*2-90)", "-0.2+0.05*math.cos(q.anim_time*90*2-90)"]
				},
				"foot_front_right": {
					"rotation": ["-5+2*math.cos(q.anim_time*90*2-90)", 0, 0]
				},
				"leg_front_left": {
					"rotation": ["-10-2*math.cos(q.anim_time*90*2-90)", 0, 0],
					"position": [0, "-0.2-0.25*math.cos(q.anim_time*90*2-90)", "-0.2+0.05*math.cos(q.anim_time*90*2-90)"]
				},
				"foot_front_left": {
					"rotation": ["-5+2*math.cos(q.anim_time*90*2-90)", 0, 0]
				},
				"bodyruff5": {
					"rotation": [0, "-3*math.cos(q.anim_time*90*2-45)", 0]
				},
				"bodyruff6": {
					"rotation": [0, "3*math.cos(q.anim_time*90*2-45)", 0]
				},
				"bodyruff9": {
					"rotation": ["-3*math.cos(q.anim_time*90*2)", 0, 0]
				},
				"head_ruff_left": {
					"rotation": [0, "3*math.cos(q.anim_time*90*2)", 0]
				},
				"head_ruff_right": {
					"rotation": [0, "-3*math.cos(q.anim_time*90*2)", 0]
				},
				"head_ruff": {
					"rotation": ["-3*math.cos(q.anim_time*90*2-45)", 0, 0]
				},
				"head_ruff2": {
					"rotation": ["10-4*math.cos(q.anim_time*90*2-50)", 0, 0]
				},
				"ear_right": {
					"rotation": [0, 0, "-2*math.cos(q.anim_time*90*2)"]
				},
				"ear_left": {
					"rotation": [0, 0, "2*math.cos(q.anim_time*90*2)"]
				},
				"bodyruff7": {
					"rotation": ["-3*math.cos(q.anim_time*90*2)", 0, 0]
				},
				"bodyruff1": {
					"rotation": [0, "-3*math.cos(q.anim_time*90*2-45)", 0]
				},
				"bodyruff2": {
					"rotation": [0, "3*math.cos(q.anim_time*90*2-45)", 0]
				},
				"bodyruff8": {
					"rotation": ["-3*math.cos(q.anim_time*90*2-45)", 0, 0]
				},
				"bodyruff3": {
					"rotation": [0, "-3*math.cos(q.anim_time*90*2)", 0]
				},
				"bodyruff4": {
					"rotation": [0, "3*math.cos(q.anim_time*90*2)", 0]
				},
				"jaw": {
					"rotation": ["23+5*math.cos(q.anim_time*90*2)", 0, 0]
				}
			}
		},
		"animation.zigzagoon.ground_walk": {
			"loop": true,
			"animation_length": 1.33333,
			"bones": {
				"body": {
					"position": [0, "0.8-0.2*math.sin(q.anim_time*90*12)", 0]
				},
				"butt": {
					"rotation": [-5, 0, "4*math.cos(q.anim_time*90*6)"]
				},
				"leg_back_right": {
					"rotation": ["20+30*math.cos(q.anim_time*90*6)", 0, "-4*math.cos(q.anim_time*90*6)"],
					"position": [0, "0.5+1*math.sin(q.anim_time*90*6+20)", 0]
				},
				"foot_back_right": {
					"rotation": ["0.4+15*math.sin(q.anim_time*90*6)", 0, 0],
					"position": [0, 0, "-0.3+0.3*math.sin(q.anim_time*90*6)"]
				},
				"leg_back_left": {
					"rotation": ["20-30*math.cos(q.anim_time*90*6)", 0, "-4*math.cos(q.anim_time*90*6)"],
					"position": [0, "0.5-1*math.sin(q.anim_time*90*6+20)", 0]
				},
				"foot_back_left": {
					"rotation": ["0.4-15*math.sin(q.anim_time*90*6)", 0, 0],
					"position": [0, 0, "-0.3-0.3*math.sin(q.anim_time*90*6)"]
				},
				"bodyruff5": {
					"rotation": [0, "-3*math.cos(q.anim_time*90*12)", 0]
				},
				"bodyruff6": {
					"rotation": [0, "3*math.cos(q.anim_time*90*12)", 0]
				},
				"bodyruff9": {
					"rotation": ["3*math.sin(q.anim_time*90*12)", 0, 0]
				},
				"tail": {
					"rotation": ["6.7+5*math.cos(q.anim_time*90*12)", "0.4-15*math.cos(q.anim_time*90*6)", "-4*math.cos(q.anim_time*90*6)"]
				},
				"torso": {
					"rotation": [7.5, 0, "0-4*math.cos(q.anim_time*90*6)"]
				},
				"head": {
					"rotation": ["-5-2*math.cos(q.anim_time*90*12)", "-3*math.sin(q.anim_time*90*6)", "4*math.cos(q.anim_time*90*6)"],
					"position": ["-0.1*math.cos(q.anim_time*90*6)", 0, 0]
				},
				"head_ruff_left": {
					"rotation": [0, "3*math.sin(q.anim_time*90*12)", 0]
				},
				"head_ruff_right": {
					"rotation": [0, "-3*math.sin(q.anim_time*90*12)", 0]
				},
				"head_ruff": {
					"rotation": ["3*math.cos(q.anim_time*90*12)", 0, 0]
				},
				"head_ruff2": {
					"rotation": ["5*math.cos(q.anim_time*90*12)", 0, 0]
				},
				"ear_right": {
					"rotation": [0, 0, "5*math.cos(q.anim_time*90*12)"]
				},
				"ear_left": {
					"rotation": [0, 0, "-5*math.cos(q.anim_time*90*12)"]
				},
				"bodyruff7": {
					"rotation": ["3*math.sin(q.anim_time*90*12)", 0, 0]
				},
				"bodyruff1": {
					"rotation": [0, "-3*math.cos(q.anim_time*90*12)", 0]
				},
				"bodyruff2": {
					"rotation": [0, "3*math.cos(q.anim_time*90*12)", 0]
				},
				"bodyruff8": {
					"rotation": ["3*math.cos(q.anim_time*90*12)", 0, 0]
				},
				"bodyruff3": {
					"rotation": [0, "-3*math.sin(q.anim_time*90*12)", 0]
				},
				"bodyruff4": {
					"rotation": [0, "3*math.sin(q.anim_time*90*12)", 0]
				},
				"leg_front_right": {
					"rotation": ["20-30*math.cos(q.anim_time*90*6)", 0, "4*math.cos(q.anim_time*90*6)"],
					"position": [0, "0.4-1*math.sin(q.anim_time*90*6+20)", "-1.5-0.4*math.cos(q.anim_time*90*6)"]
				},
				"foot_front_right": {
					"rotation": ["-10.5-15*math.sin(q.anim_time*90*6)", 0, 0],
					"position": [0, 0, "-0.3-0.5*math.sin(q.anim_time*90*6)"]
				},
				"leg_front_left": {
					"rotation": ["20+30*math.cos(q.anim_time*90*6)", 0, "4*math.cos(q.anim_time*90*6)"],
					"position": [0, "0.4+1*math.sin(q.anim_time*90*6+20)", "-1.5+0.4*math.cos(q.anim_time*90*6)"]
				},
				"foot_front_left": {
					"rotation": ["-10.5+15*math.sin(q.anim_time*90*6)", 0, 0],
					"position": [0, 0, "-0.3+0.5*math.sin(q.anim_time*90*6)"]
				},
				"jaw": {
					"rotation": ["29-2*math.cos(q.anim_time*90*12)", 0, 0]
				}
			}
		},
		"animation.zigzagoon.ground_run": {
			"loop": true,
			"animation_length": 1.33333,
			"bones": {
				"body": {
					"position": ["5*math.sin(q.anim_time*90*6)", "1.5-1*math.sin(q.anim_time*90*12)", 0]
				},
				"butt": {
					"rotation": ["10*math.cos(q.anim_time*90*12-45)", "-30*math.cos(q.anim_time*90*6-45)", 0]
				},
				"leg_back_right": {
					"rotation": ["10+30*math.cos(q.anim_time*90*12+60)", 0, 0],
					"position": [0, "-0.2-0.4*math.cos(q.anim_time*90*12+140)", "0.3*math.cos(q.anim_time*90*12+60)"]
				},
				"foot_back_right": {
					"rotation": ["10+10*math.cos(q.anim_time*90*12+60)", 0, 0]
				},
				"leg_back_left": {
					"rotation": ["10+30*math.cos(q.anim_time*90*12+60)", 0, 0],
					"position": [0, "-0.2-0.4*math.cos(q.anim_time*90*12+140)", "0.3*math.cos(q.anim_time*90*12+60)"]
				},
				"foot_back_left": {
					"rotation": ["10+10*math.cos(q.anim_time*90*12+60)", 0, 0]
				},
				"tail": {
					"rotation": [0, "-10*math.cos(q.anim_time*90*6-60)", 0]
				},
				"torso": {
					"rotation": ["3-10*math.cos(q.anim_time*90*12)", "-30*math.cos(q.anim_time*90*6)", 0]
				},
				"head": {
					"rotation": ["10*math.cos(q.anim_time*90*12-45)", "15*math.cos(q.anim_time*90*6-25)", 0]
				},
				"ear_right": {
					"rotation": ["-10-10*math.sin(q.anim_time*90*12)", 0, "8*math.sin(q.anim_time*90*12)"]
				},
				"ear_left": {
					"rotation": ["-10-10*math.sin(q.anim_time*90*12)", 0, "-8*math.sin(q.anim_time*90*12)"]
				},
				"leg_front_right": {
					"rotation": ["10-15*math.cos(q.anim_time*90*12)", 0, 0],
					"position": [0, "-0.2-0.2*math.sin(q.anim_time*90*12+60)", "-0.5-0.5*math.sin(q.anim_time*90*12+60)"]
				},
				"foot_front_right": {
					"rotation": ["7+15*math.cos(q.anim_time*90*12)", 0, 0]
				},
				"leg_front_left": {
					"rotation": ["10-15*math.cos(q.anim_time*90*12)", 0, 0],
					"position": [0, 0, "-0.5-0.5*math.sin(q.anim_time*90*12+60)"]
				},
				"foot_front_left": {
					"rotation": ["7+15*math.cos(q.anim_time*90*12)", 0, 0]
				},
				"jaw": {
					"rotation": ["28-5*math.cos(q.anim_time*90*12)", 0, 0]
				}
			}
		},
		"animation.zigzagoon.battle_idle": {
			"loop": true,
			"animation_length": 2,
			"bones": {
				"body": {
					"position": ["0.4*math.cos(q.anim_time*90*4)", "-0.2*math.cos(q.anim_time*90*8)", 0]
				},
				"butt": {
					"rotation": [10, 0, 0]
				},
				"leg_back_right": {
					"rotation": [20, 3, "10+7*math.cos(q.anim_time*90*4)"],
					"position": [0, "-0.3+0.2*math.cos(q.anim_time*90*8)", 0]
				},
				"foot_back_right": {
					"rotation": [-10, 0, 0],
					"position": [0, 0, -0.4]
				},
				"leg_back_left": {
					"rotation": [20, -2, "-10+7*math.cos(q.anim_time*90*4)"],
					"position": [0, "-0.3+0.2*math.cos(q.anim_time*90*8)", 0]
				},
				"foot_back_left": {
					"rotation": [-10, 0, 0],
					"position": [0, 0, -0.4]
				},
				"bodyruff5": {
					"rotation": [0, "2*math.sin(q.anim_time*90*4-45)", 0]
				},
				"bodyruff6": {
					"rotation": [0, "2*math.sin(q.anim_time*90*4-45)", 0]
				},
				"bodyruff9": {
					"rotation": ["-2*math.sin(q.anim_time*90*8-45)", 0, 0]
				},
				"tail": {
					"rotation": ["17.5-7*math.sin(q.anim_time*90*8)", "30*math.sin(q.anim_time*90*4)", 0]
				},
				"torso": {
					"rotation": [15, 0, 0]
				},
				"head": {
					"rotation": ["-15+1*math.sin(q.anim_time*90*8)", "-2*math.sin(q.anim_time*90*4)", 0]
				},
				"head_ruff_left": {
					"rotation": [0, "4*math.sin(q.anim_time*90*4)", 0]
				},
				"head_ruff_right": {
					"rotation": [0, "4*math.sin(q.anim_time*90*4)", 0]
				},
				"head_ruff": {
					"rotation": ["-3*math.sin(q.anim_time*90*8)", 0, 0]
				},
				"head_ruff2": {
					"rotation": ["30-3*math.sin(q.anim_time*90*8)", 0, 0]
				},
				"ear_right": {
					"rotation": [0, 0, "-3*math.sin(q.anim_time*90*8)"]
				},
				"ear_left": {
					"rotation": [0, 0, "3*math.sin(q.anim_time*90*8)"]
				},
				"bodyruff7": {
					"rotation": ["-2*math.sin(q.anim_time*90*8-45)", 0, 0]
				},
				"bodyruff1": {
					"rotation": [0, "2*math.sin(q.anim_time*90*4-45)", 0]
				},
				"bodyruff2": {
					"rotation": [0, "2*math.sin(q.anim_time*90*4-45)", 0]
				},
				"bodyruff8": {
					"rotation": ["-2*math.sin(q.anim_time*90*8)", 0, 0]
				},
				"bodyruff3": {
					"rotation": [0, "2*math.sin(q.anim_time*90*4)", 0]
				},
				"bodyruff4": {
					"rotation": [0, "2*math.sin(q.anim_time*90*4)", 0]
				},
				"leg_front_right": {
					"rotation": [-17, "30+2*math.cos(q.anim_time*90*4)", -10],
					"position": ["-0.4-0.2*math.cos(q.anim_time*90*4)", "0.3+0.2*math.cos(q.anim_time*90*8)", "0.05*math.cos(q.anim_time*90*8)"]
				},
				"leg_front_left": {
					"rotation": [-17, "-30+2*math.cos(q.anim_time*90*4)", 10],
					"position": ["0.4-0.2*math.cos(q.anim_time*90*4)", "0.3+0.2*math.cos(q.anim_time*90*8)", "0.05*math.cos(q.anim_time*90*8)"]
				},
				"jaw": {
					"rotation": ["20+5*math.cos(q.anim_time*90*8)", 0, 0]
				}
			}
		},
		"animation.zigzagoon.sleep": {
			"loop": true,
			"animation_length": 4,
			"bones": {
				"body": {
					"rotation": [0, 12.5, 0],
					"position": ["-4+0.2*math.cos(q.anim_time*90*1)", "-1.5+0.3*math.cos(q.anim_time*90*1)", 1]
				},
				"butt": {
					"rotation": [0, 5, -15],
					"position": [1, 0, 0]
				},
				"leg_back_right": {
					"rotation": [0, 0, -50]
				},
				"leg_back_left": {
					"rotation": [18.81822, "5.6363+5*math.cos(q.anim_time*90*1)", "-48.2049+5*math.cos(q.anim_time*90*1)"],
					"position": [-0.5, 0, 1]
				},
				"bodyruff5": {
					"rotation": [0, "3*math.sin(q.anim_time*90*1)", 0]
				},
				"bodyruff6": {
					"rotation": [0, "3*math.sin(q.anim_time*90*1)", 0]
				},
				"bodyruff9": {
					"rotation": ["3*math.sin(q.anim_time*90*1-45)", 0, 0]
				},
				"tail": {
					"rotation": ["-13-5*math.cos(q.anim_time*90*1)", 33, -6],
					"position": [0, 0, -0.5]
				},
				"torso": {
					"rotation": [14, -27, -28]
				},
				"head": {
					"rotation": ["9+5*math.cos(q.anim_time*90*1)", "-26+1*math.cos(q.anim_time*90*1)", 24]
				},
				"eyelid_left": {
					"position": [0.1, 0, -0.1]
				},
				"eyelid_right": {
					"position": [-0.1, 0, -0.1]
				},
				"head_ruff_left": {
					"rotation": [0, "3*math.sin(q.anim_time*90*1-45)", 0]
				},
				"head_ruff_right": {
					"rotation": [0, "3*math.sin(q.anim_time*90*1-45)", 0]
				},
				"head_ruff": {
					"rotation": ["3+3*math.sin(q.anim_time*90*1)", 0, 0]
				},
				"ear_right": {
					"rotation": [0, 0, "-5+5*math.sin(q.anim_time*90*1)"]
				},
				"ear_left": {
					"rotation": [0, 0, "5-5*math.sin(q.anim_time*90*1)"]
				},
				"bodyruff7": {
					"rotation": ["3*math.sin(q.anim_time*90*1-45)", 0, 0]
				},
				"bodyruff1": {
					"rotation": [0, "3*math.sin(q.anim_time*90*1)", 0]
				},
				"bodyruff2": {
					"rotation": [0, "3*math.sin(q.anim_time*90*1)", 0]
				},
				"bodyruff8": {
					"rotation": ["3*math.sin(q.anim_time*90*1)", 0, 0]
				},
				"bodyruff3": {
					"rotation": [0, "3*math.sin(q.anim_time*90*1-45)", 0]
				},
				"bodyruff4": {
					"rotation": [0, "27+3*math.sin(q.anim_time*90*1-45)", 0]
				},
				"leg_front_right": {
					"rotation": [0, 0, -50]
				},
				"leg_front_left": {
					"rotation": [-8.31243, "26+5*math.cos(q.anim_time*90*1)", "-30+5*math.cos(q.anim_time*90*1)"]
				}
			}
		},
		"animation.zigzagoon.cry": {
			"animation_length": 1.25,
			"bones": {
				"head": {
					"rotation": {
						"0.0": [0, 0, 0],
						"0.125": [-15, 0, 0],
						"0.2083": [-17.5, 0, 0],
						"0.7083": [-17.78, 0, 0],
						"0.7917": [-15, 0, 0],
						"0.9167": [0, 0, 0]
					}
				},
				"jaw": {
					"rotation": {
						"0.0": [0, 0, 0],
						"0.125": [60, 0, 0],
						"0.7917": [60, 0, 0],
						"0.9167": [0, 0, 0]
					}
				}
			}
		},
		"animation.zigzagoon.blink": {
			"animation_length": 0.16667,
			"bones": {
				"eyelid_right": {
					"position": {
						"0.0": [-0.1, 0, -0.1],
						"0.125": [-0.1, 0, -0.1],
						"0.1667": [0, 0, 0]
					}
				},
				"eyelid_left": {
					"position": {
						"0.0": [0.1, 0, -0.1],
						"0.125": [0.1, 0, -0.1],
						"0.1667": [0, 0, 0]
					}
				}
			}
		},
		"animation.zigzagoon.faint": {
			"loop": true,
			"animation_length": 3,
			"bones": {
				"zigzagoon": {
					"rotation": [0, 0, 0]
				},
				"body": {
					"rotation": {
						"0.0": ["-25+25*math.cos(q.anim_time*90*7)", "-30+30*math.cos(q.anim_time*90*3.5)", 0],
						"1.2917": ["-25+25*math.cos(q.anim_time*90*7)", "18+5*math.cos(q.anim_time*90*3.5)", 0],
						"1.3333": ["-55-30*math.cos(q.anim_time*90*2)", "43-25*math.sin(q.anim_time*90*1)", "-15-30*math.cos(q.anim_time*90*2)"],
						"1.7083": [-77.62, 13.17, 22.4],
						"1.7917": [-90, 1, 50],
						"1.875": [-95, 0, 93],
						"2.0": [-95, 0, 97],
						"2.125": [-95, -0.5, 93]
					},
					"position": {
						"0.0": ["0.5-0.5*math.cos(q.anim_time*90*3.5)", "1-1*math.cos(q.anim_time*90*7)", "1-1*math.cos(q.anim_time*90*7)"],
						"1.4167": ["0-0.5*math.cos(q.anim_time*90*3.5)", "1-1*math.cos(q.anim_time*90*7)", "1-1*math.cos(q.anim_time*90*7)"],
						"1.4583": [0, 2, 2.3],
						"1.6667": [1.82, 0.41, 4.26],
						"1.9167": [4, -1.5, 5.2],
						"2.0417": [4, -1, 5.7],
						"2.1667": [4, -1.5, 5.8]
					}
				},
				"leg_back_right": {
					"rotation": {
						"0.0": ["25-25*math.cos(q.anim_time*90*7)", 0, 0],
						"0.2917": ["46-25*math.cos(q.anim_time*90*7)", 0, 0],
						"0.5833": ["43-25*math.cos(q.anim_time*90*7)", 0, 0],
						"1.25": ["13.6-25*math.cos(q.anim_time*90*7)", 0, 0],
						"1.5": [54, 0, 0],
						"2.0417": [46.21919, 8.51128, -23.59462],
						"2.1667": [47.55602, 6.87465, -10.63446],
						"2.2917": [46.22, 8.51, -23.59]
					},
					"position": {
						"0.0": [0, 0, 0],
						"0.4583": [0.6, 0.6, 0.2],
						"0.5833": [0.3, 0.1, 0.9],
						"0.75": [-0.2, 0.4, -0.1],
						"1.1667": [-0.2, -0.3, -0.2],
						"1.4167": [0, 0, 0.3],
						"1.6667": [0, 0, 0],
						"2.0": [0.2, 0, 0]
					}
				},
				"leg_back_left": {
					"rotation": {
						"0.0": ["25-25*math.cos(q.anim_time*90*7)", 0, 0],
						"0.3333": ["13-25*math.cos(q.anim_time*90*7)", 0, 0],
						"0.5417": ["14.5-25*math.cos(q.anim_time*90*7)", 0, 0],
						"0.875": ["34-25*math.cos(q.anim_time*90*7)", 0, 0],
						"1.125": [14.88, 0, 0],
						"1.4583": [41, 0, 0],
						"2.0": [21.67, 1.31, -5.48],
						"2.1667": [21.96108, 3.32024, 5.55622],
						"2.3333": [21.66529, 1.26934, -9.86597]
					},
					"position": {
						"0.0": [0, 0, 0],
						"0.2917": [-0.4, -0.2, 0.2],
						"0.5": [0.52, -0.09, 0.09],
						"0.75": [-0.2, 0.2, -0.2],
						"1.0": [-0.2, 0.4, 0.9],
						"1.125": [-0.6, -0.2, 0.7],
						"1.3333": [-0.2, 0.8, 0.9],
						"1.5833": [0, 0.3, -1.1],
						"1.8333": [0, 0, 0]
					}
				},
				"tail": {
					"rotation": {
						"0.0": ["31-35*math.cos(q.anim_time*90*7)", "35*math.sin(q.anim_time*90*3.5)", 0],
						"1.1667": ["31-35*math.cos(q.anim_time*90*7)", "35*math.sin(q.anim_time*90*3.5)", 0],
						"1.5": [71.75231, 19.72033, -35.64973],
						"1.75": [58.2389, -11.79769, -38.89076],
						"1.875": [34.30442, -9.59491, -6.91863],
						"1.9583": [19.77491, -8.30366, -11.63722],
						"2.0833": [11.08495, 3.75276, -9.80157]
					},
					"position": {
						"1.2917": [0, 0, 0],
						"1.625": [-2, 2, -3],
						"1.9167": [0, 0, 0]
					}
				},
				"torso": {
					"rotation": {
						"0.0": ["10*math.sin(q.anim_time*90*7)", "10*math.sin(q.anim_time*90*3.5)", 0],
						"1.7917": ["10*math.sin(q.anim_time*90*7)", "11+10*math.sin(q.anim_time*90*3.5)", 0],
						"1.875": [10, 0, 0]
					}
				},
				"head": {
					"rotation": {
						"0.0": ["20*math.sin(q.anim_time*90*7)", "20*math.sin(q.anim_time*90*3.5)", 0],
						"1.4167": ["12+30*math.sin(q.anim_time*90*7)", 0, 0],
						"1.625": [-25, -4, 0],
						"1.9167": [-7, 0, 0],
						"2.0833": [-7, 8, 0],
						"2.25": [-7, 0, 0]
					}
				},
				"foot_back_right": {
					"rotation": {
						"0.0": [0, 0, 0],
						"0.2917": [-16.91421, 11.77513, 4.15538],
						"0.5833": [-13.7079, 12.65592, 3.32891],
						"1.1667": [7.8002, -13.53337, -11.9252],
						"1.5": [0, 0, 0]
					},
					"position": {
						"0.0": [0, 0, 0],
						"0.2917": [0, 0, -0.5],
						"1.1667": [0, 0, 0]
					}
				},
				"foot_back_left": {
					"rotation": {
						"0.0": [0, 0, 0],
						"0.2917": [15.24605, 12.19625, 13.2905],
						"0.5417": [25.92838, 22.03487, 23.18243],
						"0.875": [-7.5, 0, 0],
						"1.0": [1.23439, -7.40249, -7.59624],
						"1.25": [-10.92391, -16.69647, -6.84079],
						"1.5": [2.18558, -9.76061, -12.68664],
						"1.7917": [0, 0, 0]
					},
					"position": {
						"0.0": [0, 0, 0],
						"0.9583": [0, 0, -0.4],
						"1.2083": [0, 0.6, -0.45],
						"1.5": [0, 0, 0]
					}
				},
				"leg_front_right": {
					"rotation": {
						"0.0": ["25-25*math.cos(q.anim_time*90*7)", 0, 0],
						"1.5417": ["7+25*math.sin(q.anim_time*90*7)", 0, 0],
						"1.5833": [-17, 0, 0],
						"2.0417": [0, 0, -22.5],
						"2.1667": [0, 0, -10.5],
						"2.2917": [0, 0, -22.5]
					},
					"position": {
						"1.5": [0, 0, 0],
						"2.0": [0.4, 0, 0]
					}
				},
				"leg_front_left": {
					"rotation": {
						"0.0": ["30-30*math.cos(q.anim_time*90*7-20)", 0, 0],
						"1.5417": ["7+30*math.sin(q.anim_time*90*7-20)", 0, 0],
						"1.875": [18.59, -2.26, -2.16],
						"2.0833": [18.47977, 0.16932, 7.06396],
						"2.25": [18.63157, -2.27391, -4.62211]
					}
				},
				"eyelid_left": {
					"position": {
						"0.0833": [0, 0, 0],
						"0.125": [0.1, 0, -0.1],
						"0.4167": [0.1, 0, -0.1],
						"0.4583": [0, 0, 0],
						"0.75": [0, 0, 0],
						"0.7917": [0.1, 0, -0.1],
						"1.0417": [0.1, 0, -0.1],
						"1.0833": [0, 0, 0],
						"1.5": [0, 0, 0],
						"1.5417": [0.1, 0, -0.1]
					}
				},
				"eyelid_right": {
					"position": {
						"0.0833": [0, 0, 0],
						"0.125": [-0.1, 0, -0.1],
						"0.4167": [-0.1, 0, -0.1],
						"0.4583": [0, 0, 0],
						"0.75": [0, 0, 0],
						"0.7917": [-0.1, 0, -0.1],
						"1.0417": [-0.1, 0, -0.1],
						"1.0833": [0, 0, 0],
						"1.5": [0, 0, 0],
						"1.5417": [-0.1, 0, -0.1]
					}
				},
				"ear_right": {
					"rotation": {
						"0.0": [0, 0, "20*math.sin(q.anim_time*90*7)"],
						"1.5833": [0, 0, "20*math.sin(q.anim_time*90*7)"],
						"1.625": [0, 0, -18],
						"2.2083": [0, 0, 0]
					}
				},
				"ear_left": {
					"rotation": {
						"0.0": [0, 0, "-20*math.sin(q.anim_time*90*7)"],
						"1.5833": [0, 0, "-20*math.sin(q.anim_time*90*7)"],
						"1.625": [0, 0, 19],
						"1.875": [0, 0, -38]
					}
				},
				"bodyruff5": {
					"rotation": {
						"0.0": [0, "-10*math.sin(q.anim_time*90*7)", 0],
						"1.4167": [0, "-10*math.sin(q.anim_time*90*7)", 0],
						"2.25": [0, 15, 0]
					}
				},
				"bodyruff6": {
					"rotation": {
						"0.0": [0, "10*math.sin(q.anim_time*90*7)", 0],
						"1.4167": [0, "10*math.sin(q.anim_time*90*7)", 0],
						"2.0": [0, 0, 0]
					}
				},
				"bodyruff9": {
					"rotation": {
						"0.0": ["10*math.sin(q.anim_time*90*7)", 0, 0],
						"1.4167": ["10*math.sin(q.anim_time*90*7)", 0, 0],
						"2.0": [0, 0, 0]
					}
				},
				"jaw": {
					"rotation": {
						"0.0": ["30-30*math.cos(q.anim_time*90*7)", 0, 0],
						"1.4167": ["30-30*math.cos(q.anim_time*90*7)", 0, 0],
						"1.4583": [60, 0, 0],
						"2.2917": [42, 0, 0]
					}
				},
				"head_ruff_left": {
					"rotation": {
						"0.0": [0, "10*math.sin(q.anim_time*90*7)", 0],
						"1.4167": [0, "10*math.sin(q.anim_time*90*7)", 0],
						"2.0": [0, 0, 0]
					}
				},
				"head_ruff_right": {
					"rotation": {
						"0.0": [0, "-10*math.sin(q.anim_time*90*7)", 0],
						"1.4167": [0, "-10*math.sin(q.anim_time*90*7)", 0],
						"2.1667": [0, 15, 0]
					}
				},
				"head_ruff": {
					"rotation": {
						"0.0": ["5*math.sin(q.anim_time*90*7)", 0, 0],
						"1.4167": ["5*math.sin(q.anim_time*90*7)", 0, 0],
						"2.0": [0, 0, 0]
					}
				},
				"bodyruff7": {
					"rotation": {
						"0.0": ["10*math.sin(q.anim_time*90*7)", 0, 0],
						"1.4167": ["10*math.sin(q.anim_time*90*7)", 0, 0],
						"2.0": [0, 0, 0]
					}
				},
				"bodyruff1": {
					"rotation": {
						"0.0": [0, "-10*math.sin(q.anim_time*90*7)", 0],
						"1.4167": [0, "-10*math.sin(q.anim_time*90*7)", 0],
						"2.2083": [0, 16, 0]
					}
				},
				"bodyruff2": {
					"rotation": {
						"0.0": [0, "10*math.sin(q.anim_time*90*7)", 0],
						"1.4167": [0, "10*math.sin(q.anim_time*90*7)", 0],
						"2.0": [0, 0, 0]
					}
				},
				"bodyruff8": {
					"rotation": {
						"0.0": ["10*math.sin(q.anim_time*90*7)", 0, 0],
						"1.4167": ["10*math.sin(q.anim_time*90*7)", 0, 0],
						"2.0": [0, 0, 0]
					}
				},
				"bodyruff3": {
					"rotation": {
						"0.0": [0, "-10*math.sin(q.anim_time*90*7)", 0],
						"1.375": [0, "-10*math.sin(q.anim_time*90*7)", 0],
						"2.3333": [0, 15, 0]
					}
				},
				"bodyruff4": {
					"rotation": {
						"0.0": [0, "10*math.sin(q.anim_time*90*7)", 0],
						"1.4167": [0, "10*math.sin(q.anim_time*90*7)", 0],
						"2.0": [0, 0, 0]
					}
				},
				"torso_bend": {
					"rotation": {
						"0.0": {
							"post": [0, 0, 0],
							"lerp_mode": "catmullrom"
						},
						"1.625": {
							"post": [0, 0, 0],
							"lerp_mode": "catmullrom"
						},
						"1.8333": {
							"post": [0, 17.5, 0],
							"lerp_mode": "catmullrom"
						},
						"1.9167": {
							"post": [0, 0, 0],
							"lerp_mode": "catmullrom"
						}
					}
				}
			}
		},
		"animation.zigzagoon.shoulder_right": {
			"loop": true,
			"bones": {
				"zigzagoon": {
					"position": [0, 0, 0]
				},
				"body": {
					"rotation": [-45, 0, 0],
					"position": [-2, -4.75, 9.5]
				},
				"butt": {
					"rotation": [-30, 31, -16],
					"position": [0.3, "-0.1*math.sin(q.anim_time*90*1)", -1]
				},
				"leg_back_right": {
					"position": [0, "0.1*math.sin(q.anim_time*90*1)", 0]
				},
				"leg_back_left": {
					"rotation": [32, -17, 2],
					"position": [0, "0.1*math.sin(q.anim_time*90*1)", 0.5]
				},
				"tail": {
					"rotation": [-17, "-34+10*math.sin(q.anim_time*90*1)", 0],
					"position": [0, 0, -0.4]
				},
				"torso": {
					"rotation": [0, 0, -15],
					"position": [0, "-0.1*math.sin(q.anim_time*90*1)", 0]
				},
				"head": {
					"rotation": ["45-2*math.cos(q.anim_time*90*1)", 1, 7],
					"position": [0, 0.7, 0]
				},
				"head_ruff": {
					"rotation": [-22.5, 0, 0]
				},
				"ear_right": {
					"rotation": [0, 0, "2*math.sin(q.anim_time*90*1)"]
				},
				"ear_left": {
					"rotation": [0, 0, "-30+2*math.cos(q.anim_time*90*1)"]
				},
				"leg_front_right": {
					"position": [0, "-1+0.1*math.sin(q.anim_time*90*1)", -1]
				},
				"leg_front_left": {
					"position": [-0.5, "-1+0.1*math.sin(q.anim_time*90*1)", -1]
				}
			}
		},
		"animation.zigzagoon.shoulder_left": {
			"loop": true,
			"bones": {
				"zigzagoon": {
					"position": [0, 0, 0]
				},
				"body": {
					"rotation": [-45, 0, 0],
					"position": [2, -4.75, 9.5]
				},
				"butt": {
					"rotation": [-30, -31, 16],
					"position": [-0.3, "-0.1*math.sin(q.anim_time*90*1)", -1]
				},
				"leg_back_right": {
					"rotation": [32, 17, -2],
					"position": [0, "1+0.1*math.sin(q.anim_time*90*1)", 0.5]
				},
				"leg_back_left": {
					"rotation": [0, 0, 0],
					"position": [0, "0.1*math.sin(q.anim_time*90*1)", 0]
				},
				"tail": {
					"rotation": [-17, "34+10*math.sin(q.anim_time*90*1)", 0],
					"position": [0, 0, -0.4]
				},
				"torso": {
					"rotation": [0, 0, 15],
					"position": [0, "-0.1*math.sin(q.anim_time*90*1)", 0]
				},
				"head": {
					"rotation": ["45-2*math.cos(q.anim_time*90*1)", -1, -7],
					"position": [0, 0.7, 0]
				},
				"ear_right": {
					"rotation": [0, 0, "30-2*math.cos(q.anim_time*90*1)"]
				},
				"ear_left": {
					"rotation": [0, 0, "-2*math.sin(q.anim_time*90*1)"]
				},
				"leg_front_right": {
					"position": [0.4, "-1+0.1*math.sin(q.anim_time*90*1)", -1]
				},
				"leg_front_left": {
					"position": [-0.1, "-1+0.1*math.sin(q.anim_time*90*1)", -1]
				}
			}
		}
	}
}