{
	"format_version": "1.8.0",
	"animations": {
		"animation.electrode.ground_idle": {
			"loop": true,
			"bones": {
				"body": {
					"rotation": ["-math.sin(q.anim_time*90*2+90)*8", "math.sin(q.anim_time*90*45)*0.5*math.sin(q.anim_time*90*20)*1", "math.sin(q.anim_time*90*2)*8"],
					"position": ["math.sin(q.anim_time*90*2)*1", 0.5, "math.sin(q.anim_time*90*2+90)*1"]
				}
			}
		},
		"animation.electrode.ground_walk": {
			"loop": true,
			"bones": {
				"body": {
					"rotation": ["q.anim_time*90*2.5", 0, 0],
					"position": [0, "math.clamp((math.sin(q.anim_time*90*4*2.5-90)*1+1)*5,0,2.5)+math.clamp((math.sin(q.anim_time*90*4*2.5-90)*1+1)*0.5,0,2)", 0]
				}
			}
		},
		"animation.electrode.blink": {
			"animation_length": 0.16667,
			"bones": {
				"eyelid_right": {
					"position": {
						"0.0": [0, 0, -0.1],
						"0.125": [0, 0, -0.1],
						"0.1667": [0, 0, 0]
					}
				},
				"eyelid_left": {
					"position": {
						"0.0": [0, 0, -0.1],
						"0.125": [0, 0, -0.1],
						"0.1667": [0, 0, 0]
					}
				}
			}
		}
	}
}