{
	"format_version": "1.8.0",
	"animations": {
		"animation.poliwhirl.ground_idle": {
			"loop": true,
			"bones": {
				"body": {
					"position": [0, "0 - (0/15) + math.abs(math.sin(((query.anim_time) - (1/2)) * 90 * 2) * (0/15))", 0]
				},
				"head": {
					"rotation": ["0 - (0 * 1.5)", "math.sin(((query.anim_time) - (0.5/2)) * 90 * 2) * (2 * 1.5)", 0],
					"position": [0, 0, "0 - (0 / 10)"]
				},
				"arm_left": {
					"rotation": [0, "0 - math.sin(((query.anim_time) - (0.5/2)) * 90 * 2) * 8", 45]
				},
				"arm_right": {
					"rotation": [0, "0 - math.sin(((query.anim_time) - (0.5/2)) * 90 * 2) * 8", -45]
				},
				"torso2": {
					"rotation": [0, "0 - math.sin(((query.anim_time) - (0.5/2)) * 90 * 2) * 2", 0]
				},
				"leg_left": {
					"rotation": [
						"0 -math.sin((query.anim_time) * 90 * 2) * 0",
						0,
						"0 - 0 + (math.clamp((math.sin(((query.anim_time - (1.75 / 2))) * 180 * 2) * 1) - math.clamp((math.sin(((query.anim_time - (1.75 / 2))) * 90 * 2) * 2), 0, 1), 0, 1)) * 0"
					],
					"position": [0, "math.clamp(math.sin(((query.anim_time) + (1/2)) * 90 * 2) * 0, 0, 0)", 0]
				},
				"leg_left2": {
					"rotation": ["0 - math.clamp(math.sin(((query.anim_time) - (0.75/2)) * 90 * 2) * 0, -0, 0)", 0, 0]
				},
				"leg_right": {
					"rotation": [
						"math.sin((query.anim_time) * 90 * 2) * 0",
						0,
						"0 - (math.clamp((math.sin(((query.anim_time + (0.25 / 2))) * 180 * 2) * 1) - math.clamp((math.sin(((query.anim_time + (0.25 / 2))) * 90 * 2) * 2), 0, 1), 0, 1)) * 0"
					],
					"position": [0, "math.clamp(math.sin(((query.anim_time) - (1/2)) * 90 * 2) * 0, 0, 0)", 0]
				},
				"leg_right2": {
					"rotation": ["math.clamp(math.sin(((query.anim_time) - (0.75/2)) * 90 * 2) * 0, 0, 0)", 0, 0]
				},
				"foot_left": {
					"rotation": ["0 - math.clamp(math.sin(((query.anim_time) - (0.75/2)) * 90 * 2) * v.foot, -v.foot, 0)", 0, 0]
				},
				"foot_right": {
					"rotation": ["math.clamp(math.sin(((query.anim_time) - (0.75/2)) * 90 * 2) * v.foot, 0, v.foot)", 0, 0]
				},
				"hand_right": {
					"rotation": [0, -15, 0]
				},
				"hand_left": {
					"rotation": [0, 15, 0]
				},
				"fingers_right2": {
					"rotation": [0, 0, -60]
				},
				"fingers_left2": {
					"rotation": [0, 0, 60]
				},
				"torso": {
					"rotation": [0, "0 - math.sin(((query.anim_time) - (0.25/2)) * 90 * 2) * 2", 0]
				},
				"arm_right2": {
					"rotation": [0, "-5 - math.sin(((query.anim_time) - (0.5/2)) * 90 * 2) * 2", 0]
				},
				"arm_left2": {
					"rotation": [0, "5 - math.sin(((query.anim_time) - (0.5/2)) * 90 * 2) * 2", 0]
				}
			}
		},
		"animation.poliwhirl.ground_walk": {
			"loop": true,
			"bones": {
				"body": {
					"position": [0, "0 - (7/15) + math.abs(math.sin(((query.anim_time) - (1/3)) * 90 * 3) * (7/15))", 0]
				},
				"head": {
					"rotation": ["0 - (0 * 1.5)", "math.sin(((query.anim_time) - (0.5/3)) * 90 * 3) * (3 * 1.5)", 0],
					"position": [0, 0, "0 - (0 / 10)"]
				},
				"arm_left": {
					"rotation": [0, "0 - math.sin(((query.anim_time) - (0.5/3)) * 90 * 3) * 8", 45]
				},
				"arm_right": {
					"rotation": [0, "0 - math.sin(((query.anim_time) - (0.5/3)) * 90 * 3) * 8", -45]
				},
				"torso2": {
					"rotation": [0, "0 - math.sin(((query.anim_time) - (0.5/3)) * 90 * 3) * 3", 0]
				},
				"leg_left": {
					"rotation": [
						"0 -math.sin((query.anim_time) * 90 * 3) * 7",
						0,
						"0 - 0 + (math.clamp((math.sin(((query.anim_time - (1.75 / 3))) * 180 * 3) * 1) - math.clamp((math.sin(((query.anim_time - (1.75 / 3))) * 90 * 3) * 2), 0, 1), 0, 1)) * 0"
					],
					"position": [0, "math.clamp(math.sin(((query.anim_time) + (1/3)) * 90 * 3) * 1.5, 0, 1.5)", 0]
				},
				"leg_left2": {
					"rotation": ["0 - math.clamp(math.sin(((query.anim_time) - (0.75/3)) * 90 * 3) * 0, -0, 0)", 0, 0]
				},
				"leg_right": {
					"rotation": [
						"math.sin((query.anim_time) * 90 * 3) * 7",
						0,
						"0 - (math.clamp((math.sin(((query.anim_time + (0.25 / 3))) * 180 * 3) * 1) - math.clamp((math.sin(((query.anim_time + (0.25 / 3))) * 90 * 3) * 2), 0, 1), 0, 1)) * 0"
					],
					"position": [0, "math.clamp(math.sin(((query.anim_time) - (1/3)) * 90 * 3) * 1.5, 0, 1.5)", 0]
				},
				"leg_right2": {
					"rotation": ["math.clamp(math.sin(((query.anim_time) - (0.75/3)) * 90 * 3) * 0, 0, 0)", 0, 0]
				},
				"foot_left": {
					"rotation": ["0 - math.clamp(math.sin(((query.anim_time) - (0.75/3)) * 90 * 3) * v.foot, -v.foot, 0)", 0, 0]
				},
				"foot_right": {
					"rotation": ["math.clamp(math.sin(((query.anim_time) - (0.75/3)) * 90 * 3) * v.foot, 0, v.foot)", 0, 0]
				},
				"hand_right": {
					"rotation": [0, -15, 0]
				},
				"fingers_right2": {
					"rotation": [0, 0, -60]
				},
				"hand_left": {
					"rotation": [0, 15, 0]
				},
				"fingers_left2": {
					"rotation": [0, 0, 60]
				},
				"torso": {
					"rotation": [0, "0 - math.sin(((query.anim_time) - (0.25/3)) * 90 * 3) * 3", 0]
				},
				"arm_right2": {
					"rotation": [0, "-10 - math.clamp(math.sin(((query.anim_time) - (0.75/3)) * 90 * 3) * 8, 0, 8)", 0]
				},
				"arm_left2": {
					"rotation": [0, "10+math.clamp(math.sin(((query.anim_time) + (0.75/3)) * 90 * 3) * 8, 0, 8)", 0]
				}
			}
		},
		"animation.poliwhirl.water_idle": {
			"loop": true,
			"bones": {
				"arm_right": {
					"rotation": [0, 0, -30]
				},
				"hand_right": {
					"rotation": [0, -15, 0]
				},
				"fingers_right2": {
					"rotation": [0, 0, -15]
				},
				"arm_left": {
					"rotation": [0, 0, 30]
				},
				"hand_left": {
					"rotation": [0, 15, 0]
				},
				"fingers_left2": {
					"rotation": [0, 0, 15]
				},
				"body": {
					"rotation": [15, 0, 0]
				},
				"thumb_right": {
					"rotation": [0, -30, 0]
				},
				"thumb_left": {
					"rotation": [0, 30, 0]
				},
				"leg_right": {
					"rotation": [15, 0, 0]
				},
				"leg_left": {
					"rotation": [15, 0, 0]
				},
				"foot_right1": {
					"rotation": [15, 0, 0]
				},
				"foot_left1": {
					"rotation": [15, 0, 0]
				},
				"arm_right2": {
					"rotation": [0, -10, 0]
				},
				"arm_left2": {
					"rotation": [0, 10, 0]
				}
			}
		},
		"animation.poliwhirl.water_swim": {
			"loop": true,
			"bones": {
				"arm_right": {
					"rotation": [10, 15, -55]
				},
				"hand_right": {
					"rotation": [0, -10, 0]
				},
				"fingers_right2": {
					"rotation": [0, 0, -60]
				},
				"arm_left": {
					"rotation": [10, -15, 55]
				},
				"hand_left": {
					"rotation": [0, 10, 0]
				},
				"fingers_left2": {
					"rotation": [0, 0, 60]
				},
				"body": {
					"rotation": [45, 0, 0]
				},
				"leg_right": {
					"rotation": [15, 0, 0]
				},
				"leg_left": {
					"rotation": [15, 0, 0]
				},
				"foot_right1": {
					"rotation": [15, 0, 0]
				},
				"foot_left1": {
					"rotation": [15, 0, 0]
				},
				"arm_right2": {
					"rotation": [0, -5, 0]
				},
				"arm_left2": {
					"rotation": [0, 5, 0]
				}
			}
		},
		"animation.poliwhirl.blink": {
			"animation_length": 0.1667,
			"bones": {
				"eyelid_right": {
					"position": {
						"0.0": [0, 0, -0.1],
						"0.125": [0, 0, -0.1],
						"0.1667": [0, 0, 0]
					}
				},
				"eyelid_left": {
					"position": {
						"0.0": [0, 0, -0.1],
						"0.125": [0, 0, -0.1],
						"0.1667": [0, 0, 0]
					}
				}
			}
		},
		"animation.poliwhirl.sleep": {
			"loop": true,
			"bones": {
				"body": {
					"rotation": [-10, 0, 0],
					"position": [0, -3.25, 0]
				},
				"torso_left2": {
					"rotation": [7.47178, 0.65182, -4.95744]
				},
				"arm_right": {
					"rotation": [13.75564, 5.22409, -55.66144],
					"position": [0, -0.75, 0.5]
				},
				"hand_right": {
					"rotation": [-8.73179, -11.8478, -10.5242]
				},
				"fingers_right2": {
					"rotation": [0, 0, -70]
				},
				"thumb_right": {
					"rotation": [7.57131, -0.0245, -30.66497]
				},
				"arm_left": {
					"rotation": [25.26098, -5.37022, 58.3819],
					"position": [0, -0.75, 0.5]
				},
				"hand_left": {
					"rotation": [0, 10, 0]
				},
				"fingers_left2": {
					"rotation": [0, 0, 70]
				},
				"thumb_left": {
					"rotation": [19.37006, 5.07855, 38.36728]
				},
				"leg_right": {
					"rotation": [-88.9318, 19.12058, -46.17498],
					"position": [-0.75, 0.5, -0.5]
				},
				"foot_right1": {
					"rotation": [27.52235, 2.21738, 1.15495]
				},
				"foot_right2": {
					"rotation": [17.5, 0, 0]
				},
				"leg_left": {
					"rotation": [-96.40152, -29.25157, 30.94464],
					"position": [-0.25, 0.5, -0.5]
				},
				"foot_left1": {
					"rotation": [52.60545, -3.04137, -3.9705]
				},
				"foot_left2": {
					"rotation": [17.5, 0, 0]
				},
				"eyelid_right": {
					"position": [0, 0, -0.1]
				},
				"eyelid_left": {
					"position": [0, 0, -0.1]
				},
				"arm_right2": {
					"rotation": [0, -5, 0]
				},
				"arm_left2": {
					"rotation": [0, 5, 0]
				}
			}
		}
	},
	"geckolib_format_version": 2
}