{
	"format_version": "1.8.0",
	"animations": {
		"animation.riolu.ground_idle": {
			"loop": true,
			"bones": {
				"tail": {
					"rotation": [20, 0, 0]
				},
				"dread_left": {
					"rotation": [0, 0, 45]
				},
				"arm_left": {
					"rotation": [0, -15, 50]
				},
				"dread_left2": {
					"rotation": [0, 0, 5]
				},
				"dread_right": {
					"rotation": [0, 0, -45]
				},
				"dread_right2": {
					"rotation": [0, 0, -5]
				},
				"leg_left": {
					"rotation": [0, -5, 0]
				},
				"leg_left2": {
					"rotation": [0, 0, -5]
				},
				"foot_left": {
					"rotation": [0, 0, 5]
				},
				"leg_right": {
					"rotation": [0, 5, 0]
				},
				"leg_right2": {
					"rotation": [0, 0, 5]
				},
				"foot_right": {
					"rotation": [0, 0, -5]
				},
				"arm_left2": {
					"rotation": [0, 30, 0]
				},
				"hand_left": {
					"rotation": [0, 0, 7.5]
				},
				"arm_right": {
					"rotation": [0, 15, -50]
				},
				"arm_right2": {
					"rotation": [0, -37.5, 0]
				},
				"hand_right": {
					"rotation": [0, 0, -15]
				},
				"tail2": {
					"rotation": [12.5, 0, 0]
				},
				"head": {
					"rotation": [5, 0, 0]
				}
			}
		},
		"animation.riolu.blink": {
			"animation_length": 0.16667,
			"bones": {
				"eyelid_left": {
					"position": {
						"0.0": [0.1, 0, -0.1],
						"0.125": [0.1, 0, -0.1],
						"0.1667": [0, 0, 0]
					}
				},
				"eyelid_right": {
					"position": {
						"0.0": [-0.1, 0, -0.1],
						"0.125": [-0.1, 0, -0.1],
						"0.1667": [0, 0, 0]
					}
				}
			}
		},
		"animation.riolu.cute": {
			"loop": true,
			"bones": {
				"jaw": {
					"rotation": [95, 0, 0]
				},
				"eyelid_cute_left": {
					"position": [0.1, 0, -0.1]
				},
				"eyelid_cute_right": {
					"position": [-0.1, 0, -0.1]
				}
			}
		},
		"animation.riolu.cry": {
			"animation_length": 0.83333,
			"bones": {
				"head": {
					"rotation": {
						"0.0": [0, 0, 0],
						"0.0833": {
							"pre": [5.72, 0, 0],
							"post": [5.72, 0, 0],
							"lerp_mode": "catmullrom"
						},
						"0.2083": {
							"post": [1.72, 0, 0],
							"lerp_mode": "catmullrom"
						},
						"0.2917": {
							"post": [-7.5, 0, 0],
							"lerp_mode": "catmullrom"
						},
						"0.375": {
							"post": [-5, 0, 0],
							"lerp_mode": "catmullrom"
						},
						"0.4583": [0, 0, 0]
					}
				},
				"jaw": {
					"rotation": {
						"0.0": [0, 0, 0],
						"0.0833": {
							"pre": [45, 0, 0],
							"post": [45, 0, 0],
							"lerp_mode": "catmullrom"
						},
						"0.2083": {
							"post": [40, 0, 0],
							"lerp_mode": "catmullrom"
						},
						"0.2917": {
							"post": [67.5, 0, 0],
							"lerp_mode": "catmullrom"
						},
						"0.375": {
							"post": [42.5, 0, 0],
							"lerp_mode": "catmullrom"
						},
						"0.4583": [0, 0, 0]
					}
				},
				"dread_left": {
					"rotation": {
						"0.0": [0, 0, 0],
						"0.25": {
							"pre": [0, 0, 0],
							"post": [0, 0, 0],
							"lerp_mode": "catmullrom"
						},
						"0.3333": {
							"post": [0, 0, -10],
							"lerp_mode": "catmullrom"
						},
						"0.4583": {
							"post": [0, 0, -10],
							"lerp_mode": "catmullrom"
						},
						"0.5833": {
							"post": [0, 0, 0],
							"lerp_mode": "catmullrom"
						},
						"0.6667": [0, 0, 0]
					}
				},
				"dread_left2": {
					"rotation": {
						"0.0": [0, 0, 2],
						"0.25": {
							"pre": [0, 0, 1],
							"post": [0, 0, 1],
							"lerp_mode": "catmullrom"
						},
						"0.3333": {
							"post": [0, 0, -1],
							"lerp_mode": "catmullrom"
						},
						"0.4583": {
							"post": [0, 0, 0],
							"lerp_mode": "catmullrom"
						},
						"0.5833": {
							"post": [0, 0, 2],
							"lerp_mode": "catmullrom"
						},
						"0.7917": [0, 0, 2]
					}
				},
				"dread_right": {
					"rotation": {
						"0.0": [0, 0, 0],
						"0.25": {
							"pre": [0, 0, 0],
							"post": [0, 0, 0],
							"lerp_mode": "catmullrom"
						},
						"0.3333": {
							"post": [0, 0, 10],
							"lerp_mode": "catmullrom"
						},
						"0.4583": {
							"post": [0, 0, 10],
							"lerp_mode": "catmullrom"
						},
						"0.5833": {
							"post": [0, 0, 0],
							"lerp_mode": "catmullrom"
						},
						"0.6667": [0, 0, 0]
					}
				},
				"dread_right2": {
					"rotation": {
						"0.0": [0, 0, -2],
						"0.25": {
							"pre": [0, 0, -1],
							"post": [0, 0, -1],
							"lerp_mode": "catmullrom"
						},
						"0.3333": {
							"post": [0, 0, 1],
							"lerp_mode": "catmullrom"
						},
						"0.4583": {
							"post": [0, 0, 0],
							"lerp_mode": "catmullrom"
						},
						"0.5833": {
							"post": [0, 0, -2],
							"lerp_mode": "catmullrom"
						},
						"0.7917": [0, 0, -2]
					}
				},
				"leg_left": {
					"rotation": [0, 0, 0]
				}
			},
			"sound_effects": {
				"0.0417": {
					"effect": "pokemon.riolu.cry"
				}
			}
		}
	}
}