{
	"format_version": "1.8.0",
	"animations": {
		"animation.shiftry.idle": {
			"loop": true,
			"bones": {
				"arm_left": {
					"rotation": [0, 0, 40]
				},
				"arm_right": {
					"rotation": [0, 0, -40]
				},
				"leg_left": {
					"rotation": [0, -15, 0]
				},
				"leg_right": {
					"rotation": [0, 15, 0]
				}
			}
		},
		"animation.shiftry.blink": {
			"animation_length": 0.16667,
			"bones": {
				"eyelid_left": {
					"position": {
						"0.0": [0.1, 0, -0.1],
						"0.125": [0.1, 0, -0.1],
						"0.1667": [0, 0, 0]
					}
				},
				"eyelid_right": {
					"position": {
						"0.0": [-0.1, 0, -0.1],
						"0.125": [-0.1, 0, -0.1],
						"0.1667": [0, 0, 0]
					}
				}
			}
		},
		"animation.shiftry.call": {
			"animation_length": 1.5,
			"bones": {
				"head": {
					"rotation": {
						"0.0": [0, 0, 0],
						"0.25": [0, 0, 0],
						"1.25": [0, 0, 0],
						"1.5": [0, 0, 0]
					}
				},
				"teeth2": {
					"position": {
						"0.0": [0, 0, 0],
						"0.25": [0, -1, 0],
						"1.25": [0, -1, 0],
						"1.5": [0, 0, 0]
					}
				}
			}
		}
	}
}