{
	"format_version": "1.8.0",
	"animations": {
		"pose": {
			"loop": true,
			"bones": {
				"torso": {
					"rotation": [0, 0, -12.5]
				},
				"jaw": {
					"position": [0, 0, 0]
				},
				"arm_left": {
					"rotation": [-90, 0, 10]
				},
				"hand_left": {
					"rotation": [0, 65, 0]
				},
				"finger_left": {
					"rotation": [0, 0, 65]
				},
				"finger_left2": {
					"rotation": [0, 0, 80]
				},
				"finger_left3": {
					"rotation": [0, 0, 52.5]
				},
				"finger_left4": {
					"rotation": [0, 0, 77.5]
				},
				"finger_left5": {
					"rotation": [0, 0, 60]
				},
				"finger_left6": {
					"rotation": [0, 0, 85]
				},
				"arm_right": {
					"rotation": [0, 0, -17.5]
				},
				"hand_right": {
					"rotation": [14.70516, -34.89321, -24.64445]
				},
				"finger_right": {
					"rotation": [0, 0, -30]
				},
				"finger_right2": {
					"rotation": [0, 0, -82.5]
				},
				"finger_right3": {
					"rotation": [0, 0, -20]
				},
				"finger_right4": {
					"rotation": [0, 0, -80]
				},
				"finger_right5": {
					"rotation": [0, 0, -30]
				},
				"finger_right6": {
					"rotation": [0, 0, -77.5]
				},
				"foot_left": {
					"rotation": [-5.63304, -27.38656, 2.59775]
				},
				"leg_left2": {
					"rotation": [15, 0, 0]
				},
				"leg_left": {
					"rotation": [-25.15933, -21.2842, -37.69778]
				},
				"mouth_cover": {
					"position": [0, 0, 0]
				}
			}
		},
		"animation.loudred.idle": {
			"loop": "hold_on_last_frame",
			"bones": {
				"jaw": {
					"position": [0, 0, 0]
				},
				"mouth_cover": {
					"position": [0, 0, 0]
				},
				"arm_left": {
					"rotation": [0, 30, 40]
				},
				"hand_left": {
					"rotation": [9.42961, 36.46498, 15.61249]
				},
				"finger_left": {
					"rotation": [0, 10, 22.5]
				},
				"finger_left2": {
					"rotation": [0, 0, 22.5]
				},
				"finger_left3": {
					"rotation": [0, 0, 10]
				},
				"finger_left4": {
					"rotation": [0, 0, 20]
				},
				"finger_left5": {
					"rotation": [0, 0, 22.5]
				},
				"finger_left6": {
					"rotation": [0, 0, 15]
				},
				"arm_right": {
					"rotation": [0, -30, -40]
				},
				"hand_right": {
					"rotation": [9.4296, -36.465, -15.6125]
				},
				"finger_right": {
					"rotation": [0, -10, -22.5]
				},
				"finger_right2": {
					"rotation": [0, 0, -22.5]
				},
				"finger_right3": {
					"rotation": [0, 0, -10]
				},
				"finger_right4": {
					"rotation": [0, 0, -20]
				},
				"finger_right5": {
					"rotation": [0, 0, -22.5]
				},
				"finger_right6": {
					"rotation": [0, 0, -22.5]
				}
			}
		}
	},
	"geckolib_format_version": 2
}