{
	"format_version": "1.8.0",
	"animations": {
		"animation.emboar.ground_idle": {
			"loop": true,
			"bones": {
				"tail": {
					"rotation": [12.5, "Math.cos((query.anim_time+0.6) * 90 * 1) * 20", 0]
				},
				"tail2": {
					"rotation": [27.5, "Math.cos((query.anim_time+0.3) * 90 * 1) * 10", 0]
				},
				"arm_right": {
					"rotation": [0, "(Math.cos((query.anim_time-0.4) * 90 * 1) * -15)", -42.5]
				},
				"arm_right2": {
					"rotation": [0, "-32.5+Math.cos((query.anim_time-0.8) * 90 * 1) * -5", 0]
				},
				"finger_right": {
					"rotation": [0, 0, -25]
				},
				"finger_right2": {
					"rotation": [0, 0, -25]
				},
				"arm_left": {
					"rotation": [0, "Math.cos((query.anim_time-0.4) * 90 * 1) * -15", 42.5]
				},
				"arm_left2": {
					"rotation": [0, "32.5+Math.cos((query.anim_time-0.8) * 90 * 1) * -5", 0]
				},
				"finger_left": {
					"rotation": [0, 0, 25]
				},
				"finger_left2": {
					"rotation": [0, 0, 25]
				},
				"tail3": {
					"rotation": [25, "Math.cos((query.anim_time) * 90 * 1) * 10", 0]
				},
				"claw_left3": {
					"rotation": [0, 0, 20]
				},
				"claw_left2": {
					"rotation": [0, 0, 12.5]
				},
				"claw_left": {
					"rotation": [0, 0, 20]
				},
				"claw_right3": {
					"rotation": [0, 0, -20]
				},
				"claw_right2": {
					"rotation": [0, 0, -12.5]
				},
				"claw_right": {
					"rotation": [0, 0, -20]
				},
				"torso": {
					"rotation": ["3+Math.cos((query.anim_time) * 90 * 0.5) * 3", "-15+Math.cos((query.anim_time) * 90 * 1) * -7", 0],
					"position": [0, "Math.cos((query.anim_time) * 90 * 2) * 0.3", 0]
				},
				"head": {
					"rotation": [0, "15+Math.cos((query.anim_time+0.8) * 90 * 1) * 7", 0]
				},
				"fire_right": {
					"rotation": [0, 0, "Math.cos((query.anim_time) * 90 * 8) * 2"]
				},
				"fire_left": {
					"rotation": [0, 0, "Math.cos((query.anim_time-0.2) * 90 * 8) * 2"]
				},
				"fire_right3": {
					"rotation": ["Math.cos((query.anim_time-0.2) * 90 * 8) * 2", 0, 0]
				},
				"fire_left3": {
					"rotation": ["Math.cos((query.anim_time) * 90 * 8) * 2", 0, 0]
				},
				"leg_left": {
					"rotation": [0, -27.5, 0]
				},
				"leg_right": {
					"rotation": [0, 12.5, 0]
				}
			}
		},
		"animation.emboar.ground_walk": {
			"loop": true,
			"animation_length": 2,
			"bones": {
				"body": {
					"position": [0, "-0.75+Math.cos((query.anim_time-0.1) * 90 * 4) * -0.5", 0]
				},
				"torso": {
					"rotation": ["Math.cos((query.anim_time+0.1) * 90 * 4) * 2", 0, "Math.cos((query.anim_time+0.1) * 90 * 2) * 5"],
					"position": [0, "Math.cos((query.anim_time+0.1) * 90 * 4) * -1", 0]
				},
				"tail": {
					"rotation": [25, "Math.cos((query.anim_time-0.2) * 90 * 2) * 15", 0]
				},
				"tail2": {
					"rotation": [27.5, "Math.cos((query.anim_time-0.4) * 90 * 2) * 10", 0]
				},
				"tail3": {
					"rotation": [15, "Math.cos((query.anim_time-0.6) * 90 * 2) * 10", 0]
				},
				"head": {
					"rotation": ["Math.cos((query.anim_time-0.2) * 90 * 4) * 5", 0, "Math.cos((query.anim_time-0.2) * 90 * 2) * 5"]
				},
				"arm_left": {
					"rotation": [0, "Math.cos((query.anim_time-1) * 90 * 2) * 20", 35]
				},
				"arm_left2": {
					"rotation": [0, "27.5+Math.cos((query.anim_time-1.4) * 90 * 2) * 20", 0]
				},
				"claw_left3": {
					"rotation": [0, 0, 15]
				},
				"claw_left2": {
					"rotation": [0, 0, 17.5]
				},
				"claw_left": {
					"rotation": [0, 0, 22.5]
				},
				"arm_right": {
					"rotation": [0, "(Math.cos((query.anim_time-1) * 90 * 2) * 20)", -35]
				},
				"arm_right2": {
					"rotation": [0, "-27.5+Math.cos((query.anim_time-1.4) * 90 * 2) * 20", 0]
				},
				"claw_right3": {
					"rotation": [0, 0, -15]
				},
				"claw_right2": {
					"rotation": [0, 0, -17.5]
				},
				"claw_right": {
					"rotation": [0, 0, -22.5]
				},
				"fire_right": {
					"rotation": [0, 0, "Math.cos((query.anim_time) * 90 * 8) * 2"]
				},
				"fire_left": {
					"rotation": [0, 0, "Math.cos((query.anim_time-0.2) * 90 * 8) * 2"]
				},
				"fire_right3": {
					"rotation": ["Math.cos((query.anim_time-0.2) * 90 * 8) * 2", 0, 0]
				},
				"fire_left3": {
					"rotation": ["Math.cos((query.anim_time) * 90 * 8) * 2", 0, 0]
				},
				"leg_left": {
					"rotation": {
						"0.0": [-50, 0, 0],
						"0.25": [-25, 0, 0],
						"0.5": [0, 0, 0],
						"0.75": [57.5, 0, 0],
						"1.0": [67.5, 0, 0],
						"1.25": [57.5, 0, 0],
						"1.5": [2.5, 0, 0],
						"1.75": [-30, 0, 0],
						"2.0": [-50, 0, 0]
					},
					"position": {
						"0.0": [0, 0, 0],
						"1.0": [0, 0, 0],
						"1.5": [0, 1, 0],
						"2.0": [0, 0, 0]
					}
				},
				"leg_left2": {
					"rotation": {
						"0.0": [30, 0, 0],
						"0.25": [20, 0, 0],
						"0.5": [0, 0, 0],
						"0.75": [17.5, 0, 0],
						"1.0": [20, 0, 0],
						"1.25": [32.5, 0, 0],
						"1.5": [45, 0, 0],
						"1.75": [21, 0, 0],
						"2.0": [30, 0, 0]
					}
				},
				"leg_right": {
					"rotation": {
						"0.0": [67.5, 0, 0],
						"0.25": [57.5, 0, 0],
						"0.5": [2.5, 0, 0],
						"0.75": [-30, 0, 0],
						"1.0": [-50, 0, 0],
						"1.25": [-25, 0, 0],
						"1.5": [0, 0, 0],
						"1.75": [57.5, 0, 0],
						"2.0": [67.5, 0, 0]
					},
					"position": {
						"0.0": [0, 0, 0],
						"0.5": [0, 1, 0],
						"1.0": [0, 0, 0],
						"2.0": [0, 0, 0]
					}
				},
				"leg_right2": {
					"rotation": {
						"0.0": [20, 0, 0],
						"0.25": [32.5, 0, 0],
						"0.5": [45, 0, 0],
						"0.75": [21, 0, 0],
						"1.0": [30, 0, 0],
						"1.25": [20, 0, 0],
						"1.5": [0, 0, 0],
						"1.75": [17.5, 0, 0],
						"2.0": [20, 0, 0]
					}
				}
			}
		},
		"animation.emboar.ground_run": {
			"loop": true,
			"animation_length": 1.25,
			"bones": {
				"body": {
					"position": {
						"0.0": [0, 1.5, -0.5],
						"0.0833": [0, 1.3, -0.35],
						"0.1667": [0, 0.37, -0.12],
						"0.2917": [0, 0, 0],
						"0.4167": [0, 0.37, -0.12],
						"0.5417": [0, 1.3, -0.35],
						"0.625": [0, 1.5, -0.5],
						"0.7083": [0, 1.3, -0.35],
						"0.8333": [0, 0.37, -0.12],
						"0.9583": [0, 0, 0],
						"1.0833": [0, 0.37, -0.12],
						"1.1667": [0, 1.3, -0.35],
						"1.25": [0, 1.5, -0.5]
					}
				},
				"torso": {
					"rotation": ["15+Math.cos((query.anim_time-0.8) * 90 * 6.4) * 5", "Math.cos((query.anim_time-0.7) * 90 * 6.4 * 0.5) * 10", 0],
					"position": [0, "Math.cos((query.anim_time+0.4) * 90 * 6.4) * -0.4", 0]
				},
				"tail": {
					"rotation": ["17.5+Math.cos((query.anim_time-0.1) * 90 * 6.4) * 10", "0+Math.cos((query.anim_time+0.2) * 90 * 6.4 * 0.5) * 10", 0]
				},
				"tail2": {
					"rotation": ["Math.cos((query.anim_time-0.3) * 90 * 6.4) * 20", "Math.cos((query.anim_time) * 90 * 6.4 * 0.5) * 10", 0]
				},
				"tail3": {
					"rotation": [7.5, "Math.cos((query.anim_time-0.2) * 90 * 6.4 * 0.5) * 10", 0]
				},
				"head": {
					"rotation": ["-7.5+Math.cos((query.anim_time-0.4) * 90 * 6.4) * 8", "Math.cos((query.anim_time) * 90 * 6.4 * 0.5) * 6", 0]
				},
				"arm_left": {
					"rotation": [-7.63097, "1.8698+Math.cos((query.anim_time-0.5) * 90 * 6.4 * 0.5) * 20", 18.45935]
				},
				"arm_left2": {
					"rotation": [2.81207, "24.1855+Math.cos((query.anim_time-0.9) * 90 * 6.4 * 0.5) * 20", 8.00703]
				},
				"claw_left3": {
					"rotation": [0, 0, 12.5]
				},
				"claw_left2": {
					"rotation": [0, 0, 15]
				},
				"claw_left": {
					"rotation": [0, 0, 17.5]
				},
				"arm_right": {
					"rotation": [-7.63097, "-1.8698+Math.cos((query.anim_time-0.5) * 90 * 6.4 * 0.5) * 20", -18.45935]
				},
				"arm_right2": {
					"rotation": [2.81207, "-24.1855+Math.cos((query.anim_time-0.9) * 90 * 6.4 * 0.5) * 20", -8.00703]
				},
				"claw_right3": {
					"rotation": [0, 0, -12.5]
				},
				"claw_right2": {
					"rotation": [0, 0, -15]
				},
				"claw_right": {
					"rotation": [0, 0, -17.5]
				},
				"fire_right": {
					"rotation": [0, 0, "Math.cos((query.anim_time) * 90 * 6.4*2) * 2"]
				},
				"fire_left": {
					"rotation": [0, 0, "Math.cos((query.anim_time-0.2) * 90 * 6.4*2) * 2"]
				},
				"fire_right3": {
					"rotation": ["Math.cos((query.anim_time) * 90 * 6.4*2) * 2", 0, 0]
				},
				"fire_left3": {
					"rotation": ["Math.cos((query.anim_time) * 90 * 6.4*2) * 2", 0, 0]
				},
				"leg_left": {
					"rotation": {
						"0.0": [-62.5, 0, 0],
						"0.25": [-51.25, 0, 0],
						"0.5": [10, 0, 0],
						"0.625": [48.25, 0, 0],
						"0.75": [62.5, 0, 0],
						"0.875": [48.75, 0, 0],
						"1.0": [15, 0, 0],
						"1.125": [-46.25, 0, 0],
						"1.25": [-62.5, 0, 0]
					},
					"position": {
						"0.25": [0, 0, 0],
						"0.5": [0, -1, 0],
						"0.75": [0, 0, 0],
						"1.0": [0, 1, 0],
						"1.25": [0, 0, 0]
					}
				},
				"leg_left2": {
					"rotation": {
						"0.0": [12.5, 0, 0],
						"0.25": [10, 0, 0],
						"0.5": [-7.5, 0, 0],
						"0.75": [17.5, 0, 0],
						"1.0": [60, 0, 0],
						"1.25": [12.5, 0, 0]
					}
				},
				"leg_right": {
					"rotation": {
						"0.0": [48.25, 0, 0],
						"0.125": [62.5, 0, 0],
						"0.25": [48.75, 0, 0],
						"0.375": [15, 0, 0],
						"0.5": [-46.25, 0, 0],
						"0.625": [-62.5, 0, 0],
						"0.875": [-51.25, 0, 0],
						"1.125": [10, 0, 0],
						"1.25": [48.25, 0, 0]
					},
					"position": {
						"0.0": [0, -0.5, 0],
						"0.125": [0, 0, 0],
						"0.375": [0, 1, 0],
						"0.625": [0, 0, 0],
						"0.875": [0, 0, 0],
						"1.125": [0, -1, 0],
						"1.25": [0, -0.5, 0]
					}
				},
				"leg_right2": {
					"rotation": {
						"0.0": [5, 0, 0],
						"0.125": [17.5, 0, 0],
						"0.375": [60, 0, 0],
						"0.625": [12.5, 0, 0],
						"0.875": [10, 0, 0],
						"1.125": [-7.5, 0, 0],
						"1.25": [5, 0, 0]
					}
				}
			}
		},
		"animation.emboar.blink": {
			"animation_length": 0.16667,
			"bones": {
				"eyelid_right": {
					"position": {
						"0.0": [-0.1, 0, -0.1],
						"0.125": [-0.1, 0, -0.1],
						"0.1667": [0, 0, 0]
					}
				},
				"eyelid_left": {
					"position": {
						"0.0": [0.1, 0, -0.1],
						"0.125": [0.1, 0, -0.1],
						"0.1667": [0, 0, 0]
					}
				}
			}
		},
		"animation.emboar.faint": {
			"loop": true,
			"animation_length": 3,
			"bones": {
				"body": {
					"rotation": {
						"0.0": [0, 0, 0],
						"0.9583": [0, 0, 0],
						"1.2083": [5.5, 0, 0],
						"1.4167": [14.86, 0, 0],
						"1.5833": [32.43, 0, 0],
						"1.75": [95, 0, 0],
						"1.7917": [100, 0, 0],
						"1.875": [92.5, 0, 0]
					},
					"position": {
						"0.0": [0, 0, 0],
						"0.125": [0, 0, 1.25],
						"0.375": [0, 0, 3.67],
						"0.5": [0, 0, 4],
						"0.9583": [0, 0, 4],
						"1.1667": [0, 0.05, 0.92],
						"1.4167": [0, -0.38, -0.89],
						"1.5833": [0, -2.18, -3.91],
						"1.75": [0, -14, -15]
					}
				},
				"torso": {
					"rotation": {
						"0.0": [0, 0, 0],
						"0.1667": [11.21, 0, 0],
						"0.2917": [15, 0, 0],
						"0.375": [12.5, 0, 0],
						"0.5417": [0, 0, 0],
						"0.6667": [-4.5, 0, 0],
						"0.875": [-5.5, 0, 0],
						"1.0417": [-6.71369, 0.4006, 7.46928],
						"1.125": [-7.88, 1.38481, 9.90462],
						"1.375": [-10.41214, 1.363, 7.37581],
						"1.4583": [-13.47564, -0.03724, 4.76908],
						"1.5833": [-15.5, 0, 0],
						"1.75": [-5.5, 0, 0],
						"1.8333": [-13, 0, 0],
						"2.0": [-5.5, 0, 0]
					},
					"position": {
						"0.0": [0, 0, 0],
						"0.125": [0, -1, 0],
						"0.25": [0, -1.5, 0],
						"0.375": [0, -1, 0],
						"0.5": [0, 0, 0],
						"0.7083": [0, 0, 0],
						"0.7917": [0, -0.75, 0],
						"0.875": [0, -1, 0],
						"0.9583": [0, -0.75, 0],
						"1.0417": [0, 0, 0]
					}
				},
				"tail": {
					"rotation": {
						"0.0": [-12.5, 0, 0],
						"0.5833": [31.5667, -17.2294, -10.3141],
						"0.9583": [43.41295, -22.7642, -15.7032],
						"1.0833": [30.91295, -22.7642, -15.7032],
						"1.4167": [38.41295, -22.7642, -15.7032],
						"1.7083": [-11.58705, -22.7642, -15.7032],
						"1.75": [-69.08705, -22.7642, -15.7032],
						"1.875": [-54.08705, -22.7642, -15.7032],
						"2.125": [-71.58705, -22.7642, -15.7032]
					}
				},
				"tail2": {
					"rotation": {
						"0.0": [35, 0, 0],
						"0.5417": [-18.54835, 19.03771, -6.24605],
						"1.125": [-28.16392, 16.83759, -4.99808],
						"1.4583": [4.33608, 16.83759, -4.99808],
						"1.6667": [14.33608, 16.83759, -4.99808],
						"1.7917": [-41.89131, 11.3065, 0.22643],
						"1.875": [-24.39131, 11.3065, 0.22643],
						"2.0833": [-34.39131, 11.3065, 0.22643]
					}
				},
				"head": {
					"rotation": {
						"0.0": [0, 0, 0],
						"0.4167": [5, 0, 0],
						"0.625": [0, 0, 0],
						"0.75": [0, 0, 0],
						"1.1667": [-9.96271, -0.86717, -4.92442],
						"1.5": [-12.49057, 0.21369, -0.04249],
						"1.6667": [-34.99057, 0.21369, -0.04249],
						"1.75": [7.50943, 0.21369, -0.04249],
						"1.8333": [-9.99057, 0.21369, -0.04249],
						"1.9583": [5.00943, 0.21369, -0.04249]
					},
					"position": {
						"0.0": [0, 0, 0],
						"0.375": [0, -0.75, 0],
						"0.5833": [0, 0, 0],
						"0.75": [0, 0, 0],
						"0.9167": [0, -0.75, 0],
						"1.125": [0, 0, 0]
					}
				},
				"eye_left": {
					"position": [0, 0, 0]
				},
				"eyelid_left": {
					"position": {
						"0.0": [0.1, 0, -0.1],
						"0.9167": [0.1, 0, -0.1],
						"0.9583": [0.1, 0, 0],
						"1.5": [0.1, 0, 0],
						"1.5417": [0.1, 0, -0.1]
					}
				},
				"eyelid_right": {
					"position": {
						"0.0": [-0.1, 0, -0.1],
						"0.9167": [-0.1, 0, -0.1],
						"0.9583": [-0.1, 0, 0.15],
						"1.5": [-0.1, 0, 0.15],
						"1.5417": [-0.1, 0, -0.1]
					}
				},
				"arm_left": {
					"rotation": {
						"0.0": [0, 42.5, 35],
						"0.3333": [-13.96236, -5.57556, 25.82921],
						"0.5417": [-25.53463, -23.41984, 13.00338],
						"0.7083": [-35.4971, -26.96548, -5.38249],
						"0.7917": [-43.11535, -0.10656, -1.19655],
						"0.875": [-66.67486, 13.35135, 9.90789],
						"0.9583": [-100.16471, 24.37346, 32.44759],
						"1.1667": [-149.12431, 32.29507, 12.10487],
						"1.375": [-159.92716, 20.78549, 0.67424],
						"1.5": [-159.04497, 6.5839, -3.87674],
						"1.6667": [-160.62984, -14.65699, -11.79783],
						"1.75": [-157.65169, 32.44703, 5.72437],
						"1.7917": [-161.04203, 8.99784, -3.6391],
						"1.875": [-159.57828, 23.13107, 1.60703]
					}
				},
				"arm_left2": {
					"rotation": {
						"0.0": [0, 0, 0],
						"0.375": [0, 27.5, 0],
						"0.4583": [0, 22.83, 0],
						"0.5417": [0, 13.67, 0],
						"0.625": [0, -1.5, 0],
						"0.6667": [0, 0.66667, 8.05556],
						"0.7083": [0, 4.08333, 16.11111],
						"0.75": [0, 12.5, 33.16667],
						"1.0": [0, 0, 70.5],
						"1.125": [0, 0, 80],
						"1.25": [0, 0, 82.5]
					}
				},
				"claw_left3": {
					"rotation": [0, 0, 35]
				},
				"claw_left2": {
					"rotation": [0, 0, 22.5]
				},
				"claw_left": {
					"rotation": [0, 0, 27.5]
				},
				"arm_right": {
					"rotation": {
						"0.0": [0, -42.5, -35],
						"0.3333": [-13.96236, 5.57556, -25.82921],
						"0.5417": [-25.53463, 23.41984, -13.00338],
						"0.75": [-35.4971, 26.96548, 5.38249],
						"0.8333": [-43.11535, 0.10656, 1.19655],
						"0.9167": [-66.67486, -13.35135, -9.90789],
						"1.0": [-100.16471, -24.37346, -32.44759],
						"1.2083": [-149.12431, -32.29507, -12.10487],
						"1.4167": [-157.01143, -34.754, -6.88107],
						"1.5417": [-155.84873, -29.73436, -6.14727],
						"1.7083": [-160.62984, 14.65699, 11.79783],
						"1.7917": [-157.65169, -32.44703, -5.72437],
						"1.8333": [-161.04203, -8.99784, 3.6391],
						"1.9167": [-159.57828, -23.13107, -1.60703]
					}
				},
				"arm_right2": {
					"rotation": {
						"0.0": [0, 0, 0],
						"0.375": [0, -27.5, 0],
						"0.4583": [0, -22.83, 0],
						"0.5417": [0, -13.67, 0],
						"0.625": [0, 1.5, 0],
						"0.7083": [0, -0.66667, -8.05556],
						"0.75": [0, -4.08333, -16.11111],
						"0.7917": [0, -12.5, -33.16667],
						"1.0417": [0, 0, -70.5],
						"1.1667": [0, 0, -80],
						"1.2917": [0, 0, -82.5]
					}
				},
				"claw_right3": {
					"rotation": [0, 0, -30]
				},
				"claw_right2": {
					"rotation": [0, 0, -22.5]
				},
				"claw_right": {
					"rotation": [0, 0, -32.5]
				},
				"leg_left": {
					"rotation": {
						"0.0": [0, 0, 0],
						"0.375": [-15, 0, 0],
						"0.5833": [0, 0, 0],
						"1.5417": [0, 0, 0],
						"1.6667": [30, 0, 0],
						"1.75": [-10, 0, 0],
						"1.8333": [17.5, 0, 0],
						"1.9583": [-2.5, 0, 0]
					}
				},
				"leg_right": {
					"rotation": {
						"0.875": [0, 0, 0],
						"1.125": [-20, 22.5, 0],
						"1.375": [-35, 22.5, 0],
						"1.5833": [0, 0, 0],
						"1.625": [0, 0, 0],
						"1.75": [30, 0, 0],
						"1.8333": [-10, 0, 0],
						"1.9167": [17.5, 0, 0],
						"2.0417": [-2.5, 0, 0]
					},
					"position": {
						"0.875": [0, 0, 0],
						"1.125": [0, 2, 0],
						"1.375": [0, 1.25, 0],
						"1.5833": [0, 0, 0]
					}
				}
			}
		},
		"animation.emboar.sleep": {
			"loop": true,
			"bones": {
				"body": {
					"position": [0, -8, 0]
				},
				"torso": {
					"rotation": ["-7.5+Math.sin((query.anim_time) * 90 * 1) * 2.5", 0, 0],
					"position": [0, 0, 1]
				},
				"tail": {
					"rotation": ["15.9153+Math.sin((query.anim_time) * 90 * 1) * -5", 19.291, 5.38152]
				},
				"tail2": {
					"rotation": [-11.77896, -38.3808, 12.25294]
				},
				"tail3": {
					"rotation": [0, -30, 0]
				},
				"head": {
					"rotation": ["19.9825+Math.sin((query.anim_time-0.5) * 90 * 1) * 5", -0.85481, 2.34941]
				},
				"eyelid_left": {
					"position": [0.1, 0, -0.1]
				},
				"eyelid_right": {
					"position": [-0.1, 0, -0.1]
				},
				"arm_left": {
					"rotation": [-27.58049, "-11.8339+Math.sin((query.anim_time-2) * 90 * 1) * -5", 54.9021]
				},
				"arm_left2": {
					"rotation": [0, 7.5, -10]
				},
				"claw_left3": {
					"rotation": [0, 0, 32.5]
				},
				"claw_left2": {
					"rotation": [0, 0, 32.5]
				},
				"claw_left": {
					"rotation": [0, 0, 35]
				},
				"arm_right": {
					"rotation": [-27.58049, "11.8339+Math.sin((query.anim_time-2) * 90 * 1) * 5", -54.9021]
				},
				"arm_right2": {
					"rotation": [0, -7.5, 10]
				},
				"claw_right3": {
					"rotation": [0, 0, -32.5]
				},
				"claw_right2": {
					"rotation": [0, 0, -35]
				},
				"claw_right": {
					"rotation": [0, 0, -27.5]
				},
				"fire_right": {
					"rotation": [0, 0, "Math.sin((query.anim_time) * 90 * 2) * -5"]
				},
				"fire_left": {
					"rotation": [0, 0, "Math.sin((query.anim_time) * 90 * 2) * 5"]
				},
				"fire_right3": {
					"rotation": ["Math.sin((query.anim_time) * 90 * 2) * 5", 0, 0]
				},
				"fire_left3": {
					"rotation": ["Math.sin((query.anim_time) * 90 * 2) * 5", 0, 0]
				},
				"leg_left": {
					"rotation": [-103.8925, -50.96606, 18.86108],
					"position": [0, 3, -4]
				},
				"leg_left2": {
					"rotation": [15, 0, 0]
				},
				"leg_right": {
					"rotation": [-103.8925, 50.96606, -18.86108],
					"position": [0, 3, -4]
				},
				"leg_right2": {
					"rotation": [15, 0, 0]
				}
			}
		},
		"animation.emboar.cry": {
			"animation_length": 1.29167,
			"bones": {
				"head": {
					"rotation": {
						"0.0": {
							"post": [0, 0, 0],
							"lerp_mode": "catmullrom"
						},
						"0.125": {
							"post": [-5, 0, 0],
							"lerp_mode": "catmullrom"
						},
						"0.875": {
							"post": [-7.5, 0, 0],
							"lerp_mode": "catmullrom"
						},
						"1.2917": {
							"post": [0, 0, 0],
							"lerp_mode": "catmullrom"
						}
					}
				}
			},
			"sound_effects": {
				"0.0833": {
					"effect": "pokemon.emboar.cry"
				}
			}
		}
	}
}