{
	"format_version": "1.8.0",
	"animations": {
		"animation.stoutland.ground_idle": {
			"loop": true,
			"bones": {
				"moustache_left": {
					"rotation": [0, -2.5, 42.5]
				},
				"moustache_left2": {
					"rotation": [0, -12.5, 0]
				},
				"moustache_left3": {
					"rotation": [0, -40, 0]
				},
				"moustache_left4": {
					"rotation": [0, -22.5, 0]
				},
				"moustache_right": {
					"rotation": [0, 2.5, -42.5]
				},
				"moustache_right2": {
					"rotation": [0, 12.5, 0]
				},
				"moustache_right3": {
					"rotation": [0, 40, 0]
				},
				"moustache_right4": {
					"rotation": [0, 22.5, 0]
				},
				"moustache_right6": {
					"rotation": [0, 7.5, 0]
				},
				"neck": {
					"rotation": [5, 0, 0]
				},
				"head": {
					"rotation": [-7.5, 0, 0]
				}
			}
		},
		"animation.stoutland.blink": {
			"animation_length": 0.1667,
			"bones": {
				"eyelid_left": {
					"position": {
						"0.0": [0.1, 0, -0.1],
						"0.125": [0.1, 0, -0.1],
						"0.1667": [0, 0, 0]
					}
				},
				"eyelid_right": {
					"position": {
						"0.0": [-0.1, 0, -0.1],
						"0.125": [-0.1, 0, -0.1],
						"0.1667": [0, 0, 0]
					}
				}
			}
		},
		"animation.stoutland.cry": {
			"animation_length": 1.5,
			"bones": {
				"head": {
					"rotation": {
						"0.0": {
							"post": [0, 0, 0],
							"lerp_mode": "catmullrom"
						},
						"0.1667": {
							"post": [-5, 0, 0],
							"lerp_mode": "catmullrom"
						},
						"0.4167": {
							"post": [0, 0, 0],
							"lerp_mode": "catmullrom"
						},
						"0.6667": {
							"post": [-5, 0, 0],
							"lerp_mode": "catmullrom"
						},
						"1.1667": {
							"post": [0, 0, 0],
							"lerp_mode": "catmullrom"
						},
						"1.5": {
							"post": [0, 0, 0],
							"lerp_mode": "catmullrom"
						}
					}
				}
			},
			"sound_effects": {
				"0.0833": {
					"effect": "pokemon.stoutland.cry"
				}
			}
		}
	}
}