{
	"format_version": "1.8.0",
	"animations": {
		"animation.koffing.ground_idle": {
			"loop": true,
			"bones": {
				"body": {
					"rotation": [10, 0, 0],
					"position": [0, 3, 0]
				}
			}
		},
		"animation.koffing.air_idle": {
			"loop": true,
			"bones": {
				"body": {
					"rotation": [
						"math.sin(q.anim_time*90*5)*1+math.sin(q.anim_time*90*3)*2",
						"math.sin(q.anim_time*90*1)*2",
						"math.sin(q.anim_time*90*5+180)*1+math.sin(q.anim_time*90*3)*2"
					],
					"position": [0, "math.sin(q.anim_time*90*1)*0.5+math.sin(q.anim_time*90*2)*1", 0]
				}
			}
		},
		"animation.koffing.air_fly": {
			"loop": true,
			"bones": {
				"body": {
					"rotation": ["15+math.sin(q.anim_time*90*3*2)*2", "math.sin(q.anim_time*90*1)*2", "math.sin(q.anim_time*90*5+180)*1+math.sin(q.anim_time*90*3)*2"],
					"position": [
						0,
						"math.sin(q.anim_time*90*1*1.5)*0.5/2+math.sin(q.anim_time*90*2*1.5)*1/2+math.sin(q.anim_time*90*4*1.5+90)*2/2",
						"math.sin(q.anim_time*90*4*1.5)*1/2"
					]
				}
			}
		},
		"animation.koffing.blink": {
			"animation_length": 0.16667,
			"bones": {
				"eyelid_left": {
					"position": {
						"0.0": [0, 0, -0.1],
						"0.125": [0, 0, -0.1],
						"0.1667": [0, 0, 0]
					}
				},
				"eyelid_right": {
					"position": {
						"0.0": [0, 0, -0.1],
						"0.125": [0, 0, -0.1],
						"0.1667": [0, 0, 0]
					}
				}
			}
		}
	}
}