{
	"format_version": "1.8.0",
	"animations": {
		"animation.goldeen.ground_idle": {
			"loop": true,
			"bones": {
				"tail": {
					"rotation": [-7.5, 0, 0]
				},
				"lefttail": {
					"rotation": [-10, 10, 10]
				},
				"righttail": {
					"rotation": [-10, -10, -10]
				},
				"leftwing": {
					"rotation": [0, -15, 20]
				},
				"rightwing": {
					"rotation": [0, 15, -20]
				}
			}
		},
		"animation.goldeen.water_idle": {
			"loop": true,
			"bones": {
				"tail": {
					"rotation": [10, 0, 0]
				},
				"lefttail": {
					"rotation": [-10, 15, 20]
				},
				"righttail": {
					"rotation": [-10, -15, -20]
				},
				"leftwing": {
					"rotation": [15, 0, 30]
				},
				"rightwing": {
					"rotation": [15, 0, -30]
				}
			}
		},
		"animation.goldeen.water_swim": {
			"loop": true,
			"bones": {
				"tail": {
					"rotation": [5, 0, 0]
				},
				"lefttail": {
					"rotation": [-5, 10, 20]
				},
				"righttail": {
					"rotation": [-5, -10, -20]
				},
				"leftwing": {
					"rotation": [15, -30, 30]
				},
				"rightwing": {
					"rotation": [15, 30, -30]
				}
			}
		}
	}
}