{
	"format_version": "1.8.0",
	"animations": {
		"animation.dusknoir.ground_idle": {
			"loop": true,
			"animation_length": 4,
			"bones": {
				"arm_left": {
					"rotation": [4.95366, "23.3822-math.sin(q.anim_time*90*1-90)*2", "34.6021-math.sin(q.anim_time*90*1)*3"]
				},
				"arm_left2": {
					"rotation": [-5, "30-math.sin(q.anim_time*90*1-120)*4", -15]
				},
				"hand_left": {
					"rotation": ["55+math.sin(q.anim_time*90*1-90)*8", "15-math.sin(q.anim_time*90*1-180)*8", 0]
				},
				"fingers_left": {
					"rotation": [0, 10, 0]
				},
				"finger1_left": {
					"rotation": [5, "5+math.sin(q.anim_time*90*1-100)*9", 5]
				},
				"finger1_left2": {
					"rotation": [0, "30+math.sin(q.anim_time*90*1-60)*12", 0]
				},
				"finger2_left": {
					"rotation": [0, "5+math.sin(q.anim_time*90*1-80)*8", 2.5]
				},
				"finger2_left2": {
					"rotation": [0, "12.5+math.sin(q.anim_time*90*1-40)*12", 0]
				},
				"finger3_left2": {
					"rotation": [0, "17.5+math.sin(q.anim_time*90*1-20)*12", 0]
				},
				"finger4_left": {
					"rotation": [0, "10+math.sin(q.anim_time*90*1-40)*8", -5]
				},
				"finger4_left2": {
					"rotation": [0, "17.5+math.sin(q.anim_time*90*1-0)*12", 0]
				},
				"thumb_left": {
					"rotation": [-11.23272, "36.0165+math.sin(q.anim_time*90*1-270)*2", "-30+math.sin(q.anim_time*90*1-290)*4"],
					"position": [0, 0, 0]
				},
				"thumb_left2": {
					"rotation": [0, 0, "17.5+math.sin(q.anim_time*90*1-400)*6"]
				},
				"arm_right": {
					"rotation": [4.63795, "-23.4297+math.sin(q.anim_time*90*1-90)*2", "-34.5709+math.sin(q.anim_time*90*1)*3"]
				},
				"arm_right2": {
					"rotation": [-5, "-30+math.sin(q.anim_time*90*1-120)*4", 15]
				},
				"hand_right": {
					"rotation": ["55+math.sin(q.anim_time*90*1-90)*8", "-15+math.sin(q.anim_time*90*1-180)*8", 0]
				},
				"fingers_right": {
					"rotation": [0, -20, 0]
				},
				"finger1_right": {
					"rotation": [0, "-5-math.sin(q.anim_time*90*1-100)*9", -5]
				},
				"finger1_right2": {
					"rotation": [0, "-27.5-math.sin(q.anim_time*90*1-60)*12", 0]
				},
				"finger2_right": {
					"rotation": [0, "5-math.sin(q.anim_time*90*1-80)*8", 0]
				},
				"finger2_right2": {
					"rotation": [0, "-15-math.sin(q.anim_time*90*1-40)*12", 0]
				},
				"finger3_right": {
					"rotation": [0, "12.5-math.sin(q.anim_time*90*1-60)*7", 0]
				},
				"finger3_right2": {
					"rotation": [0, "-27.5-math.sin(q.anim_time*90*1-20)*12", 0]
				},
				"finger4_right": {
					"rotation": [0.88045, "9.9616-math.sin(q.anim_time*90*1-40)*8", 5.07673]
				},
				"finger4_right2": {
					"rotation": [0, "-30-math.sin(q.anim_time*90*1-0)*12", 0]
				},
				"thumb_right": {
					"rotation": [-12.00432, "-19.5064-math.sin(q.anim_time*90*1-270)*4", "30-math.sin(q.anim_time*90*1-290)*4"],
					"position": [0, 0, 0]
				},
				"thumb_right2": {
					"rotation": [0, 0, "-15-math.sin(q.anim_time*90*1-400)*6"]
				},
				"head": {
					"rotation": [-5, 0, 0],
					"position": [0, 0, 0]
				},
				"tail": {
					"rotation": [0, 0, 0]
				},
				"body": {
					"rotation": [12.5, 0, 0],
					"position": [0, 11, 3]
				},
				"lower_torso": {
					"rotation": [0, 0, 0]
				},
				"torso": {
					"rotation": ["math.sin(q.anim_time*90*1+90)*1", 0, 0],
					"position": [0, "math.sin(q.anim_time*90*1)*0.5", 0]
				},
				"eye": {
					"position": [0, -0.6, 0],
					"scale": "1+math.sin(q.anim_time*90*1-70)*0.025"
				},
				"eye_center": {
					"scale": "1.1-math.sin(q.anim_time*90*1-70)*0.05"
				},
				"head_interior": {
					"position": [0, 0, 0]
				},
				"neck_ornaments": {
					"rotation": [10, 0, 0],
					"position": [0, 1, -0.5],
					"scale": [1.03, 1.03, 1]
				},
				"neck_ornament_left": {
					"rotation": [-5, 0, "-math.sin(q.anim_time*90*1-100)*3"]
				},
				"neck_ornament_right": {
					"rotation": [-5, 0, "math.sin(q.anim_time*90*1-100)*3"]
				},
				"tail_rotation": {
					"rotation": [0, "math.sin(q.anim_time*90*1)*2", "math.sin(q.anim_time*90*2)*4"],
					"scale": [1, "1+math.sin(q.anim_time*90*2-90)*0.025", "1+math.sin(q.anim_time*90*3)*0.025"]
				},
				"tail2": {
					"rotation": [0, 0, "math.sin(q.anim_time*90*2-90)*6"]
				},
				"finger3_left": {
					"rotation": [0, "0+math.sin(q.anim_time*90*1-60)*7", 0]
				}
			}
		},
		"animation.dusknoir.ground_walk": {
			"loop": true,
			"animation_length": 4,
			"bones": {
				"arm_left": {
					"rotation": [3.68836, "19.9016-math.sin(q.anim_time*90*1-90)*2", "30.4128-math.sin(q.anim_time*90*1)*3"]
				},
				"arm_left2": {
					"rotation": [-5, "30-math.sin(q.anim_time*90*1-120)*4", -15]
				},
				"hand_left": {
					"rotation": ["55+math.sin(q.anim_time*90*1-90)*8", "15-math.sin(q.anim_time*90*1-180)*8", 0]
				},
				"fingers_left": {
					"rotation": [0, 10, 0]
				},
				"finger1_left": {
					"rotation": [5, "5+math.sin(q.anim_time*90*1-100)*9", 5]
				},
				"finger1_left2": {
					"rotation": [0, "30+math.sin(q.anim_time*90*1-60)*12", 0]
				},
				"finger2_left": {
					"rotation": [0, "5+math.sin(q.anim_time*90*1-80)*8", 2.5]
				},
				"finger2_left2": {
					"rotation": [0, "12.5+math.sin(q.anim_time*90*1-40)*12", 0]
				},
				"finger3_left2": {
					"rotation": [0, "17.5+math.sin(q.anim_time*90*1-20)*12", 0]
				},
				"finger4_left": {
					"rotation": [0, "10+math.sin(q.anim_time*90*1-40)*8", -5]
				},
				"finger4_left2": {
					"rotation": [0, "17.5+math.sin(q.anim_time*90*1-0)*12", 0]
				},
				"thumb_left": {
					"rotation": [-11.23272, "36.0165+math.sin(q.anim_time*90*1-270)*2", "-30+math.sin(q.anim_time*90*1-290)*4"],
					"position": [0, 0, 0]
				},
				"thumb_left2": {
					"rotation": [0, 0, "17.5+math.sin(q.anim_time*90*1-400)*6"]
				},
				"arm_right": {
					"rotation": [3.37785, "-19.8779+math.sin(q.anim_time*90*1-90)*2", "-30.4011+math.sin(q.anim_time*90*1)*3"]
				},
				"arm_right2": {
					"rotation": [-5, "-30+math.sin(q.anim_time*90*1-120)*4", 15]
				},
				"hand_right": {
					"rotation": ["55+math.sin(q.anim_time*90*1-90)*8", "-15+math.sin(q.anim_time*90*1-180)*8", 0]
				},
				"fingers_right": {
					"rotation": [0, -20, 0]
				},
				"finger1_right": {
					"rotation": [0, "-5-math.sin(q.anim_time*90*1-100)*9", -5]
				},
				"finger1_right2": {
					"rotation": [0, "-27.5-math.sin(q.anim_time*90*1-60)*12", 0]
				},
				"finger2_right": {
					"rotation": [0, "5-math.sin(q.anim_time*90*1-80)*8", 0]
				},
				"finger2_right2": {
					"rotation": [0, "-15-math.sin(q.anim_time*90*1-40)*12", 0]
				},
				"finger3_right": {
					"rotation": [0, "12.5-math.sin(q.anim_time*90*1-60)*7", 0]
				},
				"finger3_right2": {
					"rotation": [0, "-27.5-math.sin(q.anim_time*90*1-20)*12", 0]
				},
				"finger4_right": {
					"rotation": [0.88045, "9.9616-math.sin(q.anim_time*90*1-40)*8", 5.07673]
				},
				"finger4_right2": {
					"rotation": [0, "-30-math.sin(q.anim_time*90*1-0)*12", 0]
				},
				"thumb_right": {
					"rotation": [-12.00432, "-19.5064-math.sin(q.anim_time*90*1-270)*4", "30-math.sin(q.anim_time*90*1-290)*4"],
					"position": [0, 0, 0]
				},
				"thumb_right2": {
					"rotation": [0, 0, "-15-math.sin(q.anim_time*90*1-400)*6"]
				},
				"head": {
					"rotation": [-20, 0, 0],
					"position": [0, 0, 0]
				},
				"tail": {
					"rotation": [0, 0, 0]
				},
				"body": {
					"rotation": [40, 0, 0],
					"position": [0, 19, 10],
					"scale": 1
				},
				"lower_torso": {
					"rotation": [0, 0, 0]
				},
				"torso": {
					"rotation": ["math.sin(q.anim_time*90*2-90)*1.5", 0, "math.sin(q.anim_time*90*1-150)*3"],
					"position": ["math.sin(q.anim_time*90*1+90)*1", "math.sin(q.anim_time*90*2)*0.5", 0]
				},
				"eye": {
					"position": [0, -0.6, 0],
					"scale": "1+math.sin(q.anim_time*90*1-70)*0.025"
				},
				"eye_center": {
					"scale": "1.1-math.sin(q.anim_time*90*1-70)*0.05"
				},
				"head_interior": {
					"position": [0, 0, 0]
				},
				"neck_ornaments": {
					"rotation": [12.5, 0, 0],
					"position": [0, 2, -0.5],
					"scale": [1.03, 1.03, 1]
				},
				"neck_ornament_left": {
					"rotation": [0, 5, "-5-math.sin(q.anim_time*90*2-80)*2"]
				},
				"neck_ornament_right": {
					"rotation": [0, -5, "5+math.sin(q.anim_time*90*2-80)*2"]
				},
				"tail_rotation": {
					"rotation": [0, "math.sin(q.anim_time*90*1)*2", "math.sin(q.anim_time*90*2)*4"],
					"scale": [1, "1+math.sin(q.anim_time*90*2-90)*0.1", "1+math.sin(q.anim_time*90*4-90)*0.03"]
				},
				"tail2": {
					"rotation": [0, 0, "math.sin(q.anim_time*90*2-90)*6"],
					"scale": [1, "1+math.sin(q.anim_time*90*2-200)*0.2", 1]
				},
				"finger3_left": {
					"rotation": [0, "0+math.sin(q.anim_time*90*1-60)*7", 0]
				}
			}
		},
		"animation.dusknoir.battle_idle": {
			"loop": true,
			"animation_length": 2,
			"bones": {
				"arm_left": {
					"rotation": [0, "30-math.sin(q.anim_time*90*2-90)*4", "15-math.sin(q.anim_time*90*2)*12"],
					"scale": [1.05, 1, 1]
				},
				"arm_left2": {
					"rotation": [-5, "30-math.sin(q.anim_time*90*2-120)*16", -15]
				},
				"hand_left": {
					"rotation": ["15-math.sin(q.anim_time*90*2-90)*16", "15-math.sin(q.anim_time*90*2-180)*16", 0],
					"scale": [0.95, 1, 1]
				},
				"fingers_left": {
					"rotation": [0, 10, 0]
				},
				"finger1_left": {
					"rotation": [5, "5+math.sin(q.anim_time*90*2-100)*18", 5]
				},
				"finger1_left2": {
					"rotation": [0, "30+math.sin(q.anim_time*90*2-60)*24", 0]
				},
				"finger2_left": {
					"rotation": [0, "5+math.sin(q.anim_time*90*2-80)*16", 2.5]
				},
				"finger2_left2": {
					"rotation": [0, "12.5+math.sin(q.anim_time*90*2-40)*24", 0]
				},
				"finger3_left2": {
					"rotation": [0, "17.5+math.sin(q.anim_time*90*2-20)*24", 0]
				},
				"finger4_left": {
					"rotation": [0, "10+math.sin(q.anim_time*90*2-40)*16", -5]
				},
				"finger4_left2": {
					"rotation": [0, "17.5+math.sin(q.anim_time*90*2-0)*24", 0]
				},
				"thumb_left": {
					"rotation": [-11.23272, "36.0165+math.sin(q.anim_time*90*2-270)*4", "-30+math.sin(q.anim_time*90*2-290)*8"],
					"position": [0, 0, 0]
				},
				"thumb_left2": {
					"rotation": [0, 0, "17.5+math.sin(q.anim_time*90*2-400)*12"]
				},
				"arm_right": {
					"rotation": [0, "-30+math.sin(q.anim_time*90*2-90)*4", "-15-math.sin(q.anim_time*90*2)*12"],
					"scale": [1.05, 1, 1]
				},
				"arm_right2": {
					"rotation": [-5, "-30+math.sin(q.anim_time*90*2-120)*16", 15]
				},
				"hand_right": {
					"rotation": ["15-math.sin(q.anim_time*90*2-90)*16", "-15+math.sin(q.anim_time*90*2-180)*16", 0],
					"scale": [0.95, 1, 1]
				},
				"fingers_right": {
					"rotation": [0, -20, 0]
				},
				"finger1_right": {
					"rotation": [0, "-5-math.sin(q.anim_time*90*2-100)*18", -5]
				},
				"finger1_right2": {
					"rotation": [0, "-27.5-math.sin(q.anim_time*90*2-60)*24", 0]
				},
				"finger2_right": {
					"rotation": [0, "5-math.sin(q.anim_time*90*2-80)*16", 0]
				},
				"finger2_right2": {
					"rotation": [0, "-15-math.sin(q.anim_time*90*2-40)*24", 0]
				},
				"finger3_right": {
					"rotation": [0, "12.5-math.sin(q.anim_time*90*2-60)*14", 0]
				},
				"finger3_right2": {
					"rotation": [0, "-27.5-math.sin(q.anim_time*90*2-20)*24", 0]
				},
				"finger4_right": {
					"rotation": [0.88045, "9.9616-math.sin(q.anim_time*90*2-40)*16", 5.07673]
				},
				"finger4_right2": {
					"rotation": [0, "-30-math.sin(q.anim_time*90*2-0)*24", 0]
				},
				"thumb_right": {
					"rotation": [-12.00432, "-19.5064-math.sin(q.anim_time*90*2-270)*4", "30-math.sin(q.anim_time*90*2-290)*8"],
					"position": [0, 0, 0]
				},
				"thumb_right2": {
					"rotation": [0, 0, "-15-math.sin(q.anim_time*90*2-400)*12"]
				},
				"head": {
					"rotation": [-10, 0, 0]
				},
				"tail": {
					"rotation": [0, 0, 0]
				},
				"body": {
					"rotation": [22.5, 0, 0],
					"position": [0, 13, 5]
				},
				"lower_torso": {
					"rotation": [0, 0, 0]
				},
				"torso": {
					"rotation": ["math.sin(q.anim_time*90*2+90)*1.5", 0, 0],
					"position": [0, "math.sin(q.anim_time*90*2)*1", 0]
				},
				"eye": {
					"position": [0, -0.2, 0],
					"scale": "0.9+math.sin(q.anim_time*90*2-70)*0.05"
				},
				"eye_center": {
					"scale": "1.1-math.sin(q.anim_time*90*2-70)*0.125"
				},
				"head_interior": {
					"position": [0, 0, 0]
				},
				"neck_ornaments": {
					"rotation": [10, 0, 0],
					"position": [0, 1, -0.5],
					"scale": [1.03, 1.03, 1]
				},
				"neck_ornament_left": {
					"rotation": [0.01754, 2.34914, "0.8555-math.sin(q.anim_time*90*2-100)*3"]
				},
				"neck_ornament_right": {
					"rotation": [0.07031, -4.69776, "-1.7139+math.sin(q.anim_time*90*2-100)*3"]
				},
				"tail_rotation": {
					"rotation": [0, "math.sin(q.anim_time*90*2)*2", "math.sin(q.anim_time*90*4)*4"],
					"scale": [1, "1+math.sin(q.anim_time*90*4-90)*0.025", "1+math.sin(q.anim_time*90*6)*0.025"]
				},
				"tail2": {
					"rotation": [0, 0, "math.sin(q.anim_time*90*4-90)*6"]
				},
				"finger3_left": {
					"rotation": [0, "0+math.sin(q.anim_time*90*2-60)*14", 0]
				}
			}
		},
		"animation.dusknoir.sleep": {
			"loop": true,
			"bones": {
				"arm_left": {
					"rotation": [65.47865, 9.10175, "69.6894-math.sin(q.anim_time*90*1)*1"],
					"position": [3, -2, -3]
				},
				"arm_left2": {
					"rotation": [0, "10+math.sin(q.anim_time*90*1-90)*2", 0]
				},
				"hand_left": {
					"rotation": [10, 15, 0]
				},
				"fingers_left": {
					"rotation": [0, 10, 0]
				},
				"finger1_left": {
					"rotation": [5, 15, 5]
				},
				"finger1_left2": {
					"rotation": [0, 30, 0]
				},
				"finger2_left": {
					"rotation": [0, 5, 2.5]
				},
				"finger2_left2": {
					"rotation": [0, 45, 0]
				},
				"finger3_left2": {
					"rotation": [0, 35, 0]
				},
				"finger4_left": {
					"rotation": [0, 10, -5]
				},
				"finger4_left2": {
					"rotation": [0, 17.5, 0]
				},
				"thumb_left": {
					"rotation": [-11.23272, 12, -18.66201],
					"position": [0, 0, 0]
				},
				"thumb_left2": {
					"rotation": [0, 0, 27.5]
				},
				"arm_right": {
					"rotation": [65.47865, -9.10175, "-69.6894-math.sin(q.anim_time*90*1)*1"],
					"position": [-3, -2, -3]
				},
				"arm_right2": {
					"rotation": [0, "-10-math.sin(q.anim_time*90*1-90)*2", 0]
				},
				"hand_right": {
					"rotation": [10, -15, 0]
				},
				"fingers_right": {
					"rotation": [0, -20, 0]
				},
				"finger1_right": {
					"rotation": [0, -10, -5]
				},
				"finger1_right2": {
					"rotation": [0, -27.5, 0]
				},
				"finger2_right": {
					"rotation": [0, 5, 0]
				},
				"finger2_right2": {
					"rotation": [0, -45, 0]
				},
				"finger3_right": {
					"rotation": [0, 12.5, 0]
				},
				"finger3_right2": {
					"rotation": [0, -35, 0]
				},
				"finger4_right": {
					"rotation": [0.88045, 9.96156, 5.07673]
				},
				"finger4_right2": {
					"rotation": [0, -30, 0]
				},
				"thumb_right": {
					"rotation": [-12.00432, -19.50645, 13.27463],
					"position": [0, 0, 0.75]
				},
				"thumb_right2": {
					"rotation": [0, 0, -15]
				},
				"head": {
					"rotation": [20, 0, 0],
					"position": [0, 0, 0]
				},
				"tail": {
					"rotation": [0, 0, 0]
				},
				"body": {
					"rotation": [12.5, 0, 0],
					"position": [0, 13, 3],
					"scale": 1
				},
				"torso": {
					"rotation": ["math.sin(q.anim_time*90*1-90)*1.5", 0, 0],
					"position": [0, "math.sin(q.anim_time*90*1)*0.5", 0]
				},
				"eye": {
					"position": [0, 3.5, 0],
					"scale": 1
				},
				"eye_center": {
					"scale": "1.1-math.sin(q.anim_time*90*1-70)*0.05"
				},
				"neck_ornaments": {
					"rotation": [-17.5, 0, 0],
					"position": [0, -4, -1]
				},
				"neck_ornament_left": {
					"rotation": [0, 0, "-math.sin(q.anim_time*90*1-100)*2"]
				},
				"neck_ornament_right": {
					"rotation": [0, 0, "math.sin(q.anim_time*90*1-100)*2"]
				},
				"tail_rotation": {
					"rotation": [0, "math.sin(q.anim_time*90*1)*2", "math.sin(q.anim_time*90*2)*4"],
					"scale": [1, "1+math.sin(q.anim_time*90*2-90)*0.05", "1+math.sin(q.anim_time*90*3)*0.05"]
				},
				"tail2": {
					"rotation": [0, 0, "math.sin(q.anim_time*90*2-90)*6"]
				}
			}
		},
		"animation.dusknoir.cry": {
			"animation_length": 2,
			"bones": {
				"body": {
					"rotation": {
						"0.0": [0, 0, 0],
						"1.4167": [0, 0, 0],
						"1.4583": [7.5, 0, 0],
						"1.6667": [2.5, 0, 0],
						"1.8333": [0, 0, 0],
						"2.0": [0, 0, 0]
					},
					"position": {
						"0.0": [0, 0, 0],
						"0.2083": [0, 0.5, 0.5],
						"0.3333": [0, 1.21, 0.5],
						"0.5": [0, 4.5, 0.5],
						"0.9167": [0, 3.5, 0.5],
						"1.25": [0, 2.5, 0.4],
						"1.375": [0, 1.2, 0.1],
						"1.4167": [0, 0.55, 0.04],
						"1.7083": [0, 0, 0],
						"2.0": [0, 0, 0]
					}
				},
				"torso": {
					"rotation": {
						"0.0": [0, 0, 0],
						"0.3333": ["0+math.sin(q.anim_time*90*6+45)*4", 0, 0],
						"0.5": ["-35+math.sin(q.anim_time*90*3+95)*4", 0, 0],
						"0.5417": ["-35.32+math.sin(q.anim_time*90*90+45)*2", 0, 0],
						"1.25": ["-30+math.sin(q.anim_time*90*3)*2", 0, 0],
						"1.3333": [-28, 0, 0],
						"1.4167": [-10.38, 0, 0],
						"1.4583": [-1.5, 0, 0],
						"1.9583": [0, 0, 0]
					}
				},
				"arm_left": {
					"rotation": {
						"0.0": [0, 0, 0],
						"0.375": [0, -7.5, 0],
						"0.5": [0, -15, 0],
						"1.1667": [0, -15, 0],
						"1.3333": [0, -8.57, 0],
						"1.4583": [0, 0, 0]
					}
				},
				"hand_left": {
					"rotation": {
						"0.0": [0, 0, 0],
						"0.3333": [-15, 0, 0],
						"0.5": [-30, 0, 0],
						"1.1667": [-30, 0, 0],
						"1.3333": [-15, 0, 0],
						"1.4583": [0, 0, 0]
					}
				},
				"arm_right": {
					"rotation": {
						"0.0": [0, 0, 0],
						"0.375": [0, 7.5, 0],
						"0.5": [0, 15, 0],
						"1.1667": [0, 15, 0],
						"1.3333": [0, 8.57, 0],
						"1.4583": [0, 0, 0]
					}
				},
				"hand_right": {
					"rotation": {
						"0.0": [0, 0, 0],
						"0.3333": [-15, 0, 0],
						"0.5": [-30, 0, 0],
						"1.1667": [-30, 0, 0],
						"1.3333": [-15, 0, 0],
						"1.4583": [0, 0, 0]
					}
				},
				"eye": {
					"position": {
						"0.0": [0, 0, 0],
						"0.125": [0, 1.1, 0],
						"0.2083": [0, 3, 0],
						"1.2083": [0, 3, 0],
						"1.4167": [0, 1.05, 0],
						"1.4583": [0, 0, 0]
					},
					"scale": {
						"0.0": [1, 1, 1],
						"0.2083": [1, 1, 1],
						"0.25": [0, 0, 0],
						"1.2083": [0, 0, 0],
						"1.25": [1, 1, 1]
					}
				},
				"lower_torso": {
					"rotation": {
						"0.0": [0, 0, 0],
						"0.3333": [5, 0, 0],
						"0.5": [37.5, 0, 0],
						"0.5417": ["32.5-math.sin(q.anim_time*90*90+45)*1", 0, 0],
						"0.9583": [27.5, 0, 0],
						"1.3333": [25, 0, 0],
						"1.4583": [0, 0, 0]
					}
				}
			}
		}
	}
}