{
	"format_version": "1.8.0",
	"animations": {
		"animation.meganium.ground_idle": {
			"loop": true,
			"bones": {
				"neck": {
					"rotation": ["25+math.cos(query.anim_time*90*3/2-60)*1", 0, "0+math.cos(query.anim_time*90*3/2/2-60)*2"]
				},
				"leaves": {
					"rotation": ["7.5+math.cos(query.anim_time*90*3/2)*1", 0, 0]
				},
				"leaf": {
					"rotation": ["20+math.cos(query.anim_time*90*3/2-60)*4", 0, 0]
				},
				"leaf_end": {
					"rotation": ["32.5+math.cos(query.anim_time*90*3/2-120)*8", 0, 0]
				},
				"leaf2": {
					"rotation": ["-2.5+math.cos(query.anim_time*90*3/2-90)*4", 60, 0]
				},
				"leaf_end2": {
					"rotation": ["22.5+math.cos(query.anim_time*90*3/2-140)*6", 0, 0]
				},
				"leaf3": {
					"rotation": ["-2.5+math.cos(query.anim_time*90*3/2-90)*4", -60, 0]
				},
				"leaf_end3": {
					"rotation": ["22.5+math.cos(query.anim_time*90*3/2-140)*6", 0, 0]
				},
				"leaf4": {
					"rotation": ["-23.4868+math.cos(query.anim_time*90*3/2+120)*4", -57.40759, 18.63504]
				},
				"leaf_end4": {
					"rotation": ["-27.5+math.cos(query.anim_time*90*3/2+90)*6", 0, 0]
				},
				"leaf5": {
					"rotation": ["-23.4868+math.cos(query.anim_time*90*3/2+120)*4", 57.4076, -18.635]
				},
				"leaf_end5": {
					"rotation": ["-27.5+math.cos(query.anim_time*90*3/2+90)*6", 0, 0]
				},
				"leaf6": {
					"rotation": ["-12.5+math.cos(query.anim_time*90*3/2+70)*4", 0, 0]
				},
				"leaf_end6": {
					"rotation": ["-27.5+math.cos(query.anim_time*90*3/2-60)*8", 0, 0]
				},
				"neck2": {
					"rotation": ["-20+math.cos(query.anim_time*90*3/2-120)*1", 0, "math.cos(query.anim_time*90*3/2/2-120)*1"]
				},
				"neck3": {
					"rotation": ["-5+math.cos(query.anim_time*90*3/2-160)*3/2", 0, "0+math.cos(query.anim_time*90*3/2/2-160)*2"],
					"position": [0, -0.1, 0]
				},
				"antenna_right": {
					"rotation": ["-0.5282+math.cos(query.anim_time*90*3/2-200)*5", 0, -11.11681]
				},
				"antenna_right2": {
					"rotation": ["-45+math.cos(query.anim_time*90*3/2-240)*5", 0, 0]
				},
				"antenna_right3": {
					"rotation": ["-72.7011+math.cos(query.anim_time*90*3/2-300)*10", 3.4553, -6.6607]
				},
				"antenna_right4": {
					"rotation": ["-40+math.cos(query.anim_time*90*3/2)*15", 0, 0]
				},
				"antenna_right5": {
					"rotation": ["-25+math.cos(query.anim_time*90*3/2-60)*20", 0, 0]
				},
				"antenna_right6": {
					"rotation": ["-5+math.cos(query.anim_time*90*3/2-120)*35", 0, 0]
				},
				"antenna_right7": {
					"rotation": ["2.5+math.cos(query.anim_time*90*3/2-180)*30", 0, 0]
				},
				"antenna_left": {
					"rotation": ["-0.5282+math.cos(query.anim_time*90*3/2-200)*5", 0, 11.1168]
				},
				"antenna_left2": {
					"rotation": ["-45+math.cos(query.anim_time*90*3/2-240)*5", 0, 0]
				},
				"antenna_left3": {
					"rotation": ["-72.7011+math.cos(query.anim_time*90*3/2-300)*10", -3.4553, 6.6607]
				},
				"antenna_left4": {
					"rotation": ["-40+math.cos(query.anim_time*90*3/2)*15", 0, 0]
				},
				"antenna_left5": {
					"rotation": ["-25+math.cos(query.anim_time*90*3/2-60)*20", 0, 0]
				},
				"antenna_left6": {
					"rotation": ["-5+math.cos(query.anim_time*90*3/2-120)*35", 0, 0]
				},
				"antenna_left7": {
					"rotation": ["2.5+math.cos(query.anim_time*90*3/2-180)*30", 0, 0]
				},
				"tail": {
					"rotation": ["-17.5+math.cos(query.anim_time*90*3/2-60)*3", "0+math.cos(query.anim_time*90*3/2/2-60)*3", 0]
				},
				"tail2": {
					"rotation": ["10+math.cos(query.anim_time*90*3/2-120)*3", "0+math.cos(query.anim_time*90*3/2/2-120)*6", 0]
				},
				"tail3": {
					"rotation": ["10+math.cos(query.anim_time*90*3/2-180)*5", "0+math.cos(query.anim_time*90*3/2/2-180)*6", 0]
				},
				"torso": {
					"rotation": ["0+math.cos(query.anim_time*90*3/2)*1/2", 0, "0+math.cos(query.anim_time*90*3/2/2)*1"],
					"position": [0, "0+math.sin(query.anim_time*90*3/2)*0.2", 0]
				},
				"body": {
					"position": [0, -0.2, 0]
				},
				"head": {
					"rotation": ["2.5+math.cos(query.anim_time*90*3/2-200)*3/2", 0, "0-math.cos(query.anim_time*90*3/2/2-100)*3"]
				},
				"leg_back_right": {
					"rotation": [0, 2.5, 0],
					"position": [-0.5, "0+math.sin(query.anim_time*90*3/2)*0.2", 0]
				},
				"leg_back_right2": {
					"position": [0, "0.2-math.sin(query.anim_time*90*3/2)*0.2", 0]
				},
				"leg_back_left": {
					"rotation": [0, -2.5, 0],
					"position": [0.5, "0+math.sin(query.anim_time*90*3/2)*0.2", 0]
				},
				"leg_back_left2": {
					"position": [0, "0.2-math.sin(query.anim_time*90*3/2)*0.2", 0]
				},
				"leg_front_left": {
					"rotation": [0, -10, 0],
					"position": [0.5, "0+math.sin(query.anim_time*90*3/2)*0.2", 0]
				},
				"leg_front_left2": {
					"position": [0, "0.2-math.sin(query.anim_time*90*3/2)*0.2", 0]
				},
				"leg_front_right": {
					"rotation": [0, 7.5, 0],
					"position": [-0.5, "0+math.sin(query.anim_time*90*3/2)*0.2", 0]
				},
				"leg_front_right2": {
					"position": [0, "0.2-math.sin(query.anim_time*90*3/2)*0.2", 0]
				}
			}
		},
		"animation.meganium.battle_idle": {
			"loop": true,
			"animation_length": 10.625,
			"bones": {
				"neck": {
					"rotation": ["40+math.cos(query.anim_time*90*3/2-60)*1", 0, "0+math.cos(query.anim_time*90*3/2/2-60)*3"]
				},
				"leaves": {
					"rotation": ["-2.5+math.cos(query.anim_time*90*3/2)*1", "0+math.cos(query.anim_time*90*3/2/2-60)*3", "0-math.cos(query.anim_time*90*3/2/2-60)*3"]
				},
				"leaf": {
					"rotation": ["20+math.cos(query.anim_time*90*3/2-60)*4", 0, 0]
				},
				"leaf_end": {
					"rotation": ["32.5+math.cos(query.anim_time*90*3/2-120)*8", 0, 0]
				},
				"leaf2": {
					"rotation": ["-2.5+math.cos(query.anim_time*90*3/2-90)*4", 60, 0]
				},
				"leaf_end2": {
					"rotation": ["22.5+math.cos(query.anim_time*90*3/2-140)*6", 0, 0]
				},
				"leaf3": {
					"rotation": ["-2.5+math.cos(query.anim_time*90*3/2-90)*4", -60, 0]
				},
				"leaf_end3": {
					"rotation": ["22.5+math.cos(query.anim_time*90*3/2-140)*6", 0, 0]
				},
				"leaf4": {
					"rotation": ["-23.4868+math.cos(query.anim_time*90*3/2+120)*4", -57.40759, 18.63504]
				},
				"leaf_end4": {
					"rotation": ["-27.5+math.cos(query.anim_time*90*3/2+90)*6", 0, 0]
				},
				"leaf5": {
					"rotation": ["-23.4868+math.cos(query.anim_time*90*3/2+120)*4", 57.4076, -18.635]
				},
				"leaf_end5": {
					"rotation": ["-27.5+math.cos(query.anim_time*90*3/2+90)*6", 0, 0]
				},
				"leaf6": {
					"rotation": ["-12.5+math.cos(query.anim_time*90*3/2+70)*4", 0, 0]
				},
				"leaf_end6": {
					"rotation": ["-27.5+math.cos(query.anim_time*90*3/2-60)*8", 0, 0]
				},
				"neck2": {
					"rotation": ["-20+math.cos(query.anim_time*90*3/2-120)*1", 0, "math.cos(query.anim_time*90*3/2/2-120)*1"]
				},
				"neck3": {
					"rotation": ["-10+math.cos(query.anim_time*90*3/2-160)*3/2", 0, "0+math.cos(query.anim_time*90*3/2/2-160)*3"],
					"position": [0, -0.1, 0]
				},
				"antenna_right": {
					"rotation": ["-0.5282+math.cos(query.anim_time*90*3/2-200)*5", 0, -11.11681]
				},
				"antenna_right2": {
					"rotation": ["-45+math.cos(query.anim_time*90*3/2-240)*5", 0, 0]
				},
				"antenna_right3": {
					"rotation": ["-72.7011+math.cos(query.anim_time*90*3/2-300)*10", 3.4553, -6.6607]
				},
				"antenna_right4": {
					"rotation": ["-40+math.cos(query.anim_time*90*3/2)*15", 0, 0]
				},
				"antenna_right5": {
					"rotation": ["-25+math.cos(query.anim_time*90*3/2-60)*20", 0, 0]
				},
				"antenna_right6": {
					"rotation": ["-5+math.cos(query.anim_time*90*3/2-120)*35", 0, 0]
				},
				"antenna_right7": {
					"rotation": ["2.5+math.cos(query.anim_time*90*3/2-180)*30", 0, 0]
				},
				"antenna_left": {
					"rotation": ["-0.5282+math.cos(query.anim_time*90*3/2-200)*5", 0, 11.1168]
				},
				"antenna_left2": {
					"rotation": ["-45+math.cos(query.anim_time*90*3/2-240)*5", 0, 0]
				},
				"antenna_left3": {
					"rotation": ["-72.7011+math.cos(query.anim_time*90*3/2-300)*10", -3.4553, 6.6607]
				},
				"antenna_left4": {
					"rotation": ["-40+math.cos(query.anim_time*90*3/2)*15", 0, 0]
				},
				"antenna_left5": {
					"rotation": ["-25+math.cos(query.anim_time*90*3/2-60)*20", 0, 0]
				},
				"antenna_left6": {
					"rotation": ["-5+math.cos(query.anim_time*90*3/2-120)*35", 0, 0]
				},
				"antenna_left7": {
					"rotation": ["2.5+math.cos(query.anim_time*90*3/2-180)*30", 0, 0]
				},
				"tail": {
					"rotation": ["-17.5+math.cos(query.anim_time*90*3/2-60)*3", "0+math.cos(query.anim_time*90*3/2/2-60)*3", 0]
				},
				"tail2": {
					"rotation": ["10+math.cos(query.anim_time*90*3/2-120)*3", "0+math.cos(query.anim_time*90*3/2/2-120)*6", 0]
				},
				"tail3": {
					"rotation": ["10+math.cos(query.anim_time*90*3/2-180)*5", "0+math.cos(query.anim_time*90*3/2/2-180)*6", 0]
				},
				"torso": {
					"rotation": ["5+math.cos(query.anim_time*90*3/2)*1/2", 0, "0+math.cos(query.anim_time*90*3/2/2)*1"],
					"position": [0, "0+math.sin(query.anim_time*90*3/2)*0.2", 0]
				},
				"body": {
					"position": [0, -0.2, 0]
				},
				"head": {
					"rotation": ["-10+math.cos(query.anim_time*90*3/2-200)*3/2", 0, "0-math.cos(query.anim_time*90*3/2/2-100)*6"]
				},
				"leg_back_right": {
					"rotation": [2.00307, 14.8687, 7.7614],
					"position": [-0.5, "-0.5+math.sin(query.anim_time*90*3/2)*0.2", 0]
				},
				"leg_back_right2": {
					"position": [0, "0.2-math.sin(query.anim_time*90*3/2)*0.2", 0]
				},
				"leg_back_left": {
					"rotation": [2.00307, -14.8687, -7.7614],
					"position": [0.5, "-0.5+math.sin(query.anim_time*90*3/2)*0.2", 0]
				},
				"leg_back_left2": {
					"position": [0, "0.2-math.sin(query.anim_time*90*3/2)*0.2", 0]
				},
				"leg_front_left": {
					"rotation": [-8.94325, -8.73596, -7.4726],
					"position": [0.5, "-1+math.sin(query.anim_time*90*3/2)*0.2", 0]
				},
				"leg_front_left2": {
					"rotation": [10, 0, 0],
					"position": [0, "0.2-math.sin(query.anim_time*90*3/2)*0.2", 0]
				},
				"leg_front_right": {
					"rotation": [-9.31386, 8.33927, 4.9766],
					"position": [-0.5, "-1+math.sin(query.anim_time*90*3/2)*0.2", 0]
				},
				"leg_front_right2": {
					"rotation": [10, 0, 0],
					"position": [0, "0.2-math.sin(query.anim_time*90*3/2)*0.2", 0]
				},
				"eye_right": {
					"rotation": [5, 0, 0]
				},
				"angry_eye_right": {
					"position": [-0.1, 0, 0]
				},
				"angry_eye_left": {
					"position": [0.1, 0, 0]
				},
				"idle_eye_pupil2": {
					"position": [-0.1, 0, 0]
				},
				"idle_eye_pupil": {
					"position": [0.1, 0, 0]
				},
				"eye_left": {
					"rotation": [5, 0, 0]
				}
			}
		},
		"animation.meganium.ground_walk": {
			"loop": true,
			"animation_length": 2,
			"bones": {
				"neck": {
					"rotation": ["40+math.cos(query.anim_time*90*2*2-60)*1", 0, "0+math.cos(query.anim_time*90*2-60)*2"]
				},
				"leaves": {
					"rotation": {
						"0.0": ["7.5+math.cos(query.anim_time*90*2*2)*1", "0+math.cos(query.anim_time*90*2-90)*2", 0],
						"0.5": ["7.5+math.cos(query.anim_time*90*2*2)*1", "0+math.cos(query.anim_time*90*2-90)*2", 0],
						"0.5417": ["7.5+math.cos(query.anim_time*90*2*10-40)*3/2", "0+math.cos(query.anim_time*90*2-90)*2", 0],
						"1.0": ["7.5+math.cos(query.anim_time*90*2*2)*1", "0+math.cos(query.anim_time*90*2-90)*2", 0],
						"1.5": ["7.5+math.cos(query.anim_time*90*2*2)*1", "0+math.cos(query.anim_time*90*2-90)*2", 0],
						"1.5417": ["7.5+math.cos(query.anim_time*90*2*10-40)*3/2", "0+math.cos(query.anim_time*90*2-90)*2", 0],
						"2.0": ["7.5+math.cos(query.anim_time*90*2*2)*1", "0+math.cos(query.anim_time*90*2-90)*2", 0]
					}
				},
				"leaf": {
					"rotation": ["20+math.cos(query.anim_time*90*2*2-60)*4", 0, 0]
				},
				"leaf_end": {
					"rotation": ["32.5+math.cos(query.anim_time*90*2*2-120)*8", 0, 0]
				},
				"leaf2": {
					"rotation": ["-2.5+math.cos(query.anim_time*90*2*2-90)*4", 60, 0]
				},
				"leaf_end2": {
					"rotation": ["22.5+math.cos(query.anim_time*90*2*2-140)*6", 0, 0]
				},
				"leaf3": {
					"rotation": ["-2.5+math.cos(query.anim_time*90*2*2-90)*4", -60, 0]
				},
				"leaf_end3": {
					"rotation": ["22.5+math.cos(query.anim_time*90*2*2-140)*6", 0, 0]
				},
				"leaf4": {
					"rotation": ["-23.4868+math.cos(query.anim_time*90*2*2+120)*4", -57.40759, 18.63504]
				},
				"leaf_end4": {
					"rotation": ["-27.5+math.cos(query.anim_time*90*2*2+90)*6", 0, 0]
				},
				"leaf5": {
					"rotation": ["-23.4868+math.cos(query.anim_time*90*2*2+120)*4", 57.4076, -18.635]
				},
				"leaf_end5": {
					"rotation": ["-27.5+math.cos(query.anim_time*90*2*2+90)*6", 0, 0]
				},
				"leaf6": {
					"rotation": ["-12.5+math.cos(query.anim_time*90*2*2+70)*4", 0, 0]
				},
				"leaf_end6": {
					"rotation": ["-27.5+math.cos(query.anim_time*90*2*2-60)*8", 0, 0]
				},
				"neck2": {
					"rotation": ["-22.5+math.cos(query.anim_time*90*2*2-120)*1", 0, "0+math.cos(query.anim_time*90*2-120)*1"],
					"position": {
						"0.0": [0, 0, 0],
						"0.5417": [0, 0, 0],
						"0.5833": [0, "0+math.sin(query.anim_time*90*2*20-90)*0.1", 0],
						"0.9167": [0, 0, 0],
						"1.5417": [0, 0, 0],
						"1.5833": [0, "0+math.sin(query.anim_time*90*2*20-90)*0.1", 0],
						"1.9167": [0, 0, 0],
						"2.0": [0, 0, 0]
					}
				},
				"neck3": {
					"rotation": ["-5+math.cos(query.anim_time*90*2*2-160)*3/2", 0, "0+math.cos(query.anim_time*90*2-160)*2"],
					"position": [0, -0.1, 0]
				},
				"antenna_right": {
					"rotation": {
						"0.0": ["-0.5282+math.cos(query.anim_time*90*2-200)*5", 0, -11.11681],
						"0.5": ["-0.5282+math.cos(query.anim_time*90*2-200)*5", 0, -11.11681],
						"0.5417": ["-0.5282+math.cos(query.anim_time*90*2*10-200)*2", 0, -11.11681],
						"1.0": ["0.4718+math.cos(query.anim_time*90*2-200)*5", 0, -11.11681],
						"1.5": ["-0.5282+math.cos(query.anim_time*90*2-200)*5", 0, -11.11681],
						"1.5417": ["-0.5282+math.cos(query.anim_time*90*2*10-200)*2", 0, -11.11681],
						"2.0": ["-0.5282+math.cos(query.anim_time*90*2-200)*5", 0, -11.11681]
					}
				},
				"antenna_right2": {
					"rotation": ["-45+math.cos(query.anim_time*90*2-240)*5", 0, 0]
				},
				"antenna_right3": {
					"rotation": ["-72.7011+math.cos(query.anim_time*90*2-300)*10", 3.4553, -6.6607]
				},
				"antenna_right4": {
					"rotation": ["-40+math.cos(query.anim_time*90*2)*15", 0, 0]
				},
				"antenna_right5": {
					"rotation": ["-25+math.cos(query.anim_time*90*2-60)*20", 0, 0]
				},
				"antenna_right6": {
					"rotation": ["-5+math.cos(query.anim_time*90*2-120)*35", 0, 0]
				},
				"antenna_right7": {
					"rotation": ["2.5+math.cos(query.anim_time*90*2-180)*30", 0, 0]
				},
				"antenna_left": {
					"rotation": {
						"0.0": ["-0.5282+math.cos(query.anim_time*90*2-200)*5", 0, 11.1168],
						"0.5": ["-0.5282+math.cos(query.anim_time*90*2-200)*5", 0, 11.1168],
						"0.5417": ["-0.5282+math.cos(query.anim_time*90*2*10-200)*2", 0, 11.1168],
						"1.0": ["0.4718+math.cos(query.anim_time*90*2-200)*5", 0, 11.1168],
						"1.5": ["-0.5282+math.cos(query.anim_time*90*2-200)*5", 0, 11.1168],
						"1.5417": ["-0.5282+math.cos(query.anim_time*90*2*10-200)*2", 0, 11.1168],
						"2.0": ["-0.5282+math.cos(query.anim_time*90*2-200)*5", 0, 11.1168]
					}
				},
				"antenna_left2": {
					"rotation": ["-45+math.cos(query.anim_time*90*2-240)*5", 0, 0]
				},
				"antenna_left3": {
					"rotation": ["-72.7011+math.cos(query.anim_time*90*2-300)*10", -3.4553, 6.6607]
				},
				"antenna_left4": {
					"rotation": ["-40+math.cos(query.anim_time*90*2)*15", 0, 0]
				},
				"antenna_left5": {
					"rotation": ["-25+math.cos(query.anim_time*90*2-60)*20", 0, 0]
				},
				"antenna_left6": {
					"rotation": ["-5+math.cos(query.anim_time*90*2-120)*35", 0, 0]
				},
				"antenna_left7": {
					"rotation": ["2.5+math.cos(query.anim_time*90*2-180)*30", 0, 0]
				},
				"tail": {
					"rotation": ["-17.5+math.cos(query.anim_time*90*2*2-60)*3", "0+math.cos(query.anim_time*90*2-60)*5", 0]
				},
				"tail2": {
					"rotation": ["10+math.cos(query.anim_time*90*2*2-120)*3", "0+math.cos(query.anim_time*90*2-120)*6", 0]
				},
				"tail3": {
					"rotation": ["10+math.cos(query.anim_time*90*2*2-180)*5", "0+math.cos(query.anim_time*90*2-180)*6", 0]
				},
				"torso": {
					"rotation": ["0+math.cos(query.anim_time*90*2*2)*2", 0, "0+math.cos(query.anim_time*90*2)*1"],
					"position": {
						"0.0": [0, "0+math.sin(query.anim_time*90*2*2)*0.3", 0],
						"0.4583": [0, "0+math.sin(query.anim_time*90*2*2)*0.3", 0],
						"0.5417": [0, "0+math.sin(query.anim_time*90*1*10)*0.2", 0],
						"1.0": [0, "0+math.sin(query.anim_time*90*2*2)*0.3", 0],
						"1.4583": [0, "0+math.sin(query.anim_time*90*2*2)*0.3", 0],
						"1.5417": [0, "0+math.sin(query.anim_time*90*1*10)*0.2", 0],
						"2.0": [0, "0+math.sin(query.anim_time*90*2*2)*0.3", 0]
					}
				},
				"body": {
					"position": [0, -0.2, "-math.sin(q.anim_time*90*4+3/4)*0.5"]
				},
				"head": {
					"rotation": ["-12.5+math.cos(query.anim_time*90*2*2-200)*3/2", 0, "0-math.cos(query.anim_time*90*2-100)*3"]
				},
				"leg_back_right": {
					"rotation": {
						"0.0": ["0+math.sin(q.anim_time*90*2)*15", 0, 0],
						"1.375": ["2+math.sin(q.anim_time*90*2)*15", 0, 0],
						"1.5": [-23.5, 0, 0],
						"2.0": ["0+math.sin(q.anim_time*90*2)*15", 0, 0]
					},
					"position": {
						"0.0": [-0.05234, "-0.0016+math.clamp(math.cos(q.anim_time*90*2-180)*1,0,1)", "0.0176+math.sin(q.anim_time*90*2)*1"],
						"1.375": [-0.05234, "0.7484+math.clamp(math.cos(q.anim_time*90*2-180)*1,0,1)", "0.0176+math.sin(q.anim_time*90*2)*1"],
						"1.5": [0, "-2.1996+math.clamp(math.cos(q.anim_time*90*2-180)*1,0,1)", "0.0176+math.sin(q.anim_time*90*2)*1"],
						"1.6667": [0.02094, -1.97969, "0.0176+math.sin(q.anim_time*90*2)*1"],
						"2.0": [-0.05234, "-0.0016+math.clamp(math.cos(q.anim_time*90*2-180)*1,0,1)", "0.0176+math.sin(q.anim_time*90*2)*1"]
					}
				},
				"leg_back_right2": {
					"rotation": {
						"0.0": [0, 0, 0],
						"0.5": [0, 0, 0],
						"0.75": {
							"pre": [25, 0, 0],
							"post": [25, 0, 0],
							"lerp_mode": "catmullrom"
						},
						"1.2083": {
							"post": [40, 0, 0],
							"lerp_mode": "catmullrom"
						},
						"1.375": {
							"post": [37.5, 0, 0],
							"lerp_mode": "catmullrom"
						},
						"1.5": {
							"post": [22.5, 0, 0],
							"lerp_mode": "catmullrom"
						},
						"1.6667": [18.5, 0, 0],
						"2.0": [0, 0, 0]
					}
				},
				"leg_back_left": {
					"rotation": {
						"0.0": ["0-math.sin(q.anim_time*90*2)*15", 0, 0],
						"0.5": ["-2.5-math.sin(q.anim_time*90*2)*15", 0, 0],
						"0.6667": ["-2.5-math.sin(q.anim_time*90*2)*15", 0, 0],
						"0.9167": ["0-math.sin(q.anim_time*90*2)*15", 0, 0],
						"1.5": [7.5, 0, 0],
						"2.0": ["0-math.sin(q.anim_time*90*2)*15", 0, 0]
					},
					"position": {
						"0.0": [0, "0+math.clamp(math.cos(q.anim_time*90*2)*1,0,1)", "0-math.sin(q.anim_time*90*2)*1"],
						"0.3333": [0, "0.6+math.clamp(math.cos(q.anim_time*90*2)*1,0,1)", "0-math.sin(q.anim_time*90*2)*1"],
						"0.375": [0, 1, -1],
						"0.4167": [0, 0.2, -1.1],
						"0.4583": [0, -1, -1.1],
						"0.5": [0, "-1.1998+math.clamp(math.cos(q.anim_time*90*2)*1,0,1)", "0-math.sin(q.anim_time*90*2)*1"],
						"0.6667": [0, "-1.1998+math.clamp(math.cos(q.anim_time*90*2)*1,0,1)", "0-math.sin(q.anim_time*90*2)*1"],
						"0.75": [-0.00654, -0.9799, "0-math.sin(q.anim_time*90*2)*1"],
						"1.0": [0, "0+math.clamp(math.cos(q.anim_time*90*2)*1,0,1)", "0-math.sin(q.anim_time*90*2)*1"],
						"2.0": [0, "0+math.clamp(math.cos(q.anim_time*90*2)*1,0,1)", "0-math.sin(q.anim_time*90*2)*1"]
					}
				},
				"leg_back_left2": {
					"rotation": {
						"0.0": [25.25, 0, 0],
						"0.2083": {
							"pre": [32, 0, 0],
							"post": [32, 0, 0],
							"lerp_mode": "catmullrom"
						},
						"0.375": {
							"post": [37.5, 0, 0],
							"lerp_mode": "catmullrom"
						},
						"0.5": {
							"post": [20, 0, 0],
							"lerp_mode": "catmullrom"
						},
						"0.6667": [16.5, 0, 0],
						"1.0": [0, 0, 0],
						"1.5": [0, 0, 0],
						"1.75": {
							"pre": [19.25, 0, 0],
							"post": [19.25, 0, 0],
							"lerp_mode": "catmullrom"
						},
						"2.0": {
							"post": [25.25, 0, 0],
							"lerp_mode": "catmullrom"
						}
					}
				},
				"leg_front_left": {
					"rotation": {
						"0.0": ["-5+math.sin(q.anim_time*90*2+3/4)*15", 0, 0],
						"1.375": ["2+math.sin(q.anim_time*90*2+3/4)*15", 0, 0],
						"1.5": [-23.5, 0, 0],
						"2.0": ["-5+math.sin(q.anim_time*90*2+3/4)*15", 0, 0]
					},
					"position": {
						"0.0": [-0.05234, "-0.0016+math.clamp(math.cos(q.anim_time*90*2+3/4-180)*1,0,1)", "0.0176+math.sin(q.anim_time*90*2+3/4)*1"],
						"1.375": [-0.05234, "0.7484+math.clamp(math.cos(q.anim_time*90*2+3/4-180)*1,0,1)", "0.0176+math.sin(q.anim_time*90*2+3/4)*1"],
						"1.5": [0, "-2.1996+math.clamp(math.cos(q.anim_time*90*2+3/4-180)*1,0,1)", "0.0176+math.sin(q.anim_time*90*2+3/4)*1"],
						"1.6667": [0.02094, -1.97969, "0.0176+math.sin(q.anim_time*90*2+3/4)*1"],
						"2.0": [-0.05234, "-0.0016+math.clamp(math.cos(q.anim_time*90*2+3/4-180)*1,0,1)", "0.0176+math.sin(q.anim_time*90*2+3/4)*1"]
					}
				},
				"leg_front_left2": {
					"rotation": {
						"0.0": {
							"post": [5.03, 0, 0],
							"lerp_mode": "catmullrom"
						},
						"0.25": {
							"post": [2.83, 0, 0],
							"lerp_mode": "catmullrom"
						},
						"0.5": {
							"post": [2.63, 0, 0],
							"lerp_mode": "catmullrom"
						},
						"0.8333": {
							"post": [12.75, 0, 0],
							"lerp_mode": "catmullrom"
						},
						"1.2083": {
							"post": [35.25, 0, 0],
							"lerp_mode": "catmullrom"
						},
						"1.4167": [39.17, 0, 0],
						"1.5": [25.25, 0, 0],
						"1.7083": [20.25, 0, 0],
						"2.0": [5.03, 0, 0]
					}
				},
				"leg_front_right": {
					"rotation": {
						"0.0": ["0-math.sin(q.anim_time*90*2+3/4)*15", 0, 0],
						"0.5": ["-2.5-math.sin(q.anim_time*90*2+3/4)*15", 0, 0],
						"0.6667": ["-2.5-math.sin(q.anim_time*90*2+3/4)*15", 0, 0],
						"0.9167": ["4-math.sin(q.anim_time*90*2+3/4)*15", 0, 0],
						"2.0": ["0-math.sin(q.anim_time*90*2+3/4)*15", 0, 0]
					},
					"position": {
						"0.0": [0, "0+math.clamp(math.cos(q.anim_time*90*2+3/4)*1,0,1)", "0-math.sin(q.anim_time*90*2+3/4)*1"],
						"0.375": [0, "0+math.clamp(math.cos(q.anim_time*90*2+3/4)*1,0,1)", "0-math.sin(q.anim_time*90*2+3/4)*1"],
						"0.5": [0, "-1.75+math.clamp(math.cos(q.anim_time*90*2+3/4)*1,0,1)", "0-math.sin(q.anim_time*90*2+3/4)*1"],
						"0.9583": [0, "0+math.clamp(math.cos(q.anim_time*90*2+3/4)*1,0,1)", "0-math.sin(q.anim_time*90*2+3/4)*1"]
					}
				},
				"leg_front_right2": {
					"rotation": {
						"0.0": {
							"post": [25.25, 0, 0],
							"lerp_mode": "catmullrom"
						},
						"0.2083": {
							"post": [35.25, 0, 0],
							"lerp_mode": "catmullrom"
						},
						"0.4167": [34.17, 0, 0],
						"0.5": [20.25, 0, 0],
						"0.7083": [15.25, 0, 0],
						"0.9583": {
							"pre": [2.75, 0, 0],
							"post": [2.75, 0, 0],
							"lerp_mode": "catmullrom"
						},
						"1.3333": {
							"post": [7.75, 0, 0],
							"lerp_mode": "catmullrom"
						},
						"1.6667": [20.13, 0, 0],
						"2.0": [25.25, 0, 0]
					}
				}
			}
		},
		"animation.meganium.cry": {
			"animation_length": 1.25,
			"bones": {
				"head": {
					"rotation": {
						"0.0": [0, 0, 0],
						"0.125": {
							"pre": [10, 0, 0],
							"post": [10, 0, 0],
							"lerp_mode": "catmullrom"
						},
						"0.2917": {
							"post": [-15.5, 0, 0],
							"lerp_mode": "catmullrom"
						},
						"0.9583": [-17.5, 0, 0],
						"1.25": [0, 0, 0]
					}
				},
				"jaw": {
					"rotation": {
						"0.0": [0, 0, 0],
						"0.1667": {
							"pre": [4.2, 0, 0],
							"post": [4.2, 0, 0],
							"lerp_mode": "catmullrom"
						},
						"0.25": {
							"post": [32.5, 0, 0],
							"lerp_mode": "catmullrom"
						},
						"0.9583": [35, 0, 0],
						"1.25": [0, 0, 0]
					}
				},
				"neck": {
					"rotation": {
						"0.0": [0, 0, 0],
						"0.0833": [5.5, 0, 0],
						"0.25": {
							"pre": [-9, 0, 0],
							"post": [-9, 0, 0],
							"lerp_mode": "catmullrom"
						},
						"0.7917": {
							"post": [-9, 0, 0],
							"lerp_mode": "catmullrom"
						},
						"1.25": [0, 0, 0]
					}
				},
				"leaves": {
					"rotation": {
						"0.0": [0, 0, 0],
						"0.1667": [0, 0, 0],
						"0.3333": [0, "0+math.cos(query.anim_time*90*3/2*10)*5", "0-math.cos(query.anim_time*90*3/2*10-60)*3"],
						"1.1667": [0, 0, 0]
					}
				},
				"neck2": {
					"rotation": {
						"0.0": [0, 0, 0],
						"0.0833": [-9, 0, 0],
						"0.2917": {
							"pre": [16, 0, 0],
							"post": [16, 0, 0],
							"lerp_mode": "catmullrom"
						},
						"0.8333": {
							"post": [16, 0, 0],
							"lerp_mode": "catmullrom"
						},
						"1.25": [0, 0, 0]
					}
				},
				"eyelid_left": {
					"position": {
						"0.0": [0, 0, 0],
						"0.0417": [0, 0, 0],
						"0.0833": [0.1, 0, 0],
						"0.1667": [0.1, 0, 0],
						"0.2083": [0, 0, 0]
					}
				},
				"eyelid_right": {
					"position": {
						"0.0": [0, 0, 0],
						"0.0417": [0, 0, 0],
						"0.0833": [-0.1, 0, 0],
						"0.1667": [-0.1, 0, 0],
						"0.2083": [0, 0, 0]
					}
				}
			},
			"sound_effects": {
				"0.0": {
					"effect": "pokemon.meganium.cry"
				}
			}
		},
		"animation.meganium.sleep": {
			"loop": true,
			"bones": {
				"neck": {
					"rotation": ["60+math.cos(query.anim_time*90*1-60)*1", 0, "math.cos(query.anim_time*90*1/2-60)*2"]
				},
				"leaves": {
					"rotation": ["-15+math.cos(query.anim_time*90*1)*1", 0, "0-math.cos(query.anim_time*90*1/2)*3"]
				},
				"leaf": {
					"rotation": ["20+math.cos(query.anim_time*90*1-60)*4", 0, 0]
				},
				"leaf_end": {
					"rotation": ["-35+math.cos(query.anim_time*90*1-120)*8", 0, 0]
				},
				"leaf2": {
					"rotation": ["-2.5+math.cos(query.anim_time*90*1-90)*4", 60, 0]
				},
				"leaf_end2": {
					"rotation": ["22.5+math.cos(query.anim_time*90*1-140)*6", 0, 0]
				},
				"leaf3": {
					"rotation": ["-2.5+math.cos(query.anim_time*90*1-90)*4", -60, 0]
				},
				"leaf_end3": {
					"rotation": ["22.5+math.cos(query.anim_time*90*1-140)*6", 0, 0]
				},
				"leaf4": {
					"rotation": ["-49.7377+math.cos(query.anim_time*90*1+120)*4", -46.71968, 35.9454]
				},
				"leaf_end4": {
					"rotation": ["-27.5+math.cos(query.anim_time*90*1+90)*6", 0, 0]
				},
				"leaf5": {
					"rotation": ["-49.7377+math.cos(query.anim_time*90*1+120)*4", 46.7197, -35.9454]
				},
				"leaf_end5": {
					"rotation": ["-27.5+math.cos(query.anim_time*90*1+90)*6", 0, 0]
				},
				"leaf6": {
					"rotation": ["-40+math.cos(query.anim_time*90*1+70)*4", 0, 0]
				},
				"leaf_end6": {
					"rotation": ["-27.5+math.cos(query.anim_time*90*1-60)*8", 0, 0]
				},
				"neck2": {
					"rotation": ["-47.5+math.cos(query.anim_time*90*1-120)*1", 0, 0]
				},
				"neck3": {
					"rotation": ["-10+math.cos(query.anim_time*90*1-160)*3/2", 0, 0],
					"position": [0, -0.1, 0]
				},
				"antenna_right": {
					"rotation": ["-0.5282+math.cos(query.anim_time*90*1-200)*5", 0, -11.11681]
				},
				"antenna_right2": {
					"rotation": ["-45+math.cos(query.anim_time*90*1-240)*3", 0, 0]
				},
				"antenna_right3": {
					"rotation": ["-82.7011+math.cos(query.anim_time*90*1-300)*5", 3.4553, -6.6607]
				},
				"antenna_right4": {
					"rotation": ["-40+math.cos(query.anim_time*90*1)*7", 0, 0]
				},
				"antenna_right5": {
					"rotation": ["-17.5+math.cos(query.anim_time*90*1-60)*10", 0, 0]
				},
				"antenna_right6": {
					"rotation": ["-5+math.cos(query.anim_time*90*1-120)*25", 0, 0]
				},
				"antenna_right7": {
					"rotation": ["2.5+math.cos(query.anim_time*90*1-180)*20", 0, 0]
				},
				"antenna_left": {
					"rotation": ["-0.5282+math.cos(query.anim_time*90*1-200)*5", 0, 11.1168]
				},
				"antenna_left2": {
					"rotation": ["-45+math.cos(query.anim_time*90*1-240)*3", 0, 0]
				},
				"antenna_left3": {
					"rotation": ["-82.7011+math.cos(query.anim_time*90*1-300)*5", -3.4553, 6.6607]
				},
				"antenna_left4": {
					"rotation": ["-40+math.cos(query.anim_time*90*1)*7", 0, 0]
				},
				"antenna_left5": {
					"rotation": ["-17.5+math.cos(query.anim_time*90*1-60)*10", 0, 0]
				},
				"antenna_left6": {
					"rotation": ["-5+math.cos(query.anim_time*90*1-120)*25", 0, 0]
				},
				"antenna_left7": {
					"rotation": ["2.5+math.cos(query.anim_time*90*1-180)*20", 0, 0]
				},
				"tail": {
					"rotation": ["-22.5+math.cos(query.anim_time*90*1-60)*3", "0+math.cos(query.anim_time*90*1/2-60)*3", 0]
				},
				"tail2": {
					"rotation": ["2.5+math.cos(query.anim_time*90*1-120)*3", "0+math.cos(query.anim_time*90*1/2-120)*6", 0]
				},
				"tail3": {
					"rotation": ["5+math.cos(query.anim_time*90*1-180)*5", "0+math.cos(query.anim_time*90*1/2-180)*6", 0]
				},
				"torso": {
					"rotation": ["0+math.cos(query.anim_time*90*1)*1/2", 0, "0+math.cos(query.anim_time*90*1/2)*1/2"],
					"position": [0, "0+math.sin(query.anim_time*90*1)*0.2", 0]
				},
				"body": {
					"position": [0, -8, 0]
				},
				"head": {
					"rotation": ["17.5+math.cos(query.anim_time*90*1-200)*3/2", 0, 0]
				},
				"leg_back_right": {
					"rotation": [31.03377, 5.95572, 70.85693]
				},
				"leg_back_right2": {
					"rotation": [20, 0, 0]
				},
				"leg_back_left": {
					"rotation": [31.03377, -5.9557, -70.8569]
				},
				"leg_back_left2": {
					"rotation": [20, 0, 0]
				},
				"leg_front_left": {
					"rotation": [-65.3671, -38.3667, -5.8035],
					"position": [0, 0, -2]
				},
				"leg_front_left2": {
					"rotation": [7.5, 0, 0]
				},
				"leg_front_right": {
					"rotation": [-65.3671, 38.36668, 5.80347],
					"position": [0, 0, -2]
				},
				"leg_front_right2": {
					"rotation": [7.5, 0, 0]
				},
				"eyelid_left": {
					"position": [0.1, 0, 0]
				},
				"eyelid_right": {
					"position": [-0.1, 0, 0]
				}
			}
		},
		"animation.meganium.blink": {
			"animation_length": 0.1667,
			"bones": {
				"eyelid_right": {
					"position": {
						"0.0": [-0.1, 0, 0],
						"0.125": [-0.1, 0, 0],
						"0.1667": [0, 0, 0]
					}
				},
				"eyelid_left": {
					"position": {
						"0.0": [0.1, 0, 0],
						"0.125": [0.1, 0, 0],
						"0.1667": [0, 0, 0]
					}
				}
			}
		}
	}
}