{
	"format_version": "1.8.0",
	"animations": {
		"animation.nidorino.ground_idle": {
			"loop": true,
			"bones": {
				"torso": {
					"rotation": ["math.sin((query.anim_time)*90)*1", 0, 0]
				},
				"jaw": {
					"rotation": ["math.clamp((math.sin(q.anim_time*90)*2-2),-10,0)", 0, 0]
				},
				"leg_front_left": {
					"rotation": ["math.sin((query.anim_time)*90)*1", 0, 0]
				},
				"leg_front_left2": {
					"rotation": ["math.sin((query.anim_time)*90)*-1", 0, 0],
					"position": [0, "math.sin((query.anim_time)*90)*-0.0123", "math.sin((query.anim_time)*90)*-0.0123"]
				},
				"leg_front_right": {
					"rotation": ["math.sin((query.anim_time)*90)*1", 0, 0]
				},
				"leg_front_right2": {
					"rotation": ["math.sin((query.anim_time)*90)*-1", 0, 0]
				},
				"leg_back_left": {
					"rotation": ["math.sin((query.anim_time)*90)*-1", 0, 0]
				},
				"leg_back_left2": {
					"rotation": ["math.sin((query.anim_time)*90)*1", 0, 0]
				},
				"leg_back_right": {
					"rotation": ["math.sin((query.anim_time)*90)*-1", 0, 0]
				},
				"leg_back_right2": {
					"rotation": ["math.sin((query.anim_time)*90)*1", 0, 0]
				},
				"leg_back_right3": {
					"rotation": [0, 0, 0]
				},
				"ear_left": {
					"rotation": [0, 0, "math.sin((query.anim_time)*90)*2"]
				},
				"ear_right": {
					"rotation": [0, "-math.sin((query.anim_time)*90)*2", 0]
				}
			}
		},
		"animation.nidorino.blink": {
			"animation_length": 1,
			"bones": {
				"eyelid": {
					"position": [0, 0, 0]
				},
				"eyelid_left": {
					"position": {
						"0.0": [0, 0, 0],
						"0.4167": [0.085, 0, 0],
						"1.0": [0, 0, 0]
					}
				},
				"eyelid_right": {
					"position": {
						"0.0": [0, 0, 0],
						"0.4167": [-0.085, 0, 0],
						"1.0": [0, 0, 0]
					}
				}
			}
		}
	},
	"geckolib_format_version": 2
}