{
	"format_version": "1.8.0",
	"animations": {
		"animation.marshtomp.ground_idle": {
			"loop": true,
			"bones": {
				"arm_left": {
					"rotation": [0, 0, 55]
				},
				"forearm_left": {
					"rotation": [0, 0, 15]
				},
				"arm_right": {
					"rotation": [0, 0, -55]
				},
				"forearm_right": {
					"rotation": [0, 0, -15]
				},
				"tail_fin_right": {
					"rotation": [0, -30, 0]
				},
				"tail_fin_left": {
					"rotation": [0, 30, 0]
				}
			}
		},
		"animation.marshtomp.water_idle": {
			"loop": true,
			"bones": {
				"head": {
					"rotation": [-25, 0, 0]
				},
				"arm_left": {
					"rotation": [15, 15, 45]
				},
				"forearm_left": {
					"rotation": [0, 0, 15]
				},
				"arm_right": {
					"rotation": [15, -15, -45]
				},
				"forearm_right": {
					"rotation": [0, 0, -15]
				},
				"tail_fin_right": {
					"rotation": [0, -30, 0]
				},
				"tail_fin_left": {
					"rotation": [0, 30, 0]
				},
				"leg_left": {
					"rotation": [0, 0, -15]
				},
				"leg_right": {
					"rotation": [0, 0, 15]
				},
				"body": {
					"rotation": [30, 0, 0]
				}
			}
		},
		"animation.marshtomp.water_swim": {
			"loop": true,
			"bones": {
				"head": {
					"rotation": [-55, 0, 0]
				},
				"arm_left": {
					"rotation": [15, -5, 55]
				},
				"forearm_left": {
					"rotation": [0, 0, 15]
				},
				"arm_right": {
					"rotation": [15, 5, -55]
				},
				"forearm_right": {
					"rotation": [0, 0, -15]
				},
				"tail_fin_right": {
					"rotation": [-15, -45, 0]
				},
				"tail_fin_left": {
					"rotation": [-15, 45, 0]
				},
				"leg_left": {
					"rotation": [5, 0, -5]
				},
				"leg_right": {
					"rotation": [5, 0, 5]
				},
				"body": {
					"rotation": [60, 0, 0]
				},
				"atenna_left": {
					"rotation": [0, -15, 0]
				},
				"atenna_right": {
					"rotation": [0, 15, 0]
				}
			}
		},
		"animation.marshtomp.blink": {
			"animation_length": 0.16667,
			"bones": {
				"eyelid_left": {
					"position": {
						"0.0": [0, 0, -0.1],
						"0.125": [0, 0, -0.1],
						"0.1667": [0, 0, 0]
					}
				},
				"eyelid_right": {
					"position": {
						"0.0": [0, 0, -0.1],
						"0.125": [0, 0, -0.1],
						"0.1667": [0, 0, 0]
					}
				}
			}
		},
		"animation.marshtomp.cry": {
			"animation_length": 0.95833,
			"bones": {
				"head": {
					"rotation": {
						"0.0": {
							"post": [0, 0, 0],
							"lerp_mode": "catmullrom"
						},
						"0.125": {
							"post": [-5, 0, 0],
							"lerp_mode": "catmullrom"
						},
						"0.375": {
							"post": [-2.5, 0, 0],
							"lerp_mode": "catmullrom"
						},
						"0.6667": {
							"post": [-7.5, 0, 0],
							"lerp_mode": "catmullrom"
						},
						"0.9583": {
							"post": [0, 0, 0],
							"lerp_mode": "catmullrom"
						}
					}
				}
			},
			"sound_effects": {
				"0.0417": {
					"effect": "pokemon.marshtomp.cry"
				}
			}
		}
	}
}