{
	"format_version": "1.8.0",
	"animations": {
		"animation.lapras.ground_idle": {
			"loop": true,
			"bones": {
				"body": {
					"rotation": ["-math.clamp(math.sin(q.anim_time*90*2)*0.25,0,2)-math.clamp(math.sin(q.anim_time*90*2)*0.25,-2,0)", 0, 0],
					"position": [0, 0, 0]
				},
				"neck": {
					"rotation": ["0.5-math.clamp(math.sin(q.anim_time*90*2+25)*2,0,2)-math.clamp(math.sin(q.anim_time*90*2+25)*4,-5,0)", 0, 0]
				},
				"tail1": {
					"rotation": [
						"-5+2*(math.clamp(math.sin(q.anim_time*90*2-25)*1,0,2)+math.clamp(math.sin(q.anim_time*90*2-25)*1,-2,0)+2*(math.sin(q.anim_time*90*2)*1)+2*(math.sin(q.anim_time*90*2/3)*1))",
						0,
						0
					]
				},
				"tail2": {
					"rotation": [
						"5-2*(math.clamp(math.sin(q.anim_time*90*2+45)*1,0,2)+math.clamp(math.sin(q.anim_time*90*2+45)*1,-2,0)+2*(math.sin(q.anim_time*90*2+45)*1)+2*(math.sin(q.anim_time*90*2/3+45)*1))",
						0,
						0
					]
				},
				"flipper_back_right1": {
					"rotation": [0, 10, "-12.5+math.sin(q.anim_time*90*2/3+90)*2"]
				},
				"flipper_back_left1": {
					"rotation": [0, -10, "12.5-math.sin(q.anim_time*90*2/3+90)*2"]
				},
				"flipper_back_left2": {
					"rotation": [
						0,
						0,
						"-12.5+math.clamp(math.sin(q.anim_time*90*2+90)*1.5,0,1)+math.clamp(math.sin(q.anim_time*90*2+90)*2.5,0,6)+math.clamp(math.sin(q.anim_time*90*2+90)*1.5,-1,0)+math.clamp(math.sin(q.anim_time*90*2+90)*2,-4,-0)"
					]
				},
				"flipper_front_right1": {
					"rotation": [0, -10, "-10+math.sin(q.anim_time*90*2/3+90)*1"]
				},
				"flipper_front_right2": {
					"rotation": [
						0,
						0,
						"10-math.clamp(math.sin(q.anim_time*90*2+90)*1.5,0,1)-math.clamp(math.sin(q.anim_time*90*2+90)*2.5,0,6)-math.clamp(math.sin(q.anim_time*90*2+90)*1.5,-1,0)-math.clamp(math.sin(q.anim_time*90*2+90)*2,-4,-0)"
					]
				},
				"flipper_front_left1": {
					"rotation": [0, 10, "10-math.sin(q.anim_time*90*2/3+90)*1"]
				},
				"flipper_front_left2": {
					"rotation": [
						0,
						0,
						"-10+math.clamp(math.sin(q.anim_time*90*2+90)*1.5,0,1)+math.clamp(math.sin(q.anim_time*90*2+90)*2.5,0,6)+math.clamp(math.sin(q.anim_time*90*2+90)*1.5,-1,0)+math.clamp(math.sin(q.anim_time*90*2+90)*2,-4,-0)"
					]
				},
				"neck2": {
					"rotation": ["math.clamp(math.sin(q.anim_time*90*1)*4,0,4)-math.clamp(math.sin(q.anim_time*90*1)*2,-5,0)", 0, 0]
				},
				"flipper_back_right2": {
					"rotation": [
						0,
						0,
						"12.5-math.clamp(math.sin(q.anim_time*90*2+90)*1.5,0,1)-math.clamp(math.sin(q.anim_time*90*2+90)*2.5,0,6)-math.clamp(math.sin(q.anim_time*90*2+90)*1.5,-1,0)-math.clamp(math.sin(q.anim_time*90*2+90)*2,-4,-0)"
					]
				},
				"head": {
					"rotation": [
						"-math.clamp(math.sin(q.anim_time*90*1)*4,0,4)+math.clamp(math.sin(q.anim_time*90*1)*2,-5,0)+math.clamp(math.sin(q.anim_time*90*2+25)*2,0,2)+math.clamp(math.sin(q.anim_time*90*2+25)*4,-5,0)",
						0,
						0
					]
				}
			}
		},
		"animation.lapras.ground_walk": {
			"loop": true,
			"bones": {
				"body": {
					"rotation": ["-math.clamp(math.sin(q.anim_time*90*2)*0.25,0,2)-math.clamp(math.sin(q.anim_time*90*2)*0.25,-2,0)", 0, 0],
					"position": [
						0,
						"0.5*(-math.clamp(math.sin(q.anim_time*90*2*1+145)*0.6,0,0.6)-math.clamp(math.sin(q.anim_time*90*2*1+125)*0.5,0,0.2)-math.clamp(math.sin(q.anim_time*90*2*1+125)*0.5,-0.3,0)-math.clamp(math.sin(q.anim_time*90*2*1+145)*0.2,-0.5,0))+0.35",
						"10+5*(-math.clamp(math.sin(q.anim_time*90*2*1-30)*1,1,1)-math.clamp(math.sin(q.anim_time*90*2*1-30)*1,1,1)+math.clamp(math.sin(q.anim_time*90*2*1-90+180)*1,-0.25,1))"
					]
				},
				"neck": {
					"rotation": ["2-math.clamp(math.sin(q.anim_time*90*2+180)*3,0,40)-math.clamp(math.sin(q.anim_time*90*2+180)*5,-40,0)", 0, 0]
				},
				"tail1": {
					"rotation": [
						"2*(math.clamp(math.sin(q.anim_time*90*2-60)*1,0,2)+math.clamp(math.sin(q.anim_time*90*2-60)*1,-2,0)+2*(math.sin(q.anim_time*90*2-60)*1)+2*(math.sin(q.anim_time*90*2-60)*1))",
						0,
						0
					]
				},
				"tail2": {
					"rotation": [
						"-2*(math.clamp(math.sin(q.anim_time*90*2+45)*1,0,2)+math.clamp(math.sin(q.anim_time*90*2+45)*1,-2,0)+2*(math.sin(q.anim_time*90*2+45)*1)+2*(math.sin(q.anim_time*90*2+45)*1))",
						0,
						0
					]
				},
				"flipper_back_right1": {
					"rotation": [
						0,
						"10+math.clamp(math.sin(q.anim_time*90*2+90+180+20)*35,0,30)+math.clamp(math.sin(q.anim_time*90*2+90+180+20)*30,-15,0)+math.clamp(math.sin(q.anim_time*90*2+90+180+20)*25,-20,0)",
						"-12.5-math.clamp(math.sin(q.anim_time*90*2-180+180+20)*8,0,5)-math.clamp(math.sin(q.anim_time*90*2-180+180+20)*10,-20,0)"
					]
				},
				"flipper_back_left1": {
					"rotation": [
						0,
						"-10-math.clamp(math.sin(q.anim_time*90*2+90+20+180)*35,0,30)-math.clamp(math.sin(q.anim_time*90*2+90+20+180)*30,-15,0)-math.clamp(math.sin(q.anim_time*90*2+90-10+180)*25,-20,0)",
						"12.5+math.clamp(math.sin(q.anim_time*90*2-180*2+20)*8,0,5)+math.clamp(math.sin(q.anim_time*90*2-180*2+20)*10,-20,0)"
					]
				},
				"flipper_back_left2": {
					"rotation": [
						0,
						0,
						"-10+math.clamp(math.sin(q.anim_time*90*2+90-180)*12,0,12)+math.clamp(math.sin(q.anim_time*90*2+90+180)*1.5,0,1)+math.clamp(math.sin(q.anim_time*90*2+90+180)*2.5,0,6)+math.clamp(math.sin(q.anim_time*90*2+90+180)*1.5,-1,0)+math.clamp(math.sin(q.anim_time*90*2+90+180)*2,-4,-0)"
					]
				},
				"flipper_front_right1": {
					"rotation": [
						"-math.clamp(math.sin(q.anim_time*90*1-120+180*0)*-10,-42,0)-math.clamp(math.sin(q.anim_time*90*1-120+180*1)*-10,-42,0)+math.clamp(math.sin(q.anim_time*90*2+120+180*0)*-10,-42,0)",
						"(10-math.clamp(math.sin(q.anim_time*90*2+90+180*1)*32,-15,32)-math.clamp(math.sin(q.anim_time*90*2+90+180*1)*60,-20,0)-math.clamp(math.sin(q.anim_time*90*2+90+180*1)*20,-15,0)-math.clamp(math.sin(q.anim_time*90*2+90+180*1)*15,-15,0))*-0.8",
						"-15+math.clamp(math.sin(q.anim_time*90*2-45+180*1)*20,0,30)+math.clamp(math.sin(q.anim_time*90*2-25+180*1)*7,-2,0)-math.clamp(math.sin(q.anim_time*90*2-25+180*1)*1,-2,0)+(math.clamp(math.sin(q.anim_time*90*2+70+180*1)*1,-1,-0.8)*1+0.8)*40"
					]
				},
				"flipper_front_right2": {
					"rotation": [
						0,
						0,
						"7.5+math.clamp(math.sin(q.anim_time*90*2+90-150)*12,0,12)-math.clamp(math.sin(q.anim_time*90*2+90+180)*1.5,0,1)+math.clamp(math.sin(q.anim_time*90*2+90+180)*2,0,6)-math.clamp(math.sin(q.anim_time*90*2+90+180)*1.5,-1,0)+math.clamp(math.sin(q.anim_time*90*2+90+180)*10,-10,-0)-(math.clamp(math.sin(q.anim_time*90*2+70+180)*1,-1,-0.8)*1+0.8)*40"
					]
				},
				"flipper_front_left1": {
					"rotation": [
						"-math.clamp(math.sin(q.anim_time*90*1-120)*-10,-42,0)-math.clamp(math.sin(q.anim_time*90*1-120+180)*-10,-42,0)+math.clamp(math.sin(q.anim_time*90*2+120)*-10,-42,0)",
						"(10-math.clamp(math.sin(q.anim_time*90*2+90+180)*32,-15,32)-math.clamp(math.sin(q.anim_time*90*2+90+180)*60,-20,0)-math.clamp(math.sin(q.anim_time*90*2+90+180)*20,-15,0)-math.clamp(math.sin(q.anim_time*90*2+90+180)*15,-15,0))*0.8",
						"15-math.clamp(math.sin(q.anim_time*90*2-45+180)*20,0,30)-math.clamp(math.sin(q.anim_time*90*2-25+180)*7,-2,0)+math.clamp(math.sin(q.anim_time*90*2-25+180)*1,-2,0)-(math.clamp(math.sin(q.anim_time*90*2+70+180)*1,-1,-0.8)*1+0.8)*40"
					]
				},
				"flipper_front_left2": {
					"rotation": [
						0,
						0,
						"-7.5-math.clamp(math.sin(q.anim_time*90*2+90-150)*12,0,12)+math.clamp(math.sin(q.anim_time*90*2+90+180)*1.5,0,1)-math.clamp(math.sin(q.anim_time*90*2+90+180)*2,0,6)+math.clamp(math.sin(q.anim_time*90*2+90+180)*1.5,-1,0)-math.clamp(math.sin(q.anim_time*90*2+90+180)*10,-10,-0)+(math.clamp(math.sin(q.anim_time*90*2+70+180)*1,-1,-0.8)*1+0.8)*40"
					]
				},
				"neck2": {
					"rotation": ["5*(-math.clamp(math.sin(q.anim_time*90*2-25+180)*0.2,0,2)-math.clamp(math.sin(q.anim_time*90*2-25+180)*0.5,-2,0))+1", 0, 0]
				},
				"flipper_back_right2": {
					"rotation": [
						0,
						0,
						"10-math.clamp(math.sin(q.anim_time*90*2+90-180)*12,0,12)-math.clamp(math.sin(q.anim_time*90*2+90+180)*1.5,0,1)-math.clamp(math.sin(q.anim_time*90*2+90+180)*2.5,0,6)-math.clamp(math.sin(q.anim_time*90*2+90+180)*1.5,-1,0)-math.clamp(math.sin(q.anim_time*90*2+90+180)*2,-4,-0)"
					]
				},
				"head": {
					"rotation": [
						"-0.5*(2-math.clamp(math.sin(q.anim_time*90*2+180)*3,0,40)-math.clamp(math.sin(q.anim_time*90*2+180)*5,-40,0)+5*(-math.clamp(math.sin(q.anim_time*90*2-25+180)*0.2,0,2)-math.clamp(math.sin(q.anim_time*90*2-25+180)*0.5,-2,0))+1)",
						0,
						0
					]
				}
			}
		},
		"animation.lapras.water_idle": {
			"loop": true,
			"bones": {
				"body": {
					"rotation": ["-math.clamp(math.sin(q.anim_time*90*2)*2,0,2)-math.clamp(math.sin(q.anim_time*90*2)*2,-2,0)", 0, 0],
					"position": [0, "-math.clamp(math.sin(q.anim_time*90*2-45)*0.25,0,5)-math.clamp(math.sin(q.anim_time*90*2-45)*0.5,-3,0)-0.5", 0]
				},
				"neck": {
					"rotation": ["0.5-math.clamp(math.sin(q.anim_time*90*2+25)*0.5,0,2)-math.clamp(math.sin(q.anim_time*90*2+25)*1.5,-2,0)", 0, 0]
				},
				"tail1": {
					"rotation": [
						"-5+2*(math.clamp(math.sin(q.anim_time*90*2-25)*1,0,2)+math.clamp(math.sin(q.anim_time*90*2-25)*1,-2,0)+2*(math.sin(q.anim_time*90*2)*1)+2*(math.sin(q.anim_time*90*2/3)*1))",
						0,
						0
					]
				},
				"tail2": {
					"rotation": [
						"-2*(math.clamp(math.sin(q.anim_time*90*2+45)*1,0,2)+math.clamp(math.sin(q.anim_time*90*2+45)*1,-2,0)+2*(math.sin(q.anim_time*90*2+45)*1)+2*(math.sin(q.anim_time*90*2/3+45)*1))",
						0,
						0
					]
				},
				"flipper_back_right1": {
					"rotation": [
						"math.clamp(math.sin(q.anim_time*90*2)*2,0,2)+math.clamp(math.sin(q.anim_time*90*2)*2,-2,0)",
						"-1*(math.clamp(math.sin(q.anim_time*90*2)*1.5,0,1)+math.clamp(math.sin(q.anim_time*90*2)*2.5,0,6)+math.clamp(math.sin(q.anim_time*90*2)*1.5,-1,0)+math.clamp(math.sin(q.anim_time*90*2)*2,-4,-0)-10)",
						"-10+math.sin(q.anim_time*90*2/3+90)*6"
					]
				},
				"flipper_back_left1": {
					"rotation": [
						"math.clamp(math.sin(q.anim_time*90*2)*2,0,2)+math.clamp(math.sin(q.anim_time*90*2)*2,-2,0)",
						"1*(math.clamp(math.sin(q.anim_time*90*2)*1.5,0,1)+math.clamp(math.sin(q.anim_time*90*2)*2.5,0,6)+math.clamp(math.sin(q.anim_time*90*2)*1.5,-1,0)+math.clamp(math.sin(q.anim_time*90*2)*2,-4,-0)-10)",
						"10-math.sin(q.anim_time*90*2/3+90)*6"
					]
				},
				"flipper_back_left2": {
					"rotation": [
						0,
						0,
						"5+math.clamp(math.sin(q.anim_time*90*2+90)*1.5,0,1)+math.clamp(math.sin(q.anim_time*90*2+90)*2.5,0,6)+math.clamp(math.sin(q.anim_time*90*2+90)*1.5,-1,0)+math.clamp(math.sin(q.anim_time*90*2+90)*2,-4,-0)"
					]
				},
				"flipper_front_right1": {
					"rotation": [
						"math.clamp(math.sin(q.anim_time*90*2)*2,0,2)+math.clamp(math.sin(q.anim_time*90*2)*2,-2,0)",
						"-1*(math.clamp(math.sin(q.anim_time*90*2-90)*1.5,0,1)+math.clamp(math.sin(q.anim_time*90*2-90)*2.5,0,6)+math.clamp(math.sin(q.anim_time*90*2-90)*1.5,-1,0)+math.clamp(math.sin(q.anim_time*90*2-90)*2,-4,-0)+10)",
						"-10+math.sin(q.anim_time*90*2/3+90)*6"
					]
				},
				"flipper_front_right2": {
					"rotation": [
						0,
						0,
						"-5-math.clamp(math.sin(q.anim_time*90*2+90)*1.5,0,1)-math.clamp(math.sin(q.anim_time*90*2+90)*2.5,0,6)-math.clamp(math.sin(q.anim_time*90*2+90)*1.5,-1,0)-math.clamp(math.sin(q.anim_time*90*2+90)*2,-4,-0)"
					]
				},
				"flipper_front_left1": {
					"rotation": [
						"math.clamp(math.sin(q.anim_time*90*2)*2,0,2)+math.clamp(math.sin(q.anim_time*90*2)*2,-2,0)",
						"math.clamp(math.sin(q.anim_time*90*2-90)*1.5,0,1)+math.clamp(math.sin(q.anim_time*90*2-90)*2.5,0,6)+math.clamp(math.sin(q.anim_time*90*2-90)*1.5,-1,0)+math.clamp(math.sin(q.anim_time*90*2-90)*2,-4,-0)+10",
						"10-math.sin(q.anim_time*90*2/3+90)*6"
					]
				},
				"flipper_front_left2": {
					"rotation": [
						0,
						0,
						"5+math.clamp(math.sin(q.anim_time*90*2+90)*1.5,0,1)+math.clamp(math.sin(q.anim_time*90*2+90)*2.5,0,6)+math.clamp(math.sin(q.anim_time*90*2+90)*1.5,-1,0)+math.clamp(math.sin(q.anim_time*90*2+90)*2,-4,-0)"
					]
				},
				"neck2": {
					"rotation": ["2.5-math.clamp(math.sin(q.anim_time*90*2+25)*1,0,2)-math.clamp(math.sin(q.anim_time*90*2+25)*0.5,-2,0)", 0, 0]
				},
				"flipper_back_right2": {
					"rotation": [
						0,
						0,
						"-1*(5+math.clamp(math.sin(q.anim_time*90*2+90)*1.5,0,1)+math.clamp(math.sin(q.anim_time*90*2+90)*2.5,0,6)+math.clamp(math.sin(q.anim_time*90*2+90)*1.5,-1,0)+math.clamp(math.sin(q.anim_time*90*2+90)*2,-4,-0))"
					]
				},
				"head": {
					"rotation": ["math.clamp(math.sin(q.anim_time*90*2+25)*1.5,0,2)+math.clamp(math.sin(q.anim_time*90*2+25)*1.5,-2,0)", 0, 0]
				}
			}
		},
		"animation.lapras.water_swim": {
			"loop": true,
			"bones": {
				"body": {
					"rotation": ["-math.clamp(math.sin(q.anim_time*90*2-180)*2,0,2)-math.clamp(math.sin(q.anim_time*90*2-180)*2,-2,0)", 0, 0],
					"position": [
						0,
						"-math.clamp(math.sin(q.anim_time*90*2-45)*0.25,0,5)-math.clamp(math.sin(q.anim_time*90*2-45)*0.5,-3,0)-0.5",
						"-math.clamp(math.sin(q.anim_time*90*2-45)*1,0,5)-math.clamp(math.sin(q.anim_time*90*2-45)*1,-3,0)"
					]
				},
				"neck": {
					"rotation": ["math.clamp(math.sin(q.anim_time*90*2-90)*5,0,5)+math.clamp(math.sin(q.anim_time*90*2-90)*3,-3,0)+5", 0, 0]
				},
				"head_angle": {
					"rotation": [15, 0, 0]
				},
				"tail1": {
					"rotation": [
						"2*(math.clamp(math.sin(q.anim_time*90*2-25)*1,0,2)+math.clamp(math.sin(q.anim_time*90*2-25)*1,-2,0)+2*(math.sin(q.anim_time*90*2)*1)+2*(math.sin(q.anim_time*90*2/3)*1))",
						0,
						0
					]
				},
				"tail2": {
					"rotation": [
						"-2*(math.clamp(math.sin(q.anim_time*90*2+45)*1,0,2)+math.clamp(math.sin(q.anim_time*90*2+45)*1,-2,0)+2*(math.sin(q.anim_time*90*2+45)*1)+2*(math.sin(q.anim_time*90*2/3+45)*1))",
						0,
						0
					]
				},
				"flipper_back_right1": {
					"rotation": [
						"math.clamp(math.sin(q.anim_time*90*1)*2,0,10)-math.clamp(math.sin(q.anim_time*90*1)*2,-10,0)-math.clamp(math.sin(q.anim_time*90*2)*5,-10,0)",
						"-1*(math.clamp(math.sin(q.anim_time*90*2-90-25)*4,0,5)+math.clamp(math.sin(q.anim_time*90*2-90-45)*8,-2,8)+math.clamp(math.sin(q.anim_time*90*2-75-45)*15/2,-15,0)+math.clamp(math.sin(q.anim_time*90*2-90)*5,-10,-0)-10)",
						"-1*(-math.clamp(math.sin(q.anim_time*90*2-45)*5,0,10)-math.clamp(math.sin(q.anim_time*90*2-45)*15,-20,0)+5)"
					]
				},
				"flipper_back_left1": {
					"rotation": [
						"math.clamp(math.sin(q.anim_time*90*1)*2,0,10)-math.clamp(math.sin(q.anim_time*90*1)*2,-10,0)-math.clamp(math.sin(q.anim_time*90*2)*5,-10,0)",
						"math.clamp(math.sin(q.anim_time*90*2-90-25)*4,0,5)+math.clamp(math.sin(q.anim_time*90*2-90-45)*8,-2,8)+math.clamp(math.sin(q.anim_time*90*2-75-45)*15/2,-15,0)+math.clamp(math.sin(q.anim_time*90*2-90)*5,-10,-0)-10",
						"-math.clamp(math.sin(q.anim_time*90*2-45)*5,0,10)-math.clamp(math.sin(q.anim_time*90*2-45)*15,-20,0)+5"
					]
				},
				"flipper_back_left2": {
					"rotation": [
						0,
						0,
						"5+math.clamp(math.sin(q.anim_time*90*2+90)*1.5,0,1)+math.clamp(math.sin(q.anim_time*90*2+45)*10,0,20)+math.clamp(math.sin(q.anim_time*90*2+90)*1.5,-1,0)+math.clamp(math.sin(q.anim_time*90*2+90)*2,-4,-0)"
					]
				},
				"flipper_front_right1": {
					"rotation": [
						"math.clamp(math.sin(q.anim_time*90*1)*8,0,10)-math.clamp(math.sin(q.anim_time*90*1)*8,-10,0)-math.clamp(math.sin(q.anim_time*90*2)*4,-10,0)",
						"-1*(math.clamp(math.sin(q.anim_time*90*2-90)*4,0,5)+math.clamp(math.sin(q.anim_time*90*2-90)*8,-2,7)+math.clamp(math.sin(q.anim_time*90*2-75)*15,-15,0)+math.clamp(math.sin(q.anim_time*90*2-90)*5,-10,-0)+10)",
						"-10+math.sin(q.anim_time*90*2)*6"
					]
				},
				"flipper_front_right2": {
					"rotation": [
						0,
						0,
						"-5-math.clamp(math.sin(q.anim_time*90*2+90)*1.5,0,1)-math.clamp(math.sin(q.anim_time*90*2+90)*2.5,0,6)-math.clamp(math.sin(q.anim_time*90*2+90)*1.5,-1,0)-math.clamp(math.sin(q.anim_time*90*2+90)*2,-4,-0)"
					]
				},
				"flipper_front_left1": {
					"rotation": [
						"math.clamp(math.sin(q.anim_time*90*1)*8,0,10)-math.clamp(math.sin(q.anim_time*90*1)*8,-10,0)-math.clamp(math.sin(q.anim_time*90*2)*4,-10,0)",
						"math.clamp(math.sin(q.anim_time*90*2-90)*4,0,5)+math.clamp(math.sin(q.anim_time*90*2-90)*8,-2,7)+math.clamp(math.sin(q.anim_time*90*2-75)*15,-15,0)+math.clamp(math.sin(q.anim_time*90*2-90)*5,-10,-0)+10",
						"10-math.sin(q.anim_time*90*2)*6"
					]
				},
				"flipper_front_left2": {
					"rotation": [
						0,
						0,
						"5+math.clamp(math.sin(q.anim_time*90*2+90)*1.5,0,1)+math.clamp(math.sin(q.anim_time*90*2+45)*10,0,20)+math.clamp(math.sin(q.anim_time*90*2+90)*1.5,-1,0)+math.clamp(math.sin(q.anim_time*90*2+90)*2,-4,-0)"
					]
				},
				"neck2": {
					"rotation": ["math.clamp(math.sin(q.anim_time*90*2+45)*5,0,5)+math.clamp(math.sin(q.anim_time*90*2+45)*3,-3,0)+5", 0, 0]
				},
				"flipper_back_right2": {
					"rotation": [
						0,
						0,
						"-1*(5+math.clamp(math.sin(q.anim_time*90*2+90)*1.5,0,1)+math.clamp(math.sin(q.anim_time*90*2+45)*10,0,20)+math.clamp(math.sin(q.anim_time*90*2+90)*1.5,-1,0)+math.clamp(math.sin(q.anim_time*90*2+90)*2,-4,-0))"
					]
				},
				"head": {
					"rotation": ["-math.clamp(math.sin(q.anim_time*90*2-90)*5,0,5)-math.clamp(math.sin(q.anim_time*90*2-90)*3,-3,0)+5", 0, 0]
				},
				"head_correction": {
					"rotation": [-15, 0, 0]
				}
			}
		},
		"animation.lapras.underwater_idle": {
			"loop": true,
			"bones": {
				"body": {
					"rotation": ["-math.clamp(math.sin(q.anim_time*90*2)*1,0,2)-math.clamp(math.sin(q.anim_time*90*2)*1,-2,0)", 0, 0],
					"position": [0, "math.clamp(-math.sin(q.anim_time*90*2+45)*0.2,-50,0)+math.clamp(-math.sin(q.anim_time*90*2+45)*0.2,0,5)", 0]
				},
				"neck": {
					"rotation": [77.5, 0, 0]
				},
				"head_angle": {
					"rotation": [10, 0, 0]
				},
				"tail1": {
					"rotation": [
						"2*(math.clamp(math.sin(q.anim_time*90*2-25)*1,0,2)+math.clamp(math.sin(q.anim_time*90*2-25)*1,-2,0)+2*(math.sin(q.anim_time*90*2)*1)+2*(math.sin(q.anim_time*90*2/3)*1))",
						0,
						0
					]
				},
				"tail2": {
					"rotation": [
						"-2*(math.clamp(math.sin(q.anim_time*90*2+45)*1,0,2)+math.clamp(math.sin(q.anim_time*90*2+45)*1,-2,0)+2*(math.sin(q.anim_time*90*2+45)*1)+2*(math.sin(q.anim_time*90*2/3+45)*1))",
						0,
						0
					]
				},
				"flipper_back_right1": {
					"rotation": [
						"math.clamp(math.sin(q.anim_time*90*2)*2,0,2)+math.clamp(math.sin(q.anim_time*90*2)*2,-2,0)",
						"-1*(math.clamp(math.sin(q.anim_time*90*2)*1.5,0,1)+math.clamp(math.sin(q.anim_time*90*2)*2.5,0,6)+math.clamp(math.sin(q.anim_time*90*2)*1.5,-1,0)+math.clamp(math.sin(q.anim_time*90*2)*2,-4,-0)-10)",
						"-10+math.sin(q.anim_time*90*2/3+90)*6"
					]
				},
				"flipper_back_left1": {
					"rotation": [
						"math.clamp(math.sin(q.anim_time*90*2)*2,0,2)+math.clamp(math.sin(q.anim_time*90*2)*2,-2,0)",
						"1*(math.clamp(math.sin(q.anim_time*90*2)*1.5,0,1)+math.clamp(math.sin(q.anim_time*90*2)*2.5,0,6)+math.clamp(math.sin(q.anim_time*90*2)*1.5,-1,0)+math.clamp(math.sin(q.anim_time*90*2)*2,-4,-0)-10)",
						"10-math.sin(q.anim_time*90*2/3+90)*6"
					]
				},
				"flipper_back_left2": {
					"rotation": [
						0,
						0,
						"5+math.clamp(math.sin(q.anim_time*90*2+90)*1.5,0,1)+math.clamp(math.sin(q.anim_time*90*2+90)*2.5,0,6)+math.clamp(math.sin(q.anim_time*90*2+90)*1.5,-1,0)+math.clamp(math.sin(q.anim_time*90*2+90)*2,-4,-0)"
					]
				},
				"flipper_front_right1": {
					"rotation": [
						"math.clamp(math.sin(q.anim_time*90*2)*2,0,2)+math.clamp(math.sin(q.anim_time*90*2)*2,-2,0)",
						"-1*(math.clamp(math.sin(q.anim_time*90*2-90)*1.5,0,1)+math.clamp(math.sin(q.anim_time*90*2-90)*2.5,0,6)+math.clamp(math.sin(q.anim_time*90*2-90)*1.5,-1,0)+math.clamp(math.sin(q.anim_time*90*2-90)*2,-4,-0)+10)",
						"-10+math.sin(q.anim_time*90*2/3+90)*6"
					]
				},
				"flipper_front_right2": {
					"rotation": [
						0,
						0,
						"-5-math.clamp(math.sin(q.anim_time*90*2+90)*1.5,0,1)-math.clamp(math.sin(q.anim_time*90*2+90)*2.5,0,6)-math.clamp(math.sin(q.anim_time*90*2+90)*1.5,-1,0)-math.clamp(math.sin(q.anim_time*90*2+90)*2,-4,-0)"
					]
				},
				"flipper_front_left1": {
					"rotation": [
						"math.clamp(math.sin(q.anim_time*90*2)*2,0,2)+math.clamp(math.sin(q.anim_time*90*2)*2,-2,0)",
						"math.clamp(math.sin(q.anim_time*90*2-90)*1.5,0,1)+math.clamp(math.sin(q.anim_time*90*2-90)*2.5,0,6)+math.clamp(math.sin(q.anim_time*90*2-90)*1.5,-1,0)+math.clamp(math.sin(q.anim_time*90*2-90)*2,-4,-0)+10",
						"10-math.sin(q.anim_time*90*2/3+90)*6"
					]
				},
				"flipper_front_left2": {
					"rotation": [
						0,
						0,
						"5+math.clamp(math.sin(q.anim_time*90*2+90)*1.5,0,1)+math.clamp(math.sin(q.anim_time*90*2+90)*2.5,0,6)+math.clamp(math.sin(q.anim_time*90*2+90)*1.5,-1,0)+math.clamp(math.sin(q.anim_time*90*2+90)*2,-4,-0)"
					]
				},
				"neck2": {
					"rotation": [7.5, 0, 0]
				},
				"head": {
					"rotation": ["math.clamp(math.sin(q.anim_time*90*2+25)*2,0,2)+math.clamp(math.sin(q.anim_time*90*2+25)*2,-2,0)-75", 0, 0]
				},
				"head_correction": {
					"rotation": [-10, 0, 0]
				},
				"flipper_back_right2": {
					"rotation": [
						0,
						0,
						"-5-math.clamp(math.sin(q.anim_time*90*2+90)*1.5,0,1)-math.clamp(math.sin(q.anim_time*90*2+90)*2.5,0,6)-math.clamp(math.sin(q.anim_time*90*2+90)*1.5,-1,0)-math.clamp(math.sin(q.anim_time*90*2+90)*2,-4,-0)"
					]
				}
			}
		},
		"animation.lapras.underwater_swim": {
			"loop": true,
			"bones": {
				"body": {
					"rotation": ["-math.clamp(math.sin(q.anim_time*90*2)*1,0,2)-math.clamp(math.sin(q.anim_time*90*2)*4,-5,0)", 0, 0],
					"position": [
						0,
						"math.clamp(-math.sin(q.anim_time*90*2+45)*0.5,-50,0)+math.clamp(-math.sin(q.anim_time*90*2+45)*0.5,0,5)",
						"math.clamp(math.sin(q.anim_time*90*2)*2,0,5)+math.clamp(math.sin(q.anim_time*90*2)*2,-3,0)"
					]
				},
				"neck": {
					"rotation": ["math.clamp(math.sin(q.anim_time*90*2-90)*5,0,5)+math.clamp(math.sin(q.anim_time*90*2-90)*3,-3,0)+77.5", 0, 0]
				},
				"head_angle": {
					"rotation": [10, 0, 0]
				},
				"tail1": {
					"rotation": ["-10-math.clamp(math.sin(q.anim_time*90*2-75)*10,0,30)-math.clamp(math.sin(q.anim_time*90*2-75)*20,-50,0)", 0, 0]
				},
				"tail2": {
					"rotation": ["-math.clamp(math.sin(q.anim_time*90*2+180)*10,0,30)-math.clamp(math.sin(q.anim_time*90*2+180)*20,-50,0)", 0, 0]
				},
				"flipper_back_right1": {
					"rotation": [
						"math.clamp(math.sin(q.anim_time*90*1+180)*8,0,10)-math.clamp(math.sin(q.anim_time*90*1+180)*8,-10,0)+math.clamp(math.sin(q.anim_time*90*2+180)*4,-10,0)",
						"10-math.clamp(math.sin(q.anim_time*90*2+45+180)*10,10,20)+math.clamp(math.sin(q.anim_time*90*1)*15,0,20)+math.clamp(math.sin(q.anim_time*90*1+180)*15,0,20)",
						"math.clamp(math.sin(q.anim_time*90*2-10+180)*40,0,200)-math.clamp(math.sin(q.anim_time*90*2+20)*40,-10,40)+math.clamp(math.sin(q.anim_time*90*2+180)*35,-40,0)"
					]
				},
				"flipper_back_left1": {
					"rotation": [
						"math.clamp(math.sin(q.anim_time*90*1+180)*8,0,10)-math.clamp(math.sin(q.anim_time*90*1+180)*8,-10,0)+math.clamp(math.sin(q.anim_time*90*2+180)*4,-10,0)",
						"-10+math.clamp(math.sin(q.anim_time*90*2+45+180)*10,10,20)-math.clamp(math.sin(q.anim_time*90*1)*15,0,20)-math.clamp(math.sin(q.anim_time*90*1+180)*15,0,20)",
						"-math.clamp(math.sin(q.anim_time*90*2-10+180)*40,0,200)+math.clamp(math.sin(q.anim_time*90*2+20)*40,-10,40)-math.clamp(math.sin(q.anim_time*90*2+180)*35,-40,0)"
					]
				},
				"flipper_back_left2": {
					"rotation": [
						0,
						0,
						"math.clamp(math.sin(q.anim_time*90*2-45+180)*5,0,200)+math.clamp(math.sin(q.anim_time*90*2)*10,0,8)-math.clamp(math.sin(q.anim_time*90*2-45+180)*25,-20,15)"
					]
				},
				"flipper_front_right1": {
					"rotation": [
						"math.clamp(math.sin(q.anim_time*90*1+45)*8,0,10)-math.clamp(math.sin(q.anim_time*90*1+45)*8,-10,0)-math.clamp(math.sin(q.anim_time*90*2+90)*4,-10,0)",
						"-1*(math.clamp(math.sin(q.anim_time*90*2)*4,0,5)+math.clamp(math.sin(q.anim_time*90*2)*20,-2,25)+math.clamp(math.sin(q.anim_time*90*2+45)*4,-5,0)+math.clamp(math.sin(q.anim_time*90*2+25)*8,-7,4))",
						"-1*(20-math.clamp(math.sin(q.anim_time*90*2)*80,0,200)+math.clamp(math.sin(q.anim_time*90*2-140)*30,-10,25)-math.clamp(math.sin(q.anim_time*90*2)*35,-30,0))"
					]
				},
				"flipper_front_right2": {
					"rotation": [
						0,
						0,
						"-math.clamp(math.sin(q.anim_time*90*2-45)*5,0,200)-math.clamp(math.sin(q.anim_time*90*2-45-140)*10,0,8)+math.clamp(math.sin(q.anim_time*90*2-45)*25,-20,15)"
					]
				},
				"flipper_front_left1": {
					"rotation": [
						"math.clamp(math.sin(q.anim_time*90*1+45)*8,0,10)-math.clamp(math.sin(q.anim_time*90*1+45)*8,-10,0)-math.clamp(math.sin(q.anim_time*90*2+90)*4,-10,0)",
						"math.clamp(math.sin(q.anim_time*90*2)*4,0,5)+math.clamp(math.sin(q.anim_time*90*2)*20,-2,25)+math.clamp(math.sin(q.anim_time*90*2+45)*4,-5,0)+math.clamp(math.sin(q.anim_time*90*2+25)*8,-7,4)",
						"20-math.clamp(math.sin(q.anim_time*90*2)*80,0,200)+math.clamp(math.sin(q.anim_time*90*2-140)*30,-10,25)-math.clamp(math.sin(q.anim_time*90*2)*35,-30,0)"
					]
				},
				"flipper_front_left2": {
					"rotation": [
						0,
						0,
						"math.clamp(math.sin(q.anim_time*90*2-45)*5,0,200)+math.clamp(math.sin(q.anim_time*90*2-45-140)*10,0,8)-math.clamp(math.sin(q.anim_time*90*2-45)*25,-20,15)"
					]
				},
				"neck2": {
					"rotation": ["math.clamp(math.sin(q.anim_time*90*2+45)*5,0,5)+math.clamp(math.sin(q.anim_time*90*2+45)*3,-3,0)+5", 0, 0]
				},
				"flipper_back_right2": {
					"rotation": [
						0,
						0,
						"-math.clamp(math.sin(q.anim_time*90*2-45+180)*5,0,200)-math.clamp(math.sin(q.anim_time*90*2)*10,0,8)+math.clamp(math.sin(q.anim_time*90*2-45+180)*25,-20,15)"
					]
				},
				"head": {
					"rotation": ["-math.clamp(math.sin(q.anim_time*90*2-90)*5,0,5)-math.clamp(math.sin(q.anim_time*90*2-90)*3,-3,0)-75", 0, 0]
				},
				"head_correction": {
					"rotation": [-10, 0, 0]
				}
			}
		},
		"animation.lapras.blink": {
			"animation_length": 0.16667,
			"bones": {
				"eyelid_right": {
					"position": {
						"0.0": [-0.1, 0, 0],
						"0.125": [-0.1, 0, 0],
						"0.1667": [0, 0, 0]
					}
				},
				"eyelid_left": {
					"position": {
						"0.0": [0.1, 0, 0],
						"0.125": [0.1, 0, 0],
						"0.1667": [0, 0, 0]
					}
				}
			}
		}
	}
}