{
	"format_version": "1.8.0",
	"animations": {
		"animation.blaziken.blink": {
			"animation_length": 0.1667,
			"bones": {
				"eyelid_right": {
					"position": {
						"0.0": [-0.1, 0, 0],
						"0.125": [-0.1, 0, 0],
						"0.1667": [0, 0, 0]
					}
				},
				"eyelid_left": {
					"position": {
						"0.0": [0.1, 0, 0],
						"0.125": [0.1, 0, 0],
						"0.1667": [0, 0, 0]
					}
				}
			}
		},
		"animation.blaziken.cry": {
			"animation_length": 1.75,
			"bones": {
				"neck": {
					"rotation": {
						"0.0": {
							"post": [0, 0, 0],
							"lerp_mode": "catmullrom"
						},
						"0.25": {
							"post": [10, 0, 0],
							"lerp_mode": "catmullrom"
						},
						"1.25": {
							"post": [10, 0, 0],
							"lerp_mode": "catmullrom"
						},
						"1.75": {
							"post": [0, 0, 0],
							"lerp_mode": "catmullrom"
						}
					}
				},
				"head": {
					"rotation": {
						"0.0": {
							"post": [0, 0, 0],
							"lerp_mode": "catmullrom"
						},
						"0.25": {
							"post": [-15, 0, 0],
							"lerp_mode": "catmullrom"
						},
						"1.25": {
							"post": [-15, 0, 0],
							"lerp_mode": "catmullrom"
						},
						"1.75": {
							"post": [0, 0, 0],
							"lerp_mode": "catmullrom"
						}
					}
				},
				"jaw": {
					"rotation": {
						"0.0": {
							"post": [0, 0, 0],
							"lerp_mode": "catmullrom"
						},
						"0.25": {
							"post": [35, 0, 0],
							"lerp_mode": "catmullrom"
						},
						"1.0833": {
							"post": [35, 0, 0],
							"lerp_mode": "catmullrom"
						},
						"1.75": {
							"post": [0, 0, 0],
							"lerp_mode": "catmullrom"
						}
					}
				}
			},
			"sound_effects": {
				"0.0833": {
					"effect": "pokemon.blaziken.cry"
				}
			}
		},
		"animation.blaziken.ground_idle": {
			"loop": true,
			"bones": {
				"body": {
					"rotation": [0, 10, 0],
					"position": [0, -2.25, 0]
				},
				"leg_right": {
					"rotation": [5.65113, 46.30006, 26.27826]
				},
				"leg_right2": {
					"rotation": [14.44093, 5.73576, -11.12501]
				},
				"torso2": {
					"rotation": [-2.5, -7.5, 0]
				},
				"torso": {
					"rotation": [0, 2.5, 0]
				},
				"tail1": {
					"rotation": [-10, 0, 0]
				},
				"tail2": {
					"rotation": [10, 0, 0]
				},
				"tail3": {
					"rotation": [15, 0, 0]
				},
				"arm_right": {
					"rotation": [0, 37.5, -45]
				},
				"arm_right2": {
					"rotation": [0, -10, 0]
				},
				"arm_right3": {
					"rotation": [0, -27.5, 0]
				},
				"hand_right": {
					"rotation": [0, -15, -20]
				},
				"finger_right1": {
					"rotation": [0, 0, 7.5]
				},
				"finger_right2": {
					"rotation": [0, 0, -20]
				},
				"finger_right3": {
					"rotation": [0, 0, -15]
				},
				"finger_right4": {
					"rotation": [4.6653, -16.88547, -15.69284]
				},
				"finger_right5": {
					"rotation": [0, 0, -25]
				},
				"finger_right6": {
					"rotation": [0, 0, -22.5]
				},
				"finger_right7": {
					"rotation": [-3.61644, 19.6835, -10.62758]
				},
				"finger_right8": {
					"rotation": [0, 0, -15]
				},
				"finger_right9": {
					"rotation": [0, 0, -7.5]
				},
				"arm_left": {
					"rotation": [0, 7.5, 45]
				},
				"arm_left2": {
					"rotation": [0, 10, 0]
				},
				"arm_left3": {
					"rotation": [0, 27.5, 0]
				},
				"hand_left": {
					"rotation": [0, 15, 20]
				},
				"finger_left1": {
					"rotation": [0, 0, -7.5]
				},
				"finger_left2": {
					"rotation": [0, 0, 20]
				},
				"finger_left3": {
					"rotation": [0, 0, 15]
				},
				"finger_left4": {
					"rotation": [4.6653, 16.88547, 15.69284]
				},
				"finger_left5": {
					"rotation": [0, 0, 25]
				},
				"finger_left6": {
					"rotation": [0, 0, 22.5]
				},
				"finger_left7": {
					"rotation": [-3.61644, -19.6835, 10.62758]
				},
				"finger_left8": {
					"rotation": [0, 0, 15]
				},
				"finger_left9": {
					"rotation": [0, 0, 7.5]
				},
				"leg_left": {
					"rotation": [-20.74126, -24.54333, -3.44788]
				},
				"leg_left2": {
					"rotation": [20, 0, 0]
				}
			}
		}
	}
}