{
	"format_version": "1.8.0",
	"animations": {
		"animation.swinub.ground_idle": {
			"loop": true,
			"bones": {
				"body": {
					"rotation": ["(math.cos(q.anim_time*90*2+180)*1)*0.6", "(math.sin(q.anim_time*90*1.5+180)*7)*0.6", "-(math.cos(q.anim_time*90*2*1+180)*1)*0.1"]
				},
				"fur_right": {
					"rotation": ["-(math.cos(q.anim_time*90*1+180)*3)*0.6", 0, "-(math.sin(q.anim_time*90*1.5+180)*5)*0.6"]
				},
				"fur_left": {
					"rotation": ["-(math.cos(q.anim_time*90*1+180)*3)*0.6", 0, "(math.sin(q.anim_time*90*1.5+180)*5)*0.6"]
				},
				"fur_middle": {
					"rotation": ["5-(math.sin(q.anim_time*90*1.5+180)*5)*0.6", 0, 0]
				},
				"snout": {
					"rotation": ["-(math.sin(q.anim_time*90*10*1+180)*3)*0.6", 0, "-(math.cos(q.anim_time*90*4*1+180)*2)*0.6"]
				},
				"tail": {
					"rotation": [0, "-(math.sin(q.anim_time*90*5*1+180)*20)*0.6", 0]
				}
			}
		},
		"animation.swinub.ground_walk": {
			"loop": true,
			"animation_length": 4.66667,
			"bones": {
				"body": {
					"rotation": ["-(math.sin(q.anim_time*90*6*2+90)*1)", "(math.cos(q.anim_time*90*6*1+90)*7)", "(math.sin(q.anim_time*90*3.5*1+90)*2)"],
					"position": [0, 0, 0]
				},
				"fur_right": {
					"rotation": [0, 0, "2.5+(math.sin(q.anim_time*90*3.5*1+90)*2)"],
					"position": [0, 0, "math.sin((query.anim_time-0.1)*90*3)*0.3"]
				},
				"fur_left": {
					"rotation": [0, 0, "0+(math.sin(q.anim_time*90*3.5*1+90)*2)"],
					"position": [0, 0, "math.sin((query.anim_time-0.1)*90*3)*0.3"]
				},
				"fur_middle": {
					"rotation": [5, 0, 0],
					"position": [0, 0, "-0.5+math.sin((query.anim_time-0.1)*90*3)*0.7"]
				},
				"snout": {
					"rotation": ["-(math.sin(q.anim_time*90*15*1+180)*10)*0.6", 0, "-(math.cos(q.anim_time*90*4*1+180)*2)*0.6"]
				},
				"tail": {
					"rotation": [0, "(math.cos(q.anim_time*90*8*1+90)*20)*0.6", 0]
				}
			}
		},
		"animation.swinub.sleep": {
			"loop": true,
			"bones": {
				"body": {
					"rotation": [2.5, "0+(math.cos(q.anim_time*90*1+180)*4)*0.6", "0+(math.sin(q.anim_time*90*1+180)*1)"],
					"position": [0, "(math.cos(q.anim_time*90*2+180)*0.02)*0.6", 0]
				},
				"fur_right": {
					"rotation": [-2.49658, -0.1308, "-2.9971+(math.cos(q.anim_time*90*1+180)*4)*0.6"]
				},
				"fur_left": {
					"rotation": [-2.5, 0, "0-(math.cos(q.anim_time*90*1+180)*4)*0.6"]
				},
				"fur_middle": {
					"rotation": ["(math.cos(q.anim_time*90*1+160)*4)*0.6", 0, 0]
				},
				"snout": {
					"rotation": ["(math.cos(q.anim_time*90*2+180)*6)*0.6", 0, "-(math.sin(q.anim_time*90*2+180)*2)*0.6"]
				},
				"lefteye": {
					"rotation": [0, 0, -7.5]
				},
				"righteye": {
					"rotation": [0, 0, 7.5]
				},
				"tail": {
					"rotation": [0, "(math.cos(q.anim_time*90*2+180)*30)*0.6", 0]
				}
			}
		},
		"animation.swinub.cry": {
			"animation_length": 1.5,
			"bones": {
				"body": {
					"rotation": {
						"0.0": [0, 0, 0],
						"0.25": [-7.5, 0, 0],
						"1.25": [-7.5, 0, 0],
						"1.5": [0, 0, 0]
					}
				},
				"fur_right": {
					"rotation": {
						"0.0": [0, 0, 0],
						"0.25": [4.99527, -0.2178, -0.0095],
						"1.25": [4.99527, -0.2178, -0.0095],
						"1.5": [0, 0, 0]
					}
				},
				"fur_left": {
					"rotation": {
						"0.0": [0, 0, 0],
						"0.25": [4.99527, 0.21782, 0.0095],
						"1.25": [4.99527, 0.21782, 0.0095],
						"1.5": [0, 0, 0]
					}
				},
				"fur_middle": {
					"rotation": {
						"0.0": [0, 0, 0],
						"0.25": [22.5, 0, 0],
						"1.25": [22.5, 0, 0],
						"1.5": [0, 0, 0]
					}
				},
				"snout": {
					"rotation": {
						"0.0": [0, 0, 0],
						"0.25": ["0+(math.sin(q.anim_time*90*20+180)*15)*0.6", "0+(math.cos(q.anim_time*90*40+180)*3)*0.6", 0],
						"1.25": ["0+(math.sin(q.anim_time*90*20+180)*15)*0.6", "0+(math.cos(q.anim_time*90*40+180)*3)*0.6", 0],
						"1.5": [0, 0, 0]
					}
				}
			}
		}
	}
}