{
	"format_version": "1.8.0",
	"animations": {
		"animation.magnemite.air_idle": {
			"loop": true,
			"animation_length": 37.83333,
			"bones": {
				"body": {
					"rotation": [0, "0 - Math.Sin(((q.anim_time + 0.1) * 180 * 0.5) * 1) * 5", "Math.Sin(((q.anim_time + 0.4) * 180 * 0.5) * 1) * 5"],
					"position": ["Math.Sin((q.anim_time * 180 * 0.5) * 1) * 1.5", "1+Math.Sin((q.anim_time * 90 * 0.5) * 1) * 1.5", 0]
				},
				"headnail": {
					"rotation": [0, "q.anim_time * -270", 0]
				},
				"magnet_left": {
					"rotation": ["q.anim_time * 270", 0, 0]
				},
				"magnet_right": {
					"rotation": ["q.anim_time * -270", 0, 0]
				},
				"nail_right": {
					"rotation": [4.8225, -4.98167, -0.46322]
				},
				"nail_left_rotation": {
					"rotation": [0, 0, "q.anim_time * -270"]
				},
				"nail_right_rotation": {
					"rotation": [0, 0, "q.anim_time * 270"]
				},
				"nail_head": {
					"rotation": [0, "q.anim_time * -270 ", 0]
				}
			}
		},
		"animation.magnemite.air_fly": {
			"loop": true,
			"bones": {
				"body": {
					"rotation": [15, "0- Math.Sin(((q.anim_time + 0.1) * 180 * 0.5) * 1) * 5", "Math.Sin(((q.anim_time + 0.4) * 180 * 0.5) * 1) * 5"],
					"position": ["Math.Sin((q.anim_time * 180 * 0.5) * 1) * 1.5", "2+Math.Sin((q.anim_time * 90 * 0.5) * 1) * 1.5", 0]
				},
				"headnail": {
					"rotation": [0, "q.anim_time * -270", 0]
				},
				"magnet_left": {
					"rotation": ["q.anim_time * 270", 0, 0]
				},
				"magnet_right": {
					"rotation": ["q.anim_time * -270", 0, 0]
				},
				"nail_left": {
					"rotation": [1.96916, 1.9988, 0.07581]
				},
				"nail_right": {
					"rotation": [1.95498, -2.99821, -0.11287]
				},
				"nail_left_rotation": {
					"rotation": [0, 0, "q.anim_time * -270"]
				},
				"nail_right_rotation": {
					"rotation": [0, 0, "q.anim_time * 270"]
				},
				"nail_head": {
					"rotation": [0, "q.anim_time * -270", 0]
				}
			}
		},
		"animation.magnemite.sleep": {
			"loop": true,
			"bones": {
				"body": {
					"rotation": ["math.sin((q.anim_time - 0.2) * 90) * 3", "math.sin((q.anim_time - 0.5) * 90) * 3", "Math.Sin(((q.anim_time + 0.4) * 90 * 0.5) * 1) * 2"],
					"position": ["Math.Sin((q.anim_time * 180 * 0.5) * 1) * 0", "1+Math.Sin((q.anim_time * 90 * 0.5) * 1) * 0", 0]
				},
				"headnail": {
					"rotation": [0, "q.anim_time * -90", 0]
				},
				"magnet_left": {
					"rotation": ["math.sin(q.anim_time * 90) * 20", 0, 0]
				},
				"magnet_right": {
					"rotation": ["math.sin(q.anim_time * 90) * 20", 0, 0]
				},
				"nail_left": {
					"rotation": [2.95375, 1.9973, 0.11369]
				},
				"nail_right": {
					"rotation": [2.95375, -1.9973, -0.11369]
				},
				"nail_left_rotation": {
					"rotation": [0, 0, "q.anim_time * -90"]
				},
				"nail_right_rotation": {
					"rotation": [0, 0, "q.anim_time * 90"]
				},
				"pupil": {
					"position": [0, 0, 0.2]
				},
				"pupilclosed": {
					"position": [0, 0, -0.5]
				},
				"nail_head": {
					"rotation": [0, "q.anim_time * 90 ", 0]
				},
				"pupil_closed": {
					"position": [0, 0, -0.1]
				}
			}
		},
		"animation.magnemite.blink": {
			"animation_length": 0.16667,
			"bones": {
				"pupil": {
					"position": {
						"0.0": [0, 0, 0.1],
						"0.125": [0, 0, 0.1],
						"0.1667": [0, 0, 0]
					}
				},
				"pupil_closed": {
					"position": {
						"0.0": [0, 0, -0.1],
						"0.125": [0, 0, -0.1],
						"0.1667": [0, 0, 0.1]
					}
				}
			}
		},
		"animation.magnemite.faint": {
			"animation_length": 3,
			"bones": {
				"body": {
					"rotation": {
						"0.0": [12.5, 0, 0],
						"0.0417": [-12.5, 0, 0],
						"0.625": [-12.31594, 2.15393, 9.76758],
						"0.6667": [-11.93845, -3.73171, -17.10967],
						"0.7083": [-11.82, -0.9, -4.07],
						"0.875": [0.89343, -2.4247, -11.4167],
						"1.0": [-1.71082, -2.35232, -8.91557],
						"1.0417": [-2.00322, -2.10893, -1.41382],
						"1.1667": [-2.33889, -1.72914, 8.5846],
						"1.25": [-2.48061, -1.51878, 13.58219],
						"1.2917": [-2.48, -1.52, 13.58],
						"1.3333": [10.71004, 20.62237, 17.65961],
						"1.4167": [2.48947, -14.01963, -6.48706],
						"1.5417": [-0.71492, -19.15277, -12.00544],
						"1.5833": [-0.71, -19.15, -12.01],
						"1.625": [16.1965, -11.95768, -9.80123],
						"1.75": [-21.3035, -11.95768, -9.80123],
						"1.9167": [-18.34088, -16.21282, -21.92368],
						"2.0417": [-12.96015, -8.90892, -23.67066],
						"2.1667": [18.86603, -9.66871, -28.55932],
						"2.25": [20.96776, -12.79064, -20.76862],
						"2.3333": [12.94662, -1.58287, 1.28946],
						"2.375": [12.94662, -1.58287, 1.28946],
						"2.4167": [12.57266, -1.52292, 47.33944],
						"2.4583": [9.84073, -8.00916, 79.31661],
						"2.5": [6.02861, -11.15663, 101.91787],
						"2.5417": [3.44404, -12.19311, 114.63926],
						"2.5833": [2.35276, -12.44611, 119.75063]
					},
					"position": {
						"0.0": [0, 1, 0],
						"0.0417": [0, 0.5, 0],
						"0.2083": [0, 2.5, 1],
						"0.2917": [0, 2.6, 1.25],
						"0.5": [0, 2.6, 1.5],
						"0.5833": [0, 2.35, 1.75],
						"0.625": [0, 2.25, 1.85],
						"0.6667": [2, 2.25, 1.85],
						"0.7083": [-1, 2.25, 1.85],
						"0.7917": [-1.25, 2.25, 1.85],
						"0.875": [-1.5, 2, 1.85],
						"1.0": [-2, 1.5, 1.85],
						"1.0417": [-2.75, 0.75, 1.85],
						"1.0833": [-2.75, 0.75, 1.85],
						"1.1667": [1.25, 6.75, 0.85],
						"1.25": [1.75, 7.25, -0.15],
						"1.2917": [1.75, 6.75, -1.15],
						"1.3333": [1.75, 7.25, -2.15],
						"1.4167": [1.75, 7.25, -2.65],
						"1.5417": [1.75, 7.05, -2.85],
						"1.5833": [1.75, 6.05, -3.35],
						"1.6667": [-0.25, 13.05, 1.65],
						"1.75": [-1.25, 13.8, 2.15],
						"1.9167": [-2.5, 13.8, 2.65],
						"2.0": [-2.75, 13.8, 2.65],
						"2.0833": [-3.25, 13.3, 2.65],
						"2.1667": [-4.5, 11.8, 2.65],
						"2.25": [-5.5, 9.55, 2.65],
						"2.3333": [-6, 5.05, 2.65],
						"2.375": [-5, 0.05, 2.65],
						"2.4167": [-2, -1.45, 2.65],
						"2.4583": [-1, 2.05, 2.65],
						"2.5": [1, -0.95, 2.65],
						"2.5833": [3, -0.95, 2.65]
					}
				},
				"pupil": {
					"position": {
						"0.0": [0, 0, 0.1],
						"0.0833": [0, 0, 0.1],
						"0.125": [0, 0, 0],
						"0.5833": [0, 0, 0],
						"0.625": [0, 0, 0.1],
						"0.7083": [0, 0, 0.1],
						"0.75": [0, 0, 0],
						"0.7917": [0, 0, 0],
						"0.8333": [0, 0, 0.1],
						"0.9167": [0, 0, 0.1],
						"0.9583": [0, 0, 0],
						"1.25": [0, 0, 0],
						"1.2917": [0, 0, 0.1],
						"1.5": [0, 0, 0.1],
						"1.5417": [0, 0, 0],
						"2.375": [0, 0, 0],
						"2.4167": [0, 0, 0.1]
					}
				},
				"pupil_closed": {
					"position": {
						"0.0": [0, 0, -0.1],
						"0.0833": [0, 0, -0.1],
						"0.125": [0, 0, 0],
						"0.5833": [0, 0, 0],
						"0.625": [0, 0, -0.1],
						"0.7083": [0, 0, -0.1],
						"0.75": [0, 0, 0],
						"0.7917": [0, 0, 0],
						"0.8333": [0, 0, -0.1],
						"0.9167": [0, 0, -0.1],
						"0.9583": [0, 0, 0],
						"1.25": [0, 0, 0],
						"1.2917": [0, 0, -0.1],
						"1.5": [0, 0, -0.1],
						"1.5417": [0, 0, 0],
						"2.375": [0, 0, 0],
						"2.4167": [0, 0, -0.1]
					}
				},
				"nail_head": {
					"rotation": [0, "q.anim_time * -270 ", 0],
					"position": {
						"0.0": [0, 0, 0],
						"2.5": [0, -2.75, 0]
					}
				},
				"nail_left_rotation": {
					"rotation": [0, 0, "q.anim_time * -270"]
				},
				"nail_right_rotation": {
					"rotation": [0, 0, "q.anim_time * 270"]
				},
				"magnet_left": {
					"rotation": {
						"0.0": ["q.anim_time * 270", 0, 0],
						"0.625": ["q.anim_time * 270", 0, 0],
						"0.6667": [0, 0, -22.5],
						"0.75": [0, 37.5, 22.5],
						"0.875": [0, 0, 27.5],
						"0.9583": [0, 0, 35],
						"1.0417": [0, 0, 55],
						"1.125": [0, 0, 55],
						"1.2083": [0, -25, -12.5],
						"1.3333": [0, 42.5, -12.5],
						"1.375": ["2.0205+q.anim_time * 270", -31.80134, -7.08472],
						"1.5833": ["q.anim_time * 270", 0, 0],
						"1.625": ["2.2821+q.anim_time * 270", 6.8208, 36.96449],
						"2.0": [-5.2365, 4.93, -28.4],
						"2.25": [-155.2365, 4.93, -28.4],
						"2.4167": [-132.7365, 4.93, -28.4],
						"2.4583": [232.24822, 21.20978, -12.73944],
						"2.5": [239.42099, 31.10935, 3.38335],
						"2.5833": [308.00537, 42.30227, 113.87368],
						"2.625": [359.62829, 88.39955, 143.5922],
						"2.6667": [430.53299, 61.53307, 222.03398],
						"2.7083": [434.1715, 54.3815, 226.31751],
						"2.75": [435.05751, 51.97099, 227.4241]
					},
					"position": {
						"0.0": [0, 0, 0],
						"0.6667": [0, 0, 0],
						"0.7083": [9, 2, 0],
						"0.75": [10, 0, 0],
						"0.7917": [9, -2, 0],
						"0.8333": [8, -6, 0],
						"0.9167": [8, -7.25, 0],
						"0.9583": [8, -5.25, 0],
						"1.0": [8, -3.25, 0],
						"1.0417": [8, 2.75, 0],
						"1.0833": [8, 2.75, 0],
						"1.125": [5, 0.75, 0],
						"1.1667": [3, -2.25, 0],
						"1.25": [3, -2.25, 3],
						"1.2917": [0, 0, 0],
						"2.0": [0, 0, 0],
						"2.125": [2.21994, 2.25163, -0.04522],
						"2.25": [5.48776, 6.039, 0.9733],
						"2.2917": [4.98784, 7.32891, 1.27721],
						"2.375": [3.49746, 7.05247, 1.07251],
						"2.4167": [-5.47546, 7.40719, 1.39769],
						"2.4583": [-12.27233, 9.90702, 2.83634],
						"2.5": [-16.09257, 10.00168, 3.77834],
						"2.5417": [-9.6456, 14.85143, 2.72432],
						"2.5833": [-11.10994, 16.02705, 2.93987],
						"2.625": [-10.47416, 16.40762, 2.81506],
						"2.6667": [-10.83342, 17.0573, 2.92687],
						"2.7083": [-10.97537, 17.31892, 2.97275]
					}
				},
				"magnet_right": {
					"rotation": {
						"0.0": [0, -35, 0],
						"0.0417": [-30, 27.5, 0],
						"0.1667": [38.40728, 61.84377, 20.04361],
						"0.5417": [65.90728, 61.84377, 20.04361],
						"0.625": [0, -35, 0],
						"0.7083": [0, -65, 0],
						"0.75": [0, 20, 0],
						"0.7917": ["0 + q.anim_time * -720", 7.5, 0],
						"1.5417": ["0 + q.anim_time * -720", 7.5, 0],
						"1.625": ["-4.3184 + q.anim_time * -720", 6.13783, -35.23163],
						"1.75": ["0 + q.anim_time * -720", 7.5, 0],
						"2.0": ["2.8842 + q.anim_time * -720", 6.92618, 22.67458],
						"2.375": [2.8842, 6.93, 22.67],
						"2.4167": [45.41449, 5.94572, -37.74294],
						"2.4583": [172.52458, 0.65066, -85.04718],
						"2.5": [285.02458, 0.65066, -85.04718],
						"2.5417": [325.02458, 0.65066, -85.04718],
						"2.5833": [367.52458, 0.65066, -85.04718],
						"2.625": [425.02458, 0.65066, -85.04718],
						"2.6667": [477.52458, 0.65066, -85.04718],
						"2.7083": [495.71104, -29.97349, -110.81871],
						"2.75": [455.71104, -29.97349, -110.81871],
						"2.7917": [423.56864, -31.29911, -116.42272],
						"2.8333": [436.06864, -31.29911, -116.42272]
					},
					"position": {
						"0.0": [0, 0, 0],
						"0.0833": [-4, 0, 5],
						"0.1667": [-4, 0, 7],
						"0.2917": [-4, 2, 7],
						"0.5417": [-4, 3, 7],
						"0.625": [0, 0, 0],
						"1.3333": [0, 0, 0],
						"1.375": [-2.9808, -0.27034, -0.20437],
						"1.4167": [-2.86, -0.26, -0.2],
						"1.4583": [-0.8352, -0.52623, -0.73353],
						"2.375": [0, 0, 0],
						"2.4167": [-0.44658, -6.23694, -1.37883],
						"2.4583": [5.65771, -8.84781, -3.7295],
						"2.5": [5.97285, -10.5798, -5.94527],
						"2.5417": [6.18957, -9.86976, -7.92271],
						"2.5833": [5.74239, -9.84956, -9.87838],
						"2.625": [5.30896, -9.76983, -11.83135],
						"2.6667": [5.72675, -9.18634, -13.94794],
						"2.7083": [7.21006, -8.14293, -15.25885],
						"2.75": [7.62675, -7.55634, -17.37794],
						"2.7917": [6.56669, -8.0234, -18.18909],
						"2.8333": [7.19675, -7.47634, -19.32794]
					}
				}
			}
		}
	}
}