{
	"format_version": "1.8.0",
	"animations": {
		"animation.chinchou.ground_idle": {
			"loop": true,
			"bones": {
				"stem_left": {
					"rotation": [73.82646, -21.69365, 6.1191]
				},
				"stem_left2": {
					"rotation": [40, 0, 0]
				},
				"stem_left3": {
					"rotation": [42.5, 0, 0]
				},
				"stem_left4": {
					"rotation": [25, 0, 0]
				},
				"stem_left5": {
					"rotation": [20, 0, 0]
				},
				"stem_left6": {
					"rotation": [30, 0, 0]
				},
				"stem_left7": {
					"rotation": [22.5, 0, 0]
				},
				"arm_left": {
					"rotation": [0, 10, 12.5]
				},
				"arm_left2": {
					"rotation": [0, 0, 5]
				},
				"arm_right": {
					"rotation": [0, -10, -12.5]
				},
				"arm_right2": {
					"rotation": [0, 0, -5]
				},
				"leg_left": {
					"rotation": [0, -7.5, 0]
				},
				"leg_right": {
					"rotation": [0, 7.5, 0]
				},
				"stem_left8": {
					"rotation": [12.5, 0, 0]
				},
				"stem_right": {
					"rotation": [73.82646, 21.69365, -6.1191]
				},
				"stem_right2": {
					"rotation": [40, 0, 0]
				},
				"stem_right3": {
					"rotation": [42.5, 0, 0]
				},
				"stem_right4": {
					"rotation": [25, 0, 0]
				},
				"stem_right5": {
					"rotation": [20, 0, 0]
				},
				"stem_right6": {
					"rotation": [30, 0, 0]
				},
				"stem_right7": {
					"rotation": [22.5, 0, 0]
				},
				"stem_right8": {
					"rotation": [12.5, 0, 0]
				}
			}
		},
		"animation.chinchou.swim_idle": {
			"loop": true,
			"bones": {
				"stem_left": {
					"rotation": [73.82646, -21.69365, 6.1191]
				},
				"stem_left2": {
					"rotation": [40, 0, 0]
				},
				"stem_left3": {
					"rotation": [42.5, 0, 0]
				},
				"stem_left4": {
					"rotation": [25, 0, 0]
				},
				"stem_left5": {
					"rotation": [20, 0, 0]
				},
				"stem_left6": {
					"rotation": [30, 0, 0]
				},
				"stem_left7": {
					"rotation": [22.5, 0, 0]
				},
				"arm_left": {
					"rotation": [0, 10, 12.5]
				},
				"arm_left2": {
					"rotation": [0, 0, 5]
				},
				"arm_right": {
					"rotation": [0, -10, -12.5]
				},
				"arm_right2": {
					"rotation": [0, 0, -5]
				},
				"leg_left": {
					"rotation": [137.5, 7.5, 0]
				},
				"leg_right": {
					"rotation": [137.5, -7.5, 0]
				},
				"stem_left8": {
					"rotation": [12.5, 0, 0]
				},
				"stem_right": {
					"rotation": [73.82646, 21.69365, -6.1191]
				},
				"stem_right2": {
					"rotation": [40, 0, 0]
				},
				"stem_right3": {
					"rotation": [42.5, 0, 0]
				},
				"stem_right4": {
					"rotation": [25, 0, 0]
				},
				"stem_right5": {
					"rotation": [20, 0, 0]
				},
				"stem_right6": {
					"rotation": [30, 0, 0]
				},
				"stem_right7": {
					"rotation": [22.5, 0, 0]
				},
				"stem_right8": {
					"rotation": [12.5, 0, 0]
				}
			}
		},
		"animation.chinchou.cry": {
			"animation_length": 1.5,
			"bones": {
				"neck": {
					"rotation": {
						"0.0": [0, 0, 0],
						"0.25": [10, 0, 0],
						"1.25": [10, 0, 0],
						"1.5": [0, 0, 0]
					}
				},
				"mouth": {
					"position": {
						"0.0": [0, 0, 0],
						"0.25": [0, -2, 0],
						"1.25": [0, -2, 0],
						"1.5": [0, 0, 0]
					}
				},
				"mouth2": {
					"position": {
						"0.0": [0, 0, 0],
						"0.25": [0, -5, 0],
						"1.25": [0, -5, 0],
						"1.5": [0, 0, 0]
					}
				},
				"jaw": {
					"position": {
						"0.0": [0, 0, 0],
						"0.25": [0, -3, 0],
						"1.25": [0, -3, 0],
						"1.5": [0, 0, 0]
					}
				},
				"head2": {
					"rotation": {
						"0.0": [0, 0, 0],
						"0.25": [-15, 0, 0],
						"1.25": [-15, 0, 0],
						"1.5": [0, 0, 0]
					}
				},
				"mouth_closed2": {
					"position": {
						"0.25": [0, 0, -0.1],
						"0.3333": [0, 0, 0],
						"1.1667": [0, 0, 0],
						"1.25": [0, 0, -0.1]
					}
				},
				"mouth_open2": {
					"position": {
						"0.0": [0, 0, 0.1],
						"0.25": [0, 0, 0],
						"1.25": [0, 0, 0],
						"1.5": [0, 0, 0.1]
					}
				},
				"head3": {
					"rotation": {
						"0.0": [0, 0, 0],
						"0.25": [-15, 0, 0],
						"1.25": [-15, 0, 0],
						"1.5": [0, 0, 0]
					}
				},
				"mouth_closed3": {
					"position": {
						"0.25": [0, 0, -0.1],
						"0.3333": [0, 0, 0],
						"1.1667": [0, 0, 0],
						"1.25": [0, 0, -0.1]
					}
				},
				"mouth_open3": {
					"position": {
						"0.0": [0, 0, 0.1],
						"0.25": [0, 0, 0],
						"1.25": [0, 0, 0],
						"1.5": [0, 0, 0.1]
					}
				},
				"head": {
					"rotation": {
						"0.0": [0, 0, 0],
						"0.25": [-15, 0, 0],
						"1.25": [-15, 0, 0],
						"1.5": [0, 0, 0]
					}
				},
				"mouth_open": {
					"position": {
						"0.0": [0, 0, 0],
						"0.25": [0, 0, -0.1],
						"1.25": [0, 0, -0.1],
						"1.5": [0, 0, 0]
					}
				},
				"mouth_closed": {
					"position": {
						"0.25": [0, 0, 0],
						"0.3333": [0, 0, 0.1],
						"1.1667": [0, 0, 0.1],
						"1.25": [0, 0, 0]
					}
				}
			}
		},
		"animation.chinchou.blink": {
			"animation_length": 0.16667,
			"bones": {
				"eyelid_left": {
					"position": {
						"0.0": [0, 0, -0.1],
						"0.125": [0, 0, -0.1],
						"0.1667": [0, 0, 0]
					}
				},
				"eyelid_right": {
					"position": {
						"0.0": [0, 0, -0.1],
						"0.125": [0, 0, -0.1],
						"0.1667": [0, 0, 0]
					}
				}
			}
		}
	}
}