{
	"format_version": "1.8.0",
	"animations": {
		"animation.nidoqueen.ground_idle": {
			"loop": true,
			"bones": {
				"jaw": {
					"rotation": [0, 0, 0],
					"position": [0, -1, 0]
				},
				"left_shoulder": {
					"rotation": [7.39478, 9.91011, 21.30824]
				},
				"left_upper_arm": {
					"rotation": [5.00474, 2.49048, 12.71803]
				},
				"left_lower_arm": {
					"rotation": [0, 32.5, 0]
				},
				"left_upper_leg": {
					"rotation": [0, 0, 0]
				},
				"tail": {
					"rotation": [0, 0, 0]
				},
				"tail2": {
					"rotation": [0, 0, 0]
				},
				"tail3": {
					"rotation": [0, 0, 0]
				},
				"left_lower_leg": {
					"rotation": [0, 0, 0]
				},
				"right_shoulder": {
					"rotation": [7.39478, -9.91011, -21.30824]
				},
				"right_upper_arm": {
					"rotation": [5.00474, -2.49048, -12.71803]
				},
				"right_lower_arm": {
					"rotation": [0, -32.5, 0]
				},
				"right_upper_leg": {
					"rotation": [0, 0, 0]
				},
				"right_lower_leg": {
					"rotation": [0, 0, 0]
				}
			}
		},
		"animation.nidoqueen.blink": {
			"animation_length": 0.16667,
			"bones": {
				"left_eyelid": {
					"position": {
						"0.0": [0.1, 0, 0],
						"0.125": {"pre": [0.1, 0, 0], "post": [0.1, 0, 0]},
						"0.1667": {"pre": [0.1, 0, 0], "post": [0, 0, 0]}
					}
				},
				"right_eyelid": {
					"position": {
						"0.0": [-0.1, 0, 0],
						"0.125": {"pre": [-0.1, 0, 0], "post": [-0.1, 0, 0]},
						"0.1667": {"pre": [-0.1, 0, 0], "post": [0, 0, 0]}
					}
				}
			}
		},
		"animation.nidoqueen.cry": {
			"animation_length": 1,
			"bones": {
				"upper_torso": {
					"rotation": {
						"0.0": [0, 0, 0],
						"0.125": [-2.5, 0, 0],
						"0.5": [-1.5, 0, 0],
						"0.7917": [-0.5, 0, 0],
						"1.0": [0, 0, 0]
					}
				},
				"head": {
					"rotation": {
						"0.0": [0, 0, 0],
						"0.25": [-10, 0, 0],
						"0.375": [-9, 0, 0],
						"0.5": [-10, 0, 0],
						"0.625": [-7.5, 0, 0],
						"0.7083": [-9, 0, 0],
						"0.8333": [-7.5, 0, 0],
						"1.0": [0, 0, 0]
					}
				},
				"jaw": {
					"rotation": {
						"0.0": [0, 0, 0],
						"0.1667": [45, 0, 0],
						"0.375": [45, 0, 0],
						"0.5": [37.5, 0, 0],
						"0.625": [25, 0, 0],
						"0.7083": [35, 0, 0],
						"0.9167": [0, 0, 0]
					}
				}
			},
			"sound_effects": {
				"0.0": {
					"effect": "nidoqueen_ambient"
				}
			}
		},
		"animation.nidoqueen.spgs_happy_place": {
			"animation_length": 1.25,
			"bones": {
				"torso": {
					"rotation": [-5, 0, 0]
				},
				"upper_torso": {
					"rotation": {
						"0.0": [-5, 0, 0],
						"0.125": [-4.5, 0, 0],
						"0.5833": [-0.25, 0, 0],
						"0.7083": [0, 0, 0],
						"0.7917": [-0.25, 0, 0],
						"1.1667": [-4.5, 0, 0],
						"1.25": [-5, 0, 0]
					}
				},
				"head": {
					"rotation": {
						"0.0": [20, 0, 0],
						"0.0833": [18.5, 0, 0],
						"0.3333": [12.25, 0, 0],
						"0.4167": [11.5, 0, 0],
						"0.5417": [12.25, 0, 0],
						"1.0": [18.5, 0, 0],
						"1.2083": [20, 0, 0]
					}
				},
				"left_breast": {
					"rotation": {
						"0.0": [-5.00706, 2.4786, -0.32652],
						"0.0833": [-4.75706, 2.4786, -0.32652],
						"0.4167": [-0.5, 0, 0],
						"0.5": [0, 0, 0],
						"0.7083": [-0.55, 0, 0],
						"1.1667": [-4.75706, 2.4786, -0.32652],
						"1.25": [-5.00706, 2.4786, -0.32652]
					},
					"position": {
						"0.0": [0, 0.5, 0],
						"1.0": [0, 0.5, 0]
					}
				},
				"left_shoulder": {
					"rotation": {
						"0.0": [6.1804, 31.82776, 14.6293],
						"0.5": [5.88483, 26.8554, 14.02668],
						"1.0": [6.1804, 31.82776, 14.6293]
					}
				},
				"left_upper_arm": {
					"rotation": {
						"0.0": [7.5, 0, 12.5],
						"1.0": [7.5, 0, 12.5]
					}
				},
				"left_lower_arm": {
					"rotation": {
						"0.0": [68.70058, 57.88498, 174.41418],
						"0.0833": [68.43, 58.31, 172.06],
						"0.4167": [61.84004, 60.02793, 162.65884],
						"0.5": [61.34004, 60.02793, 162.65884],
						"0.6667": [61.84004, 60.02793, 162.65884],
						"1.0": [68.43, 58.31, 172.06],
						"1.0833": [68.70058, 57.88498, 174.41418]
					},
					"position": {
						"0.0": [0, -1.9, -1],
						"1.0": [0, -1.9, -1]
					}
				},
				"left_middle_finger": {
					"rotation": [4.68756, 0.33948, 36.50378]
				},
				"left_index_finger": {
					"rotation": [0, -15, 22.5]
				},
				"left_ring_finger": {
					"rotation": [0.50846, 11.53052, 30.27038]
				},
				"right_shoulder": {
					"rotation": {
						"0.0": [6.1804, -31.82776, -14.6293],
						"0.5": [5.88483, -26.8554, -14.02668],
						"1.0": [6.1804, -31.82776, -14.6293]
					}
				},
				"right_upper_arm": {
					"rotation": {
						"0.0": [7.5, 0, -12.5],
						"1.0": [7.5, 0, -12.5]
					}
				},
				"right_lower_arm": {
					"rotation": {
						"0.0": [68.70058, -57.88498, -174.41418],
						"0.0833": [68.43, -58.31, -172.06],
						"0.4167": [61.84004, -60.02793, -162.65884],
						"0.5": [61.34004, -60.02793, -162.65884],
						"0.6667": [61.84004, -60.02793, -162.65884],
						"1.0": [68.43, -58.31, -172.06],
						"1.0833": [68.70058, -57.88498, -174.41418]
					},
					"position": {
						"0.0": [0, -1.9, -1],
						"1.0": [0, -1.9, -1]
					}
				},
				"right_middle_finger": {
					"rotation": [4.68756, -0.33948, -36.50378]
				},
				"right_index_finger": {
					"rotation": [0, 15, -22.5]
				},
				"right_ring_finger": {
					"rotation": [0.50846, -11.53052, -30.27038]
				},
				"right_breast": {
					"rotation": {
						"0.0": [-5.00706, -2.4786, 0.32652],
						"0.0833": [-4.75706, -2.4786, 0.32652],
						"0.4167": [-0.5, 0, 0],
						"0.5": [0, 0, 0],
						"0.7083": [-0.55, 0, 0],
						"1.1667": [-4.75706, -2.4786, 0.32652],
						"1.25": [-5.00706, -2.4786, 0.32652]
					},
					"position": {
						"0.0": [0, 0.5, 0],
						"1.0": [0, 0.5, 0]
					}
				}
			}
		},
		"animation.nidoqueen.spgs_happy_place_loop": {
			"loop": true,
			"animation_length": 1.25,
			"bones": {
				"torso": {
					"rotation": [-5, 0, 0]
				},
				"upper_torso": {
					"rotation": {
						"0.0": [-5, 0, 0],
						"0.125": [-4.5, 0, 0],
						"0.5833": [-0.25, 0, 0],
						"0.7083": [0, 0, 0],
						"0.7917": [-0.25, 0, 0],
						"1.1667": [-4.5, 0, 0],
						"1.25": [-5, 0, 0]
					}
				},
				"head": {
					"rotation": {
						"0.0": [20, 0, 0],
						"0.0833": [18.5, 0, 0],
						"0.3333": [12.25, 0, 0],
						"0.4167": [11.5, 0, 0],
						"0.5417": [12.25, 0, 0],
						"1.0": [18.5, 0, 0],
						"1.2083": [20, 0, 0]
					}
				},
				"left_breast": {
					"rotation": {
						"0.0": [-5.00706, 2.4786, -0.32652],
						"0.0833": [-4.75706, 2.4786, -0.32652],
						"0.4167": [-0.5, 0, 0],
						"0.5": [0, 0, 0],
						"0.7083": [-0.55, 0, 0],
						"1.1667": [-4.75706, 2.4786, -0.32652],
						"1.25": [-5.00706, 2.4786, -0.32652]
					},
					"position": {
						"0.0": [0, 0.5, 0],
						"1.0": [0, 0.5, 0]
					}
				},
				"left_shoulder": {
					"rotation": {
						"0.0": [6.1804, 31.82776, 14.6293],
						"0.5": [5.88483, 26.8554, 14.02668],
						"1.0": [6.1804, 31.82776, 14.6293]
					}
				},
				"left_upper_arm": {
					"rotation": {
						"0.0": [7.5, 0, 12.5],
						"1.0": [7.5, 0, 12.5]
					}
				},
				"left_lower_arm": {
					"rotation": {
						"0.0": [68.70058, 57.88498, 174.41418],
						"0.0833": [68.43, 58.31, 172.06],
						"0.4167": [61.84004, 60.02793, 162.65884],
						"0.5": [61.34004, 60.02793, 162.65884],
						"0.6667": [61.84004, 60.02793, 162.65884],
						"1.0": [68.43, 58.31, 172.06],
						"1.0833": [68.70058, 57.88498, 174.41418]
					},
					"position": {
						"0.0": [0, -1.9, -1],
						"1.0": [0, -1.9, -1]
					}
				},
				"left_middle_finger": {
					"rotation": [4.68756, 0.33948, 36.50378]
				},
				"left_index_finger": {
					"rotation": [0, -15, 22.5]
				},
				"left_ring_finger": {
					"rotation": [0.50846, 11.53052, 30.27038]
				},
				"right_shoulder": {
					"rotation": {
						"0.0": [6.1804, -31.82776, -14.6293],
						"0.5": [5.88483, -26.8554, -14.02668],
						"1.0": [6.1804, -31.82776, -14.6293]
					}
				},
				"right_upper_arm": {
					"rotation": {
						"0.0": [7.5, 0, -12.5],
						"1.0": [7.5, 0, -12.5]
					}
				},
				"right_lower_arm": {
					"rotation": {
						"0.0": [68.70058, -57.88498, -174.41418],
						"0.0833": [68.43, -58.31, -172.06],
						"0.4167": [61.84004, -60.02793, -162.65884],
						"0.5": [61.34004, -60.02793, -162.65884],
						"0.6667": [61.84004, -60.02793, -162.65884],
						"1.0": [68.43, -58.31, -172.06],
						"1.0833": [68.70058, -57.88498, -174.41418]
					},
					"position": {
						"0.0": [0, -1.9, -1],
						"1.0": [0, -1.9, -1]
					}
				},
				"right_middle_finger": {
					"rotation": [4.68756, -0.33948, -36.50378]
				},
				"right_index_finger": {
					"rotation": [0, 15, -22.5]
				},
				"right_ring_finger": {
					"rotation": [0.50846, -11.53052, -30.27038]
				},
				"right_breast": {
					"rotation": {
						"0.0": [-5.00706, -2.4786, 0.32652],
						"0.0833": [-4.75706, -2.4786, 0.32652],
						"0.4167": [-0.5, 0, 0],
						"0.5": [0, 0, 0],
						"0.7083": [-0.55, 0, 0],
						"1.1667": [-4.75706, -2.4786, 0.32652],
						"1.25": [-5.00706, -2.4786, 0.32652]
					},
					"position": {
						"0.0": [0, 0.5, 0],
						"1.0": [0, 0.5, 0]
					}
				}
			}
		}
	}
}