{
	"format_version": "1.8.0",
	"animations": {
		"animation.elekid.ground_idle": {
			"loop": true,
			"bones": {
				"arm_left": {
					"rotation": [8.73739, 12.2403, 35.93866]
				},
				"arm_left2": {
					"rotation": [0, 25, 0]
				},
				"arm_right": {
					"rotation": [10.05877, -11.43901, -35.61957]
				},
				"arm_right2": {
					"rotation": [0, -10, 0]
				},
				"leg_left": {
					"rotation": [0, -10, 0]
				},
				"leg_right": {
					"rotation": [0, 10, 0]
				}
			}
		},
		"animation.elekid.battle_idle": {
			"loop": true,
			"bones": {
				"arm_left": {
					"rotation": [-68.01706, 5.5128, 6.49082]
				},
				"arm_left2": {
					"rotation": [-49.41788, 70.56671, -51.06998]
				},
				"arm_right": {
					"rotation": [-74.0419, -2.29469, -6.7993]
				},
				"arm_right2": {
					"rotation": [0, -85, 0]
				},
				"leg_left": {
					"rotation": [0, -10, 0]
				},
				"leg_right": {
					"rotation": [0, 10, 0]
				}
			}
		},
		"animation.elekid.blink": {
			"animation_length": 0.16667,
			"bones": {
				"eyelid_left": {
					"position": {
						"0.0": [0, 0, -0.1],
						"0.125": [0, 0, -0.1],
						"0.1667": [0, 0, 0]
					}
				},
				"eyelid_right": {
					"position": {
						"0.0": [0, 0, -0.1],
						"0.125": [0, 0, -0.1],
						"0.1667": [0, 0, 0]
					}
				}
			}
		}
	}
}