{
	"format_version": "1.8.0",
	"animations": {
		"animation.nidorina.idle": {
			"loop": true,
			"bones": {
				"torso": {
					"rotation": [-35, 0, 0]
				},
				"head": {
					"rotation": [15, 0, 0],
					"position": [0, 0, -0.5],
					"scale": 1
				},
				"jaw": {
					"rotation": [0, 0, 0]
				},
				"upper_torso": {
					"rotation": [12.5, 0, 0]
				},
				"body": {
					"position": [0, -0.5, 0]
				},
				"left_leg": {
					"rotation": [-14.59615, -12.97202, -0.17957]
				},
				"neck": {
					"rotation": [5, 0, 0],
					"position": [0, 0, 0]
				},
				"left_foot": {
					"rotation": [15, 0, 0]
				},
				"arms_torso": {
					"rotation": [-35, 0, 0]
				},
				"arms_upper_torso": {
					"rotation": [12.5, 0, 0]
				},
				"left_upper_arm": {
					"rotation": [-0.88045, -9.96156, -17.42327]
				},
				"left_lower_arm": {
					"rotation": [-9.80908, -0.30951, 10.19366]
				},
				"left_hand": {
					"rotation": [-17.5, 0, 0]
				},
				"tail_2": {
					"rotation": [22.5, 0, 0]
				},
				"tail_1": {
					"rotation": [22.5, 0, 0]
				},
				"left_middle_finger": {
					"rotation": [10, 0, 0]
				},
				"left_pinky_finger": {
					"rotation": [12.5, 0, 0]
				},
				"left_index_finger": {
					"rotation": [12.5, 0, 0]
				},
				"right_upper_arm": {
					"rotation": [-0.88045, 9.96156, 17.42327]
				},
				"right_lower_arm": {
					"rotation": [-9.80908, 0.30951, -10.19366]
				},
				"right_hand": {
					"rotation": [-17.5, 0, 0]
				},
				"right_middle_finger": {
					"rotation": [10, 0, 0]
				},
				"right_pinky_finger": {
					"rotation": [12.5, 0, 0]
				},
				"right_index_finger": {
					"rotation": [12.5, 0, 0]
				},
				"right_leg": {
					"rotation": [-14.59615, 12.97202, 0.17957]
				},
				"right_foot": {
					"rotation": [15, 0, 0]
				}
			}
		},
		"animation.nidorina.idle2": {
			"loop": true,
			"bones": {
				"torso": {
					"rotation": [-7.5, 0, 0]
				},
				"head": {
					"rotation": [-2.5, 0, 0],
					"position": [0, 0, 0],
					"scale": 1
				},
				"jaw": {
					"rotation": [0, 0, 0]
				},
				"upper_torso": {
					"rotation": [10, 0, 0]
				},
				"body": {
					"position": [0, -0.5, 0]
				},
				"left_leg": {
					"rotation": [-9.59615, -12.97202, -0.17957],
					"position": [0, 0.25, 0.25]
				},
				"neck": {
					"rotation": [5, 0, 0],
					"position": [0, 0, 0]
				},
				"left_foot": {
					"rotation": [10, 0, 0]
				},
				"arms_torso": {
					"rotation": [-7.5, 0, 0]
				},
				"arms_upper_torso": {
					"rotation": [10, 0, 0]
				},
				"left_upper_arm": {
					"rotation": [-10.88045, -9.96156, -17.42327],
					"position": [0, -0.5, -0.5]
				},
				"left_lower_arm": {
					"rotation": [-17.49856, 2.71069, 6.74144]
				},
				"left_hand": {
					"rotation": [-14.81651, -1.97071, 8.21358]
				},
				"tail_2": {
					"rotation": [15, 0, 0]
				},
				"tail_1": {
					"rotation": [7.5, 0, 0]
				},
				"left_middle_finger": {
					"rotation": [-32.5, 0, 0],
					"position": [0, 0.5, 0.25]
				},
				"left_pinky_finger": {
					"rotation": [-32.5, 0, 0],
					"position": [0, 0.5, 0.25]
				},
				"left_index_finger": {
					"rotation": [-32.5, 0, 0],
					"position": [0, 0.5, 0.25]
				},
				"right_upper_arm": {
					"rotation": [-10.88045, 9.96156, 17.42327],
					"position": [0, -0.5, -0.5]
				},
				"right_lower_arm": {
					"rotation": [-17.49856, -2.71069, -6.74144]
				},
				"right_hand": {
					"rotation": [-14.81651, 1.97071, -8.21358]
				},
				"right_middle_finger": {
					"rotation": [-32.5, 0, 0],
					"position": [0, 0.5, 0.25]
				},
				"right_pinky_finger": {
					"rotation": [-32.5, 0, 0],
					"position": [0, 0.5, 0.25]
				},
				"right_index_finger": {
					"rotation": [-32.5, 0, 0],
					"position": [0, 0.5, 0.25]
				},
				"right_leg": {
					"rotation": [-9.59615, 12.97202, 0.17957],
					"position": [0, 0.25, 0.25]
				},
				"right_foot": {
					"rotation": [10, 0, 0]
				}
			}
		},
		"animation.nidorina.idle3": {
			"loop": true,
			"bones": {
				"torso": {
					"rotation": [-65, 0, 0]
				},
				"head": {
					"rotation": [30, 0, 0],
					"position": [0, 0, -1.25],
					"scale": 1
				},
				"jaw": {
					"rotation": [0, 0, 0]
				},
				"upper_torso": {
					"rotation": [17.5, 0, 0]
				},
				"body": {
					"position": [0, -0.5, 0]
				},
				"left_leg": {
					"rotation": [-14.59615, -12.97202, -0.17957]
				},
				"neck": {
					"rotation": [17.5, 0, 0],
					"position": [0, 0, 0]
				},
				"left_foot": {
					"rotation": [15, 0, 0]
				},
				"arms_torso": {
					"rotation": [-65, 0, 0]
				},
				"arms_upper_torso": {
					"rotation": [17.5, 0, 0]
				},
				"left_upper_arm": {
					"rotation": [40.87027, 1.34519, -7.52204]
				},
				"left_lower_arm": {
					"rotation": [-9.80908, -0.30951, 10.19366]
				},
				"left_hand": {
					"rotation": [-17.5, 0, 0]
				},
				"tail_2": {
					"rotation": [25, 0, 0]
				},
				"tail_1": {
					"rotation": [30, 0, 0],
					"position": [0, 0.25, 0.5]
				},
				"left_middle_finger": {
					"rotation": [10, 0, 0]
				},
				"left_pinky_finger": {
					"rotation": [12.5, 0, 0]
				},
				"left_index_finger": {
					"rotation": [12.5, 0, 0]
				},
				"right_upper_arm": {
					"rotation": [40.87027, -1.34519, 7.52204]
				},
				"right_lower_arm": {
					"rotation": [-9.80908, 0.30951, -10.19366]
				},
				"right_hand": {
					"rotation": [-17.5, 0, 0]
				},
				"right_middle_finger": {
					"rotation": [10, 0, 0]
				},
				"right_pinky_finger": {
					"rotation": [12.5, 0, 0]
				},
				"right_index_finger": {
					"rotation": [12.5, 0, 0]
				},
				"right_leg": {
					"rotation": [-14.59615, 12.97202, 0.17957]
				},
				"right_foot": {
					"rotation": [15, 0, 0]
				}
			}
		},
		"animation.nidorina.blink": {
			"animation_length": 0.16667,
			"bones": {
				"left_eyelid": {
					"position": {
						"0.0": [0.1, 0, 0],
						"0.125": {"pre": [0.1, 0, 0], "post": [0.1, 0, 0]},
						"0.1667": {"pre": [0.1, 0, 0], "post": [0, 0, 0]}
					}
				},
				"right_eyelid": {
					"position": {
						"0.0": [-0.1, 0, 0],
						"0.125": {"pre": [-0.1, 0, 0], "post": [-0.1, 0, 0]},
						"0.1667": {"pre": [-0.1, 0, 0], "post": [0, 0, 0]}
					}
				}
			}
		},
		"animation.nidorina.cry": {
			"animation_length": 1,
			"bones": {
				"upper_torso": {
					"rotation": {
						"0.0": [0, 0, 0],
						"0.25": [-5, 0, 0],
						"0.5417": [-4, 0, 0],
						"0.9583": [0, 0, 0]
					}
				},
				"neck": {
					"rotation": {
						"0.0": [0, 0, 0],
						"0.3333": [-2.5, 0, 0],
						"0.6667": [-2, 0, 0],
						"0.9583": [0, 0, 0]
					}
				},
				"head": {
					"rotation": {
						"0.0": [0, 0, 0],
						"0.125": [-5, 0, 0],
						"0.2917": [-2.5, 0, 0],
						"0.4583": [-4, 0, 0],
						"0.6667": [-1.5, 0, 0],
						"0.875": [0, 0, 0]
					}
				},
				"jaw": {
					"rotation": {
						"0.0": [0, 0, 0],
						"0.0833": [45, 0, 0],
						"0.2083": [22.5, 0, 0],
						"0.3333": [35, 0, 0],
						"0.5833": [17.5, 0, 0],
						"0.75": [0, 0, 0]
					}
				},
				"arms_upper_torso": {
					"rotation": {
						"0.0": [0, 0, 0],
						"0.25": [-5, 0, 0],
						"0.5417": [-4, 0, 0],
						"0.9583": [0, 0, 0]
					}
				},
				"left_upper_arm": {
					"rotation": {
						"0.0": [0, 0, 0],
						"0.2917": [5, 0, 0],
						"0.625": [3, 0, 0],
						"0.9583": [0, 0, 0]
					}
				},
				"right_upper_arm": {
					"rotation": {
						"0.0": [0, 0, 0],
						"0.2917": [5, 0, 0],
						"0.625": [3, 0, 0],
						"0.9583": [0, 0, 0]
					}
				}
			},
			"sound_effects": {
				"0.0": {
					"effect": "pokemon.nidorina.cry"
				}
			}
		}
	}
}