{
	"format_version": "1.8.0",
	"animations": {
		"animation.buizel.ground_idle": {
			"loop": true,
			"bones": {
				"torso": {
					"rotation": [5, 0, 0]
				},
				"torso2": {
					"rotation": [2.5, 0, 0]
				},
				"arm_left": {
					"rotation": [0, 15, 55]
				},
				"arm_left2": {
					"rotation": [0, 20, 0]
				},
				"hand_left": {
					"rotation": [0, 0, 12.5]
				},
				"arm_right": {
					"rotation": [0, -15, -55]
				},
				"arm_right2": {
					"rotation": [0, -20, 0]
				},
				"hand_right": {
					"rotation": [0, 0, -12.5]
				},
				"neck": {
					"rotation": [2.5, 0, 0]
				},
				"head": {
					"rotation": [5, 0, 0]
				},
				"leg_left": {
					"rotation": [0, -15, 0]
				},
				"foot_left": {
					"rotation": [0, -10, 0]
				},
				"leg_right": {
					"rotation": [0, 15, 0]
				},
				"foot_right": {
					"rotation": [0, 10, 0]
				},
				"tail": {
					"rotation": [10.08453, 7.38542, 1.30962]
				},
				"tail2": {
					"rotation": [35, 0, 0]
				},
				"tail_pivot": {
					"rotation": [20, 0, 0]
				},
				"tail_left": {
					"rotation": [7.5, 0, 0]
				},
				"tail_left2": {
					"rotation": [10.00933, 2.462, 0.43439]
				},
				"tail_left3": {
					"rotation": [22.5, -20, 0]
				},
				"tail_left4": {
					"rotation": [0, -27.5, 0]
				},
				"tail_right": {
					"rotation": [0, -12.5, 0]
				},
				"tail_right2": {
					"rotation": [15, -15, 0]
				},
				"tail_right3": {
					"rotation": [0, 7.5, 0]
				},
				"tail_right4": {
					"rotation": [0, 35, 0]
				}
			}
		},
		"animation.buizel.blink": {
			"animation_length": 0.16667,
			"bones": {
				"eyelid_left": {
					"position": {
						"0.0": [0.1, 0, 0],
						"0.125": [0.1, 0, 0],
						"0.1667": [0, 0, 0]
					}
				},
				"eyelid_right": {
					"position": {
						"0.0": [-0.1, 0, 0],
						"0.125": [-0.1, 0, 0],
						"0.1667": [0, 0, 0]
					}
				}
			}
		}
	}
}