{
	"format_version": "1.8.0",
	"animations": {
		"animation.tentacruel.render": {
			"loop": true,
			"bones": {
				"tentacle_left_front": {
					"rotation": [-35.79539, -33.57298, -11.02156],
					"position": [2, 0, 0]
				},
				"tentacle_left_front_2": {
					"rotation": [-20, 0, 0]
				},
				"tentacle_left_front_3": {
					"rotation": [-30, 0, 0]
				},
				"tentacle_left_front_4": {
					"rotation": [-25, 0, 0]
				},
				"tentacle_left_front_5": {
					"rotation": [45, 0, 0]
				},
				"tentacle_left_2": {
					"rotation": [-105.61454, 109.6121, -160.30206]
				},
				"tentacle_left_2_2": {
					"rotation": [-10, 0, 0]
				},
				"tentacle_left_2_3": {
					"rotation": [-10, 0, 0]
				},
				"tentacle_left_2_4": {
					"rotation": [-15, 0, 0]
				},
				"tentacle_left_2_5": {
					"rotation": [-15, 0, 0]
				},
				"tentacle_left_3": {
					"rotation": [0, 180, -32.5]
				},
				"tentacle_left_3_2": {
					"rotation": [-10, 0, 0]
				},
				"tentacle_left_3_3": {
					"rotation": [-25, 0, 0]
				},
				"tentacle_left_3_4": {
					"rotation": [-15, 0, 0]
				},
				"tentacle_left_3_5": {
					"rotation": [-15, 0, 0]
				},
				"tentacle_left_4": {
					"rotation": [46.40425, 184.78384, -23.85039]
				},
				"tentacle_left_4_2": {
					"rotation": [-10, 0, 0]
				},
				"tentacle_left_4_3": {
					"rotation": [-20, 0, 0]
				},
				"tentacle_left_4_4": {
					"rotation": [-27.5, 0, 0]
				},
				"tentacle_left_4_5": {
					"rotation": [-15, 0, 0]
				},
				"tentacle_left_5": {
					"rotation": [58.18371, 214.30744, 40.43587]
				},
				"tentacle_left_5_2": {
					"rotation": [-10, 0, 0]
				},
				"tentacle_left_5_3": {
					"rotation": [-10, 0, 0]
				},
				"tentacle_left_5_4": {
					"rotation": [-15, 0, 0]
				},
				"tentacle_left_5_5": {
					"rotation": [-15, 0, 0]
				},
				"tentacle_right_front": {
					"rotation": [-31.28822, 17.33038, 3.83581],
					"position": [-2, 0, 0]
				},
				"tentacle_right_front_2": {
					"rotation": [-42.5, 0, 0]
				},
				"tentacle_right_front_3": {
					"rotation": [-15, 0, 0]
				},
				"tentacle_right_front_4": {
					"rotation": [-15, 0, 0]
				},
				"tentacle_right_front_5": {
					"rotation": [33.44102, 8.42106, -20.94102]
				},
				"tentacle_right_2": {
					"rotation": [-80.69405, 265.81404, -212.74679]
				},
				"tentacle_right_2_2": {
					"rotation": [-10, 0, 0]
				},
				"tentacle_right_2_3": {
					"rotation": [-22.5, 0, 0]
				},
				"tentacle_right_2_4": {
					"rotation": [-25, 0, 0]
				},
				"tentacle_right_2_5": {
					"rotation": [-15, 0, 0]
				},
				"tentacle_right_3": {
					"rotation": [-23.44413, 232.24335, 75.53125]
				},
				"tentacle_right_3_2": {
					"rotation": [-10, 0, 0]
				},
				"tentacle_right_3_3": {
					"rotation": [-10, 0, 0]
				},
				"tentacle_right_3_4": {
					"rotation": [-15, 0, 0]
				},
				"tentacle_right_3_5": {
					"rotation": [-15, 0, 0]
				},
				"tentacle_right_4": {
					"rotation": [204.74484, 297.04971, 218.89898]
				},
				"tentacle_right_4_2": {
					"rotation": [-20, 0, 0]
				},
				"tentacle_right_4_3": {
					"rotation": [-17.48436, -0.75155, -2.38443]
				},
				"tentacle_right_4_4": {
					"rotation": [-15, 0, 0]
				},
				"tentacle_right_4_5": {
					"rotation": [17.5, 0, 0]
				},
				"tentacle_right_5": {
					"rotation": [-10, 267.5, 0]
				},
				"tentacle_right_5_2": {
					"rotation": [-10, 0, 0]
				},
				"tentacle_right_5_3": {
					"rotation": [-10, 0, 0]
				},
				"tentacle_right_5_4": {
					"rotation": [-15, 0, 0]
				},
				"tentacle_right_5_5": {
					"rotation": [-15, 0, 0]
				},
				"body": {
					"rotation": [5, 0, 0],
					"position": [0, -4, 0]
				}
			}
		},
		"animation.tentacruel.water_idle": {
			"loop": true,
			"bones": {
				"body": {
					"rotation": [5, 0, 0],
					"position": [0, "1.5-0.3*(math.sin(q.anim_time*90*1.5-40)*4+1)", 0]
				},
				"torso": {
					"rotation": ["-2+1*math.sin(q.anim_time*90*1.5-60)*4+1", 0, 0]
				},
				"brim_front": {
					"rotation": ["-1*math.sin(q.anim_time*90*1.5-60)*4+1", 0, 0]
				},
				"brim_back": {
					"rotation": ["1*math.sin(q.anim_time*90*1.5-60)*4+1", 0, 0]
				},
				"brim_left": {
					"rotation": [0, 0, "-1*math.sin(q.anim_time*90*1.5-60)*4+1"]
				},
				"brim_right": {
					"rotation": [0, 0, "1*math.sin(q.anim_time*90*1.5-60)*4+1"]
				},
				"beak_front": {
					"rotation": ["-1.5*math.sin(q.anim_time*90*1.5-60)*4+1", 0, 0]
				},
				"beak_back": {
					"rotation": ["1*math.sin(q.anim_time*90*1.5-60)*4+1", 0, 0]
				},
				"tentacle_left_front": {
					"rotation": ["7-10*math.clamp(math.sin(q.anim_time*90*1.5)*1+1.5,0,10)", 0, 0]
				},
				"tentacle_left_front_2": {
					"rotation": ["-15*math.clamp(math.sin(q.anim_time*90*1.5-20)*1+0,0,15)", 0, 0]
				},
				"tentacle_left_front_3": {
					"rotation": ["-15*math.clamp(math.sin(q.anim_time*90*1.5-40)*1+0,0,15)", 0, 0]
				},
				"tentacle_left_front_4": {
					"rotation": ["-15*math.clamp(math.sin(q.anim_time*90*1.5-60)*1+0,0,15)", 0, 0]
				},
				"tentacle_left_front_5": {
					"rotation": ["-15*math.sin(q.anim_time*90*1.5-80)", 0, 0]
				},
				"tentacle_left_2": {
					"rotation": ["7-10*math.clamp(math.sin(q.anim_time*90*1.5)*1+1.5,0,10)", 0, 0]
				},
				"tentacle_left_2_2": {
					"rotation": ["-15*math.clamp(math.sin(q.anim_time*90*1.5-20)*1+0,0,15)", 0, 0]
				},
				"tentacle_left_2_3": {
					"rotation": ["-15*math.clamp(math.sin(q.anim_time*90*1.5-40)*1+0,0,15)", 0, 0]
				},
				"tentacle_left_2_4": {
					"rotation": ["-15*math.clamp(math.sin(q.anim_time*90*1.5-60)*1+0,0,15)", 0, 0]
				},
				"tentacle_left_2_5": {
					"rotation": ["-15*math.sin(q.anim_time*90*1.5-80)", 0, 0]
				},
				"tentacle_left_3": {
					"rotation": ["7-10*math.clamp(math.sin(q.anim_time*90*1.5)*1+1.5,0,10)", 0, 0]
				},
				"tentacle_left_3_2": {
					"rotation": ["-15*math.clamp(math.sin(q.anim_time*90*1.5-20)*1+0,0,15)", 0, 0]
				},
				"tentacle_left_3_3": {
					"rotation": ["-15*math.clamp(math.sin(q.anim_time*90*1.5-40)*1+0,0,15)", 0, 0]
				},
				"tentacle_left_3_4": {
					"rotation": ["-15*math.clamp(math.sin(q.anim_time*90*1.5-60)*1+0,0,15)", 0, 0]
				},
				"tentacle_left_3_5": {
					"rotation": ["-15*math.sin(q.anim_time*90*1.5-80)", 0, 0]
				},
				"tentacle_left_4": {
					"rotation": ["7-10*math.clamp(math.sin(q.anim_time*90*1.5)*1+1.5,0,10)", 0, 0]
				},
				"tentacle_left_4_2": {
					"rotation": ["-15*math.clamp(math.sin(q.anim_time*90*1.5-20)*1+0,0,15)", 0, 0]
				},
				"tentacle_left_4_3": {
					"rotation": ["-15*math.clamp(math.sin(q.anim_time*90*1.5-40)*1+0,0,15)", 0, 0]
				},
				"tentacle_left_4_4": {
					"rotation": ["-15*math.clamp(math.sin(q.anim_time*90*1.5-60)*1+0,0,15)", 0, 0]
				},
				"tentacle_left_4_5": {
					"rotation": ["-15*math.sin(q.anim_time*90*1.5-80)", 0, 0]
				},
				"tentacle_left_5": {
					"rotation": ["7-10*math.clamp(math.sin(q.anim_time*90*1.5)*1+1.5,0,10)", 0, 0]
				},
				"tentacle_left_5_2": {
					"rotation": ["-15*math.clamp(math.sin(q.anim_time*90*1.5-20)*1+0,0,15)", 0, 0]
				},
				"tentacle_left_5_3": {
					"rotation": ["-15*math.clamp(math.sin(q.anim_time*90*1.5-40)*1+0,0,15)", 0, 0]
				},
				"tentacle_left_5_4": {
					"rotation": ["-15*math.clamp(math.sin(q.anim_time*90*1.5-60)*1+0,0,15)", 0, 0]
				},
				"tentacle_left_5_5": {
					"rotation": ["-15*math.sin(q.anim_time*90*1.5-80)", 0, 0]
				},
				"tentacle_right_front": {
					"rotation": ["7-10*math.clamp(math.sin(q.anim_time*90*1.5)*1+1.5,0,10)", 0, 0]
				},
				"tentacle_right_front_2": {
					"rotation": ["-15*math.clamp(math.sin(q.anim_time*90*1.5-20)*1+0,0,15)", 0, 0]
				},
				"tentacle_right_front_3": {
					"rotation": ["-15*math.clamp(math.sin(q.anim_time*90*1.5-40)*1+0,0,15)", 0, 0]
				},
				"tentacle_right_front_4": {
					"rotation": ["-15*math.clamp(math.sin(q.anim_time*90*1.5-60)*1+0,0,15)", 0, 0]
				},
				"tentacle_right_front_5": {
					"rotation": ["-15*math.sin(q.anim_time*90*1.5-80)", 0, 0]
				},
				"tentacle_right_2": {
					"rotation": ["7-10*math.clamp(math.sin(q.anim_time*90*1.5)*1+1.5,0,10)", 0, 0]
				},
				"tentacle_right_2_2": {
					"rotation": ["-15*math.clamp(math.sin(q.anim_time*90*1.5-20)*1+0,0,15)", 0, 0]
				},
				"tentacle_right_2_3": {
					"rotation": ["-15*math.clamp(math.sin(q.anim_time*90*1.5-40)*1+0,0,15)", 0, 0]
				},
				"tentacle_right_2_4": {
					"rotation": ["-15*math.clamp(math.sin(q.anim_time*90*1.5-60)*1+0,0,15)", 0, 0]
				},
				"tentacle_right_2_5": {
					"rotation": ["-15*math.sin(q.anim_time*90*1.5-80)", 0, 0]
				},
				"tentacle_right_3": {
					"rotation": ["7-10*math.clamp(math.sin(q.anim_time*90*1.5)*1+1.5,0,10)", 0, 0]
				},
				"tentacle_right_3_2": {
					"rotation": ["-15*math.clamp(math.sin(q.anim_time*90*1.5-20)*1+0,0,15)", 0, 0]
				},
				"tentacle_right_3_3": {
					"rotation": ["-15*math.clamp(math.sin(q.anim_time*90*1.5-40)*1+0,0,15)", 0, 0]
				},
				"tentacle_right_3_4": {
					"rotation": ["-15*math.clamp(math.sin(q.anim_time*90*1.5-60)*1+0,0,15)", 0, 0]
				},
				"tentacle_right_3_5": {
					"rotation": ["-15*math.sin(q.anim_time*90*1.5-80)", 0, 0]
				},
				"tentacle_right_4": {
					"rotation": ["7-10*math.clamp(math.sin(q.anim_time*90*1.5)*1+1.5,0,10)", 0, 0]
				},
				"tentacle_right_4_2": {
					"rotation": ["-15*math.clamp(math.sin(q.anim_time*90*1.5-20)*1+0,0,15)", 0, 0]
				},
				"tentacle_right_4_3": {
					"rotation": ["-15*math.clamp(math.sin(q.anim_time*90*1.5-40)*1+0,0,15)", 0, 0]
				},
				"tentacle_right_4_4": {
					"rotation": ["-15*math.clamp(math.sin(q.anim_time*90*1.5-60)*1+0,0,15)", 0, 0]
				},
				"tentacle_right_4_5": {
					"rotation": ["-15*math.sin(q.anim_time*90*1.5-80)", 0, 0]
				},
				"tentacle_right_5": {
					"rotation": ["7-10*math.clamp(math.sin(q.anim_time*90*1.5)*1+1.5,0,10)", 0, 0]
				},
				"tentacle_right_5_2": {
					"rotation": ["-15*math.clamp(math.sin(q.anim_time*90*1.5-20)*1+0,0,15)", 0, 0]
				},
				"tentacle_right_5_3": {
					"rotation": ["-15*math.clamp(math.sin(q.anim_time*90*1.5-40)*1+0,0,15)", 0, 0]
				},
				"tentacle_right_5_4": {
					"rotation": ["-15*math.clamp(math.sin(q.anim_time*90*1.5-60)*1+0,0,15)", 0, 0]
				},
				"tentacle_right_5_5": {
					"rotation": ["-15*math.sin(q.anim_time*90*1.5-80)", 0, 0]
				}
			}
		},
		"animation.tentacruel.water_swim": {
			"loop": true,
			"bones": {
				"body": {
					"rotation": [35, 0, 0],
					"position": [0, "5-0.2*(math.sin(q.anim_time*90*2-10)*4+1)", 0]
				},
				"torso": {
					"rotation": ["-12+1*math.sin(q.anim_time*90*2-40)*4+1", 0, 0]
				},
				"brim_front": {
					"rotation": ["-1*math.sin(q.anim_time*90*2-40)*4+1", 0, 0]
				},
				"brim_back": {
					"rotation": ["1*math.sin(q.anim_time*90*2-40)*4+1", 0, 0]
				},
				"brim_left": {
					"rotation": [0, 0, "-1*math.sin(q.anim_time*90*2-40)*4+1"]
				},
				"brim_right": {
					"rotation": [0, 0, "1*math.sin(q.anim_time*90*2-40)*4+1"]
				},
				"beak_front": {
					"rotation": ["-2*math.sin(q.anim_time*90*2-40)*4-4", 0, 0]
				},
				"beak_back": {
					"rotation": ["1*math.sin(q.anim_time*90*2-40)*4+1", 0, 0]
				},
				"tentacle_left_front": {
					"rotation": ["17-10*math.clamp(math.sin(q.anim_time*90*2)*1+1.5,0,10)", 0, 0]
				},
				"tentacle_left_front_2": {
					"rotation": ["-10*math.clamp(math.sin(q.anim_time*90*2-20)*1+0,0,10)", 0, 0]
				},
				"tentacle_left_front_3": {
					"rotation": ["-10*math.clamp(math.sin(q.anim_time*90*2-40)*1+0,0,10)", 0, 0]
				},
				"tentacle_left_front_4": {
					"rotation": ["-10*math.clamp(math.sin(q.anim_time*90*2-60)*1+0,0,10)", 0, 0]
				},
				"tentacle_left_front_5": {
					"rotation": ["-10*math.sin(q.anim_time*90*2-80)", 0, 0]
				},
				"tentacle_left_2": {
					"rotation": ["17-10*math.clamp(math.sin(q.anim_time*90*2-60)*1+1.5,0,10)", 1, -14]
				},
				"tentacle_left_2_2": {
					"rotation": ["-10*math.clamp(math.sin(q.anim_time*90*2-80)*1+0,0,10)", 0, 0]
				},
				"tentacle_left_2_3": {
					"rotation": ["-10*math.clamp(math.sin(q.anim_time*90*2-100)*1+0,0,10)", 0, 0]
				},
				"tentacle_left_2_4": {
					"rotation": ["-10*math.clamp(math.sin(q.anim_time*90*2-120)*1+0,0,10)", 0, 0]
				},
				"tentacle_left_2_5": {
					"rotation": ["-10*math.sin(q.anim_time*90*2-140)", 0, 0]
				},
				"tentacle_left_3": {
					"rotation": ["96-10*math.clamp(math.sin(q.anim_time*90*2-120)*1+1.5,0,10)", 10, -90]
				},
				"tentacle_left_3_2": {
					"rotation": ["-10*math.clamp(math.sin(q.anim_time*90*2-140)*1+0,0,10)", 0, 0]
				},
				"tentacle_left_3_3": {
					"rotation": ["-10*math.clamp(math.sin(q.anim_time*90*2-160)*1+0,0,10)", 0, 0]
				},
				"tentacle_left_3_4": {
					"rotation": ["-10*math.clamp(math.sin(q.anim_time*90*2-180)*1+0,0,10)", 0, 0]
				},
				"tentacle_left_3_5": {
					"rotation": ["-10*math.sin(q.anim_time*90*2-200)", 0, 0]
				},
				"tentacle_left_4": {
					"rotation": ["171-10*math.clamp(math.sin(q.anim_time*90*2-180)*1+1.5,0,10)", 92, -171.5]
				},
				"tentacle_left_4_2": {
					"rotation": ["-10*math.clamp(math.sin(q.anim_time*90*2-200)*1+0,0,10)", 0, 0]
				},
				"tentacle_left_4_3": {
					"rotation": ["-10*math.clamp(math.sin(q.anim_time*90*2-220)*1+0,0,10)", 0, 0]
				},
				"tentacle_left_4_4": {
					"rotation": ["-10*math.clamp(math.sin(q.anim_time*90*2-240)*1+0,0,10)", 0, 0]
				},
				"tentacle_left_4_5": {
					"rotation": ["-10*math.sin(q.anim_time*90*2-260)", 0, 0]
				},
				"tentacle_left_5": {
					"rotation": ["-3-10*math.clamp(math.sin(q.anim_time*90*2-240)*1+1.5,0,10)", 0, 0]
				},
				"tentacle_left_5_2": {
					"rotation": ["-10*math.clamp(math.sin(q.anim_time*90*2-260)*1+0,0,10)", 0, 0]
				},
				"tentacle_left_5_3": {
					"rotation": ["-10*math.clamp(math.sin(q.anim_time*90*2-280)*1+0,0,10)", 0, 0]
				},
				"tentacle_left_5_4": {
					"rotation": ["-10*math.clamp(math.sin(q.anim_time*90*2-300)*1+0,0,10)", 0, 0]
				},
				"tentacle_left_5_5": {
					"rotation": ["-10*math.sin(q.anim_time*90*2-320)", 0, 0]
				},
				"tentacle_right_front": {
					"rotation": ["17-10*math.clamp(math.sin(q.anim_time*90*2-540)*1+1.5,0,10)", 0, 0]
				},
				"tentacle_right_front_2": {
					"rotation": ["-10*math.clamp(math.sin(q.anim_time*90*2-560)*1+0,0,10)", 0, 0]
				},
				"tentacle_right_front_3": {
					"rotation": ["-10*math.clamp(math.sin(q.anim_time*90*2-580)*1+0,0,10)", 0, 0]
				},
				"tentacle_right_front_4": {
					"rotation": ["-10*math.clamp(math.sin(q.anim_time*90*2-600)*1+0,0,10)", 0, 0]
				},
				"tentacle_right_front_5": {
					"rotation": ["-10*math.sin(q.anim_time*90*2-620)", 0, 0]
				},
				"tentacle_right_2": {
					"rotation": ["17-10*math.clamp(math.sin(q.anim_time*90*2-480)*1+1.5,0,10)", -1, 14]
				},
				"tentacle_right_2_2": {
					"rotation": ["-10*math.clamp(math.sin(q.anim_time*90*2-500)*1+0,0,10)", 0, 0]
				},
				"tentacle_right_2_3": {
					"rotation": ["-10*math.clamp(math.sin(q.anim_time*90*2-520)*1+0,0,10)", 0, 0]
				},
				"tentacle_right_2_4": {
					"rotation": ["-10*math.clamp(math.sin(q.anim_time*90*2-540)*1+0,0,10)", 0, 0]
				},
				"tentacle_right_2_5": {
					"rotation": ["-10*math.sin(q.anim_time*90*2-560)", 0, 0]
				},
				"tentacle_right_3": {
					"rotation": ["96-10*math.clamp(math.sin(q.anim_time*90*2-420)*1+1.5,0,10)", -10, 90]
				},
				"tentacle_right_3_2": {
					"rotation": ["-10*math.clamp(math.sin(q.anim_time*90*2-440)*1+0,0,10)", 0, 0]
				},
				"tentacle_right_3_3": {
					"rotation": ["-10*math.clamp(math.sin(q.anim_time*90*2-460)*1+0,0,10)", 0, 0]
				},
				"tentacle_right_3_4": {
					"rotation": ["-10*math.clamp(math.sin(q.anim_time*90*2-480)*1+0,0,10)", 0, 0]
				},
				"tentacle_right_3_5": {
					"rotation": ["-10*math.sin(q.anim_time*90*2-500)", 0, 0]
				},
				"tentacle_right_4": {
					"rotation": ["171-10*math.clamp(math.sin(q.anim_time*90*2-360)*1+1.5,0,10)", -92, 171.5]
				},
				"tentacle_right_4_2": {
					"rotation": ["-10*math.clamp(math.sin(q.anim_time*90*2-380)*1+0,0,10)", 0, 0]
				},
				"tentacle_right_4_3": {
					"rotation": ["-10*math.clamp(math.sin(q.anim_time*90*2-400)*1+0,0,10)", 0, 0]
				},
				"tentacle_right_4_4": {
					"rotation": ["-10*math.clamp(math.sin(q.anim_time*90*2-420)*1+0,0,10)", 0, 0]
				},
				"tentacle_right_4_5": {
					"rotation": ["-10*math.sin(q.anim_time*90*2-440)", 0, 0]
				},
				"tentacle_right_5": {
					"rotation": ["-3-10*math.clamp(math.sin(q.anim_time*90*2-300)*1+1.5,0,10)", 0, 0]
				},
				"tentacle_right_5_2": {
					"rotation": ["-10*math.clamp(math.sin(q.anim_time*90*2-320)*1+0,0,10)", 0, 0]
				},
				"tentacle_right_5_3": {
					"rotation": ["-10*math.clamp(math.sin(q.anim_time*90*2-340)*1+0,0,10)", 0, 0]
				},
				"tentacle_right_5_4": {
					"rotation": ["-10*math.clamp(math.sin(q.anim_time*90*2-360)*1+0,0,10)", 0, 0]
				},
				"tentacle_right_5_5": {
					"rotation": ["-10*math.sin(q.anim_time*90*2-380)", 0, 0]
				}
			}
		},
		"animation.tentacruel.water_sleep": {
			"loop": true,
			"bones": {
				"body": {
					"rotation": [5, 0, 0],
					"position": [0, "1.5-0.3*(math.sin(q.anim_time*90*1-40)*4+1)", 0]
				},
				"torso": {
					"rotation": ["-2+1*math.sin(q.anim_time*90*1-60)*4+1", 0, 0]
				},
				"brim_front": {
					"rotation": ["-1*math.sin(q.anim_time*90*1-60)*4+1", 0, 0]
				},
				"brim_back": {
					"rotation": ["1*math.sin(q.anim_time*90*1-60)*4+1", 0, 0]
				},
				"brim_left": {
					"rotation": [0, 0, "-1*math.sin(q.anim_time*90*1-60)*4+1"]
				},
				"brim_right": {
					"rotation": [0, 0, "1*math.sin(q.anim_time*90*1-60)*4+1"]
				},
				"eyelid_left": {
					"position": [0, 0, -0.1]
				},
				"eyelid_right": {
					"position": [0, 0, -0.1]
				},
				"beak_front": {
					"rotation": ["-1.5*math.sin(q.anim_time*90*1-60)*4+1", 0, 0]
				},
				"beak_back": {
					"rotation": ["1*math.sin(q.anim_time*90*1-60)*4+1", 0, 0]
				},
				"tentacle_left_front": {
					"rotation": ["7-8*math.clamp(math.sin(q.anim_time*90*1)*1+1.5,0,10)", 0, 0]
				},
				"tentacle_left_front_2": {
					"rotation": ["-8*math.clamp(math.sin(q.anim_time*90*1-20)*1+0,0,10)", 0, 0]
				},
				"tentacle_left_front_3": {
					"rotation": ["-8*math.clamp(math.sin(q.anim_time*90*1-40)*1+0,0,10)", 0, 0]
				},
				"tentacle_left_front_4": {
					"rotation": ["-8*math.clamp(math.sin(q.anim_time*90*1-60)*1+0,0,10)", 0, 0]
				},
				"tentacle_left_front_5": {
					"rotation": ["-8*math.sin(q.anim_time*90*1-80)", 0, 0]
				},
				"tentacle_left_2": {
					"rotation": ["7-8*math.clamp(math.sin(q.anim_time*90*1)*1+1.5,0,10)", 0, 0]
				},
				"tentacle_left_2_2": {
					"rotation": ["-8*math.clamp(math.sin(q.anim_time*90*1-20)*1+0,0,10)", 0, 0]
				},
				"tentacle_left_2_3": {
					"rotation": ["-8*math.clamp(math.sin(q.anim_time*90*1-40)*1+0,0,10)", 0, 0]
				},
				"tentacle_left_2_4": {
					"rotation": ["-8*math.clamp(math.sin(q.anim_time*90*1-60)*1+0,0,10)", 0, 0]
				},
				"tentacle_left_2_5": {
					"rotation": ["-8*math.sin(q.anim_time*90*1-80)", 0, 0]
				},
				"tentacle_left_3": {
					"rotation": ["7-8*math.clamp(math.sin(q.anim_time*90*1)*1+1.5,0,10)", 0, 0]
				},
				"tentacle_left_3_2": {
					"rotation": ["-8*math.clamp(math.sin(q.anim_time*90*1-20)*1+0,0,10)", 0, 0]
				},
				"tentacle_left_3_3": {
					"rotation": ["-8*math.clamp(math.sin(q.anim_time*90*1-40)*1+0,0,10)", 0, 0]
				},
				"tentacle_left_3_4": {
					"rotation": ["-8*math.clamp(math.sin(q.anim_time*90*1-60)*1+0,0,10)", 0, 0]
				},
				"tentacle_left_3_5": {
					"rotation": ["-8*math.sin(q.anim_time*90*1-80)", 0, 0]
				},
				"tentacle_left_4": {
					"rotation": ["7-8*math.clamp(math.sin(q.anim_time*90*1)*1+1.5,0,10)", 0, 0]
				},
				"tentacle_left_4_2": {
					"rotation": ["-8*math.clamp(math.sin(q.anim_time*90*1-20)*1+0,0,10)", 0, 0]
				},
				"tentacle_left_4_3": {
					"rotation": ["-8*math.clamp(math.sin(q.anim_time*90*1-40)*1+0,0,10)", 0, 0]
				},
				"tentacle_left_4_4": {
					"rotation": ["-8*math.clamp(math.sin(q.anim_time*90*1-60)*1+0,0,10)", 0, 0]
				},
				"tentacle_left_4_5": {
					"rotation": ["-8*math.sin(q.anim_time*90*1-80)", 0, 0]
				},
				"tentacle_left_5": {
					"rotation": ["7-8*math.clamp(math.sin(q.anim_time*90*1)*1+1.5,0,10)", 0, 0]
				},
				"tentacle_left_5_2": {
					"rotation": ["-8*math.clamp(math.sin(q.anim_time*90*1-20)*1+0,0,10)", 0, 0]
				},
				"tentacle_left_5_3": {
					"rotation": ["-8*math.clamp(math.sin(q.anim_time*90*1-40)*1+0,0,10)", 0, 0]
				},
				"tentacle_left_5_4": {
					"rotation": ["-8*math.clamp(math.sin(q.anim_time*90*1-60)*1+0,0,10)", 0, 0]
				},
				"tentacle_left_5_5": {
					"rotation": ["-8*math.sin(q.anim_time*90*1-80)", 0, 0]
				},
				"tentacle_right_front": {
					"rotation": ["7-8*math.clamp(math.sin(q.anim_time*90*1)*1+1.5,0,10)", 0, 0]
				},
				"tentacle_right_front_2": {
					"rotation": ["-8*math.clamp(math.sin(q.anim_time*90*1-20)*1+0,0,10)", 0, 0]
				},
				"tentacle_right_front_3": {
					"rotation": ["-8*math.clamp(math.sin(q.anim_time*90*1-40)*1+0,0,10)", 0, 0]
				},
				"tentacle_right_front_4": {
					"rotation": ["-8*math.clamp(math.sin(q.anim_time*90*1-60)*1+0,0,10)", 0, 0]
				},
				"tentacle_right_front_5": {
					"rotation": ["-8*math.sin(q.anim_time*90*1-80)", 0, 0]
				},
				"tentacle_right_2": {
					"rotation": ["7-8*math.clamp(math.sin(q.anim_time*90*1)*1+1.5,0,10)", 0, 0]
				},
				"tentacle_right_2_2": {
					"rotation": ["-8*math.clamp(math.sin(q.anim_time*90*1-20)*1+0,0,10)", 0, 0]
				},
				"tentacle_right_2_3": {
					"rotation": ["-8*math.clamp(math.sin(q.anim_time*90*1-40)*1+0,0,10)", 0, 0]
				},
				"tentacle_right_2_4": {
					"rotation": ["-8*math.clamp(math.sin(q.anim_time*90*1-60)*1+0,0,10)", 0, 0]
				},
				"tentacle_right_2_5": {
					"rotation": ["-8*math.sin(q.anim_time*90*1-80)", 0, 0]
				},
				"tentacle_right_3": {
					"rotation": ["7-8*math.clamp(math.sin(q.anim_time*90*1)*1+1.5,0,10)", 0, 0]
				},
				"tentacle_right_3_2": {
					"rotation": ["-8*math.clamp(math.sin(q.anim_time*90*1-20)*1+0,0,10)", 0, 0]
				},
				"tentacle_right_3_3": {
					"rotation": ["-8*math.clamp(math.sin(q.anim_time*90*1-40)*1+0,0,10)", 0, 0]
				},
				"tentacle_right_3_4": {
					"rotation": ["-8*math.clamp(math.sin(q.anim_time*90*1-60)*1+0,0,10)", 0, 0]
				},
				"tentacle_right_3_5": {
					"rotation": ["-8*math.sin(q.anim_time*90*1-80)", 0, 0]
				},
				"tentacle_right_4": {
					"rotation": ["7-8*math.clamp(math.sin(q.anim_time*90*1)*1+1.5,0,10)", 0, 0]
				},
				"tentacle_right_4_2": {
					"rotation": ["-8*math.clamp(math.sin(q.anim_time*90*1-20)*1+0,0,10)", 0, 0]
				},
				"tentacle_right_4_3": {
					"rotation": ["-8*math.clamp(math.sin(q.anim_time*90*1-40)*1+0,0,10)", 0, 0]
				},
				"tentacle_right_4_4": {
					"rotation": ["-8*math.clamp(math.sin(q.anim_time*90*1-60)*1+0,0,10)", 0, 0]
				},
				"tentacle_right_4_5": {
					"rotation": ["-8*math.sin(q.anim_time*90*1-80)", 0, 0]
				},
				"tentacle_right_5": {
					"rotation": ["7-8*math.clamp(math.sin(q.anim_time*90*1)*1+1.5,0,10)", 0, 0]
				},
				"tentacle_right_5_2": {
					"rotation": ["-8*math.clamp(math.sin(q.anim_time*90*1-20)*1+0,0,10)", 0, 0]
				},
				"tentacle_right_5_3": {
					"rotation": ["-8*math.clamp(math.sin(q.anim_time*90*1-40)*1+0,0,10)", 0, 0]
				},
				"tentacle_right_5_4": {
					"rotation": ["-8*math.clamp(math.sin(q.anim_time*90*1-60)*1+0,0,10)", 0, 0]
				},
				"tentacle_right_5_5": {
					"rotation": ["-8*math.sin(q.anim_time*90*1-80)", 0, 0]
				}
			}
		},
		"animation.tentacruel.ground_idle": {
			"loop": true,
			"bones": {
				"body": {
					"position": [0, "-8.5-0.1*(math.sin(q.anim_time*90*1.5-40)*2)", 0]
				},
				"torso": {
					"rotation": ["1+0.5*math.sin(q.anim_time*90*1.5-40)*2", 0, 0],
					"position": [0, "-0.025*(math.sin(q.anim_time*90*1.5-60)*2)", 0]
				},
				"brim_front": {
					"rotation": ["-1.5*math.sin(q.anim_time*90*1.5-60)*2", 0, 0]
				},
				"brim_left": {
					"rotation": [0, 0, "-1*math.sin(q.anim_time*90*1.5-60)*2"]
				},
				"brim_right": {
					"rotation": [0, 0, "1*math.sin(q.anim_time*90*1.5-60)*2"]
				},
				"brim_back": {
					"rotation": ["1*math.sin(q.anim_time*90*1.5-60)*2", 0, 0]
				},
				"beak_front": {
					"rotation": ["-1.5*math.sin(q.anim_time*90*1.5-60)*2", 0, 0]
				},
				"beak_back": {
					"rotation": ["1*math.sin(q.anim_time*90*1.5-60)*2", 0, 0]
				},
				"tentacle_left_front": {
					"rotation": ["-15+3*math.sin(q.anim_time*90*1.5-60)*2", "-20-1.5*math.sin(q.anim_time*90*1.5-40)*2", 0]
				},
				"tentacle_left_front_2": {
					"rotation": ["-35-2*math.sin(q.anim_time*90*1.5-40)*2", 0, 0]
				},
				"tentacle_left_front_3": {
					"rotation": ["-35-2*math.sin(q.anim_time*90*1.5-40)*2", 0, 0]
				},
				"tentacle_left_front_4": {
					"rotation": ["-35-2*math.sin(q.anim_time*90*1.5-40)*2", 0, 0]
				},
				"tentacle_left_front_5": {
					"rotation": ["40+3*math.sin(q.anim_time*90*1.5-40)*2", 0, 0]
				},
				"tentacle_left_2": {
					"rotation": ["-15+1.5*math.sin(q.anim_time*90*1.5-40)*2", 0, 0]
				},
				"tentacle_left_2_2": {
					"rotation": ["-15-1*math.sin(q.anim_time*90*1.5-40)*2", 0, 0]
				},
				"tentacle_left_2_3": {
					"rotation": ["-20-1*math.sin(q.anim_time*90*1.5-40)*2", 0, 0]
				},
				"tentacle_left_2_4": {
					"rotation": ["-17.5-1*math.sin(q.anim_time*90*1.5-40)*2", 0, 0]
				},
				"tentacle_left_2_5": {
					"rotation": ["45+1.5*math.sin(q.anim_time*90*1.5-40)*2", 0, 0]
				},
				"tentacle_left_3": {
					"rotation": ["-15+1.5*math.sin(q.anim_time*90*1.5-40)*2", 0, 0]
				},
				"tentacle_left_3_2": {
					"rotation": ["-15-1*math.sin(q.anim_time*90*1.5-40)*2", 0, 0]
				},
				"tentacle_left_3_3": {
					"rotation": ["-20-1*math.sin(q.anim_time*90*1.5-40)*2", 0, 0]
				},
				"tentacle_left_3_4": {
					"rotation": ["-17.5-1*math.sin(q.anim_time*90*1.5-40)*2", 0, 0]
				},
				"tentacle_left_3_5": {
					"rotation": ["45+1.5*math.sin(q.anim_time*90*1.5-40)*2", 0, 0]
				},
				"tentacle_left_4": {
					"rotation": ["-15+1.5*math.sin(q.anim_time*90*1.5-40)*2", 0, 0]
				},
				"tentacle_left_4_2": {
					"rotation": ["-15-1*math.sin(q.anim_time*90*1.5-40)*2", 0, 0]
				},
				"tentacle_left_4_3": {
					"rotation": ["-20-1*math.sin(q.anim_time*90*1.5-40)*2", 0, 0]
				},
				"tentacle_left_4_4": {
					"rotation": ["-17.5-1*math.sin(q.anim_time*90*1.5-40)*2", 0, 0]
				},
				"tentacle_left_4_5": {
					"rotation": ["45+1.5*math.sin(q.anim_time*90*1.5-40)*2", 0, 0]
				},
				"tentacle_left_5": {
					"rotation": ["-15+1.5*math.sin(q.anim_time*90*1.5-40)*2", 0, 0]
				},
				"tentacle_left_5_2": {
					"rotation": ["-15-1*math.sin(q.anim_time*90*1.5-40)*2", 0, 0]
				},
				"tentacle_left_5_3": {
					"rotation": ["-20-1*math.sin(q.anim_time*90*1.5-40)*2", 0, 0]
				},
				"tentacle_left_5_4": {
					"rotation": ["-17.5-1*math.sin(q.anim_time*90*1.5-40)*2", 0, 0]
				},
				"tentacle_left_5_5": {
					"rotation": ["45+1.5*math.sin(q.anim_time*90*1.5-40)*2", 0, 0]
				},
				"tentacle_right_front": {
					"rotation": ["-15+3*math.sin(q.anim_time*90*1.5-60)*2", "20+1.5*math.sin(q.anim_time*90*1.5-40)*2", 0]
				},
				"tentacle_right_front_2": {
					"rotation": ["-35-2*math.sin(q.anim_time*90*1.5-40)*2", 0, 0]
				},
				"tentacle_right_front_3": {
					"rotation": ["-35-2*math.sin(q.anim_time*90*1.5-40)*2", 0, 0]
				},
				"tentacle_right_front_4": {
					"rotation": ["-35-2*math.sin(q.anim_time*90*1.5-40)*2", 0, 0]
				},
				"tentacle_right_front_5": {
					"rotation": ["40+3*math.sin(q.anim_time*90*1.5-40)*2", 0, 0]
				},
				"tentacle_right_2": {
					"rotation": ["-15+1.5*math.sin(q.anim_time*90*1.5-40)*2", 0, 0]
				},
				"tentacle_right_2_2": {
					"rotation": ["-15-1*math.sin(q.anim_time*90*1.5-40)*2", 0, 0]
				},
				"tentacle_right_2_3": {
					"rotation": ["-20-1*math.sin(q.anim_time*90*1.5-40)*2", 0, 0]
				},
				"tentacle_right_2_4": {
					"rotation": ["-17.5-1*math.sin(q.anim_time*90*1.5-40)*2", 0, 0]
				},
				"tentacle_right_2_5": {
					"rotation": ["45+1.5*math.sin(q.anim_time*90*1.5-40)*2", 0, 0]
				},
				"tentacle_right_3": {
					"rotation": ["-15+1.5*math.sin(q.anim_time*90*1.5-40)*2", 0, 0]
				},
				"tentacle_right_3_2": {
					"rotation": ["-15-1*math.sin(q.anim_time*90*1.5-40)*2", 0, 0]
				},
				"tentacle_right_3_3": {
					"rotation": ["-20-1*math.sin(q.anim_time*90*1.5-40)*2", 0, 0]
				},
				"tentacle_right_3_4": {
					"rotation": ["-17.5-1*math.sin(q.anim_time*90*1.5-40)*2", 0, 0]
				},
				"tentacle_right_3_5": {
					"rotation": ["45+1.5*math.sin(q.anim_time*90*1.5-40)*2", 0, 0]
				},
				"tentacle_right_4": {
					"rotation": ["-15+1.5*math.sin(q.anim_time*90*1.5-40)*2", 0, 0]
				},
				"tentacle_right_4_2": {
					"rotation": ["-15-1*math.sin(q.anim_time*90*1.5-40)*2", 0, 0]
				},
				"tentacle_right_4_3": {
					"rotation": ["-20-1*math.sin(q.anim_time*90*1.5-40)*2", 0, 0]
				},
				"tentacle_right_4_4": {
					"rotation": ["-17.5-1*math.sin(q.anim_time*90*1.5-40)*2", 0, 0]
				},
				"tentacle_right_4_5": {
					"rotation": ["45+1.5*math.sin(q.anim_time*90*1.5-40)*2", 0, 0]
				},
				"tentacle_right_5": {
					"rotation": ["-15+1.5*math.sin(q.anim_time*90*1.5-40)*2", 0, 0]
				},
				"tentacle_right_5_2": {
					"rotation": ["-15-1*math.sin(q.anim_time*90*1.5-40)*2", 0, 0]
				},
				"tentacle_right_5_3": {
					"rotation": ["-20-1*math.sin(q.anim_time*90*1.5-40)*2", 0, 0]
				},
				"tentacle_right_5_4": {
					"rotation": ["-17.5-1*math.sin(q.anim_time*90*1.5-40)*2", 0, 0]
				},
				"tentacle_right_5_5": {
					"rotation": ["45+1.5*math.sin(q.anim_time*90*1.5-40)*2", 0, 0]
				}
			}
		},
		"animation.tentacruel.ground_sleep": {
			"loop": true,
			"bones": {
				"body": {
					"position": [0, "-10-0.1*(math.sin(q.anim_time*90*1-40)*2)", 0]
				},
				"torso": {
					"rotation": ["8.5+0.5*math.sin(q.anim_time*90*1-40)*2", 0, 0],
					"position": [0, "-0.025*(math.sin(q.anim_time*90*1-60)*2)", 0]
				},
				"brim_front": {
					"rotation": ["-1.5*math.sin(q.anim_time*90*1-60)*2", 0, 0]
				},
				"brim_left": {
					"rotation": [0, 0, "-1*math.sin(q.anim_time*90*1-60)*2"]
				},
				"brim_right": {
					"rotation": [0, 0, "1*math.sin(q.anim_time*90*1-60)*2"]
				},
				"brim_back": {
					"rotation": ["1*math.sin(q.anim_time*90*1-60)*2", 0, 0]
				},
				"beak_front": {
					"rotation": ["-5-1.5*math.sin(q.anim_time*90*1-60)*2", 0, 0]
				},
				"beak_back": {
					"rotation": ["-5+1*math.sin(q.anim_time*90*1-60)*2", 0, 0]
				},
				"eyelid_left": {
					"position": [0, 0, -0.1]
				},
				"eyelid_right": {
					"position": [0, 0, -0.1]
				},
				"tentacle_left_front": {
					"rotation": ["7.5+1.5*math.sin(q.anim_time*90*1-40)*2", 0, 0]
				},
				"tentacle_left_front_2": {
					"rotation": ["-15-1*math.sin(q.anim_time*90*1-40)*2", 0, 0]
				},
				"tentacle_left_front_3": {
					"rotation": ["-22.5-1*math.sin(q.anim_time*90*1-40)*2", 0, 0]
				},
				"tentacle_left_front_4": {
					"rotation": ["-22.5-1*math.sin(q.anim_time*90*1-40)*2", 0, 0]
				},
				"tentacle_left_front_5": {
					"rotation": ["-30+1.5*math.sin(q.anim_time*90*1-40)*2", 0, 0]
				},
				"tentacle_left_2": {
					"rotation": ["5+1.5*math.sin(q.anim_time*90*1-40)*2", 0, 0]
				},
				"tentacle_left_2_2": {
					"rotation": ["-15-1*math.sin(q.anim_time*90*1-40)*2", 0, 0]
				},
				"tentacle_left_2_3": {
					"rotation": ["-20-1*math.sin(q.anim_time*90*1-40)*2", 0, 0]
				},
				"tentacle_left_2_4": {
					"rotation": ["-17.5-1*math.sin(q.anim_time*90*1-40)*2", 0, 0]
				},
				"tentacle_left_2_5": {
					"rotation": ["-30+1.5*math.sin(q.anim_time*90*1-40)*2", 0, 0]
				},
				"tentacle_left_3": {
					"rotation": ["5+1.5*math.sin(q.anim_time*90*1-40)*2", 0, 0]
				},
				"tentacle_left_3_2": {
					"rotation": ["-15-1*math.sin(q.anim_time*90*1-40)*2", 0, 0]
				},
				"tentacle_left_3_3": {
					"rotation": ["-20-1*math.sin(q.anim_time*90*1-40)*2", 0, 0]
				},
				"tentacle_left_3_4": {
					"rotation": ["-17.5-1*math.sin(q.anim_time*90*1-40)*2", 0, 0]
				},
				"tentacle_left_3_5": {
					"rotation": ["-30+1.5*math.sin(q.anim_time*90*1-40)*2", 0, 0]
				},
				"tentacle_left_4": {
					"rotation": ["5+1.5*math.sin(q.anim_time*90*1-40)*2", 0, 0]
				},
				"tentacle_left_4_2": {
					"rotation": ["-15-1*math.sin(q.anim_time*90*1-40)*2", 0, 0]
				},
				"tentacle_left_4_3": {
					"rotation": ["-20-1*math.sin(q.anim_time*90*1-40)*2", 0, 0]
				},
				"tentacle_left_4_4": {
					"rotation": ["-17.5-1*math.sin(q.anim_time*90*1-40)*2", 0, 0]
				},
				"tentacle_left_4_5": {
					"rotation": ["-30+1.5*math.sin(q.anim_time*90*1-40)*2", 0, 0]
				},
				"tentacle_left_5": {
					"rotation": ["5+1.5*math.sin(q.anim_time*90*1-40)*2", 0, 0]
				},
				"tentacle_left_5_2": {
					"rotation": ["-15-1*math.sin(q.anim_time*90*1-40)*2", 0, 0]
				},
				"tentacle_left_5_3": {
					"rotation": ["-20-1*math.sin(q.anim_time*90*1-40)*2", 0, 0]
				},
				"tentacle_left_5_4": {
					"rotation": ["-17.5-1*math.sin(q.anim_time*90*1-40)*2", 0, 0]
				},
				"tentacle_left_5_5": {
					"rotation": ["-30+1.5*math.sin(q.anim_time*90*1-40)*2", 0, 0]
				},
				"tentacle_right_front": {
					"rotation": ["7.5+1.5*math.sin(q.anim_time*90*1-40)*2", 0, 0]
				},
				"tentacle_right_front_2": {
					"rotation": ["-15-1*math.sin(q.anim_time*90*1-40)*2", 0, 0]
				},
				"tentacle_right_front_3": {
					"rotation": ["-22.5-1*math.sin(q.anim_time*90*1-40)*2", 0, 0]
				},
				"tentacle_right_front_4": {
					"rotation": ["-22.5-1*math.sin(q.anim_time*90*1-40)*2", 0, 0]
				},
				"tentacle_right_front_5": {
					"rotation": ["-30+1.5*math.sin(q.anim_time*90*1-40)*2", 0, 0]
				},
				"tentacle_right_2": {
					"rotation": ["5+1.5*math.sin(q.anim_time*90*1-40)*2", 0, 0]
				},
				"tentacle_right_2_2": {
					"rotation": ["-15-1*math.sin(q.anim_time*90*1-40)*2", 0, 0]
				},
				"tentacle_right_2_3": {
					"rotation": ["-20-1*math.sin(q.anim_time*90*1-40)*2", 0, 0]
				},
				"tentacle_right_2_4": {
					"rotation": ["-17.5-1*math.sin(q.anim_time*90*1-40)*2", 0, 0]
				},
				"tentacle_right_2_5": {
					"rotation": ["-30+1.5*math.sin(q.anim_time*90*1-40)*2", 0, 0]
				},
				"tentacle_right_3": {
					"rotation": ["5+1.5*math.sin(q.anim_time*90*1-40)*2", 0, 0]
				},
				"tentacle_right_3_2": {
					"rotation": ["-15-1*math.sin(q.anim_time*90*1-40)*2", 0, 0]
				},
				"tentacle_right_3_3": {
					"rotation": ["-20-1*math.sin(q.anim_time*90*1-40)*2", 0, 0]
				},
				"tentacle_right_3_4": {
					"rotation": ["-17.5-1*math.sin(q.anim_time*90*1-40)*2", 0, 0]
				},
				"tentacle_right_3_5": {
					"rotation": ["-30+1.5*math.sin(q.anim_time*90*1-40)*2", 0, 0]
				},
				"tentacle_right_4": {
					"rotation": ["5+1.5*math.sin(q.anim_time*90*1-40)*2", 0, 0]
				},
				"tentacle_right_4_2": {
					"rotation": ["-15-1*math.sin(q.anim_time*90*1-40)*2", 0, 0]
				},
				"tentacle_right_4_3": {
					"rotation": ["-20-1*math.sin(q.anim_time*90*1-40)*2", 0, 0]
				},
				"tentacle_right_4_4": {
					"rotation": ["-17.5-1*math.sin(q.anim_time*90*1-40)*2", 0, 0]
				},
				"tentacle_right_4_5": {
					"rotation": ["-30+1.5*math.sin(q.anim_time*90*1-40)*2", 0, 0]
				},
				"tentacle_right_5": {
					"rotation": ["5+1.5*math.sin(q.anim_time*90*1-40)*2", 0, 0]
				},
				"tentacle_right_5_2": {
					"rotation": ["-15-1*math.sin(q.anim_time*90*1-40)*2", 0, 0]
				},
				"tentacle_right_5_3": {
					"rotation": ["-20-1*math.sin(q.anim_time*90*1-40)*2", 0, 0]
				},
				"tentacle_right_5_4": {
					"rotation": ["-17.5-1*math.sin(q.anim_time*90*1-40)*2", 0, 0]
				},
				"tentacle_right_5_5": {
					"rotation": ["-30+1.5*math.sin(q.anim_time*90*1-40)*2", 0, 0]
				}
			}
		},
		"animation.tentacruel.blink": {
			"animation_length": 0.16667,
			"bones": {
				"eyelid_right": {
					"position": {
						"0.0": [0, 0, -0.1],
						"0.125": [0, 0, -0.1],
						"0.1667": [0, 0, 0]
					}
				},
				"eyelid_left": {
					"position": {
						"0.0": [0, 0, -0.1],
						"0.125": [0, 0, -0.1],
						"0.1667": [0, 0, 0]
					}
				}
			}
		}
	}
}