{
	"format_version": "1.8.0",
	"animations": {
		"animation.gligar.blink": {
			"animation_length": 0.16667,
			"bones": {
				"closed": {
					"position": {
						"0.0": [0, 0, -0.1],
						"0.125": [0, 0, -0.1],
						"0.1667": [0, 0, 0]
					}
				}
			}
		},
		"animation.gligar.battle_idle": {
			"loop": true,
			"bones": {
				"body": {
					"rotation": [0, 45, 0],
					"position": [0, -1, 0]
				},
				"torso": {
					"rotation": [7.5, 0, 0]
				},
				"head": {
					"rotation": [-0.45066, -44.87141, 5.63667]
				},
				"jaw": {
					"rotation": [17.5, 0, 0]
				},
				"tongue": {
					"rotation": [-10.47479, 17.22575, -3.13388]
				},
				"tongue_tip": {
					"rotation": [-52.5, 0, 0]
				},
				"left_upper_arm": {
					"rotation": [0, 0, 40]
				},
				"left_lower_arm": {
					"rotation": [-7.43851, 1.63357, -13.27756]
				},
				"left_arm_nub": {
					"rotation": [0, 27.5, 0]
				},
				"left_claw": {
					"rotation": [1.34385, 14.88341, -7.23862]
				},
				"left_pincer": {
					"rotation": [0, 0, 32.5]
				},
				"right_upper_arm": {
					"rotation": [0, 10, -37.5]
				},
				"right_lower_arm": {
					"rotation": [-15.63769, -63.96867, 17.30267]
				},
				"right_arm_nub": {
					"rotation": [0, 15, 0]
				},
				"right_claw": {
					"rotation": [0, -17.5, 0]
				},
				"right_pincer": {
					"rotation": [0, 0, -22.5]
				},
				"left_upper_membrane": {
					"rotation": [-0.00382, 4.99924, 29.91252]
				},
				"left_middle_membrane": {
					"rotation": [0, 0, 12.5]
				},
				"right_upper_membrane": {
					"rotation": [-0.30531, -39.99268, -19.161]
				},
				"right_middle_membrane": {
					"rotation": [8.73128, -29.71454, -4.35361]
				},
				"right_lower_membrane": {
					"rotation": [0, -20, 12.5]
				},
				"tail_segment_1": {
					"rotation": [-25.08377, -4.53051, 2.11751]
				},
				"tail_segment_2": {
					"rotation": [23.21088, 13.83447, 5.85463]
				},
				"tail_segment_3": {
					"rotation": [13.4936, 21.93857, 5.123]
				},
				"tail_end": {
					"rotation": [27.5, 0, 0]
				},
				"left_upper_leg": {
					"rotation": [-40, -27.5, 0]
				},
				"left_lower_leg": {
					"rotation": [45, 0, 0]
				},
				"left_leg_nub": {
					"rotation": [-5, -12.5, 0]
				},
				"right_upper_leg": {
					"rotation": [-40, 0, 0]
				},
				"right_lower_leg": {
					"rotation": [52.5, 0, 0]
				},
				"right_leg_nub": {
					"rotation": [-12.5, 0, 0]
				}
			}
		},
		"animation.gligar.ground_idle": {
			"loop": true,
			"bones": {
				"body": {
					"position": [0, -0.5, 0]
				},
				"torso": {
					"rotation": [-7.5, 0, 0]
				},
				"head": {
					"rotation": [17.5, 0, 0]
				},
				"jaw": {
					"rotation": [15, 0, 0]
				},
				"tongue": {
					"rotation": [-2.52154, 7.49282, -0.32902]
				},
				"tongue_tip": {
					"rotation": [-42.5, 0, 0]
				},
				"left_upper_arm": {
					"rotation": [0, -13, 42.5]
				},
				"left_lower_arm": {
					"rotation": [-10.92101, 28.583, -16.8737]
				},
				"left_arm_nub": {
					"rotation": [16.77415, -6.42321, -7.34748]
				},
				"left_claw": {
					"rotation": [-22.5, 10, 0]
				},
				"left_pincer": {
					"rotation": [0, 0, 10]
				},
				"right_upper_arm": {
					"rotation": [0, 13, -42.5]
				},
				"right_lower_arm": {
					"rotation": [-10.92101, -28.58298, 16.87375]
				},
				"right_arm_nub": {
					"rotation": [16.77415, 6.4232, 7.3475]
				},
				"right_claw": {
					"rotation": [-22.5, -10, 0]
				},
				"right_pincer": {
					"rotation": [0, 0, -10]
				},
				"left_upper_membrane": {
					"rotation": [0, 0, 17.5]
				},
				"left_middle_membrane": {
					"rotation": [3, -1, 0]
				},
				"left_lower_membrane": {
					"rotation": [-4.96104, -8.01132, -12.76332]
				},
				"right_upper_membrane": {
					"rotation": [0, 0, -17.5]
				},
				"right_middle_membrane": {
					"rotation": [3, 1, 0]
				},
				"right_lower_membrane": {
					"rotation": [-4.96104, 8.0113, 12.7633]
				},
				"tail_segment_1": {
					"rotation": [-25, 0, 0]
				},
				"tail_segment_2": {
					"rotation": [22.5, 0, 0]
				},
				"tail_segment_3": {
					"rotation": [37.5, 0, 0]
				},
				"tail_end": {
					"rotation": [10, 0, 0]
				},
				"left_upper_leg": {
					"rotation": [-4.95386, -28.513, -22.0841]
				},
				"left_lower_leg": {
					"rotation": [30, 0, 0]
				},
				"left_leg_nub": {
					"rotation": [-14.13272, 5.0785, 19.3701]
				},
				"right_upper_leg": {
					"rotation": [-4.95386, 28.51304, 22.08414]
				},
				"right_lower_leg": {
					"rotation": [30, 0, 0]
				},
				"right_leg_nub": {
					"rotation": [-14.13272, -5.07855, -19.37006]
				}
			}
		}
	},
	"geckolib_format_version": 2
}