{
	"format_version": "1.8.0",
	"animations": {
		"animation.fearow.blink": {
			"animation_length": 0.1667,
			"bones": {
				"eyelid_right": {
					"position": {
						"0.0": [-0.1, 0, -0.1],
						"0.125": [-0.1, 0, -0.1],
						"0.1667": [0, 0, 0]
					}
				},
				"eyelid_left": {
					"position": {
						"0.0": [0.1, 0, -0.1],
						"0.125": [0.1, 0, -0.1],
						"0.1667": [0, 0, 0]
					}
				}
			}
		},
		"animation.fearow.ground_idle": {
			"loop": true,
			"bones": {
				"hairstrand": {
					"rotation": [7.5, 0, 12.5]
				},
				"hairstrand2": {
					"rotation": [-17.5, 0, 0]
				},
				"tail": {
					"rotation": [45, 0, 0]
				},
				"tail_fluff": {
					"rotation": [12.5, 0, 0]
				},
				"wing_left": {
					"rotation": [-205.97212, -73.26807, -63.0391],
					"position": [0, -7, -3]
				},
				"wing_fluff_left": {
					"rotation": [-7.5, 30, -15],
					"position": [0, 0, 3]
				},
				"wing_left2": {
					"rotation": [0, 40, 0]
				},
				"wing_left3": {
					"rotation": [0, -22.5, 0]
				},
				"wing_right": {
					"rotation": [-205.97212, 73.26807, 63.0391],
					"position": [0, -7, -3]
				},
				"wing_fluff_right": {
					"rotation": [-7.5, -30, 15],
					"position": [0, 0, 3]
				},
				"wing_right2": {
					"rotation": [0, -40, 0]
				},
				"wing_right3": {
					"rotation": [0, 22.5, 0]
				},
				"wing_fluff_right2": {
					"rotation": [0, 0, 17.5]
				},
				"wing_fluff_left2": {
					"rotation": [0, 0, -17.5]
				},
				"neck_fluff3": {
					"rotation": [20, 0, 0]
				}
			}
		},
		"animation.fearow.cry": {
			"animation_length": 1.25,
			"bones": {
				"neck": {
					"rotation": {
						"0.0": {
							"post": [0, 0, 0],
							"lerp_mode": "catmullrom"
						},
						"0.1667": {
							"post": [10, 0, 0],
							"lerp_mode": "catmullrom"
						},
						"0.9167": {
							"post": [10, 0, 0],
							"lerp_mode": "catmullrom"
						},
						"1.25": {
							"post": [0, 0, 0],
							"lerp_mode": "catmullrom"
						}
					}
				},
				"head": {
					"rotation": {
						"0.0": {
							"post": [0, 0, 0],
							"lerp_mode": "catmullrom"
						},
						"0.1667": {
							"post": [-15, 0, 0],
							"lerp_mode": "catmullrom"
						},
						"0.9167": {
							"post": [-15, 0, 0],
							"lerp_mode": "catmullrom"
						},
						"1.25": {
							"post": [0, 0, 0],
							"lerp_mode": "catmullrom"
						}
					}
				},
				"jaw": {
					"rotation": {
						"0.0": {
							"post": [0, 0, 0],
							"lerp_mode": "catmullrom"
						},
						"0.1667": {
							"post": [42.5, 0, 0],
							"lerp_mode": "catmullrom"
						},
						"0.9167": {
							"post": [42.5, 0, 0],
							"lerp_mode": "catmullrom"
						},
						"1.25": {
							"post": [0, 0, 0],
							"lerp_mode": "catmullrom"
						}
					}
				}
			},
			"sound_effects": {
				"0.1667": {
					"effect": "pokemon.fearow.cry"
				}
			}
		}
	}
}