{
	"format_version": "1.8.0",
	"animations": {
		"animation.zubat.ground_idle": {
			"loop": true,
			"animation_length": 4,
			"bones": {
				"body": {
					"rotation": ["45+math.cos(q.anim_time*90*16-90)*4", 0, "math.cos(q.anim_time*90*3-30)*4"],
					"position": ["math.cos(q.anim_time*90*3-100)*2", "4+math.cos(q.anim_time*90*16)*0.5+math.cos(q.anim_time*90*2-100)*2", -1]
				},
				"torso": {
					"rotation": [-15, 0, 0]
				},
				"wing_left": {
					"rotation": [2.8828, "-10+math.cos(q.anim_time*90*16-300)*50", -7.1392]
				},
				"wing_left2": {
					"rotation": [0, "math.cos(q.anim_time*90*16-25)*24", 0]
				},
				"leg_left": {
					"rotation": ["math.cos(q.anim_time*90*16-190)*6", 0, -7.5]
				},
				"leg_left2": {
					"rotation": ["12.3964+math.cos(q.anim_time*90*16-240)*7", 1.61888, -7.32417]
				},
				"leg_left3": {
					"rotation": ["15+math.cos(q.anim_time*90*16-280)*8", 0, 0]
				},
				"leg_right": {
					"rotation": ["math.cos(q.anim_time*90*16-190)*6", 0, 7.5]
				},
				"leg_right2": {
					"rotation": ["12.3964+math.cos(q.anim_time*90*16-240)*7", -1.61888, 7.32417]
				},
				"leg_right3": {
					"rotation": ["15+math.cos(q.anim_time*90*16-280)*8", 0, 0]
				},
				"wing_right": {
					"rotation": [2.8828, "10-math.cos(q.anim_time*90*16-300)*50", 7.1392]
				},
				"wing_right2": {
					"rotation": [0, "-(math.cos(q.anim_time*90*16-25)*24)", 0]
				},
				"ear_left": {
					"rotation": [0, "math.cos(q.anim_time*90*16-200)*8", 0]
				},
				"ear_right": {
					"rotation": [0, "-math.cos(q.anim_time*90*16-200)*8", 0]
				},
				"wing_right3": {
					"rotation": [0, "-15-math.cos(q.anim_time*90*16-50)*48", 0]
				},
				"wing_right4": {
					"rotation": [0, "-(math.cos(q.anim_time*90*16-75)*24)", 0]
				},
				"wing_left3": {
					"rotation": [0, "15+math.cos(q.anim_time*90*16-50)*48", 0]
				},
				"wing_left4": {
					"rotation": [0, "math.cos(q.anim_time*90*16-75)*24", 0]
				},
				"wing_folded_right": {
					"rotation": [2.8828, "10-math.cos(q.anim_time*90*16-300)*50", 7.1392]
				},
				"wing_folded_right2": {
					"rotation": [0, "-(math.cos(q.anim_time*90*16-25)*24)", 0]
				},
				"wing_folded_right3": {
					"rotation": [0, "-15-math.cos(q.anim_time*90*16-50)*48", 0]
				},
				"wing_folded_right4": {
					"rotation": [0, "-(math.cos(q.anim_time*90*16-75)*24)", 0]
				},
				"wing_folded_left": {
					"rotation": [2.8828, "-10+math.cos(q.anim_time*90*16-300)*50", -7.1392]
				},
				"wing_folded_left2": {
					"rotation": [0, "math.cos(q.anim_time*90*16-25)*24", 0]
				},
				"wing_folded_left3": {
					"rotation": [0, "15+math.cos(q.anim_time*90*16-50)*48", 0]
				},
				"wing_folded_left4": {
					"rotation": [0, "math.cos(q.anim_time*90*16-75)*24", 0]
				}
			}
		},
		"animation.zubat.ground_walk": {
			"loop": true,
			"animation_length": 4,
			"bones": {
				"body": {
					"rotation": ["65+math.cos(q.anim_time*90*16-90)*6", 0, "math.cos(q.anim_time*90*6-30)*4"],
					"position": ["math.cos(q.anim_time*90*6-100)*1", "4+math.cos(q.anim_time*90*16)*0.25+math.cos(q.anim_time*90*4-100)*1", -2]
				},
				"torso": {
					"rotation": [-15, 0, 0]
				},
				"wing_left": {
					"rotation": [2.88284, "-10+math.cos(q.anim_time*90*16-300)*50", -7.1392]
				},
				"wing_left2": {
					"rotation": [0, "math.cos(q.anim_time*90*16-25)*24", 0]
				},
				"leg_left": {
					"rotation": ["math.cos(q.anim_time*90*16-190)*6", 0, -7.5]
				},
				"leg_left2": {
					"rotation": ["5+math.cos(q.anim_time*90*16-240)*9", 1.61888, -7.32417]
				},
				"leg_left3": {
					"rotation": ["5+math.cos(q.anim_time*90*16-280)*12", 0, 0]
				},
				"leg_right": {
					"rotation": ["math.cos(q.anim_time*90*16-190)*6", 0, 7.5]
				},
				"leg_right2": {
					"rotation": ["5+math.cos(q.anim_time*90*16-240)*8", -1.61888, 7.32417]
				},
				"leg_right3": {
					"rotation": ["5+math.cos(q.anim_time*90*16-280)*12", 0, 0]
				},
				"wing_right": {
					"rotation": [2.88284, "10-math.cos(q.anim_time*90*16-300)*50", 7.1392]
				},
				"wing_right2": {
					"rotation": [0, "-(math.cos(q.anim_time*90*16-25)*24)", 0]
				},
				"ear_left": {
					"rotation": [0, "-25+math.cos(q.anim_time*90*16-200)*12", 0]
				},
				"ear_right": {
					"rotation": [0, "25-math.cos(q.anim_time*90*16-200)*12", 0]
				},
				"legs": {
					"rotation": [15, 0, 0]
				},
				"wing_right3": {
					"rotation": [0, "-15-math.cos(q.anim_time*90*16-50)*48", 0]
				},
				"wing_right4": {
					"rotation": [0, "-(math.cos(q.anim_time*90*16-75)*24)", 0]
				},
				"wing_left3": {
					"rotation": [0, "15+math.cos(q.anim_time*90*16-50)*48", 0]
				},
				"wing_left4": {
					"rotation": [0, "math.cos(q.anim_time*90*16-75)*24", 0]
				},
				"wing_folded_right": {
					"rotation": [2.8828, "10-math.cos(q.anim_time*90*16-300)*50", 7.1392]
				},
				"wing_folded_right2": {
					"rotation": [0, "-(math.cos(q.anim_time*90*16-25)*24)", 0]
				},
				"wing_folded_right3": {
					"rotation": [0, "-15-math.cos(q.anim_time*90*16-50)*48", 0]
				},
				"wing_folded_right4": {
					"rotation": [0, "-(math.cos(q.anim_time*90*16-75)*24)", 0]
				},
				"wing_folded_left": {
					"rotation": [2.8828, "-10+math.cos(q.anim_time*90*16-300)*50", -7.1392]
				},
				"wing_folded_left2": {
					"rotation": [0, "math.cos(q.anim_time*90*16-25)*24", 0]
				},
				"wing_folded_left3": {
					"rotation": [0, "15+math.cos(q.anim_time*90*16-50)*48", 0]
				},
				"wing_folded_left4": {
					"rotation": [0, "math.cos(q.anim_time*90*16-75)*24", 0]
				}
			}
		},
		"animation.zubat.air_idle": {
			"loop": true,
			"animation_length": 4,
			"bones": {
				"body": {
					"rotation": ["45+math.cos(q.anim_time*90*16-90)*4", 0, "math.cos(q.anim_time*90*3-30)*4"],
					"position": ["math.cos(q.anim_time*90*3-100)*2", "4+math.cos(q.anim_time*90*16)*0.5+math.cos(q.anim_time*90*2-100)*2", -1]
				},
				"torso": {
					"rotation": [-15, 0, 0]
				},
				"wing_left": {
					"rotation": [2.8828, "-10+math.cos(q.anim_time*90*16-300)*50", -7.1392]
				},
				"wing_left2": {
					"rotation": [0, "math.cos(q.anim_time*90*16-25)*24", 0]
				},
				"leg_left": {
					"rotation": ["math.cos(q.anim_time*90*16-190)*6", 0, -7.5]
				},
				"leg_left2": {
					"rotation": ["12.3964+math.cos(q.anim_time*90*16-240)*7", 1.61888, -7.32417]
				},
				"leg_left3": {
					"rotation": ["15+math.cos(q.anim_time*90*16-280)*8", 0, 0]
				},
				"leg_right": {
					"rotation": ["math.cos(q.anim_time*90*16-190)*6", 0, 7.5]
				},
				"leg_right2": {
					"rotation": ["12.3964+math.cos(q.anim_time*90*16-240)*7", -1.61888, 7.32417]
				},
				"leg_right3": {
					"rotation": ["15+math.cos(q.anim_time*90*16-280)*8", 0, 0]
				},
				"wing_right": {
					"rotation": [2.8828, "10-math.cos(q.anim_time*90*16-300)*50", 7.1392]
				},
				"wing_right2": {
					"rotation": [0, "-(math.cos(q.anim_time*90*16-25)*24)", 0]
				},
				"ear_left": {
					"rotation": [0, "math.cos(q.anim_time*90*16-200)*8", 0]
				},
				"ear_right": {
					"rotation": [0, "-math.cos(q.anim_time*90*16-200)*8", 0]
				},
				"wing_right3": {
					"rotation": [0, "-15-math.cos(q.anim_time*90*16-50)*48", 0]
				},
				"wing_right4": {
					"rotation": [0, "-(math.cos(q.anim_time*90*16-75)*24)", 0]
				},
				"wing_left3": {
					"rotation": [0, "15+math.cos(q.anim_time*90*16-50)*48", 0]
				},
				"wing_left4": {
					"rotation": [0, "math.cos(q.anim_time*90*16-75)*24", 0]
				},
				"wing_folded_right": {
					"rotation": [2.8828, "10-math.cos(q.anim_time*90*16-300)*50", 7.1392]
				},
				"wing_folded_right2": {
					"rotation": [0, "-(math.cos(q.anim_time*90*16-25)*24)", 0]
				},
				"wing_folded_right3": {
					"rotation": [0, "-15-math.cos(q.anim_time*90*16-50)*48", 0]
				},
				"wing_folded_right4": {
					"rotation": [0, "-(math.cos(q.anim_time*90*16-75)*24)", 0]
				},
				"wing_folded_left": {
					"rotation": [2.8828, "-10+math.cos(q.anim_time*90*16-300)*50", -7.1392]
				},
				"wing_folded_left2": {
					"rotation": [0, "math.cos(q.anim_time*90*16-25)*24", 0]
				},
				"wing_folded_left3": {
					"rotation": [0, "15+math.cos(q.anim_time*90*16-50)*48", 0]
				},
				"wing_folded_left4": {
					"rotation": [0, "math.cos(q.anim_time*90*16-75)*24", 0]
				}
			}
		},
		"animation.zubat.air_fly": {
			"loop": true,
			"animation_length": 4,
			"bones": {
				"body": {
					"rotation": ["65+math.cos(q.anim_time*90*16-90)*6", 0, "math.cos(q.anim_time*90*6-30)*4"],
					"position": ["math.cos(q.anim_time*90*6-100)*1", "4+math.cos(q.anim_time*90*16)*0.25+math.cos(q.anim_time*90*4-100)*1", -2]
				},
				"torso": {
					"rotation": [-15, 0, 0]
				},
				"wing_left": {
					"rotation": [2.88284, "-10+math.cos(q.anim_time*90*16-300)*50", -7.1392]
				},
				"wing_left2": {
					"rotation": [0, "math.cos(q.anim_time*90*16-25)*24", 0]
				},
				"leg_left": {
					"rotation": ["math.cos(q.anim_time*90*16-190)*6", 0, -7.5]
				},
				"leg_left2": {
					"rotation": ["5+math.cos(q.anim_time*90*16-240)*9", 1.61888, -7.32417]
				},
				"leg_left3": {
					"rotation": ["5+math.cos(q.anim_time*90*16-280)*12", 0, 0]
				},
				"leg_right": {
					"rotation": ["math.cos(q.anim_time*90*16-190)*6", 0, 7.5]
				},
				"leg_right2": {
					"rotation": ["5+math.cos(q.anim_time*90*16-240)*8", -1.61888, 7.32417]
				},
				"leg_right3": {
					"rotation": ["5+math.cos(q.anim_time*90*16-280)*12", 0, 0]
				},
				"wing_right": {
					"rotation": [2.88284, "10-math.cos(q.anim_time*90*16-300)*50", 7.1392]
				},
				"wing_right2": {
					"rotation": [0, "-(math.cos(q.anim_time*90*16-25)*24)", 0]
				},
				"ear_left": {
					"rotation": [0, "-25+math.cos(q.anim_time*90*16-200)*12", 0]
				},
				"ear_right": {
					"rotation": [0, "25-math.cos(q.anim_time*90*16-200)*12", 0]
				},
				"legs": {
					"rotation": [15, 0, 0]
				},
				"wing_right3": {
					"rotation": [0, "-15-math.cos(q.anim_time*90*16-50)*48", 0]
				},
				"wing_right4": {
					"rotation": [0, "-(math.cos(q.anim_time*90*16-75)*24)", 0]
				},
				"wing_left3": {
					"rotation": [0, "15+math.cos(q.anim_time*90*16-50)*48", 0]
				},
				"wing_left4": {
					"rotation": [0, "math.cos(q.anim_time*90*16-75)*24", 0]
				},
				"wing_folded_right": {
					"rotation": [2.8828, "10-math.cos(q.anim_time*90*16-300)*50", 7.1392]
				},
				"wing_folded_right2": {
					"rotation": [0, "-(math.cos(q.anim_time*90*16-25)*24)", 0]
				},
				"wing_folded_right3": {
					"rotation": [0, "-15-math.cos(q.anim_time*90*16-50)*48", 0]
				},
				"wing_folded_right4": {
					"rotation": [0, "-(math.cos(q.anim_time*90*16-75)*24)", 0]
				},
				"wing_folded_left": {
					"rotation": [2.8828, "-10+math.cos(q.anim_time*90*16-300)*50", -7.1392]
				},
				"wing_folded_left2": {
					"rotation": [0, "math.cos(q.anim_time*90*16-25)*24", 0]
				},
				"wing_folded_left3": {
					"rotation": [0, "15+math.cos(q.anim_time*90*16-50)*48", 0]
				},
				"wing_folded_left4": {
					"rotation": [0, "math.cos(q.anim_time*90*16-75)*24", 0]
				}
			}
		},
		"animation.zubat.sleep": {
			"loop": true,
			"bones": {
				"body": {
					"rotation": [85, 0, 0],
					"position": [0, -10, -5]
				},
				"ear_left": {
					"rotation": [0, 32.5, 0]
				},
				"ear_right": {
					"rotation": [0, -32.5, 0]
				},
				"wing_left": {
					"rotation": [2.5, 15, 0]
				},
				"wing_left2": {
					"rotation": [0, -7.5, 0]
				},
				"wing_right": {
					"rotation": [2.5, -15, 0]
				},
				"wing_right2": {
					"rotation": [0, 7.5, 0]
				},
				"leg_left": {
					"rotation": [-22.2982, -0.55025, -7.88438]
				},
				"leg_left2": {
					"rotation": [17.5, 0, 0]
				},
				"leg_left3": {
					"rotation": [7.5, 0, 0]
				},
				"leg_right": {
					"rotation": [-22.1423, -0.82062, 11.13915]
				},
				"leg_right2": {
					"rotation": [17.5, 0, 0]
				},
				"leg_right3": {
					"rotation": [7.5, 0, 0]
				},
				"wing_right3": {
					"rotation": [0, 5, 0]
				},
				"wing_right4": {
					"rotation": [0, 2.5, 0]
				},
				"wing_left3": {
					"rotation": [0, -5, 0]
				},
				"wing_left4": {
					"rotation": [0, -2.5, 0]
				}
			}
		},
		"animation.zubat.eartwitch": {
			"animation_length": 0.5,
			"bones": {
				"ear_left": {
					"rotation": {
						"0.0": [0, 0, 0],
						"0.0833": [0, 10, 0],
						"0.125": [0, "-(math.cos(q.anim_time*90*32)*16)", 0],
						"0.2917": [0, 0, 0]
					}
				},
				"ear_right": {
					"rotation": {
						"0.0": [0, 0, 0],
						"0.0833": [0, -10, 0],
						"0.125": [0, "math.cos(q.anim_time*90*32)*16", 0],
						"0.2917": [0, 0, 0]
					}
				}
			}
		},
		"animation.zubat.roost": {
			"loop": true,
			"animation_length": 2.54167,
			"bones": {
				"body": {
					"rotation": ["175+math.cos(q.anim_time*90*1.5)*1", 180, 0],
					"position": [0, 0, "0-math.cos(q.anim_time*90*1.5)*0.3"]
				},
				"ear_left": {
					"rotation": [0, 12.5, -27.5],
					"position": [-1, 0, 0]
				},
				"ear_right": {
					"rotation": [0, -12.5, 27.5],
					"position": [1, 0, 0]
				},
				"wing_left": {
					"rotation": [3.05656, 42.60004, -5.08658],
					"scale": [0.5, 1, 1]
				},
				"wing_left2": {
					"rotation": [0, 135, 0]
				},
				"wing_right": {
					"rotation": [12.66289, -50.29336, -2.03936],
					"position": [0, 0, 0],
					"scale": [0.5, 1, 1]
				},
				"wing_right2": {
					"rotation": [0, -117.5, 0]
				},
				"leg_left": {
					"rotation": [5, 0, -2.5]
				},
				"leg_left2": {
					"rotation": [0, 0, 0]
				},
				"leg_left3": {
					"rotation": [0, 0, 0]
				},
				"leg_right": {
					"rotation": [5, 0, 2.5]
				},
				"leg_right2": {
					"rotation": [0, 0, 0]
				},
				"leg_right3": {
					"rotation": [0, 0, 0]
				},
				"mouth_open": {
					"position": [0, 0, 1]
				},
				"mouth_closed": {
					"position": [0, 0, -1]
				},
				"teeth_closed_top_right": {
					"scale": 1
				},
				"wing_folded_right": {
					"rotation": [5.67501, -47.70051, -2.66124],
					"position": [0, 0, -1],
					"scale": [0.6, 1, 0.75]
				},
				"wing_folded_right2": {
					"rotation": [0, -77.5, 0]
				},
				"wing_folded_right3": {
					"rotation": [0, -70, 0]
				},
				"wing_folded_right4": {
					"rotation": [0, -25, 0]
				},
				"wing_folded_left": {
					"rotation": [15.9664, 69.40933, 14.34857],
					"position": [0, 0, -1],
					"scale": [0.3, 1, 1]
				},
				"wing_folded_left2": {
					"rotation": [0, 20, 0]
				},
				"wing_folded_left3": {
					"rotation": [0, 110, 0]
				},
				"wing_folded_left4": {
					"rotation": [0, 32.5, 0]
				}
			}
		},
		"animation.zubat.mouth_wide": {
			"loop": true,
			"bones": {
				"mouth_open_bottom": {
					"position": [0, -1, 0]
				}
			}
		},
		"animation.zubat.cry": {
			"animation_length": 1,
			"bones": {
				"torso": {
					"rotation": {
						"0.0": [0, 0, 0],
						"0.0417": {
							"pre": [-1.7, 0, 0],
							"post": [-1.7, 0, 0],
							"lerp_mode": "catmullrom"
						},
						"0.1667": {
							"post": [-2.4, 0, 0],
							"lerp_mode": "catmullrom"
						},
						"0.2917": {
							"post": [-1.7, 0, 0],
							"lerp_mode": "catmullrom"
						},
						"0.375": {
							"post": [-0.5, 0, 0],
							"lerp_mode": "catmullrom"
						},
						"0.5": {
							"post": [-2.5, 0, 0],
							"lerp_mode": "catmullrom"
						},
						"0.6667": {
							"post": [0.6, 0, 0],
							"lerp_mode": "catmullrom"
						},
						"0.7917": [0, 0, 0]
					}
				},
				"mouth_open_bottom": {
					"position": {
						"0.0": [0, 0, 0],
						"0.0417": [0, -0.5, 0],
						"0.3333": [0, -0.5, 0],
						"0.375": [0, 0, 0],
						"0.4167": [0, -0.6, 0],
						"0.5417": [0, -0.6, 0],
						"0.5833": [0, -0.3, 0],
						"0.6667": [0, -0.3, 0],
						"0.7083": [0, 0, 0]
					}
				},
				"wings_open": {
					"rotation": {
						"0.0": [0, 0, 0],
						"0.0417": {
							"pre": [1.7, 0, 0],
							"post": [1.7, 0, 0],
							"lerp_mode": "catmullrom"
						},
						"0.1667": {
							"post": [2.4, 0, 0],
							"lerp_mode": "catmullrom"
						},
						"0.2917": {
							"post": [1.7, 0, 0],
							"lerp_mode": "catmullrom"
						},
						"0.375": {
							"post": [0.5, 0, 0],
							"lerp_mode": "catmullrom"
						},
						"0.5": {
							"post": [2.5, 0, 0],
							"lerp_mode": "catmullrom"
						},
						"0.6667": {
							"post": [-0.6, 0, 0],
							"lerp_mode": "catmullrom"
						},
						"0.7917": [0, 0, 0]
					}
				},
				"wings_folded": {
					"rotation": {
						"0.0": [0, 0, 0],
						"0.0417": {
							"pre": [1.7, 0, 0],
							"post": [1.7, 0, 0],
							"lerp_mode": "catmullrom"
						},
						"0.1667": {
							"post": [2.4, 0, 0],
							"lerp_mode": "catmullrom"
						},
						"0.2917": {
							"post": [1.7, 0, 0],
							"lerp_mode": "catmullrom"
						},
						"0.375": {
							"post": [0.5, 0, 0],
							"lerp_mode": "catmullrom"
						},
						"0.5": {
							"post": [2.5, 0, 0],
							"lerp_mode": "catmullrom"
						},
						"0.6667": {
							"post": [-0.6, 0, 0],
							"lerp_mode": "catmullrom"
						},
						"0.7917": [0, 0, 0]
					}
				},
				"body": {
					"rotation": {
						"0.0": [0, 0, 0],
						"0.1667": ["math.cos(q.anim_time*90*400)*7", 0, 0],
						"0.3333": [0, 0, 0]
					}
				}
			},
			"sound_effects": {
				"0.0": {
					"effect": "zubat"
				}
			}
		},
		"animation.zubat.shoulder_left": {
			"loop": true,
			"animation_length": 2.54167,
			"bones": {
				"body": {
					"rotation": ["-5+math.cos(q.anim_time*90*1.5)*0.2", 0, 0],
					"position": [1, -7.8, 0]
				},
				"ear_left": {
					"rotation": [0, -2.5, -27.5],
					"position": [-1, 0, 0]
				},
				"ear_right": {
					"rotation": [0, -2.5, 27.5],
					"position": [1, 0, 0]
				},
				"wing_left": {
					"rotation": [3.05656, 42.60004, -5.08658],
					"scale": [0.5, 1, 1]
				},
				"wing_left2": {
					"rotation": [0, 135, 0]
				},
				"wing_right": {
					"rotation": [12.66289, -50.29336, -2.03936],
					"position": [0, 0, 0],
					"scale": [0.5, 1, 1]
				},
				"wing_right2": {
					"rotation": [0, -117.5, 0]
				},
				"leg_left": {
					"rotation": [47.5, 0, -2.5]
				},
				"leg_left2": {
					"rotation": [-30, 0, 0]
				},
				"leg_left3": {
					"rotation": [-10, 0, 0]
				},
				"leg_right": {
					"rotation": [47.5, 0, 2.5]
				},
				"leg_right2": {
					"rotation": [-30, 0, 0]
				},
				"leg_right3": {
					"rotation": [-10, 0, 0]
				},
				"mouth_open": {
					"position": [0, 0, 1]
				},
				"mouth_closed": {
					"position": [0, 0, -1]
				},
				"teeth_closed_top_right": {
					"scale": 1
				},
				"wing_folded_right": {
					"rotation": [6.30117, -52.67334, -3.47564],
					"position": [0, 0, -1],
					"scale": [0.6, 1, 0.75]
				},
				"wing_folded_right2": {
					"rotation": [0, -67.5, 0]
				},
				"wing_folded_right3": {
					"rotation": [0, -70, 0]
				},
				"wing_folded_right4": {
					"rotation": [0, -25, 0]
				},
				"wing_folded_left": {
					"rotation": [9.65097, 54.75649, 7.2616],
					"position": [0, 0, -1],
					"scale": [0.3, 1, 1]
				},
				"wing_folded_left2": {
					"rotation": [0, 20, 0]
				},
				"wing_folded_left3": {
					"rotation": [0, 110, 0]
				},
				"wing_folded_left4": {
					"rotation": [0, 37.5, 0]
				},
				"torso": {
					"rotation": [0, 0, 0]
				}
			}
		},
		"animation.zubat.shoulder_right": {
			"loop": true,
			"animation_length": 2.54167,
			"bones": {
				"body": {
					"rotation": ["-5+math.cos(q.anim_time*90*1.5)*0.2", 0, 0],
					"position": [-1, -7.8, 0]
				},
				"ear_left": {
					"rotation": [0, -2.5, -27.5],
					"position": [-1, 0, 0]
				},
				"ear_right": {
					"rotation": [0, -2.5, 27.5],
					"position": [1, 0, 0]
				},
				"wing_left": {
					"rotation": [3.05656, 42.60004, -5.08658],
					"scale": [0.5, 1, 1]
				},
				"wing_left2": {
					"rotation": [0, 135, 0]
				},
				"wing_right": {
					"rotation": [12.66289, -50.29336, -2.03936],
					"position": [0, 0, 0],
					"scale": [0.5, 1, 1]
				},
				"wing_right2": {
					"rotation": [0, -117.5, 0]
				},
				"leg_left": {
					"rotation": [47.5, 0, -2.5]
				},
				"leg_left2": {
					"rotation": [-30, 0, 0]
				},
				"leg_left3": {
					"rotation": [-10, 0, 0]
				},
				"leg_right": {
					"rotation": [47.5, 0, 2.5]
				},
				"leg_right2": {
					"rotation": [-30, 0, 0]
				},
				"leg_right3": {
					"rotation": [-10, 0, 0]
				},
				"mouth_open": {
					"position": [0, 0, 1]
				},
				"mouth_closed": {
					"position": [0, 0, -1]
				},
				"teeth_closed_top_right": {
					"scale": 1
				},
				"wing_folded_right": {
					"rotation": [6.30117, -52.67334, -3.47564],
					"position": [0, 0, -1],
					"scale": [0.6, 1, 0.75]
				},
				"wing_folded_right2": {
					"rotation": [0, -67.5, 0]
				},
				"wing_folded_right3": {
					"rotation": [0, -70, 0]
				},
				"wing_folded_right4": {
					"rotation": [0, -25, 0]
				},
				"wing_folded_left": {
					"rotation": [9.65097, 54.75649, 7.2616],
					"position": [0, 0, -1],
					"scale": [0.3, 1, 1]
				},
				"wing_folded_left2": {
					"rotation": [0, 20, 0]
				},
				"wing_folded_left3": {
					"rotation": [0, 110, 0]
				},
				"wing_folded_left4": {
					"rotation": [0, 37.5, 0]
				},
				"torso": {
					"rotation": [0, 0, 0]
				}
			}
		}
	}
}