{
	"format_version": "1.8.0",
	"animations": {
		"animation.mightyena.ground_idle": {
			"loop": true,
			"bones": {
				"torso": {
					"rotation": ["-3.5 - (math.cos((q.anim_time - 0 + (math.cos((q.anim_time - 0) * 360 / 2 ) * 0.05)) * 360 / 2 ) * 1)", 0, 0],
					"position": [0, "(math.cos((q.anim_time - 0) * 360 / 2) * 0.3) + 0.3", "1 + (math.sin((q.anim_time - 0) * 360 / 2) * 0.1)"]
				},
				"tail": {
					"rotation": ["33 + (math.cos((q.anim_time - 0.2) * 360 ) * 1.5)", "(math.cos((q.anim_time - 0.3) * 360 / 2) * 5)", 0]
				},
				"tail2": {
					"rotation": [
						"10 + (math.cos((q.anim_time - 0.3) * 360 ) * 4)",
						"(math.cos((q.anim_time - 0.4) * 360 / 2) * 7)",
						"-(math.cos((q.anim_time - 0.5) * 360 / 2) * 6)"
					]
				},
				"tail3": {
					"rotation": ["-25 + (math.cos((q.anim_time - 0.65) * 360 ) * 6) + 8", "(math.cos((q.anim_time - 0.45) * 360 / 2) * 10)", 0],
					"position": [0, 0.0625, 0.28125]
				},
				"chest": {
					"rotation": [2.5, 0, 0]
				},
				"torso_fluff_left": {
					"rotation": [0, 0, "-10 + (math.cos((q.anim_time - 1.2) * 360 / 2) * 2) + 2"]
				},
				"torso_fluff_right": {
					"rotation": [0, 0, "10 - (math.cos((q.anim_time - 1.2) * 360 / 2) * 2) - 2"]
				},
				"neck": {
					"rotation": ["25 - (math.cos((q.anim_time - 0.4 + (math.cos((q.anim_time - 0.4) * 360 / 2 ) * 0.05)) * 360 / 2 ) * 0.5) + 0.5", -0.55726, 0]
				},
				"neck2": {
					"rotation": ["-2.5 - (math.cos((q.anim_time - 0.4 + (math.cos((q.anim_time - 0.4) * 360 / 2 ) * 0.05)) * 360 / 2 ) * 0.25) + 0.25", 0, 0],
					"position": [0, 0, -0.1875]
				},
				"head": {
					"rotation": ["-17.5 - (math.cos((q.anim_time - 0.5 + (math.cos((q.anim_time - 0.5) * 360 / 2 ) * 0.05)) * 360 / 2 ) * 0.5) + 0.5", 0, 0]
				},
				"arm_right": {
					"rotation": ["10 - (math.cos((q.anim_time - 0) * 360 / 2) * 5) + 5", 0, 0],
					"position": [0, "-1.36 + (math.cos((q.anim_time - 0) * 360 / 2) * 0.4)", "(math.cos((q.anim_time - 0) * 360 / 2) * 0.32) + 0.32"]
				},
				"elbow_right": {
					"rotation": ["-10 + (math.cos((q.anim_time - 0) * 360 / 2) * 6) - 6", 0, 0]
				},
				"forearm_right": {
					"rotation": [-7.5, 0, 0]
				},
				"front_paw_right": {
					"rotation": ["7.5 - (math.cos((q.anim_time - 0) * 360 / 2) * 1) + 1", 0, 0],
					"position": [0, 0.125, 0]
				},
				"arm_left": {
					"rotation": ["10 - (math.cos((q.anim_time - 0) * 360 / 2) * 5) + 5", 0, 0],
					"position": [0, "-1.36 + (math.cos((q.anim_time - 0) * 360 / 2) * 0.4)", "(math.cos((q.anim_time - 0) * 360 / 2) * 0.32) + 0.32"]
				},
				"elbow_left": {
					"rotation": ["-10 + (math.cos((q.anim_time - 0) * 360 / 2) * 6) - 6", 0, 0]
				},
				"forearm_left": {
					"rotation": [-7.5, 0, 0]
				},
				"front_paw_left": {
					"rotation": ["7.5 - (math.cos((q.anim_time - 0) * 360 / 2) * 1) + 1", 0, 0],
					"position": [0, 0.125, 0]
				},
				"leg_left": {
					"rotation": ["12.5 - (math.cos((q.anim_time - 0) * 360 / 2) * 1) + 1", 0, 0],
					"position": [0, "0.18 + (math.cos((q.anim_time - 0) * 360 / 2) * 0.11)", "-0.6 + (math.cos((q.anim_time - 0) * 360 / 2) * 0.075)"]
				},
				"knee_left": {
					"rotation": ["-14 + (math.cos((q.anim_time - 0) * 360 / 2) * 0.2) - 3", 0, 0]
				},
				"ankle_left": {
					"rotation": ["(math.cos((q.anim_time - 0) * 360 / 2) * 1) + 1", 0, 0]
				},
				"back_paw_left": {
					"rotation": [2.5, 0, 0],
					"position": [0, 0, -0.03125]
				},
				"leg_right": {
					"rotation": ["12.5 - (math.cos((q.anim_time - 0) * 360 / 2) * 1) + 1", 0, 0],
					"position": [0, "0.18 + (math.cos((q.anim_time - 0) * 360 / 2) * 0.11)", "-0.6 + (math.cos((q.anim_time - 0) * 360 / 2) * 0.075)"]
				},
				"knee_right": {
					"rotation": ["-14 + (math.cos((q.anim_time - 0) * 360 / 2) * 0.2) - 3", 0, 0]
				},
				"ankle_right": {
					"rotation": ["(math.cos((q.anim_time - 0) * 360 / 2) * 1) + 1", 0, 0]
				},
				"back_paw_right": {
					"rotation": [2.5, 0, 0],
					"position": [0, 0, -0.03125]
				},
				"ear_right": {
					"rotation": [
						"-(math.cos((q.anim_time - 0.65 + (math.cos((q.anim_time - 0.65) * 360 / 2 ) * 0.05)) * 360 / 2 ) * 2) + 2",
						"((math.cos((q.anim_time - 0.52 + (math.cos((q.anim_time - 0.52) * 360 / 2 ) * 0.05)) * 360 / 2 ) * 1) - 1)",
						"((math.cos((q.anim_time - 0.65 + (math.cos((q.anim_time - 0.65) * 360 / 2 ) * 0.05)) * 360 / 2 ) * 0.5) - 0.5)"
					]
				},
				"ear_left": {
					"rotation": [
						"-(math.cos((q.anim_time - 0.6 + (math.cos((q.anim_time - 0.6) * 360 / 2 ) * 0.05)) * 360 / 2 ) * 2) + 2",
						"-(math.cos((q.anim_time - 0.55 + (math.cos((q.anim_time - 0.55) * 360 / 2 ) * 0.05)) * 360 / 2 ) * 1) + 1",
						"-(math.cos((q.anim_time - 0.6 + (math.cos((q.anim_time - 0.6) * 360 / 2 ) * 0.05)) * 360 / 2 ) * 0.5) + 0.5"
					]
				},
				"fluff_tip_left": {
					"rotation": ["(math.cos((q.anim_time - 0.6) * 360 / 2) * 2.5) - 2.5", 0, 0]
				},
				"fluff_tip_right": {
					"rotation": ["(math.cos((q.anim_time - 0.4) * 360 / 2) * 2) - 2", 0, 0]
				},
				"neck_fluff_left": {
					"rotation": ["(math.cos((q.anim_time - 0.4) * 360 / 2) * 1) + 1", 0, 0]
				},
				"neck_fluff_right": {
					"rotation": ["(math.cos((q.anim_time - 0.4) * 360 / 2) * 1) + 1", 0, 0]
				}
			}
		},
		"animation.mightyena.ground_walk": {
			"loop": true,
			"animation_length": 1.33333,
			"bones": {
				"hip": {
					"rotation": ["-5 + 2 + (math.sin((q.anim_time - 0.15) * 360 / (2/3)) * 2)", "(math.sin((q.anim_time - 0) * 360 / (4/3)) * 2)", 0],
					"position": [0, 0, "-0.2+(math.sin((q.anim_time - 0.5) * 360 / (2/3)) * 0.2)"]
				},
				"tail": {
					"rotation": [
						"4.5 + (math.sin((q.anim_time - 0.1) * 360 / (2/3)) * 0.5)",
						"(math.cos((q.anim_time - 0.1) * 360 / (4/3)) * 3)",
						"-(math.cos((q.anim_time - 0.1) * 360 / (4/3)) * 3)"
					]
				},
				"tail2": {
					"rotation": ["-40.5 + (math.sin((q.anim_time - 0.2) * 360 / (2/3)) * 1)", "(math.cos((q.anim_time - 0.2) * 360 / (4/3)) * 4)", 0],
					"position": [0, 0.375, -0.375]
				},
				"tail3": {
					"rotation": ["-25.5 + (math.sin((q.anim_time - 0.25) * 360 / (2/3)) * 2)", "(math.sin((q.anim_time - 0.3) * 360 / (4/3)) * 6)", 0],
					"position": [0, 0.28125, 0]
				},
				"tail_tip": {
					"rotation": ["22.5 + (math.sin((q.anim_time - 0.3) * 360 / (2/3)) * 3)", "0+(math.sin((q.anim_time - 0.3) * 360 / (4/3)) * 6)", 0]
				},
				"chest": {
					"rotation": ["5 + (math.sin((q.anim_time - 0) * 360 / (2/3)) * 1)", "-(math.sin((q.anim_time - 0) * 360 / (4/3)) * 1)", 0],
					"position": [0, 0, "-0.2-(math.sin((q.anim_time - 0.5) * 360 / (2/3)) * 0.2)"]
				},
				"neck": {
					"rotation": [72.5, 0, 0]
				},
				"neck2": {
					"rotation": [
						"-30 - (math.cos((q.anim_time - 0) * 360 / (2/3)) * 2)",
						"-(math.sin((q.anim_time - 1.1) * 360 / (4/3)) * 3)",
						"(math.sin((q.anim_time - 0.1) * 360 / (4/3)) * 1)"
					]
				},
				"head": {
					"rotation": ["-33 - (math.cos((q.anim_time - 0.2) * 360 / (2/3)) * 2)", 0, 0]
				},
				"torso": {
					"rotation": ["-1.6251+(math.sin((q.anim_time - 0) * 360 / (2/3)) * 1)", 0, "(math.sin((q.anim_time - 0) * 360 / (4/3)) * 1)"],
					"position": [
						"-(math.sin((q.anim_time - 0) * 360 / (4/3)) * 0.5)",
						"0.4688-(math.cos((q.anim_time - 0) * 360 / (2/3)) * 0.2)",
						"-0.5-(math.sin((q.anim_time - 1) * 360 / (2/3)) * 0.5)"
					]
				},
				"arm_right": {
					"rotation": {
						"0.0": [-21.4565, 5, -2.62438],
						"0.3333": {
							"pre": [2.96875, -1.9, -2.65625],
							"post": [2.96875, -1.9, -2.65625],
							"lerp_mode": "catmullrom"
						},
						"0.6667": {
							"post": [29.32031, -5, -1.71394],
							"lerp_mode": "catmullrom"
						},
						"1.0": {
							"post": [7.3125, 2.1, 1.78125],
							"lerp_mode": "catmullrom"
						},
						"1.1667": [-24.9025, 4.15625, 0.59375],
						"1.3333": [-21.4565, 5, -2.62438]
					},
					"position": {
						"0.0": [0, -1.6, -1.53125],
						"0.2083": [0, -0.93375, -0.29375],
						"0.3333": {
							"pre": [0, -0.5625, 0.1],
							"post": [0, -0.5625, 0.1],
							"lerp_mode": "catmullrom"
						},
						"0.5": {
							"post": [0, -0.77875, 0.2],
							"lerp_mode": "catmullrom"
						},
						"0.6667": {
							"post": [0.2, -0.5125, 0.3],
							"lerp_mode": "catmullrom"
						},
						"1.0": {
							"post": [0.2, 0.10375, -1.05],
							"lerp_mode": "catmullrom"
						},
						"1.1667": [0, -1.1975, -2.25],
						"1.3333": [0, -1.6, -1.53125]
					}
				},
				"elbow_right": {
					"rotation": {
						"0.0": [-3.80098, 0.00969, 2.40956],
						"0.2083": {
							"pre": [-4.6275, 0, 2.8125],
							"post": [-4.6275, 0, 2.8125],
							"lerp_mode": "catmullrom"
						},
						"0.3333": {
							"post": [-3.875, 0, 2.75],
							"lerp_mode": "catmullrom"
						},
						"0.6667": {
							"post": [-8, 0, 0],
							"lerp_mode": "catmullrom"
						},
						"0.7917": {
							"post": [-31.95875, 0, -0.3],
							"lerp_mode": "catmullrom"
						},
						"1.0": {
							"post": [-45, 0, -0.3],
							"lerp_mode": "catmullrom"
						},
						"1.1667": {
							"post": [-25, 0, 0],
							"lerp_mode": "catmullrom"
						},
						"1.3333": [-3.80098, 0.00969, 2.40956]
					}
				},
				"forearm_right": {
					"rotation": {
						"0.0": {
							"post": [2.5, 0, 0],
							"lerp_mode": "catmullrom"
						},
						"0.3333": {
							"post": [0.75, 0, 0],
							"lerp_mode": "catmullrom"
						},
						"0.6667": {
							"post": [1.5, 0, 0],
							"lerp_mode": "catmullrom"
						},
						"0.7917": {
							"post": [-16.77625, 0, 0],
							"lerp_mode": "catmullrom"
						},
						"1.0": {
							"post": [-10, 0, 0],
							"lerp_mode": "catmullrom"
						},
						"1.3333": {
							"post": [2.5, 0, 0],
							"lerp_mode": "catmullrom"
						}
					}
				},
				"front_paw_right": {
					"rotation": {
						"0.0": [23.0625, 0, 0],
						"0.5": [21.68767, 2.22367, -1.19506],
						"0.6667": [39.58888, 3.31295, -1.23373],
						"0.9167": {
							"pre": [126.79, 2.71, 1.24],
							"post": [126.79, 2.71, 1.24],
							"lerp_mode": "catmullrom"
						},
						"1.0417": {
							"post": [139.79924, 2.17349, 2.06833],
							"lerp_mode": "catmullrom"
						},
						"1.1667": {
							"post": [117.0625, 0, 0],
							"lerp_mode": "catmullrom"
						},
						"1.2917": {
							"post": [54.6102, -0.13584, -0.12927],
							"lerp_mode": "catmullrom"
						},
						"1.3333": {
							"post": [23.0625, 0, 0],
							"lerp_mode": "catmullrom"
						}
					},
					"position": {
						"0.0": {
							"post": [0, 0.88125, 0],
							"lerp_mode": "catmullrom"
						},
						"0.5": {
							"post": [0, 0.82, 0.04],
							"lerp_mode": "catmullrom"
						},
						"0.6667": {
							"post": [0, 0.51, -0.4],
							"lerp_mode": "catmullrom"
						},
						"1.0417": {
							"post": [0, 0.86, -0.6],
							"lerp_mode": "catmullrom"
						},
						"1.1667": {
							"post": [0, 0.88125, -0.9],
							"lerp_mode": "catmullrom"
						},
						"1.25": {
							"post": [0, 0.88, -0.54],
							"lerp_mode": "catmullrom"
						},
						"1.3333": {
							"post": [0, 0.88125, 0],
							"lerp_mode": "catmullrom"
						}
					}
				},
				"toes_right": {
					"rotation": {
						"0.0": [0, 3.96875, 0],
						"0.5": [-32.25, -0.05, 1.22],
						"0.6667": [-60.24232, 0.94755, 1.2607],
						"0.75": [-14.66809, 0.92276, -0.29853],
						"0.8333": [50.70613, 0.89798, -1.85776],
						"1.0417": {
							"pre": [68.20613, 0.89798, -1.85776],
							"post": [68.20613, 0.89798, -1.85776],
							"lerp_mode": "catmullrom"
						},
						"1.1667": {
							"post": [16.2, -3.96875, 0],
							"lerp_mode": "catmullrom"
						},
						"1.2917": [-27.92827, 4.08281, -0.04354],
						"1.3333": [0, 3.96875, 0]
					},
					"position": {
						"0.0": [0, 0.02, 0],
						"0.5": [0, 0.02, -0.3],
						"0.6667": [0, 0.02, -0.48],
						"0.8333": [0, 0.22, -0.51],
						"1.0417": {
							"pre": [0, 0.52, -0.33],
							"post": [0, 0.52, -0.33],
							"lerp_mode": "catmullrom"
						},
						"1.1667": {
							"post": [0, 0.02, 0],
							"lerp_mode": "catmullrom"
						},
						"1.2917": [0, 0.01, 0.31],
						"1.3333": [0, 0.02, 0]
					}
				},
				"arm_left": {
					"rotation": {
						"0.0": {
							"post": [29.32031, 5, 1.71394],
							"lerp_mode": "catmullrom"
						},
						"0.3333": {
							"post": [7.3125, -2.1, -1.78125],
							"lerp_mode": "catmullrom"
						},
						"0.5": [-24.9025, -4.15625, -0.59375],
						"0.6667": [-21.4565, -5, 2.62438],
						"1.0": {
							"pre": [2.96875, 1.9, 2.65625],
							"post": [2.96875, 1.9, 2.65625],
							"lerp_mode": "catmullrom"
						},
						"1.3333": {
							"post": [29.32031, 5, 1.71394],
							"lerp_mode": "catmullrom"
						}
					},
					"position": {
						"0.0": {
							"post": [-0.2, -0.5125, 0.3],
							"lerp_mode": "catmullrom"
						},
						"0.3333": {
							"post": [-0.2, 0.10375, -1.05],
							"lerp_mode": "catmullrom"
						},
						"0.5": {
							"post": [0, -1.1975, -2.25],
							"lerp_mode": "catmullrom"
						},
						"0.6667": {
							"post": [0, -1.6, -1.53125],
							"lerp_mode": "catmullrom"
						},
						"0.875": {
							"post": [0, -0.93375, -0.29375],
							"lerp_mode": "catmullrom"
						},
						"1.0": {
							"post": [0, -0.5625, 0.1],
							"lerp_mode": "catmullrom"
						},
						"1.1667": {
							"post": [0, -0.77875, 0.2],
							"lerp_mode": "catmullrom"
						},
						"1.3333": {
							"post": [-0.2, -0.5125, 0.3],
							"lerp_mode": "catmullrom"
						}
					}
				},
				"elbow_left": {
					"rotation": {
						"0.0": {
							"post": [-8, 0, 0],
							"lerp_mode": "catmullrom"
						},
						"0.125": {
							"post": [-31.95875, 0, 0.3],
							"lerp_mode": "catmullrom"
						},
						"0.3333": {
							"post": [-45, 0, 0.3],
							"lerp_mode": "catmullrom"
						},
						"0.5": {
							"post": [-25, 0, 0],
							"lerp_mode": "catmullrom"
						},
						"0.6667": [-3.80098, -0.00969, -2.40956],
						"0.875": {
							"pre": [-4.6275, 0, -2.8125],
							"post": [-4.6275, 0, -2.8125],
							"lerp_mode": "catmullrom"
						},
						"1.0": {
							"post": [-3.875, 0, -2.75],
							"lerp_mode": "catmullrom"
						},
						"1.3333": {
							"post": [-8, 0, 0],
							"lerp_mode": "catmullrom"
						}
					}
				},
				"forearm_left": {
					"rotation": {
						"0.0": {
							"post": [1.5, 0, 0],
							"lerp_mode": "catmullrom"
						},
						"0.125": {
							"post": [-16.77625, 0, 0],
							"lerp_mode": "catmullrom"
						},
						"0.3333": {
							"post": [-10, 0, 0],
							"lerp_mode": "catmullrom"
						},
						"0.6667": {
							"post": [2.5, 0, 0],
							"lerp_mode": "catmullrom"
						},
						"1.0": {
							"post": [0.75, 0, 0],
							"lerp_mode": "catmullrom"
						},
						"1.3333": {
							"post": [1.5, 0, 0],
							"lerp_mode": "catmullrom"
						}
					}
				},
				"front_paw_left": {
					"rotation": {
						"0.0": [39.58888, -3.31295, 1.23373],
						"0.25": {
							"pre": [126.79, -2.71, -1.24],
							"post": [126.79, -2.71, -1.24],
							"lerp_mode": "catmullrom"
						},
						"0.375": {
							"post": [139.79924, -2.17349, -2.06833],
							"lerp_mode": "catmullrom"
						},
						"0.5": {
							"post": [117.0625, 0, 0],
							"lerp_mode": "catmullrom"
						},
						"0.625": {
							"post": [54.6102, 0.13584, 0.12927],
							"lerp_mode": "catmullrom"
						},
						"0.6667": {
							"post": [23.0625, 0, 0],
							"lerp_mode": "catmullrom"
						},
						"1.1667": [21.68767, -2.22367, 1.19506],
						"1.3333": [39.58888, -3.31295, 1.23373]
					},
					"position": {
						"0.0": {
							"post": [0, 0.51, -0.4],
							"lerp_mode": "catmullrom"
						},
						"0.375": {
							"post": [0, 0.86, -0.6],
							"lerp_mode": "catmullrom"
						},
						"0.5": {
							"post": [0, 0.88125, -0.9],
							"lerp_mode": "catmullrom"
						},
						"0.5833": {
							"post": [0, 0.88, -0.54],
							"lerp_mode": "catmullrom"
						},
						"0.6667": {
							"post": [0, 0.88125, 0],
							"lerp_mode": "catmullrom"
						},
						"1.1667": {
							"post": [0, 0.82, 0.04],
							"lerp_mode": "catmullrom"
						},
						"1.3333": {
							"post": [0, 0.51, -0.4],
							"lerp_mode": "catmullrom"
						}
					}
				},
				"toes_left": {
					"rotation": {
						"0.0": [-60.24232, -0.94755, -1.2607],
						"0.0833": [-14.66809, -0.92276, 0.29853],
						"0.1667": [50.70613, -0.89798, 1.85776],
						"0.375": {
							"pre": [68.20613, -0.89798, 1.85776],
							"post": [68.20613, -0.89798, 1.85776],
							"lerp_mode": "catmullrom"
						},
						"0.5": {
							"post": [16.2, 3.96875, 0],
							"lerp_mode": "catmullrom"
						},
						"0.625": [-27.92827, 4.08281, -0.04354],
						"0.6667": [0, 3.96875, 0],
						"1.1667": [-32.25, 0.05, -1.22],
						"1.3333": [-60.24232, -0.94755, -1.2607]
					},
					"position": {
						"0.0": [0, 0.02, -0.48],
						"0.1667": [0, 0.22, -0.51],
						"0.375": {
							"pre": [0, 0.52, -0.33],
							"post": [0, 0.52, -0.33],
							"lerp_mode": "catmullrom"
						},
						"0.5": {
							"post": [0, 0.02, 0],
							"lerp_mode": "catmullrom"
						},
						"0.625": [0, 0.01, 0.31],
						"0.6667": [0, 0.02, 0],
						"1.1667": [0, 0.02, -0.3],
						"1.3333": [0, 0.02, -0.48]
					}
				},
				"leg_left": {
					"rotation": {
						"0.0": {
							"post": [8.34375, 0, 0],
							"lerp_mode": "catmullrom"
						},
						"0.1667": {
							"post": [-14.5, 0, 0],
							"lerp_mode": "catmullrom"
						},
						"0.375": {
							"post": [-25.495, 0, 0],
							"lerp_mode": "catmullrom"
						},
						"0.5417": {
							"post": [-18.9375, 0, 0],
							"lerp_mode": "catmullrom"
						},
						"0.6667": [-3.22, 0, 0],
						"0.75": [1.255, 0, 0],
						"0.875": [6.46875, 0, 0],
						"1.125": [15.75, 0, 0],
						"1.3333": [8.34375, 0, 0]
					},
					"position": {
						"0.0": {
							"post": [0, 0.94375, -0.25625],
							"lerp_mode": "catmullrom"
						},
						"0.125": {
							"post": [0, 1.8725, -0.4275],
							"lerp_mode": "catmullrom"
						},
						"0.2917": {
							"post": [0, 2.06625, -1.055],
							"lerp_mode": "catmullrom"
						},
						"0.4167": {
							"post": [0, 1.6575, -1.39375],
							"lerp_mode": "catmullrom"
						},
						"0.5417": {
							"post": [0, 0.65, -1.5],
							"lerp_mode": "catmullrom"
						},
						"0.6667": {
							"post": [0, 1.37625, -1.1],
							"lerp_mode": "catmullrom"
						},
						"0.75": [0, 1.58375, -1],
						"0.875": [0, 1.46875, -0.9],
						"1.125": [0, 0.86, -0.59],
						"1.1667": [0, 0.66, -0.47],
						"1.2083": [0, 0.5575, -0.36],
						"1.3333": [0, 0.94375, -0.25625]
					}
				},
				"knee_left": {
					"rotation": {
						"0.0": {
							"post": [5.76875, 0, 0],
							"lerp_mode": "catmullrom"
						},
						"0.125": {
							"post": [13.73, 0, 0],
							"lerp_mode": "catmullrom"
						},
						"0.25": {
							"post": [5.875, 0, 0],
							"lerp_mode": "catmullrom"
						},
						"0.4167": {
							"post": [-26.53625, 0, 0],
							"lerp_mode": "catmullrom"
						},
						"0.5417": {
							"post": [-30, 0, 0],
							"lerp_mode": "catmullrom"
						},
						"0.6667": [-26.38, 0, 0],
						"0.75": [-23.96, 0, 0],
						"0.875": {
							"pre": [-20.5, 0, 0],
							"post": [-20.5, 0, 0],
							"lerp_mode": "catmullrom"
						},
						"1.1667": {
							"post": [-13.91875, 0, 0],
							"lerp_mode": "catmullrom"
						},
						"1.3333": {
							"post": [5.76875, 0, 0],
							"lerp_mode": "catmullrom"
						}
					},
					"position": {
						"0.0": {
							"post": [0, 0.3, 0],
							"lerp_mode": "catmullrom"
						},
						"0.3333": {
							"post": [0, 0.3, 0],
							"lerp_mode": "catmullrom"
						},
						"0.6667": {
							"post": [0, 0, 0.07813],
							"lerp_mode": "catmullrom"
						},
						"1.2083": {
							"post": [0, 0, 0.01],
							"lerp_mode": "catmullrom"
						},
						"1.3333": {
							"post": [0, 0.3, 0],
							"lerp_mode": "catmullrom"
						}
					}
				},
				"ankle_left": {
					"rotation": {
						"0.0": {
							"post": [-6.1875, 0, 0],
							"lerp_mode": "catmullrom"
						},
						"0.2083": {
							"post": [-5.21875, 0, 0],
							"lerp_mode": "catmullrom"
						},
						"0.4167": {
							"post": [0.63, 0, 0],
							"lerp_mode": "catmullrom"
						},
						"0.5417": {
							"post": [3, 0, 0],
							"lerp_mode": "catmullrom"
						},
						"0.6667": [1.82, 0, 0],
						"0.75": [1.0275, 0, 0],
						"1.2083": {
							"pre": [9.10875, 0, 0],
							"post": [9.10875, 0, 0],
							"lerp_mode": "catmullrom"
						},
						"1.3333": {
							"post": [-6.1875, 0, 0],
							"lerp_mode": "catmullrom"
						}
					}
				},
				"back_paw_left": {
					"rotation": {
						"0.0": {
							"post": [21.40625, 0, 0],
							"lerp_mode": "catmullrom"
						},
						"0.2083": {
							"post": [48.03125, 0, 0],
							"lerp_mode": "catmullrom"
						},
						"0.4167": {
							"post": [30.50375, 0, 0],
							"lerp_mode": "catmullrom"
						},
						"0.5417": {
							"post": [41.75, 0, 0],
							"lerp_mode": "catmullrom"
						},
						"0.6667": {
							"post": [28.29, 0, 0],
							"lerp_mode": "catmullrom"
						},
						"0.875": {
							"post": [9.15625, 0, 0],
							"lerp_mode": "catmullrom"
						},
						"1.125": {
							"post": [0, 0, 0],
							"lerp_mode": "catmullrom"
						},
						"1.3333": {
							"post": [21.40625, 0, 0],
							"lerp_mode": "catmullrom"
						}
					},
					"position": {
						"0.0": [0, -0.6875, -0.1],
						"0.2083": [0, -0.15625, -0.5],
						"0.4167": [0, -0.43, -0.24125],
						"0.5417": [0, -0.28125, -0.3375],
						"0.6667": [0, -0.53, -0.18],
						"0.75": [0, -0.68875, -0.0775],
						"0.875": [0, -0.565, -0.14875],
						"1.125": [0, -0.53375, 0.0075],
						"1.2083": [0, -0.63, -0.0625],
						"1.25": [0, -0.71, -0.0725],
						"1.2917": [0, -0.795, -0.06],
						"1.3333": [0, -0.6875, -0.1]
					}
				},
				"back_toes_left": {
					"rotation": {
						"0.0": [16, 0, 0],
						"0.2083": {
							"pre": [78.4375, 0, 0],
							"post": [78.4375, 0, 0],
							"lerp_mode": "catmullrom"
						},
						"0.4167": {
							"post": [46.7825, 0, 0],
							"lerp_mode": "catmullrom"
						},
						"0.5417": {
							"post": [20, 0, 0],
							"lerp_mode": "catmullrom"
						},
						"0.6667": {
							"post": [0, 0, 0],
							"lerp_mode": "catmullrom"
						},
						"0.875": {
							"post": [0, 0, 0],
							"lerp_mode": "catmullrom"
						},
						"1.0": {
							"post": [-2.38875, 0, 0],
							"lerp_mode": "catmullrom"
						},
						"1.125": [-8.84375, 0, 0],
						"1.2083": [-20.81625, 0, 0],
						"1.3333": [16, 0, 0]
					},
					"position": {
						"0.25": {
							"pre": [0, 0.6, -0.4],
							"post": [0, 0.6, -0.4],
							"lerp_mode": "catmullrom"
						},
						"0.6667": {
							"post": [0, 0, 0],
							"lerp_mode": "catmullrom"
						},
						"1.2083": {
							"post": [0, 0, 0],
							"lerp_mode": "catmullrom"
						}
					}
				},
				"leg_right": {
					"rotation": {
						"0.0": [-3.22, 0, 0],
						"0.0833": [1.255, 0, 0],
						"0.2083": [6.46875, 0, 0],
						"0.4583": [15.75, 0, 0],
						"0.6667": {
							"pre": [8.34375, 0, 0],
							"post": [8.34375, 0, 0],
							"lerp_mode": "catmullrom"
						},
						"0.8333": {
							"post": [-14.5, 0, 0],
							"lerp_mode": "catmullrom"
						},
						"1.0417": {
							"post": [-25.495, 0, 0],
							"lerp_mode": "catmullrom"
						},
						"1.2083": {
							"post": [-18.9375, 0, 0],
							"lerp_mode": "catmullrom"
						},
						"1.3333": [-3.22, 0, 0]
					},
					"position": {
						"0.0": [0, 1.37625, -1.2],
						"0.0833": [0, 1.58375, -1.1],
						"0.2083": [0, 1.46875, -1],
						"0.4583": [0, 0.86, -0.69],
						"0.5": [0, 0.66, -0.57],
						"0.5833": [0, 0.4575, -0.46],
						"0.6667": {
							"pre": [0, 0.94375, -0.35625],
							"post": [0, 0.94375, -0.35625],
							"lerp_mode": "catmullrom"
						},
						"0.7917": {
							"post": [0, 1.8725, -0.5275],
							"lerp_mode": "catmullrom"
						},
						"0.9583": {
							"post": [0, 2.06625, -1.155],
							"lerp_mode": "catmullrom"
						},
						"1.0833": {
							"post": [0, 1.6575, -1.49375],
							"lerp_mode": "catmullrom"
						},
						"1.2083": {
							"post": [0, 0.65, -1.6],
							"lerp_mode": "catmullrom"
						},
						"1.3333": {
							"post": [0, 1.37625, -1.2],
							"lerp_mode": "catmullrom"
						}
					}
				},
				"knee_right": {
					"rotation": {
						"0.0": [-26.38, 0, 0],
						"0.0833": [-23.96, 0, 0],
						"0.2083": {
							"pre": [-20.5, 0, 0],
							"post": [-20.5, 0, 0],
							"lerp_mode": "catmullrom"
						},
						"0.5": {
							"post": [-15.46, 0, 0],
							"lerp_mode": "catmullrom"
						},
						"0.6667": {
							"post": [5.76875, 0, 0],
							"lerp_mode": "catmullrom"
						},
						"0.7917": {
							"post": [13.73, 0, 0],
							"lerp_mode": "catmullrom"
						},
						"0.9167": {
							"post": [5.875, 0, 0],
							"lerp_mode": "catmullrom"
						},
						"1.0833": {
							"post": [-26.53625, 0, 0],
							"lerp_mode": "catmullrom"
						},
						"1.2083": {
							"post": [-30, 0, 0],
							"lerp_mode": "catmullrom"
						},
						"1.3333": [-26.38, 0, 0]
					},
					"position": {
						"0.0": {
							"post": [0, 0, 0.07813],
							"lerp_mode": "catmullrom"
						},
						"0.5417": {
							"post": [0, 0, 0.01],
							"lerp_mode": "catmullrom"
						},
						"0.6667": {
							"post": [0, 0.3, 0],
							"lerp_mode": "catmullrom"
						},
						"1.0": {
							"post": [0, 0.3, 0],
							"lerp_mode": "catmullrom"
						},
						"1.3333": {
							"post": [0, 0, 0.07813],
							"lerp_mode": "catmullrom"
						}
					}
				},
				"ankle_right": {
					"rotation": {
						"0.0": [1.82, 0, 0],
						"0.0833": [1.0275, 0, 0],
						"0.4167": {
							"pre": [9.08125, 0, 0],
							"post": [9.08125, 0, 0],
							"lerp_mode": "catmullrom"
						},
						"0.5417": {
							"post": [11.60875, 0, 0],
							"lerp_mode": "catmullrom"
						},
						"0.6667": {
							"post": [-6.1875, 0, 0],
							"lerp_mode": "catmullrom"
						},
						"0.875": {
							"post": [-5.21875, 0, 0],
							"lerp_mode": "catmullrom"
						},
						"1.0833": {
							"post": [0.63, 0, 0],
							"lerp_mode": "catmullrom"
						},
						"1.2083": {
							"post": [3, 0, 0],
							"lerp_mode": "catmullrom"
						},
						"1.3333": [1.82, 0, 0]
					}
				},
				"back_paw_right": {
					"rotation": {
						"0.0": {
							"post": [28.29, 0, 0],
							"lerp_mode": "catmullrom"
						},
						"0.2083": {
							"post": [9.15625, 0, 0],
							"lerp_mode": "catmullrom"
						},
						"0.4583": {
							"post": [0, 0, 0],
							"lerp_mode": "catmullrom"
						},
						"0.6667": {
							"post": [21.40625, 0, 0],
							"lerp_mode": "catmullrom"
						},
						"0.875": {
							"post": [48.03125, 0, 0],
							"lerp_mode": "catmullrom"
						},
						"1.0833": {
							"post": [30.50375, 0, 0],
							"lerp_mode": "catmullrom"
						},
						"1.2083": {
							"post": [41.75, 0, 0],
							"lerp_mode": "catmullrom"
						},
						"1.3333": {
							"post": [28.29, 0, 0],
							"lerp_mode": "catmullrom"
						}
					},
					"position": {
						"0.0": [0, -0.53, -0.18],
						"0.0833": [0, -0.68875, -0.0775],
						"0.2083": [0, -0.565, -0.14875],
						"0.4583": [0, -0.53375, 0.0075],
						"0.5417": [0, -0.63, -0.0625],
						"0.5833": [0, -0.71, -0.0725],
						"0.625": [0, -0.795, -0.06],
						"0.6667": [0, -0.6875, -0.1],
						"0.875": [0, -0.15625, -0.5],
						"1.0833": [0, -0.43, -0.24125],
						"1.2083": [0, -0.28125, -0.3375],
						"1.3333": [0, -0.53, -0.18]
					}
				},
				"back_toes_right": {
					"rotation": {
						"0.0": {
							"post": [0, 0, 0],
							"lerp_mode": "catmullrom"
						},
						"0.2083": {
							"post": [0, 0, 0],
							"lerp_mode": "catmullrom"
						},
						"0.3333": {
							"post": [-2.38875, 0, 0],
							"lerp_mode": "catmullrom"
						},
						"0.4583": [-8.84375, 0, 0],
						"0.5417": [-20.81625, 0, 0],
						"0.6667": [16, 0, 0],
						"0.875": {
							"pre": [78.4375, 0, 0],
							"post": [78.4375, 0, 0],
							"lerp_mode": "catmullrom"
						},
						"1.0833": {
							"post": [46.7825, 0, 0],
							"lerp_mode": "catmullrom"
						},
						"1.2083": {
							"post": [20, 0, 0],
							"lerp_mode": "catmullrom"
						},
						"1.3333": {
							"post": [0, 0, 0],
							"lerp_mode": "catmullrom"
						}
					},
					"position": {
						"0.0": {
							"post": [0, 0, 0],
							"lerp_mode": "catmullrom"
						},
						"0.5417": {
							"post": [0, 0, 0],
							"lerp_mode": "catmullrom"
						},
						"0.9167": {
							"post": [0, 0.6, -0.4],
							"lerp_mode": "catmullrom"
						},
						"1.3333": {
							"post": [0, 0, 0],
							"lerp_mode": "catmullrom"
						}
					}
				},
				"waist": {
					"position": [0, 0, "-0.5+(math.sin((q.anim_time - 0.45) * 360 / (2/3)) * 0.1)"]
				},
				"torso_fluff_left": {
					"rotation": [0, 0, -27.5]
				},
				"torso_fluff_right": {
					"rotation": [0, 0, 27.5]
				},
				"toe1_right": {
					"rotation": {
						"0.0": [0, 3, 0],
						"0.3333": [0, 3, 0],
						"0.6667": [0, 8, 0],
						"0.875": [0, 3, 0],
						"0.9583": [0, 0, 0],
						"1.25": [0, 0, 0],
						"1.3333": [0, 3, 0]
					}
				},
				"toe3_right": {
					"rotation": {
						"0.0": [0, -3, 0],
						"0.3333": [0, -3, 0],
						"0.6667": [0, -8, 0],
						"0.875": [0, -3, 0],
						"1.0": [0, 0, 0],
						"1.25": [0, 0, 0],
						"1.3333": [0, -3, 0]
					}
				},
				"toe1_left": {
					"rotation": {
						"0.0": [0, -8, 0],
						"0.2083": [0, -3, 0],
						"0.2917": [0, 0, 0],
						"0.5833": [0, 0, 0],
						"0.6667": [0, -3, 0],
						"1.0": [0, -3, 0],
						"1.3333": [0, -8, 0]
					}
				},
				"toe3_left": {
					"rotation": {
						"0.0": [0, 8, 0],
						"0.2083": [0, 3, 0],
						"0.3333": [0, 0, 0],
						"0.5833": [0, 0, 0],
						"0.6667": [0, 3, 0],
						"1.0": [0, 3, 0],
						"1.3333": [0, 8, 0]
					}
				},
				"back_toe1_left": {
					"rotation": {
						"0.0": [0, -2.5, 0],
						"0.5417": [0, 0, 0],
						"0.6667": [0, -3.75, 0],
						"0.7917": [0, -7.5, 0],
						"1.1667": [0, -7.5, 0],
						"1.3333": [0, -2.5, 0]
					}
				},
				"back_toe3_left": {
					"rotation": {
						"0.0": [0, 2.5, 0],
						"0.5417": [0, 0, 0],
						"0.6667": [0, 3.75, 0],
						"0.7917": [0, 7.5, 0],
						"1.1667": [0, 7.5, 0],
						"1.3333": [0, 2.5, 0]
					}
				},
				"back_toe1_right": {
					"rotation": {
						"0.0": [0, 3.75, 0],
						"0.125": [0, 7.5, 0],
						"0.5": [0, 7.5, 0],
						"0.6667": [0, 2.5, 0],
						"1.2083": [0, 0, 0],
						"1.3333": [0, 3.75, 0]
					}
				},
				"back_toe3_right": {
					"rotation": {
						"0.0": [0, -3.75, 0],
						"0.125": [0, -7.5, 0],
						"0.5": [0, -7.5, 0],
						"0.6667": [0, -2.5, 0],
						"1.2083": [0, 0, 0],
						"1.3333": [0, -3.75, 0]
					}
				},
				"ear_right": {
					"rotation": [0, 0, "-(math.sin((q.anim_time - 0.14) * 360 / (2/3)) * 2)*2"]
				},
				"ear_left": {
					"rotation": [0, 0, "(math.sin((q.anim_time - 0.1) * 360 / (2/3)) * 2)*2"]
				},
				"fluff_tip_left": {
					"rotation": [
						"-1.9335-(math.cos((q.anim_time - 0) * 360 / (2/3)) * 2)",
						"4.018-(math.sin((q.anim_time - 1.5) * 360 / (4/3)) * 3)",
						"-9.3606-((math.sin((q.anim_time - 0.1) * 360 / (4/3)) * 1))"
					]
				},
				"fluff_tip_right": {
					"rotation": [
						"-1.9335-(math.cos((q.anim_time - 0) * 360 / (2/3)) * 2)",
						"-4.018-(math.sin((q.anim_time - 1.5) * 360 / (4/3)) * 3)",
						"9.3606-((math.sin((q.anim_time - 0.1) * 360 / (4/3)) * 1))"
					]
				},
				"neck_fluff_left": {
					"rotation": [
						"-1.9335-(math.cos((q.anim_time - 0) * 360 / (2/3)) * 2)",
						"4.018-(math.sin((q.anim_time - 1.5) * 360 / (4/3)) * 3)",
						"-9.3606-((math.sin((q.anim_time - 0.1) * 360 / (4/3)) * 1))"
					]
				},
				"neck_fluff_right": {
					"rotation": [
						"-1.9335-(math.cos((q.anim_time - 0) * 360 / (2/3)) * 2)",
						"-4.018-(math.sin((q.anim_time - 1.5) * 360 / (4/3)) * 3)",
						"9.3606-((math.sin((q.anim_time - 0.1) * 360 / (4/3)) * 1))"
					]
				}
			}
		},
		"animation.mightyena.ground_run": {
			"loop": true,
			"animation_length": 0.66667,
			"bones": {
				"torso": {
					"rotation": [
						"2 + (math.clamp( (math.sin((q.anim_time - 1.955) * 360 / (2/3) ) * 2.8) - 2.7, -5, 0)) * 3",
						0,
						"-(math.sin((q.anim_time - 0.05 + (math.sin((q.anim_time - 0.05) * 360 / (2/3) ) * 0.05)) * 360 / (2/3) ) * 5)"
					],
					"position": [
						"-(math.sin((q.anim_time - 0.05 + (math.sin((q.anim_time - 0.05) * 360 / (2/3) ) * 0.05)) * 360 / (2/3) ) * 0.6)",
						"1.05 -(math.sin((q.anim_time - 1.87 + math.clamp( (math.sin((q.anim_time - 1.83) * 360 / (2/3) ) * 0.1), 0, 0.04)) * 360 / (2/3) ) * 2)",
						0
					]
				},
				"tail": {
					"rotation": ["-5 -(math.sin((q.anim_time - 1.75 + (math.sin((q.anim_time - 1.75) * 360 / (2/3) ) * 0.05)) * 360 / (2/3) ) * 5)", 0, 0]
				},
				"tail2": {
					"rotation": [
						"- 5 -(math.sin((q.anim_time - 1.85 + (math.sin((q.anim_time - 1.75) * 360 / (2/3) ) * 0.05)) * 360 / (2/3) ) * 20)",
						0,
						"-(math.sin((q.anim_time - 0.25 + (math.sin((q.anim_time - 0.25) * 360 / (2/3) ) * 0.05)) * 360 / (2/3) ) * 10)"
					]
				},
				"tail3": {
					"rotation": ["- (math.sin((q.anim_time - 1.9 + (math.sin((q.anim_time - 1.9) * 360 / (2/3) ) * 0.05)) * 360 / (2/3) ) * 15)", 0, 0]
				},
				"neck": {
					"rotation": [
						"(math.cos((q.anim_time - 0.04) * 360 / (2/3) ) * 15) + 57.5",
						0,
						"-(math.sin((q.anim_time - 0.05 + (math.sin((q.anim_time - 0.05) * 360 / (2/3) ) * 0.05)) * 360 / (2/3) ) * 3)"
					]
				},
				"neck2": {
					"rotation": ["(math.cos((q.anim_time - 0.08) * 360 / (2/3) ) * 3.75) - 18.25", 0, 0]
				},
				"head": {
					"rotation": [
						"-(math.sin((q.anim_time - 2.6 + (math.sin((q.anim_time - 2.65) * 360 / (2/3) ) * -0)) * 360 / (2/3) ) * 15) - 21",
						0,
						"(math.sin((q.anim_time - 0.05 + (math.sin((q.anim_time - 0.05) * 360 / (2/3) ) * 0.05)) * 360 / (2/3) ) * 3)"
					]
				},
				"arm_right": {
					"rotation": {
						"0.0": {
							"post": [-25, 0, 0],
							"lerp_mode": "catmullrom"
						},
						"0.25": {
							"post": [24.77812, 0, 0],
							"lerp_mode": "catmullrom"
						},
						"0.375": {
							"post": [6.1875, 0, 0],
							"lerp_mode": "catmullrom"
						},
						"0.5": {
							"post": [-26.6875, 0, 0],
							"lerp_mode": "catmullrom"
						},
						"0.5833": {
							"post": [-32.5, 0, 0],
							"lerp_mode": "catmullrom"
						},
						"0.6667": {
							"post": [-25, 0, 0],
							"lerp_mode": "catmullrom"
						}
					},
					"position": {
						"0.0": {
							"post": [0.875, -1.6625, -1.71875],
							"lerp_mode": "catmullrom"
						},
						"0.2083": {
							"post": [0.2, -1.215, 0.74875],
							"lerp_mode": "catmullrom"
						},
						"0.3333": {
							"post": [0.325, 0.55875, 0.32625],
							"lerp_mode": "catmullrom"
						},
						"0.4167": {
							"post": [0.55, 1.12625, -1.65875],
							"lerp_mode": "catmullrom"
						},
						"0.5833": {
							"post": [1, -0.75875, -2.47375],
							"lerp_mode": "catmullrom"
						},
						"0.6667": {
							"post": [0.875, -1.6625, -1.71875],
							"lerp_mode": "catmullrom"
						}
					}
				},
				"elbow_right": {
					"rotation": {
						"0.0": {
							"post": [-10, 0, 0],
							"lerp_mode": "catmullrom"
						},
						"0.25": {
							"post": [-19.46875, 0, 0],
							"lerp_mode": "catmullrom"
						},
						"0.375": {
							"post": [-33.78125, 0, 0],
							"lerp_mode": "catmullrom"
						},
						"0.5": {
							"post": [-37.5, 0, 0],
							"lerp_mode": "catmullrom"
						},
						"0.6667": {
							"post": [-10, 0, 0],
							"lerp_mode": "catmullrom"
						}
					}
				},
				"forearm_right": {
					"rotation": {
						"0.0": [-2, 0, 0],
						"0.125": [0, 0, 0],
						"0.1667": [0, 0, 0],
						"0.375": {
							"pre": [-7.5, 0, 0],
							"post": [-7.5, 0, 0],
							"lerp_mode": "catmullrom"
						},
						"0.5": {
							"post": [-9.09375, 0, 0],
							"lerp_mode": "catmullrom"
						},
						"0.5833": {
							"post": [-7.09375, 0, 0],
							"lerp_mode": "catmullrom"
						},
						"0.6667": {
							"post": [-2, 0, 0],
							"lerp_mode": "catmullrom"
						}
					}
				},
				"front_paw_right": {
					"rotation": {
						"0.0": {
							"post": [65, 0, 0],
							"lerp_mode": "catmullrom"
						},
						"0.125": {
							"post": [14.25, 0, 0],
							"lerp_mode": "catmullrom"
						},
						"0.2083": [12.33656, 2.13895, 0.45138],
						"0.25": [38.11, 0, 0],
						"0.375": {
							"pre": [141.94197, -0.15721, -0.03318],
							"post": [141.94197, -0.15721, -0.03318],
							"lerp_mode": "catmullrom"
						},
						"0.5": {
							"post": [136.84182, -0.10359, -0.02186],
							"lerp_mode": "catmullrom"
						},
						"0.6667": {
							"post": [65, 0, 0],
							"lerp_mode": "catmullrom"
						}
					},
					"position": {
						"0.0": {
							"post": [0, 0.86875, -0.60625],
							"lerp_mode": "catmullrom"
						},
						"0.125": {
							"post": [0, 0.85, -0.07],
							"lerp_mode": "catmullrom"
						},
						"0.2083": [0, 0.59, -0.33],
						"0.25": [0, 0.83875, -0.22875],
						"0.375": {
							"pre": [0, 0.86, -0.52],
							"post": [0, 0.86, -0.52],
							"lerp_mode": "catmullrom"
						},
						"0.6667": {
							"post": [0, 0.86875, -0.60625],
							"lerp_mode": "catmullrom"
						}
					}
				},
				"arm_left": {
					"rotation": {
						"0.0": {
							"post": [11.41, 0, 0],
							"lerp_mode": "catmullrom"
						},
						"0.0833": {
							"post": [24.77812, 0, 0],
							"lerp_mode": "catmullrom"
						},
						"0.2083": {
							"post": [6.1875, 0, 0],
							"lerp_mode": "catmullrom"
						},
						"0.3333": {
							"post": [-26.6875, 0, 0],
							"lerp_mode": "catmullrom"
						},
						"0.4167": {
							"post": [-32.5, 0, 0],
							"lerp_mode": "catmullrom"
						},
						"0.5": {
							"post": [-25, 0, 0],
							"lerp_mode": "catmullrom"
						},
						"0.6667": {
							"post": [11.41, 0, 0],
							"lerp_mode": "catmullrom"
						}
					},
					"position": {
						"0.0": {
							"post": [-0.55, -1.4, 0.95],
							"lerp_mode": "catmullrom"
						},
						"0.0417": {
							"post": [-0.5, -1.215, 1.44875],
							"lerp_mode": "catmullrom"
						},
						"0.1667": {
							"post": [-1.025, 0.55875, 1.02625],
							"lerp_mode": "catmullrom"
						},
						"0.25": {
							"post": [-0.65, 1.12625, -0.45875],
							"lerp_mode": "catmullrom"
						},
						"0.4167": {
							"post": [-0.8, -0.75875, -1.52375],
							"lerp_mode": "catmullrom"
						},
						"0.5": {
							"post": [-0.675, -1.6625, -1.01875],
							"lerp_mode": "catmullrom"
						},
						"0.6667": {
							"post": [-0.55, -1.4, 0.95],
							"lerp_mode": "catmullrom"
						}
					}
				},
				"elbow_left": {
					"rotation": {
						"0.0": {
							"post": [-15.6, 0, 0],
							"lerp_mode": "catmullrom"
						},
						"0.0833": {
							"post": [-19.46875, 0, 0],
							"lerp_mode": "catmullrom"
						},
						"0.2083": {
							"post": [-33.78125, 0, 0],
							"lerp_mode": "catmullrom"
						},
						"0.3333": {
							"post": [-37.5, 0, 0],
							"lerp_mode": "catmullrom"
						},
						"0.5": {
							"post": [-10, 0, 0],
							"lerp_mode": "catmullrom"
						},
						"0.6667": {
							"post": [-15.6, 0, 0],
							"lerp_mode": "catmullrom"
						}
					}
				},
				"forearm_left": {
					"rotation": {
						"0.0": [0, 0, 0],
						"0.2083": {
							"pre": [-7.5, 0, 0],
							"post": [-7.5, 0, 0],
							"lerp_mode": "catmullrom"
						},
						"0.3333": {
							"post": [-9.09375, 0, 0],
							"lerp_mode": "catmullrom"
						},
						"0.4167": {
							"post": [-7.09375, 0, 0],
							"lerp_mode": "catmullrom"
						},
						"0.5": {
							"post": [-2, 0, 0],
							"lerp_mode": "catmullrom"
						},
						"0.625": [0, 0, 0],
						"0.6667": [0, 0, 0]
					}
				},
				"front_paw_left": {
					"rotation": {
						"0.0": [8.51, -1.2, -0.25],
						"0.0417": [12.33656, -2.13895, -0.45138],
						"0.0833": [38.11, 0, 0],
						"0.2083": {
							"pre": [141.94197, 0.15721, 0.03318],
							"post": [141.94197, 0.15721, 0.03318],
							"lerp_mode": "catmullrom"
						},
						"0.3333": {
							"post": [136.84182, 0.10359, 0.02186],
							"lerp_mode": "catmullrom"
						},
						"0.5": {
							"post": [65, 0, 0],
							"lerp_mode": "catmullrom"
						},
						"0.625": {
							"post": [14.25, 0, 0],
							"lerp_mode": "catmullrom"
						},
						"0.6667": {
							"post": [8.51, -1.2, -0.25],
							"lerp_mode": "catmullrom"
						}
					},
					"position": {
						"0.0": [0, 0.7, -0.17],
						"0.0417": [0, 0.59, -0.33],
						"0.0833": [0, 0.83875, -0.22875],
						"0.2083": {
							"pre": [0, 0.86, -0.52],
							"post": [0, 0.86, -0.52],
							"lerp_mode": "catmullrom"
						},
						"0.5": {
							"post": [0, 0.86875, -0.60625],
							"lerp_mode": "catmullrom"
						},
						"0.625": {
							"post": [0, 0.85, -0.07],
							"lerp_mode": "catmullrom"
						},
						"0.6667": {
							"post": [0, 0.7, -0.17],
							"lerp_mode": "catmullrom"
						}
					}
				},
				"toes_left": {
					"rotation": {
						"0.0": [-3.6, 0, 0],
						"0.0417": [-12.5, 0, 0],
						"0.0833": [-41.05, 0, 0],
						"0.125": [-66.18, 0, 0],
						"0.2917": [54.83, 0, 0],
						"0.5": [-25, 0, 0],
						"0.625": [-1.45, 0, 0],
						"0.6667": [-3.6, 0, 0]
					},
					"position": {
						"0.0417": [0, 0, 0],
						"0.125": [0, 0, -0.8],
						"0.2917": [0, 0.2, -0.5],
						"0.5": [0, 0, 0]
					}
				},
				"leg_left": {
					"rotation": {
						"0.0": {
							"post": [17.75, 0, 0],
							"lerp_mode": "catmullrom"
						},
						"0.0417": {
							"post": [11.5, 0, 0],
							"lerp_mode": "catmullrom"
						},
						"0.1667": {
							"post": [-12.53125, 0, 0],
							"lerp_mode": "catmullrom"
						},
						"0.3333": {
							"post": [-14.03125, 0, 0],
							"lerp_mode": "catmullrom"
						},
						"0.5": {
							"post": [7.5625, 0, 0],
							"lerp_mode": "catmullrom"
						},
						"0.625": {
							"post": [19.5, 0, 0],
							"lerp_mode": "catmullrom"
						},
						"0.6667": {
							"post": [17.75, 0, 0],
							"lerp_mode": "catmullrom"
						}
					},
					"position": {
						"0.0": {
							"post": [-0.13, 0.84, 0.35],
							"lerp_mode": "catmullrom"
						},
						"0.0417": {
							"post": [0, 2.355, 0.06125],
							"lerp_mode": "catmullrom"
						},
						"0.125": {
							"post": [-0.5, 3.0325, -0.71625],
							"lerp_mode": "catmullrom"
						},
						"0.25": {
							"post": [0, 2.34375, -1.1175],
							"lerp_mode": "catmullrom"
						},
						"0.375": {
							"post": [0, 0.7175, -0.9425],
							"lerp_mode": "catmullrom"
						},
						"0.4583": {
							"post": [-0.55, 1.04, -0.21],
							"lerp_mode": "catmullrom"
						},
						"0.5": {
							"post": [-0.78125, 0.7375, 0.09375],
							"lerp_mode": "catmullrom"
						},
						"0.5417": {
							"post": [-0.67, -0.65, 0.24],
							"lerp_mode": "catmullrom"
						},
						"0.5833": {
							"post": [-0.5, -0.98, 0.38],
							"lerp_mode": "catmullrom"
						},
						"0.625": {
							"post": [-0.3125, -0.25, 0.48625],
							"lerp_mode": "catmullrom"
						},
						"0.6667": {
							"post": [-0.13, 0.84, 0.35],
							"lerp_mode": "catmullrom"
						}
					}
				},
				"knee_left": {
					"rotation": {
						"0.0": {
							"post": [5.42, 0, -1.31],
							"lerp_mode": "catmullrom"
						},
						"0.0417": {
							"post": [14.45, 0, -1.3125],
							"lerp_mode": "catmullrom"
						},
						"0.1667": {
							"post": [20.2, 0, -1.3125],
							"lerp_mode": "catmullrom"
						},
						"0.2917": {
							"post": [-24.90625, 0, -1.3125],
							"lerp_mode": "catmullrom"
						},
						"0.4167": {
							"post": [-27.46375, 0, -1.3125],
							"lerp_mode": "catmullrom"
						},
						"0.5417": {
							"post": [-1.26222, 0, -1.31259],
							"lerp_mode": "catmullrom"
						},
						"0.625": {
							"post": [5.7, 0, -1.3125],
							"lerp_mode": "catmullrom"
						},
						"0.6667": {
							"post": [5.42, 0, -1.31],
							"lerp_mode": "catmullrom"
						}
					},
					"position": {
						"0.0": {
							"post": [0, -1.1, 0],
							"lerp_mode": "catmullrom"
						},
						"0.2917": {
							"post": [0, -0.2, 0],
							"lerp_mode": "catmullrom"
						},
						"0.5": {
							"post": [0, 0, 0],
							"lerp_mode": "catmullrom"
						},
						"0.6667": {
							"post": [0, -1.1, 0],
							"lerp_mode": "catmullrom"
						}
					}
				},
				"ankle_left": {
					"rotation": {
						"0.0": {
							"post": [2.86, 0, 0],
							"lerp_mode": "catmullrom"
						},
						"0.0833": {
							"post": [-18.68, 0, 0],
							"lerp_mode": "catmullrom"
						},
						"0.2083": {
							"post": [-19.74, 0, 0],
							"lerp_mode": "catmullrom"
						},
						"0.4167": {
							"post": [-7.04125, 0, 0],
							"lerp_mode": "catmullrom"
						},
						"0.5": {
							"post": [12.925, 0, 0],
							"lerp_mode": "catmullrom"
						},
						"0.5833": {
							"post": [0.5, 0, 0],
							"lerp_mode": "catmullrom"
						},
						"0.6667": {
							"post": [2.86, 0, 0],
							"lerp_mode": "catmullrom"
						}
					}
				},
				"back_paw_left": {
					"rotation": {
						"0.0": {
							"post": [39.96079, 0, 0],
							"lerp_mode": "catmullrom"
						},
						"0.1667": {
							"post": [42.3, 0, 0],
							"lerp_mode": "catmullrom"
						},
						"0.25": {
							"post": [46.49, 0, 0],
							"lerp_mode": "catmullrom"
						},
						"0.2917": {
							"post": [34.26875, 0, 0],
							"lerp_mode": "catmullrom"
						},
						"0.375": {
							"post": [37.56, 0, 0],
							"lerp_mode": "catmullrom"
						},
						"0.4583": {
							"post": [14.16, 0, 0],
							"lerp_mode": "catmullrom"
						},
						"0.5": {
							"post": [-1.78125, 0, 0],
							"lerp_mode": "catmullrom"
						},
						"0.5417": {
							"post": [14.49, 0, 0],
							"lerp_mode": "catmullrom"
						},
						"0.6667": {
							"post": [39.96079, 0, 0],
							"lerp_mode": "catmullrom"
						}
					},
					"position": {
						"0.0": {
							"post": [0, -0.2975, -0.32],
							"lerp_mode": "catmullrom"
						},
						"0.125": {
							"post": [0, -0.625, -0.125],
							"lerp_mode": "catmullrom"
						},
						"0.25": {
							"post": [0, -0.47625, -0.33875],
							"lerp_mode": "catmullrom"
						},
						"0.2917": {
							"post": [0, -0.2175, -0.4025],
							"lerp_mode": "catmullrom"
						},
						"0.375": {
							"post": [0, -0.5675, -0.1775],
							"lerp_mode": "catmullrom"
						},
						"0.5": {
							"post": [0, 0, 0],
							"lerp_mode": "catmullrom"
						},
						"0.6667": {
							"post": [0, -0.2975, -0.32],
							"lerp_mode": "catmullrom"
						}
					}
				},
				"back_toes_left": {
					"rotation": {
						"0.0": {
							"post": [-4.18, 0, 0],
							"lerp_mode": "catmullrom"
						},
						"0.0417": {
							"post": [17.90625, 0, 0],
							"lerp_mode": "catmullrom"
						},
						"0.2917": {
							"post": [50, 0, 0],
							"lerp_mode": "catmullrom"
						},
						"0.375": {
							"post": [3.33, 0, 0],
							"lerp_mode": "catmullrom"
						},
						"0.5": {
							"post": [-4.1875, 0, 0],
							"lerp_mode": "catmullrom"
						},
						"0.5417": {
							"post": [-31.17, 0, 0],
							"lerp_mode": "catmullrom"
						},
						"0.625": {
							"post": [-23.25, 0, 0],
							"lerp_mode": "catmullrom"
						},
						"0.6667": {
							"post": [-4.18, 0, 0],
							"lerp_mode": "catmullrom"
						}
					},
					"position": {
						"0.1667": [0, 0.24, -0.29],
						"0.2917": [0, 0.3, -0.6],
						"0.5": [0, 0.1, -0.4],
						"0.5417": [0, 0.1, -0.9]
					}
				},
				"leg_right": {
					"rotation": {
						"0.0": {
							"post": [7.5625, 0, 0],
							"lerp_mode": "catmullrom"
						},
						"0.125": {
							"post": [19.5, 0, 0],
							"lerp_mode": "catmullrom"
						},
						"0.2083": {
							"post": [11.5, 0, 0],
							"lerp_mode": "catmullrom"
						},
						"0.3333": {
							"post": [-12.53125, 0, 0],
							"lerp_mode": "catmullrom"
						},
						"0.5": {
							"post": [-14.03125, 0, 0],
							"lerp_mode": "catmullrom"
						},
						"0.6667": {
							"post": [7.5625, 0, 0],
							"lerp_mode": "catmullrom"
						}
					},
					"position": {
						"0.0": {
							"post": [0.78125, 0.9875, 0.09375],
							"lerp_mode": "catmullrom"
						},
						"0.125": {
							"post": [0.3125, 1.5, 0.48625],
							"lerp_mode": "catmullrom"
						},
						"0.2083": {
							"post": [0, 3.105, 0.06125],
							"lerp_mode": "catmullrom"
						},
						"0.2917": {
							"post": [0, 3.0325, -0.71625],
							"lerp_mode": "catmullrom"
						},
						"0.4167": {
							"post": [0, 2.34375, -1.1175],
							"lerp_mode": "catmullrom"
						},
						"0.5417": {
							"post": [0, 0.7175, -0.9425],
							"lerp_mode": "catmullrom"
						},
						"0.625": {
							"post": [0.55, 1.04, -0.21],
							"lerp_mode": "catmullrom"
						},
						"0.6667": {
							"post": [0.78125, 0.9875, 0.09375],
							"lerp_mode": "catmullrom"
						}
					}
				},
				"knee_right": {
					"rotation": {
						"0.0": {
							"post": [-15.6375, 0, 1.3125],
							"lerp_mode": "catmullrom"
						},
						"0.125": {
							"post": [-4.3, 0, 1.3125],
							"lerp_mode": "catmullrom"
						},
						"0.2083": {
							"post": [14.45, 0, 1.3125],
							"lerp_mode": "catmullrom"
						},
						"0.3333": {
							"post": [20.2, 0, 1.3125],
							"lerp_mode": "catmullrom"
						},
						"0.4583": {
							"post": [-24.90625, 0, 1.3125],
							"lerp_mode": "catmullrom"
						},
						"0.5833": {
							"post": [-27.46375, 0, 1.3125],
							"lerp_mode": "catmullrom"
						},
						"0.6667": {
							"post": [-15.6375, 0, 1.3125],
							"lerp_mode": "catmullrom"
						}
					},
					"position": {
						"0.0": {
							"post": [0, 0, 0],
							"lerp_mode": "catmullrom"
						},
						"0.1667": {
							"post": [0, -1.1, 0],
							"lerp_mode": "catmullrom"
						},
						"0.4583": {
							"post": [0, -0.2, 0],
							"lerp_mode": "catmullrom"
						},
						"0.6667": {
							"post": [0, 0, 0],
							"lerp_mode": "catmullrom"
						}
					}
				},
				"ankle_right": {
					"rotation": {
						"0.0": {
							"post": [15.425, 0, 0],
							"lerp_mode": "catmullrom"
						},
						"0.0833": {
							"post": [23, 0, 0],
							"lerp_mode": "catmullrom"
						},
						"0.1667": {
							"post": [-2.14, 0, 0],
							"lerp_mode": "catmullrom"
						},
						"0.25": {
							"post": [-18.68, 0, 0],
							"lerp_mode": "catmullrom"
						},
						"0.375": {
							"post": [-19.74, 0, 0],
							"lerp_mode": "catmullrom"
						},
						"0.5833": {
							"post": [-7.04125, 0, 0],
							"lerp_mode": "catmullrom"
						},
						"0.6667": {
							"post": [15.425, 0, 0],
							"lerp_mode": "catmullrom"
						}
					}
				},
				"back_paw_right": {
					"rotation": {
						"0.0": {
							"post": [-1.78125, 0, 0],
							"lerp_mode": "catmullrom"
						},
						"0.0417": {
							"post": [14.49, 0, 0],
							"lerp_mode": "catmullrom"
						},
						"0.1667": {
							"post": [39.96079, 0, 0],
							"lerp_mode": "catmullrom"
						},
						"0.3333": {
							"post": [42.3, 0, 0],
							"lerp_mode": "catmullrom"
						},
						"0.4167": {
							"post": [46.49, 0, 0],
							"lerp_mode": "catmullrom"
						},
						"0.4583": {
							"post": [34.26875, 0, 0],
							"lerp_mode": "catmullrom"
						},
						"0.5417": {
							"post": [37.56, 0, 0],
							"lerp_mode": "catmullrom"
						},
						"0.625": {
							"post": [14.16, 0, 0],
							"lerp_mode": "catmullrom"
						},
						"0.6667": {
							"post": [-1.78125, 0, 0],
							"lerp_mode": "catmullrom"
						}
					},
					"position": {
						"0.0": {
							"post": [0, 0, 0],
							"lerp_mode": "catmullrom"
						},
						"0.1667": {
							"post": [0, -0.2975, -0.32],
							"lerp_mode": "catmullrom"
						},
						"0.2917": {
							"post": [0, -0.625, -0.125],
							"lerp_mode": "catmullrom"
						},
						"0.4167": {
							"post": [0, -0.47625, -0.33875],
							"lerp_mode": "catmullrom"
						},
						"0.4583": {
							"post": [0, -0.2175, -0.4025],
							"lerp_mode": "catmullrom"
						},
						"0.5417": {
							"post": [0, -0.5675, -0.1775],
							"lerp_mode": "catmullrom"
						},
						"0.6667": {
							"post": [0, 0, 0],
							"lerp_mode": "catmullrom"
						}
					}
				},
				"back_toes_right": {
					"rotation": {
						"0.0": {
							"post": [-4.1875, 0, 0],
							"lerp_mode": "catmullrom"
						},
						"0.0417": {
							"post": [-31.17, 0, 0],
							"lerp_mode": "catmullrom"
						},
						"0.125": {
							"post": [-23.25, 0, 0],
							"lerp_mode": "catmullrom"
						},
						"0.2083": {
							"post": [17.90625, 0, 0],
							"lerp_mode": "catmullrom"
						},
						"0.4583": {
							"post": [50, 0, 0],
							"lerp_mode": "catmullrom"
						},
						"0.5417": {
							"post": [3.33, 0, 0],
							"lerp_mode": "catmullrom"
						},
						"0.6667": {
							"post": [-4.1875, 0, 0],
							"lerp_mode": "catmullrom"
						}
					},
					"position": {
						"0.0": [0, 0.1, -0.4],
						"0.0417": [0, 0.1, -0.9],
						"0.3333": [0, 0.24, -0.29],
						"0.4583": [0, 0.3, -0.6],
						"0.6667": [0, 0.1, -0.4]
					}
				},
				"waist": {
					"rotation": ["5.625+(math.cos((q.anim_time - 0.17) * 360 / (2/3) ) * 1.6) +NaN", 0, 0]
				},
				"hip": {
					"rotation": [
						"-(math.cos((q.anim_time - 0.95 + (math.cos((q.anim_time - 0.95) * 360 / (2/3) ) * 0.05)) * 360 / (2/3) ) * 5.75) - 1.25",
						"-(math.sin((q.anim_time - 0.5 + (math.sin((q.anim_time - 0.5) * 360 / (2/3) ) * 0.05)) * 360 / (2/3) ) * 0.6) + 0.6",
						0
					],
					"position": {
						"0.0": [0, 0, 0.28125],
						"0.2917": [0, 0, -0.625],
						"0.6667": [0, 0, 0.28125]
					}
				},
				"chest": {
					"rotation": [
						"(-math.cos((q.anim_time - 0) * 360 / (2/3) ) * 5.7) + 3.8",
						"(math.sin((q.anim_time - 0.1 + (math.sin((q.anim_time - 0.1) * 360 / (2/3) ) * 0.05)) * 360 / (2/3) ) * 0.6) + 0.6",
						0
					],
					"position": [0, 0, "-math.cos((q.anim_time - 0) * 360 / (2/3) ) * 0.3"]
				},
				"torso_fluff_left": {
					"rotation": [0, 0, "- 10 +(math.cos((q.anim_time - 0.1) * 360 / (2/3) ) * 5)"]
				},
				"torso_fluff_right": {
					"rotation": [0, 0, "10 -(math.cos((q.anim_time - 0.1) * 360 / (2/3) ) * 5)"]
				},
				"toes_right": {
					"rotation": {
						"0.0": [-25, 0, 0],
						"0.125": [-1.45, 0, 0],
						"0.1667": [-3.6, 0, 0],
						"0.2083": [-12.5, 0, 0],
						"0.25": [-41.05, 0, 0],
						"0.2917": [-66.18, 0, 0],
						"0.4583": [54.83, 0, 0],
						"0.6667": [-25, 0, 0]
					},
					"position": {
						"0.0": [0, 0, 0],
						"0.2083": [0, 0, 0],
						"0.2917": [0, 0, -0.8],
						"0.4583": [0, 0.2, -0.5],
						"0.6667": [0, 0, 0]
					}
				},
				"fluff_tip_left": {
					"rotation": [0, "8.5-(math.cos((q.anim_time - 0.1) * 360 / (2/3) ) * 5)", "-8.5+(math.cos((q.anim_time - 0.1) * 360 / (2/3) ) * 5)"]
				},
				"fluff_tip_right": {
					"rotation": [0, "-8.5+(math.cos((q.anim_time - 0.1) * 360 / (2/3) ) * 5)", "8.5-(math.cos((q.anim_time - 0.1) * 360 / (2/3) ) * 5)"]
				},
				"neck_fluff_left": {
					"rotation": [
						"-(math.sin((q.anim_time - 0.65 + (math.sin((q.anim_time - 0.65) * 360 / (2/3) ) * 0.05)) * 360 / (2/3) ) * 10) + 8",
						"2-(math.cos((q.anim_time - 0.1) * 360 / (2/3) ) * 2)",
						"2-(math.cos((q.anim_time - 0.1) * 360 / (2/3) ) * 2)"
					]
				},
				"neck_fluff_right": {
					"rotation": [
						"-(math.sin((q.anim_time - 0.65 + (math.sin((q.anim_time - 0.65) * 360 / (2/3) ) * 0.05)) * 360 / (2/3) ) * 10) + 8",
						"-2+(math.cos((q.anim_time - 0.1) * 360 / (2/3) ) * 2)",
						"-2+(math.cos((q.anim_time - 0.1) * 360 / (2/3) ) * 2)"
					]
				},
				"jaw": {
					"rotation": ["10.5 + (math.sin((q.anim_time - 0) * 360 / (2/6) ) * 3)", 0, 0]
				},
				"ear_right": {
					"rotation": [
						"6+(math.cos((q.anim_time - 0.15) * 360 / (2/3) ) * 6)",
						"-4-(math.cos((q.anim_time - 0.06) * 360 / (2/3) ) * 4)",
						"-3-(math.cos((q.anim_time - 0.15) * 360 / (2/3) ) * 8)"
					]
				},
				"ear_left": {
					"rotation": [
						"6+(math.cos((q.anim_time - 0.13) * 360 / (2/3) ) * 6)",
						"4+(math.cos((q.anim_time - 0.08) * 360 / (2/3) ) * 4)",
						"3+(math.cos((q.anim_time - 0.13) * 360 / (2/3) ) * 8)"
					]
				},
				"toe1_right": {
					"rotation": {
						"0.0": [0, 0, 0],
						"0.0833": [0, 3, 0],
						"0.2917": [0, 3, 0],
						"0.375": [0, 0, 0]
					}
				},
				"toe3_right": {
					"rotation": {
						"0.0": [0, 0, 0],
						"0.0833": [0, -3, 0],
						"0.2917": [0, -3, 0],
						"0.375": [0, 0, 0]
					}
				},
				"toe1_left": {
					"rotation": {
						"0.0": [0, -3, 0],
						"0.125": [0, -3, 0],
						"0.2083": [0, 0, 0],
						"0.5": [0, 0, 0],
						"0.5833": [0, -3, 0],
						"0.6667": [0, -3, 0]
					}
				},
				"toe3_left": {
					"rotation": {
						"0.0": [0, 3, 0],
						"0.125": [0, 3, 0],
						"0.2083": [0, 0, 0],
						"0.5": [0, 0, 0],
						"0.5833": [0, 3, 0],
						"0.6667": [0, 3, 0]
					}
				},
				"back_toe1_left": {
					"rotation": {
						"0.0": [0, 0, 0],
						"0.2917": [0, 0, 0],
						"0.375": [0, -3, 0],
						"0.5": [0, -3, 0],
						"0.5833": [0, 0, 0],
						"0.6667": [0, 0, 0]
					}
				},
				"back_toe3_left": {
					"rotation": {
						"0.0": [0, 0, 0],
						"0.2917": [0, 0, 0],
						"0.375": [0, 3, 0],
						"0.5": [0, 3, 0],
						"0.5833": [0, 0, 0],
						"0.6667": [0, 0, 0]
					}
				},
				"back_toe1_right": {
					"rotation": {
						"0.0": [0, 3, 0],
						"0.0833": [0, 0, 0],
						"0.4583": [0, 0, 0],
						"0.5417": [0, 3, 0]
					}
				},
				"back_toe3_right": {
					"rotation": {
						"0.0": [0, -3, 0],
						"0.0833": [0, 0, 0],
						"0.4583": [0, 0, 0],
						"0.5417": [0, -3, 0]
					}
				},
				"tail_tip": {
					"rotation": ["5 - (math.sin((q.anim_time - 1.92 + (math.sin((q.anim_time - 1.92) * 360 / (2/3) ) * 0.05)) * 360 / (2/3) ) * 5)", 0, 0]
				},
				"body": {
					"position": [0, 0, "math.sin(q.anim_time*90*6-40)*1"]
				}
			}
		},
		"animation.mightyena.battle_idle": {
			"loop": true,
			"bones": {
				"torso": {
					"rotation": ["-9 - (math.cos((q.anim_time - 0 + (math.cos((q.anim_time - 0) * 360 ) * 0.05)) * 360 ) * 1)", 0, 0],
					"position": [0, "0.1 + (math.cos((q.anim_time - 0) * 360 ) * 0.33)", "(math.sin((q.anim_time - 0) * 360 ) * 0.15)"]
				},
				"waist": {
					"rotation": [7.5, 0, 0]
				},
				"fluff_tip_left": {
					"rotation": [
						"6.6775 - (math.sin((q.anim_time - 0.4 + (math.sin((q.anim_time - 0.4) * 360 ) * 0.05)) * 360 ) * 3)",
						"15 + (math.cos((q.anim_time - 0.3) * 360 ) * 1)",
						"-4 + (math.sin((q.anim_time - 0.5 + (math.sin((q.anim_time - 0.5) * 360 ) * 0.05)) * 360 ) * 2)"
					]
				},
				"tail": {
					"rotation": ["25 - (math.sin((q.anim_time - 0.4 + (math.sin((q.anim_time - 0.3) * 360 ) * 0.05)) * 360 ) * 3)", 0, 0]
				},
				"tail2": {
					"rotation": ["15 - (math.sin((q.anim_time - 0.5 + (math.sin((q.anim_time - 0.4) * 360 ) * 0.05)) * 360 ) * 4)", 0, 0]
				},
				"tail3": {
					"rotation": ["-15 - (math.sin((q.anim_time - 0.6 + (math.sin((q.anim_time - 0.45) * 360 ) * 0.05)) * 360 ) * 6)", 0, 0]
				},
				"chest": {
					"rotation": [15, 0, 0]
				},
				"neck": {
					"rotation": ["50.0626 - (math.cos((q.anim_time - 0.1 + (math.cos((q.anim_time - 0.1) * 360 ) * 0.05)) * 360 ) * 3) + 3", 0, 0]
				},
				"neck2": {
					"rotation": ["-10 + (math.cos((q.anim_time - 0.1 + (math.cos((q.anim_time - 0.1) * 360 ) * 0.05)) * 360 ) * 3) - 3", 0, 0]
				},
				"head": {
					"rotation": ["-42.5 - (math.cos((q.anim_time - 0.2 + (math.cos((q.anim_time - 0.2) * 360 ) * 0.05)) * 360 ) * 3) + 3", 0, 0],
					"position": [0, 0, -0.9]
				},
				"jaw": {
					"rotation": ["2 - (math.cos((q.anim_time - 0.45) * 360 * 1) * 3) + 3", 0, 0]
				},
				"arm_right": {
					"rotation": ["-24.5287 - (math.cos((q.anim_time - 0) * 360 ) * 3) + 3", 11.16373, 0.34353],
					"position": [0, "-2.05 + (math.cos((q.anim_time - 0) * 360 ) * 0.095) + 0.49", "-1.4+(math.cos((q.anim_time - 0) * 360 ) * 0.275) +NaN"]
				},
				"elbow_right": {
					"rotation": ["-5 + (math.cos((q.anim_time - 0) * 360 ) * 1) - 1", 0, 0]
				},
				"front_paw_right": {
					"rotation": ["67.5 - (math.cos((q.anim_time - 0) * 360 ) * 2) + 2", 0, 0],
					"position": [0, 0.875, -1]
				},
				"arm_left": {
					"rotation": ["17.5628 - (math.cos((q.anim_time - 0) * 360 ) * 3) + 3", -4.76804, -1.50701],
					"position": [0, "-1.85 + (math.cos((q.anim_time - 0) * 360 ) * 0.4)", "1.625 + (math.cos((q.anim_time - 0) * 360 ) * 0.1) - 0.2"]
				},
				"elbow_left": {
					"rotation": ["-22.5 + (math.cos((q.anim_time - 0) * 360 ) * 1) - 1", 0, 0]
				},
				"forearm_left": {
					"rotation": ["-17.3481 + (math.cos((q.anim_time - 0) * 360 ) * 4) - 4", -5.51806, -0.88749]
				},
				"front_paw_left": {
					"rotation": ["70 - (math.cos((q.anim_time - 0) * 360 ) * 2) + 2", 0, 0],
					"position": [0, 0.51875, -0.925]
				},
				"leg_left": {
					"rotation": ["34.8159 + (math.cos((q.anim_time - 0) * 360 ) * 1) - 1", 2.15393, -9.76758],
					"position": [0.34375, "-1.7188 + (math.cos((q.anim_time - 0) * 360 ) * 0.1) - 0.1", "-1.0938 - (math.cos((q.anim_time - 0) * 360 ) * 0.03) + 0.03"]
				},
				"knee_left": {
					"rotation": ["-22.4162 - (math.cos((q.anim_time - 0) * 360 ) * 2) + 2", 1.29876, 7.38733]
				},
				"ankle_left": {
					"rotation": ["22.4807 + (math.cos((q.anim_time - 0) * 360 ) * 1) - 1", -0.95645, 2.30991]
				},
				"back_paw_left": {
					"rotation": [-27.5, 0, 0],
					"position": [0, 0, 0.28125]
				},
				"back_toes_left": {
					"rotation": [-7.5, 0, 0]
				},
				"leg_right": {
					"rotation": ["-2.269 + (math.cos((q.anim_time - 0) * 360 ) * 1) - 1", -2.1539, 9.7676],
					"position": [0.3438, "1.0938 + (math.cos((q.anim_time - 0) * 360 ) * 0.1) - 0.1", "(math.cos((q.anim_time - 0) * 360 ) * 0.03) + 0.03"]
				},
				"knee_right": {
					"rotation": ["-22.8628 - (math.cos((q.anim_time - 0) * 360 ) * 2) + 2", -1.2988, -7.3873]
				},
				"ankle_right": {
					"rotation": ["-3 + (math.cos((q.anim_time - 0) * 360 ) * 1) - 1", 0.9564, -2.3099]
				},
				"back_paw_right": {
					"rotation": [27.62505, 0, 0],
					"position": [0, -0.5625, -0.15625]
				},
				"back_toes_right": {
					"rotation": [0, 0, 0]
				},
				"forearm_right": {
					"rotation": ["(math.cos((q.anim_time - 0) * 360 ) * 4) - 4", 0, 0]
				},
				"tail_tip": {
					"rotation": ["- (math.sin((q.anim_time - 0.7 + (math.sin((q.anim_time - 0.475) * 360 ) * 0.05)) * 360 ) * 10) - 2", 0, 0]
				},
				"ear_right": {
					"rotation": [
						"- (math.cos((q.anim_time - 0.27 + (math.cos((q.anim_time - 0.27) * 360 ) * 0.05)) * 360 ) * 3) + 3",
						"(math.cos((q.anim_time - 0.18 + (math.cos((q.anim_time - 0.18) * 360 ) * 0.05)) * 360 ) * 2) - 2",
						"(math.cos((q.anim_time - 0.27 + (math.cos((q.anim_time - 0.27) * 360 ) * 0.05)) * 360 ) * 5) - 1"
					]
				},
				"ear_left": {
					"rotation": [
						"- (math.cos((q.anim_time - 0.3 + (math.cos((q.anim_time - 0.3) * 360 ) * 0.05)) * 360 ) * 3) + 3",
						"- (math.cos((q.anim_time - 0.25 + (math.cos((q.anim_time - 0.25) * 360 ) * 0.05)) * 360 ) * 2) + 2",
						"- (math.cos((q.anim_time - 0.25 + (math.cos((q.anim_time - 0.25) * 360 ) * 0.05)) * 360 ) * 5) + 1"
					]
				},
				"fur_end_left": {
					"rotation": [0, 2.5, 0]
				},
				"fur_end_right": {
					"rotation": [0, -2.5, 0]
				},
				"fluff_tip_right": {
					"rotation": [
						"6.6775 - (math.sin((q.anim_time - 0.5 + (math.sin((q.anim_time - 0.5) * 360 ) * 0.05)) * 360 ) * 3)",
						"-15 - (math.cos((q.anim_time - 0.3) * 360 ) * 1)",
						"4 - (math.sin((q.anim_time - 0.5 + (math.sin((q.anim_time - 0.5) * 360 ) * 0.05)) * 360 ) * 2)"
					]
				},
				"torso_fluff_left": {
					"rotation": [0, 0, "-10.1 + (math.cos((q.anim_time - 0.7) * 360 ) * 2.5)"]
				},
				"torso_fluff_right": {
					"rotation": [0, 0, "10.1 - (math.cos((q.anim_time - 0.7) * 360 ) * 2.5)"]
				},
				"neck_fluff_left": {
					"rotation": ["(math.cos((q.anim_time - 0.2) * 360 ) * 2)", 0, 0]
				},
				"neck_fluff_right": {
					"rotation": ["(math.cos((q.anim_time - 0.2) * 360 ) * 2)", 0, 0]
				},
				"toe1_right": {
					"rotation": [0, "2 - (math.cos((q.anim_time - 0) * 360 ) * 0.5) + 0.5", 0]
				},
				"toe3_right": {
					"rotation": [0, "-2 + (math.cos((q.anim_time - 0) * 360 ) * 0.5) - 0.5", 0]
				},
				"toe1_left": {
					"rotation": [0, "-2 + (math.cos((q.anim_time - 0) * 360 ) * 0.5) - 0.5", 0]
				},
				"toe3_left": {
					"rotation": [0, "2 - (math.cos((q.anim_time - 0) * 360 ) * 0.5) + 0.5", 0]
				},
				"back_toe1_left": {
					"rotation": [0, "-2 + (math.cos((q.anim_time - 0) * 360 ) * 0.5) - 0.5", 0]
				},
				"back_toe3_left": {
					"rotation": [0, "2 - (math.cos((q.anim_time - 0) * 360 ) * 0.5) + 0.5", 0]
				},
				"back_toe1_right": {
					"rotation": [0, "2 - (math.cos((q.anim_time - 0) * 360 ) * 0.5) + 0.5", 0]
				},
				"back_toe3_right": {
					"rotation": [0, "-2 + (math.cos((q.anim_time - 0) * 360 ) * 0.5) - 0.5", 0]
				},
				"toes_right": {
					"rotation": [-39, 0, 0]
				},
				"toes_left": {
					"rotation": [-47.5, 0, 0]
				}
			}
		},
		"animation.mightyena.quirk": {
			"animation_length": 3,
			"bones": {
				"torso": {
					"rotation": {
						"0.0": [0, 0, 0],
						"0.1667": ["math.sin(q.anim_time*90*16)*0.5", 0, 0],
						"3.0": [0, 0, 0]
					}
				},
				"chest": {
					"rotation": {
						"0.0": [0, 0, 0],
						"0.1667": ["math.sin(q.anim_time*90*16+60)*0.5", 0, 0],
						"1.25": ["math.sin(q.anim_time*90*16+60)*1", 0, 0],
						"3.0": [0, 0, 0]
					}
				},
				"neck": {
					"rotation": {
						"0.0": [0, 0, 0],
						"0.1667": ["-7+math.sin(q.anim_time*90*16-30)*1", 0, 0],
						"1.0": [-7, 0, 0],
						"1.2083": ["13+math.sin(q.anim_time*90*16-30)*2", 0, 0],
						"2.4167": [13, 0, 0],
						"3.0": [0, 0, 0]
					}
				},
				"neck2": {
					"rotation": {
						"0.0": [0, 0, 0],
						"0.1667": ["6+math.sin(q.anim_time*90*16-60)*1", 0, 0],
						"1.0": [6, 0, 0],
						"1.2083": ["-1.5+math.sin(q.anim_time*90*16-60)*2", 0, 0],
						"2.4167": [-1.5, 0, 0],
						"3.0": [0, 0, 0]
					}
				},
				"neck_fluff_left": {
					"rotation": {
						"0.0": [0, 0, 0],
						"0.1667": [0, 0, "math.sin(q.anim_time*90*16-150)*6"],
						"0.9167": [0, 0, "math.sin(q.anim_time*90*16-150)*2"],
						"1.3333": [0, 0, "-3+math.sin(q.anim_time*90*16-150)*8"],
						"3.0": [0, 0, 0]
					}
				},
				"neck_fluff_right": {
					"rotation": {
						"0.0": [0, 0, 0],
						"0.1667": [0, 0, "-(math.sin(q.anim_time*90*16-150)*6)"],
						"0.9167": [0, 0, "-(math.sin(q.anim_time*90*16-150)*2)"],
						"1.3333": [0, 0, "3+math.sin(q.anim_time*90*16-150)*8"],
						"3.0": [0, 0, 0]
					}
				},
				"head": {
					"rotation": {
						"0.0": [0, 0, 0],
						"0.1667": ["15+math.sin(q.anim_time*90*16-90)*4", 0, 0],
						"1.0": [15, 0, 0],
						"1.2083": ["-17.5+math.sin(q.anim_time*90*16-90)*5", 0, 0],
						"2.4167": [-17.5, 0, 0],
						"3.0": [0, 0, 0]
					},
					"position": {
						"0.0": [0, 0, 0],
						"1.0": [0, 0, 0],
						"1.2083": [0, 0, -1.3],
						"2.4167": [0, 0, -1.3],
						"3.0": [0, 0, 0]
					}
				},
				"jaw": {
					"rotation": {
						"0.0": [0, 0, 0],
						"0.1667": ["math.sin(q.anim_time*90*16)*8+8", 0, 0],
						"1.0": ["math.sin(q.anim_time*90*10)*3+3", 0, 0],
						"1.25": ["2+math.sin(q.anim_time*90*10)*10+32+math.sin(q.anim_time*90*16)*8", 0, 0],
						"2.4167": ["2+math.sin(q.anim_time*90*10)*10+32+math.sin(q.anim_time*90*16)*8", 0, 0],
						"3.0": [0, 0, 0]
					}
				},
				"ear_right": {
					"rotation": {
						"0.0": [0, 0, 0],
						"0.1667": [0, 0, "5+math.sin(q.anim_time*90*16-150)*6"],
						"0.9167": [0, 0, "-(math.sin(q.anim_time*90*16-150)*2)"],
						"1.3333": [0, 0, "-27.5+math.sin(q.anim_time*90*16-150)*8"],
						"3.0": [0, 0, 0]
					}
				},
				"ear_left": {
					"rotation": {
						"0.0": [0, 0, 0],
						"0.1667": [0, 0, "-5+math.sin(q.anim_time*90*16-150)*6"],
						"0.9167": [0, 0, "math.sin(q.anim_time*90*16-150)*2"],
						"1.3333": [0, 0, "27.5+math.sin(q.anim_time*90*16-150)*8"],
						"3.0": [0, 0, 0]
					}
				}
			},
			"sound_effects": {
				"0.1667": {
					"effect": "pokemon.mightyena.quirk1"
				}
			}
		},
		"animation.mightyena.sleep": {
			"loop": true,
			"bones": {
				"body": {
					"rotation": [0, 0, -20],
					"position": [0, -9.7, 0]
				},
				"torso": {
					"rotation": ["-3.5+math.sin(q.anim_time*90*1)*-0.5", 0, 0]
				},
				"hip": {
					"rotation": [0.06992, 3.99939, 1.00244]
				},
				"fur_end_left": {
					"rotation": [0, -15, 0],
					"position": [0.9, 0, 0]
				},
				"fluff_tip_left": {
					"rotation": [-16.04867, 23.11231, -8.73687]
				},
				"fluff_tip_right": {
					"rotation": [21.07087, -7.81997, 33.48592]
				},
				"tail": {
					"rotation": [-24.80063, "7.1527+math.sin(q.anim_time*90*1)*2", -14.30254]
				},
				"tail2": {
					"rotation": [-34.3844, "12.5688+math.sin(q.anim_time*90*1-90)*8", -17.33611]
				},
				"tail3": {
					"rotation": [-36.32758, "42.4066+math.sin(q.anim_time*90*1-150)*8", -24.28186],
					"position": [0, 0.3, 0]
				},
				"tail_tip": {
					"rotation": [-6.00092, "-7.4588+math.sin(q.anim_time*90*1-210)*12", 16.5225]
				},
				"chest": {
					"rotation": ["2.4765+math.sin(q.anim_time*90*1-60)*-1", -4.38724, 8.81887]
				},
				"torso_fluff_left": {
					"rotation": [-1.7208, 19.81593, -12.97989]
				},
				"neck": {
					"rotation": ["77.8819+math.sin(q.anim_time*90*1-90)*-0.5", -5.42975, 1.03555]
				},
				"neck2": {
					"rotation": ["-9.3175+math.sin(q.anim_time*90*1-120)*-0.5", 6.16794, 6.57502],
					"position": [0, 0, -0.1875]
				},
				"neck_fluff_left": {
					"rotation": [-1.04273, -38.41536, -14.57635]
				},
				"neck_fluff_right": {
					"rotation": [1.04689, 16.26747, 8.57022]
				},
				"head": {
					"rotation": ["-53.8587+math.sin(q.anim_time*90*1-180)*-3", 10.62932, -10.71769]
				},
				"jaw": {
					"rotation": ["3+math.sin(q.anim_time*90*1-210)*-3", 0, 0]
				},
				"ear_right": {
					"rotation": [-38.2838, -21.99373, "-4.1807+math.sin(q.anim_time*90*1-210)*6"],
					"position": [0.75, 0, 0]
				},
				"ear_left": {
					"rotation": [-36.10027, 16.40778, "22.2778+math.sin(q.anim_time*90*1-210)*-6"],
					"position": [-0.75, 0, 0]
				},
				"eyelid_right": {
					"position": [-1.01, 0, -1.01]
				},
				"eyelid_left": {
					"position": [1.01, 0, -1.01]
				},
				"arm_right": {
					"rotation": [-56.6461, -5.7638, 17.27017],
					"position": [0, 1.24, -0.25]
				},
				"elbow_right": {
					"rotation": ["-24.31+math.sin(q.anim_time*90*1-210)*1", 1.76, -8.83]
				},
				"forearm_right": {
					"rotation": ["-9.0084+math.sin(q.anim_time*90*1-210)*1", 2.4692, -0.39133]
				},
				"front_paw_right": {
					"rotation": ["100.0845+math.sin(q.anim_time*90*1-210)*-4", -7.38542, -1.30962],
					"position": [0, 0.375, -0.75]
				},
				"toes_right": {
					"rotation": [-7.5, 0, 0],
					"position": [0, 0.1, 0]
				},
				"arm_left": {
					"rotation": [-59.83075, -14.78389, 14.49559],
					"position": [0, -0.9, -1]
				},
				"elbow_left": {
					"rotation": [-19.33737, 2.31688, 25.85641],
					"position": [0, 0.5, 0]
				},
				"forearm_left": {
					"rotation": [-6.2342, -6.01437, 10.952],
					"position": [-0.6, 0, 0]
				},
				"front_paw_left": {
					"rotation": [178.98962, -50.7544, -37.61495],
					"position": [0.4, 0.9, 0]
				},
				"toes_left": {
					"rotation": [45, 0, 0],
					"position": [0, 0.6, -0.3]
				},
				"leg_left": {
					"rotation": [-86.95906, -1.01612, -1.48042],
					"position": [0.6, 0, 0.1]
				},
				"knee_left": {
					"rotation": [82.25439, 4.00975, -3.89626],
					"position": [0, -1.4, 0]
				},
				"ankle_left": {
					"rotation": [-77.7873, -2.68507, 12.2127],
					"position": [-0.3, -3, 0.6]
				},
				"back_paw_left": {
					"rotation": [77.5, 0, 0],
					"position": [0, -2.1, -1]
				},
				"back_toes_left": {
					"rotation": [14.30633, -5.68422, 13.9042],
					"position": [0, 0.7, 0]
				},
				"leg_right": {
					"rotation": [-88.95453, 3.03098, -51.01889],
					"position": [0.15, -1.9, 2.35]
				},
				"knee_right": {
					"rotation": [82.25439, -4.00975, 3.89626],
					"position": [0, -1.4, 0]
				},
				"ankle_right": {
					"rotation": [-77.7873, 2.68507, -12.2127],
					"position": [0.3, -3, 0.6]
				},
				"back_paw_right": {
					"rotation": [77.5, 0, 0],
					"position": [0, -2.1, -1]
				},
				"back_toes_right": {
					"rotation": [14.30633, 5.68422, -13.9042],
					"position": [0, 0.7, 0]
				}
			}
		},
		"animation.mightyena.sleep_quirk": {
			"animation_length": 1.70833,
			"bones": {
				"chest": {
					"rotation": {
						"0.0": [0, 0, 0],
						"0.7917": ["math.sin(q.anim_time*90*16+60)*0.5", 0, 0],
						"1.7083": [0, 0, 0]
					}
				},
				"neck": {
					"rotation": {
						"0.0": [0, 0, 0],
						"0.2083": [-7, 0, 0],
						"0.7917": ["-3+math.sin(q.anim_time*90*16-30)*0.2", 0, 0],
						"1.7083": [0, 0, 0]
					}
				},
				"neck2": {
					"rotation": {
						"0.0": [0, 0, 0],
						"0.2083": [6, 0, 0],
						"0.7917": ["-1+math.sin(q.anim_time*90*16-60)*1", 0, 0],
						"1.7083": [0, 0, 0]
					}
				},
				"neck_fluff_left": {
					"rotation": {
						"0.0": [0, 0, 0],
						"0.125": [0, 0, "math.sin(q.anim_time*90*16-150)*2"],
						"0.7917": [0, 0, "math.sin(q.anim_time*90*16-150)*4"],
						"1.7083": [0, 0, 0]
					}
				},
				"neck_fluff_right": {
					"rotation": {
						"0.0": [0, 0, 0],
						"0.125": [0, 0, "-(math.sin(q.anim_time*90*16-150)*2)"],
						"0.7917": [0, 0, "math.sin(q.anim_time*90*16-150)*-4"],
						"1.7083": [0, 0, 0]
					}
				},
				"head": {
					"rotation": {
						"0.0": [0, 0, 0],
						"0.2083": [2.5, 0, 0],
						"0.7917": ["-1.5+math.sin(q.anim_time*90*16-90)*1", 0, 0],
						"1.7083": [0, 0, 0]
					},
					"position": {
						"0.0": [0, 0, 0],
						"0.2083": [0, 0, 0],
						"1.7083": [0, 0, 0]
					}
				},
				"jaw": {
					"rotation": {
						"0.0": [0, 0, 0],
						"0.2083": ["math.sin(q.anim_time*90*10)*3+3", 0, 0],
						"0.7917": ["math.sin(q.anim_time*90*16)*5+5", 0, 0],
						"1.7083": [0, 0, 0]
					}
				},
				"ear_right": {
					"rotation": {
						"0.0": [0, 0, 0],
						"0.2083": [0, 0, "-(math.sin(q.anim_time*90*16-150)*2)"],
						"0.7917": [0, 0, "5+math.sin(q.anim_time*90*16-150)*4"],
						"1.7083": [0, 0, 0]
					}
				},
				"ear_left": {
					"rotation": {
						"0.0": [0, 0, 0],
						"0.2083": [0, 0, "math.sin(q.anim_time*90*16-150)*2"],
						"0.7917": [0, 0, "-5+math.sin(q.anim_time*90*16-150)*4"],
						"1.7083": [0, 0, 0]
					}
				}
			},
			"sound_effects": {
				"0.0": {
					"effect": "pokemon.mightyena.quirk2"
				}
			}
		},
		"animation.mightyena.cry": {
			"animation_length": 1.66667,
			"bones": {
				"head": {
					"rotation": {
						"0.0": {
							"post": [0, 0, 0],
							"lerp_mode": "catmullrom"
						},
						"0.125": {
							"post": [14.48678, -0.62576, 2.42047],
							"lerp_mode": "catmullrom"
						},
						"0.25": {
							"post": [6.95501, -0.76037, -4.02792],
							"lerp_mode": "catmullrom"
						},
						"0.375": {
							"post": [-4.45562, -0.60155, 2.30547],
							"lerp_mode": "catmullrom"
						},
						"0.4583": {
							"post": [-10.41214, -1.363, -7.37581],
							"lerp_mode": "catmullrom"
						},
						"0.5833": {
							"post": [-9.77986, 1.31391, 6.76171],
							"lerp_mode": "catmullrom"
						},
						"0.7083": {
							"post": [-9.96271, -0.86717, -4.92442],
							"lerp_mode": "catmullrom"
						},
						"0.8333": {
							"post": [-16.33969, 0.96441, 3.21954],
							"lerp_mode": "catmullrom"
						},
						"0.9583": {
							"post": [-20.21394, -3.48647, -9.37834],
							"lerp_mode": "catmullrom"
						},
						"1.0833": {
							"post": [-9.99037, -0.04246, 6.73181],
							"lerp_mode": "catmullrom"
						},
						"1.1667": {
							"post": [-3.0471, 0.13298, 1.49646],
							"lerp_mode": "catmullrom"
						},
						"1.5417": [0, 0, 0]
					}
				},
				"jaw": {
					"rotation": {
						"0.0": [0, 0, 0],
						"0.125": {
							"pre": [14.5, 0, 0],
							"post": [14.5, 0, 0],
							"lerp_mode": "catmullrom"
						},
						"0.4167": {
							"post": [19.5, 0, 0],
							"lerp_mode": "catmullrom"
						},
						"0.5417": {
							"post": [2, 0, 0],
							"lerp_mode": "catmullrom"
						},
						"0.625": {
							"post": [15, 0, 0],
							"lerp_mode": "catmullrom"
						},
						"0.7083": {
							"post": [14.1, 0, 0],
							"lerp_mode": "catmullrom"
						},
						"0.8333": {
							"post": [1, 0, 0],
							"lerp_mode": "catmullrom"
						},
						"0.9167": {
							"post": [20, 0, 0],
							"lerp_mode": "catmullrom"
						},
						"1.0833": {
							"post": [18.55, 0, 0],
							"lerp_mode": "catmullrom"
						},
						"1.25": {
							"post": [2.91, 0, 0],
							"lerp_mode": "catmullrom"
						},
						"1.6667": [0, 0, 0]
					}
				},
				"torso": {
					"rotation": {
						"0.0": [0, 0, 0],
						"0.625": [0, 0, "math.sin(q.anim_time*90*18 )*2"],
						"1.25": [0, 0, "math.sin(q.anim_time*90*18)*1.5"],
						"1.5": [0, 0, 0]
					}
				},
				"hip": {
					"rotation": {
						"0.0": [0, 0, 0],
						"0.625": [0, 0, "math.sin(q.anim_time*90*18-60)*2"],
						"1.25": [0, 0, "math.sin(q.anim_time*90*18-60)*1.5"],
						"1.5": [0, 0, 0]
					}
				},
				"fluff_tip_left": {
					"rotation": {
						"0.0": [0, 0, 0],
						"0.625": [0, 0, "-(math.sin(q.anim_time*90*18-60)*4)"],
						"1.25": [0, 0, "-(math.sin(q.anim_time*90*18-60)*1.5)"],
						"1.5": [0, 0, 0]
					}
				},
				"fluff_tip_right": {
					"rotation": {
						"0.0": [0, 0, 0],
						"0.625": [0, 0, "math.sin(q.anim_time*90*18-60)*4"],
						"1.25": [0, 0, "math.sin(q.anim_time*90*18-60)*1.5"],
						"1.5": [0, 0, 0]
					}
				},
				"tail": {
					"rotation": {
						"0.0": [0, 0, 0],
						"0.625": [0, 0, "math.sin(q.anim_time*90*18-120)*6"],
						"1.25": [0, 0, "math.sin(q.anim_time*90*18-120)*2"],
						"1.5": [0, 0, 0]
					}
				},
				"tail2": {
					"rotation": {
						"0.0": [0, 0, 0],
						"0.625": [0, 0, "math.sin(q.anim_time*90*18-180)*10"],
						"1.25": [0, 0, "math.sin(q.anim_time*90*18-180)*2"],
						"1.5": [0, 0, 0]
					}
				},
				"tail3": {
					"rotation": {
						"0.0": [0, 0, 0],
						"0.625": [0, 0, "math.sin(q.anim_time*90*18-240)*10"],
						"1.25": [0, 0, "math.sin(q.anim_time*90*18-240)*3"],
						"1.5": [0, 0, 0]
					}
				},
				"tail_tip": {
					"rotation": {
						"0.0": [0, 0, 0],
						"0.625": [0, 0, "math.sin(q.anim_time*90*18-300)*13"],
						"1.25": [0, 0, "math.sin(q.anim_time*90*18-300)*4"],
						"1.5": [0, 0, 0]
					}
				},
				"chest": {
					"rotation": {
						"0.0": [0, 0, 0],
						"0.625": [0, 0, "math.sin(q.anim_time*90*18-20)*2"],
						"1.25": [0, 0, "math.sin(q.anim_time*90*18-20)*1.5"],
						"1.5": [0, 0, 0]
					}
				},
				"torso_fluff_left": {
					"rotation": {
						"0.0": [0, 0, 0],
						"0.625": [0, 0, "math.sin(q.anim_time*90*18-60)*4"],
						"1.25": [0, 0, "math.sin(q.anim_time*90*18-60)*1.5"],
						"1.5": [0, 0, 0]
					}
				},
				"torso_fluff_right": {
					"rotation": {
						"0.0": [0, 0, 0],
						"0.625": [0, 0, "-(math.sin(q.anim_time*90*18-60)*4)"],
						"1.25": [0, 0, "-(math.sin(q.anim_time*90*18-60)*1.5)"],
						"1.5": [0, 0, 0]
					}
				},
				"neck": {
					"rotation": {
						"0.0": {
							"post": [0, 0, 0],
							"lerp_mode": "catmullrom"
						},
						"0.125": {
							"post": [-4, 0, 0],
							"lerp_mode": "catmullrom"
						},
						"0.4583": {
							"post": [13.5, 0, 0],
							"lerp_mode": "catmullrom"
						},
						"0.7083": {
							"post": [8.5, 0, 0],
							"lerp_mode": "catmullrom"
						},
						"0.8333": {
							"post": [16, 0, 0],
							"lerp_mode": "catmullrom"
						},
						"1.0": {
							"post": [26, 0, 0],
							"lerp_mode": "catmullrom"
						},
						"1.375": {
							"post": [0, 0, 0],
							"lerp_mode": "catmullrom"
						}
					}
				},
				"neck2": {
					"rotation": {
						"0.0": [0, 0, 0],
						"0.625": [0, 0, "math.sin(q.anim_time*90*18-60)*2"],
						"1.25": [0, 0, "math.sin(q.anim_time*90*18-60)*1.5"],
						"1.5": [0, 0, 0]
					}
				},
				"neck_fluff_left": {
					"rotation": {
						"0.0": [0, 0, 0],
						"0.625": [0, 0, "-(math.sin(q.anim_time*90*18-60)*7)"],
						"1.25": [0, 0, "-(math.sin(q.anim_time*90*18-60)*1.5)"],
						"1.5": [0, 0, 0]
					}
				},
				"neck_fluff_right": {
					"rotation": {
						"0.0": [0, 0, 0],
						"0.625": [0, 0, "math.sin(q.anim_time*90*18-60)*7"],
						"1.25": [0, 0, "math.sin(q.anim_time*90*18-60)*1.5"],
						"1.5": [0, 0, 0]
					}
				},
				"ear_right": {
					"rotation": {
						"0.0": [0, 0, 0],
						"0.625": ["-10+math.sin(q.anim_time*90*4-90)*-16", "math.sin(q.anim_time*90*18-90)*9", "math.sin(q.anim_time*90*18-90)*-6"],
						"1.25": ["math.sin(q.anim_time*90*4-90)*-1", "math.sin(q.anim_time*90*18-90)*1", "math.sin(q.anim_time*90*18-90)*-4"],
						"1.5": [0, 0, 0]
					}
				},
				"ear_left": {
					"rotation": {
						"0.0": [0, 0, 0],
						"0.625": ["-10+math.sin(q.anim_time*90*4-90)*-16", "math.sin(q.anim_time*90*18-90)*-9", "math.sin(q.anim_time*90*18-90)*-6"],
						"1.25": ["math.sin(q.anim_time*90*4-90)*-1", "math.sin(q.anim_time*90*18-90)*-1", "math.sin(q.anim_time*90*18-90)*-4"],
						"1.5": [0, 0, 0]
					}
				},
				"eyelid_right": {
					"position": {
						"0.0833": [-0.75, 0, -0.75],
						"0.125": [-1.01, 0, -1.01],
						"0.4167": [-1.01, 0, -1.01],
						"0.4583": [-0.75, 0, -0.75]
					}
				},
				"eyelid_left": {
					"position": {
						"0.0833": [0.75, 0, -0.75],
						"0.125": [1.01, 0, -1.01],
						"0.4167": [1.01, 0, -1.01],
						"0.4583": [0.75, 0, -0.75]
					}
				}
			},
			"sound_effects": {
				"0.125": {
					"effect": "pokemon.mightyena.cry"
				}
			}
		},
		"animation.mightyena.blink": {
			"animation_length": 0.16667,
			"bones": {
				"eye_right": {
					"position": {
						"0.0": [0.25, 0, 0.25],
						"0.125": [0, 0, 0]
					}
				},
				"eye_left": {
					"position": {
						"0.0": [-0.25, 0, 0.25],
						"0.125": [0, 0, 0]
					}
				},
				"eyelid_right": {
					"position": {
						"0.0": [-1.01, 0, -1.01],
						"0.125": [-1.01, 0, -1.01],
						"0.1667": [-0.75, 0, -0.75]
					}
				},
				"eyelid_left": {
					"position": {
						"0.0": [1.01, 0, -1.01],
						"0.125": [1.01, 0, -1.01],
						"0.1667": [0, 0, 0]
					}
				}
			}
		},
		"animation.mightyena.demo": {
			"loop": true,
			"bones": {
				"torso": {
					"position": [0, -1, 0]
				},
				"waist": {
					"rotation": [10, 0, 0]
				},
				"fur_end_left": {
					"rotation": [23.47603, 16.1299, 6.88003]
				},
				"fluff_tip_left": {
					"rotation": [22.5, 0, 0]
				},
				"fur_end_right": {
					"rotation": [23.47603, -16.1299, -6.88003]
				},
				"fluff_tip_right": {
					"rotation": [22.5, 0, 0]
				},
				"tail": {
					"rotation": [-23.85304, -19.05176, 7.0518]
				},
				"tail2": {
					"rotation": [-24.14867, -20.70481, 9.00717]
				},
				"tail3": {
					"rotation": [6.5999, 19.86139, 9.35461]
				},
				"tail_tip": {
					"rotation": [22.5, 0, 0]
				},
				"neck": {
					"rotation": [52.5, 0, 0]
				},
				"neck_fluff_left": {
					"rotation": [-22.5, 0, 0]
				},
				"neck_fluff_right": {
					"rotation": [-22.5, 0, 0]
				},
				"head": {
					"rotation": [-45, 0, 0]
				},
				"jaw": {
					"rotation": [20, 0, 0]
				},
				"ear_right": {
					"rotation": [-22.5, 0, 0]
				},
				"ear_left": {
					"rotation": [-22.5, 0, 0]
				},
				"arm_right": {
					"rotation": [-22.5, 0, 0],
					"position": [0, -3, 0]
				},
				"elbow_right": {
					"rotation": [-28.61532, 5.08898, 5.06024]
				},
				"forearm_right": {
					"rotation": [15.21803, -2.49048, -5.00474]
				},
				"front_paw_right": {
					"rotation": [77.5, 0, 0]
				},
				"toes_right": {
					"rotation": [-40.30617, -0.45731, 1.64283]
				},
				"arm_left": {
					"rotation": [45.68718, -8.80348, -8.90928]
				},
				"elbow_left": {
					"rotation": [-45, 0, 0]
				},
				"forearm_left": {
					"rotation": [-22.5, 0, 0]
				},
				"front_paw_left": {
					"rotation": [112.5, 0, 0]
				},
				"leg_left": {
					"rotation": [-45, 0, 0],
					"position": [0, -1, 0]
				},
				"knee_left": {
					"rotation": [45, 0, 0]
				},
				"leg_right": {
					"rotation": [22.5, 0, 0]
				},
				"ankle_right": {
					"rotation": [22.5, 0, 0]
				},
				"back_paw_right": {
					"rotation": [22.5, 0, 0]
				},
				"back_toes_right": {
					"rotation": [45, 0, 0]
				}
			}
		},
		"animation.mightyena.walk_test": {
			"loop": true,
			"bones": {
				"mightyena": {
					"position": [0, 0, "-q.anim_time*90*0.25"]
				}
			}
		},
		"animation.mightyena.run_test": {
			"loop": true,
			"bones": {
				"mightyena": {
					"position": [0, 0, "-q.anim_time*90*0.8"]
				}
			}
		},
		"animation.mightyena.howl": {
			"animation_length": 2,
			"bones": {
				"neck": {
					"rotation": {
						"0.0": [0, 0, 0],
						"0.25": [-17.5, 0, 0],
						"1.75": [-17.5, 0, 0],
						"2.0": [0, 0, 0]
					}
				},
				"head": {
					"rotation": {
						"0.0": [0, 0, 0],
						"0.25": [-37.5, 0, 0],
						"1.75": [-37.5, 0, 0],
						"2.0": [0, 0, 0]
					}
				},
				"jaw": {
					"rotation": {
						"0.0": [0, 0, 0],
						"0.125": [17.5, 0, 0],
						"0.4167": [17.5, 0, 0],
						"1.5417": [7.5, 0, 0],
						"2.0": [0, 0, 0]
					}
				},
				"eye_right": {
					"position": {
						"0.0": [0.25, 0, 0.25],
						"1.7917": [0, 0, 0]
					}
				},
				"eye_left": {
					"position": {
						"0.0": [-0.25, 0, 0.25],
						"1.7917": [0, 0, 0]
					}
				},
				"eyelid_right": {
					"rotation": [0, 0, 0],
					"position": {
						"0.0": [-1, 0, -1],
						"1.75": [-1, 0, -1],
						"1.7917": [-0.75, 0, -0.75]
					}
				},
				"eyelid_left": {
					"rotation": [0, 0, 0],
					"position": {
						"0.0": [1, 0, -1],
						"1.75": [1, 0, -1],
						"1.7917": [0.75, 0, -0.75]
					}
				}
			}
		},
		"animation.mightyena.test": {
			"animation_length": 4.75,
			"bones": {
				"torso": {
					"rotation": {
						"2.125": ["-3.5 - (math.cos((q.anim_time - 0 + (math.cos((q.anim_time - 0) * 360 / 2 ) * 0.05)) * 360 / 2 ) * 1)", 0, 0],
						"2.625": ["-9 - (math.cos((q.anim_time - 0 + (math.cos((q.anim_time - 0) * 360 ) * 0.05)) * 360 ) * 1)", 0, 0]
					},
					"position": {
						"2.125": [0, "(math.cos((q.anim_time - 0) * 360 / 2) * 0.3) + 0.3", "1 + (math.sin((q.anim_time - 0) * 360 / 2) * 0.1)"],
						"2.625": [0, "0.1 + (math.cos((q.anim_time - 0) * 360 ) * 0.33)", "(math.sin((q.anim_time - 0) * 360 ) * 0.15)"]
					}
				},
				"waist": {
					"rotation": {
						"2.125": [0, 0, 0],
						"2.625": [7.5, 0, 0]
					}
				},
				"fur_end_left": {
					"rotation": {
						"2.125": [0, 0, 0],
						"2.625": [0, 2.5, 0]
					}
				},
				"fluff_tip_left": {
					"rotation": {
						"2.125": ["(math.cos((q.anim_time - 0.6) * 360 / 2) * 2.5) - 2.5", 0, 0],
						"2.625": [
							"6.6775 - (math.sin((q.anim_time - 0.4 + (math.sin((q.anim_time - 0.4) * 360 ) * 0.05)) * 360 ) * 3)",
							"15 + (math.cos((q.anim_time - 0.3) * 360 ) * 1)",
							"-4 + (math.sin((q.anim_time - 0.5 + (math.sin((q.anim_time - 0.5) * 360 ) * 0.05)) * 360 ) * 2)"
						]
					}
				},
				"fur_end_right": {
					"rotation": {
						"2.125": [0, 0, 0],
						"2.625": [0, -2.5, 0]
					}
				},
				"fluff_tip_right": {
					"rotation": {
						"2.125": ["(math.cos((q.anim_time - 0.4) * 360 / 2) * 2) - 2", 0, 0],
						"2.625": [
							"6.6775 - (math.sin((q.anim_time - 0.5 + (math.sin((q.anim_time - 0.5) * 360 ) * 0.05)) * 360 ) * 3)",
							"-15 - (math.cos((q.anim_time - 0.3) * 360 ) * 1)",
							"4 - (math.sin((q.anim_time - 0.5 + (math.sin((q.anim_time - 0.5) * 360 ) * 0.05)) * 360 ) * 2)"
						]
					}
				},
				"tail": {
					"rotation": {
						"2.125": ["4.5 + (math.cos((q.anim_time - 0.2) * 360 ) * 1.5)", "(math.cos((q.anim_time - 0.3) * 360 / 2) * 2)", 0],
						"2.625": ["25 - (math.sin((q.anim_time - 0.3 + (math.sin((q.anim_time - 0.3) * 360 ) * 0.05)) * 360 ) * 3)", 0, 0]
					}
				},
				"tail2": {
					"rotation": {
						"2.125": [
							"-40.5 + (math.cos((q.anim_time - 0.3) * 360 ) * 4)",
							"(math.cos((q.anim_time - 0.4) * 360 / 2) * 2)",
							"-(math.cos((q.anim_time - 0.5) * 360 / 2) * 6)"
						],
						"2.625": ["15 - (math.sin((q.anim_time - 0.4 + (math.sin((q.anim_time - 0.4) * 360 ) * 0.05)) * 360 ) * 4)", 0, 0]
					}
				},
				"tail3": {
					"rotation": {
						"2.125": ["-25.5 + (math.cos((q.anim_time - 0.65) * 360 ) * 6) + 8", "(math.cos((q.anim_time - 0.45) * 360 / 2) * 3)", 0],
						"2.625": ["-15 - (math.sin((q.anim_time - 0.45 + (math.sin((q.anim_time - 0.45) * 360 ) * 0.05)) * 360 ) * 6)", 0, 0]
					},
					"position": [0, 0.0625, 0.28125]
				},
				"tail_tip": {
					"rotation": {
						"2.125": ["12 + (math.cos((q.anim_time - 0.8) * 360 ) * 3) + 8", "0+(math.cos((q.anim_time - 0.6) * 360 / 2) * 4)", 0],
						"2.625": ["- (math.sin((q.anim_time - 0.475 + (math.sin((q.anim_time - 0.475) * 360 ) * 0.05)) * 360 ) * 2) - 2", 0, 0]
					}
				},
				"chest": {
					"rotation": {
						"2.125": [2.5, 0, 0],
						"2.625": [15, 0, 0]
					}
				},
				"torso_fluff_left": {
					"rotation": {
						"2.125": [0, 0, "-10 + (math.cos((q.anim_time - 1.2) * 360 / 2) * 2) + 2"],
						"2.625": [0, 0, "-10.1 + (math.cos((q.anim_time - 0.7) * 360 ) * 2.5)"]
					}
				},
				"torso_fluff_right": {
					"rotation": {
						"2.125": [0, 0, "10 - (math.cos((q.anim_time - 1.2) * 360 / 2) * 2) - 2"],
						"2.625": [0, 0, "10.1 - (math.cos((q.anim_time - 0.7) * 360 ) * 2.5)"]
					}
				},
				"neck": {
					"rotation": {
						"2.125": ["65 - (math.cos((q.anim_time - 0.4 + (math.cos((q.anim_time - 0.4) * 360 / 2 ) * 0.05)) * 360 / 2 ) * 0.5) + 0.5", -0.55726, 0],
						"2.625": ["55.0626 - (math.cos((q.anim_time - 0.1 + (math.cos((q.anim_time - 0.1) * 360 ) * 0.05)) * 360 ) * 3) + 3", 0, 0]
					}
				},
				"neck2": {
					"rotation": {
						"2.125": ["-27.5 - (math.cos((q.anim_time - 0.4 + (math.cos((q.anim_time - 0.4) * 360 / 2 ) * 0.05)) * 360 / 2 ) * 0.25) + 0.25", 0, 0],
						"2.625": ["-15 + (math.cos((q.anim_time - 0.1 + (math.cos((q.anim_time - 0.1) * 360 ) * 0.05)) * 360 ) * 3) - 3", 0, 0]
					},
					"position": [0, 0, -0.1875]
				},
				"neck_fluff_left": {
					"rotation": {
						"2.125": ["(math.cos((q.anim_time - 0.4) * 360 / 2) * 1) + 1", 0, 0],
						"2.625": ["(math.cos((q.anim_time - 0.2) * 360 ) * 2)", 0, 0]
					}
				},
				"neck_fluff_right": {
					"rotation": {
						"2.125": ["(math.cos((q.anim_time - 0.4) * 360 / 2) * 1) + 1", 0, 0],
						"2.625": ["(math.cos((q.anim_time - 0.2) * 360 ) * 2)", 0, 0]
					}
				},
				"head": {
					"rotation": {
						"2.125": ["-33 - (math.cos((q.anim_time - 0.5 + (math.cos((q.anim_time - 0.5) * 360 / 2 ) * 0.05)) * 360 / 2 ) * 0.5) + 0.5", 0, 0],
						"2.625": ["-35 - (math.cos((q.anim_time - 0.2 + (math.cos((q.anim_time - 0.2) * 360 ) * 0.05)) * 360 ) * 3) + 3", 0, 0]
					}
				},
				"jaw": {
					"rotation": {
						"2.125": [0, 0, 0],
						"2.625": ["17 - (math.cos((q.anim_time - 0.45) * 360 * 1) * 3) + 3", 0, 0]
					}
				},
				"ear_right": {
					"rotation": {
						"2.125": [
							"-(math.cos((q.anim_time - 0.65 + (math.cos((q.anim_time - 0.65) * 360 / 2 ) * 0.05)) * 360 / 2 ) * 2) + 2",
							"((math.cos((q.anim_time - 0.52 + (math.cos((q.anim_time - 0.52) * 360 / 2 ) * 0.05)) * 360 / 2 ) * 1) - 1)",
							"((math.cos((q.anim_time - 0.65 + (math.cos((q.anim_time - 0.65) * 360 / 2 ) * 0.05)) * 360 / 2 ) * 0.5) - 0.5)"
						],
						"2.625": [
							"- (math.cos((q.anim_time - 0.27 + (math.cos((q.anim_time - 0.27) * 360 ) * 0.05)) * 360 ) * 3) + 3",
							"(math.cos((q.anim_time - 0.18 + (math.cos((q.anim_time - 0.18) * 360 ) * 0.05)) * 360 ) * 2) - 2",
							"(math.cos((q.anim_time - 0.27 + (math.cos((q.anim_time - 0.27) * 360 ) * 0.05)) * 360 ) * 1) - 1"
						]
					}
				},
				"ear_left": {
					"rotation": {
						"2.125": [
							"-(math.cos((q.anim_time - 0.6 + (math.cos((q.anim_time - 0.6) * 360 / 2 ) * 0.05)) * 360 / 2 ) * 2) + 2",
							"-(math.cos((q.anim_time - 0.55 + (math.cos((q.anim_time - 0.55) * 360 / 2 ) * 0.05)) * 360 / 2 ) * 1) + 1",
							"-(math.cos((q.anim_time - 0.6 + (math.cos((q.anim_time - 0.6) * 360 / 2 ) * 0.05)) * 360 / 2 ) * 0.5) + 0.5"
						],
						"2.625": [
							"- (math.cos((q.anim_time - 0.3 + (math.cos((q.anim_time - 0.3) * 360 ) * 0.05)) * 360 ) * 3) + 3",
							"- (math.cos((q.anim_time - 0.25 + (math.cos((q.anim_time - 0.25) * 360 ) * 0.05)) * 360 ) * 2) + 2",
							"- (math.cos((q.anim_time - 0.25 + (math.cos((q.anim_time - 0.25) * 360 ) * 0.05)) * 360 ) * 1) + 1"
						]
					}
				},
				"arm_right": {
					"rotation": {
						"2.125": ["10 - (math.cos((q.anim_time - 0) * 360 / 2) * 5) + 5", 0, 0],
						"2.625": ["-24.5287 - (math.cos((q.anim_time - 0) * 360 ) * 3) + 3", 11.16373, 0.34353]
					},
					"position": {
						"2.125": [0, "-1.36 + (math.cos((q.anim_time - 0) * 360 / 2) * 0.4)", "(math.cos((q.anim_time - 0) * 360 / 2) * 0.32) + 0.32"],
						"2.625": [0, "-2.05 + (math.cos((q.anim_time - 0) * 360 ) * 0.095) + 0.49", "-1.4+(math.cos((q.anim_time - 0) * 360 ) * 0.275) +NaN"]
					}
				},
				"elbow_right": {
					"rotation": {
						"2.125": ["-10 + (math.cos((q.anim_time - 0) * 360 / 2) * 6) - 6", 0, 0],
						"2.625": ["-5 + (math.cos((q.anim_time - 0) * 360 ) * 1) - 1", 0, 0]
					}
				},
				"forearm_right": {
					"rotation": {
						"2.125": [-7.5, 0, 0],
						"2.625": ["(math.cos((q.anim_time - 0) * 360 ) * 4) - 4", 0, 0]
					}
				},
				"front_paw_right": {
					"rotation": {
						"2.125": ["7.5 - (math.cos((q.anim_time - 0) * 360 / 2) * 1) + 1", 0, 0],
						"2.625": ["67.5 - (math.cos((q.anim_time - 0) * 360 ) * 2) + 2", 0, 0]
					},
					"position": {
						"2.125": [0, 0.125, 0],
						"2.625": [0, 0.875, -1]
					}
				},
				"toes_right": {
					"rotation": {
						"2.125": [0, 0, 0],
						"2.625": [-39, 0, 0]
					}
				},
				"toe1_right": {
					"rotation": {
						"2.125": [0, 0, 0],
						"2.625": [0, "2 - (math.cos((q.anim_time - 0) * 360 ) * 0.5) + 0.5", 0]
					}
				},
				"toe3_right": {
					"rotation": {
						"2.125": [0, 0, 0],
						"2.625": [0, "-2 + (math.cos((q.anim_time - 0) * 360 ) * 0.5) - 0.5", 0]
					}
				},
				"arm_left": {
					"rotation": {
						"2.125": ["10 - (math.cos((q.anim_time - 0) * 360 / 2) * 5) + 5", 0, 0],
						"2.625": ["17.5628 - (math.cos((q.anim_time - 0) * 360 ) * 3) + 3", -4.76804, -1.50701]
					},
					"position": {
						"2.125": [0, "-1.36 + (math.cos((q.anim_time - 0) * 360 / 2) * 0.4)", "(math.cos((q.anim_time - 0) * 360 / 2) * 0.32) + 0.32"],
						"2.625": [0, "-1.85 + (math.cos((q.anim_time - 0) * 360 ) * 0.4)", "1.625 + (math.cos((q.anim_time - 0) * 360 ) * 0.1) - 0.2"]
					}
				},
				"elbow_left": {
					"rotation": {
						"2.125": ["-10 + (math.cos((q.anim_time - 0) * 360 / 2) * 6) - 6", 0, 0],
						"2.625": ["-22.5 + (math.cos((q.anim_time - 0) * 360 ) * 1) - 1", 0, 0]
					}
				},
				"forearm_left": {
					"rotation": {
						"2.125": [-7.5, 0, 0],
						"2.625": ["-17.3481 + (math.cos((q.anim_time - 0) * 360 ) * 4) - 4", -5.51806, -0.88749]
					}
				},
				"front_paw_left": {
					"rotation": {
						"2.125": ["7.5 - (math.cos((q.anim_time - 0) * 360 / 2) * 1) + 1", 0, 0],
						"2.625": ["70 - (math.cos((q.anim_time - 0) * 360 ) * 2) + 2", 0, 0]
					},
					"position": {
						"2.125": [0, 0.125, 0],
						"2.625": [0, 0.51875, -0.925]
					}
				},
				"toes_left": {
					"rotation": {
						"2.125": [0, 0, 0],
						"2.625": [-47.5, 0, 0]
					}
				},
				"toe1_left": {
					"rotation": {
						"2.125": [0, 0, 0],
						"2.625": [0, "-2 + (math.cos((q.anim_time - 0) * 360 ) * 0.5) - 0.5", 0]
					}
				},
				"toe3_left": {
					"rotation": {
						"2.125": [0, 0, 0],
						"2.625": [0, "2 - (math.cos((q.anim_time - 0) * 360 ) * 0.5) + 0.5", 0]
					}
				},
				"leg_left": {
					"rotation": {
						"2.125": ["12.5 - (math.cos((q.anim_time - 0) * 360 / 2) * 1) + 1", 0, 0],
						"2.625": ["34.8159 + (math.cos((q.anim_time - 0) * 360 ) * 1) - 1", 2.15393, -9.76758]
					},
					"position": {
						"2.125": [0, "0.18 + (math.cos((q.anim_time - 0) * 360 / 2) * 0.11)", "-0.6 + (math.cos((q.anim_time - 0) * 360 / 2) * 0.075)"],
						"2.625": [0.34375, "-1.7188 + (math.cos((q.anim_time - 0) * 360 ) * 0.1) - 0.1", "-1.0938 - (math.cos((q.anim_time - 0) * 360 ) * 0.03) + 0.03"]
					}
				},
				"knee_left": {
					"rotation": {
						"2.125": ["-14 + (math.cos((q.anim_time - 0) * 360 / 2) * 0.2) - 3", 0, 0],
						"2.625": ["-22.4162 - (math.cos((q.anim_time - 0) * 360 ) * 2) + 2", 1.29876, 7.38733]
					}
				},
				"ankle_left": {
					"rotation": {
						"2.125": ["(math.cos((q.anim_time - 0) * 360 / 2) * 1) + 1", 0, 0],
						"2.625": ["22.4807 + (math.cos((q.anim_time - 0) * 360 ) * 1) - 1", -0.95645, 2.30991]
					}
				},
				"back_paw_left": {
					"rotation": {
						"2.125": [2.5, 0, 0],
						"2.625": [-27.5, 0, 0]
					},
					"position": {
						"2.125": [0, 0, -0.03125],
						"2.625": [0, 0, 0.28125]
					}
				},
				"back_toes_left": {
					"rotation": {
						"2.125": [0, 0, 0],
						"2.625": [-7.5, 0, 0]
					}
				},
				"back_toe1_left": {
					"rotation": {
						"2.125": [0, 0, 0],
						"2.625": [0, "-2 + (math.cos((q.anim_time - 0) * 360 ) * 0.5) - 0.5", 0]
					}
				},
				"back_toe3_left": {
					"rotation": {
						"2.125": [0, 0, 0],
						"2.625": [0, "2 - (math.cos((q.anim_time - 0) * 360 ) * 0.5) + 0.5", 0]
					}
				},
				"leg_right": {
					"rotation": {
						"2.125": ["12.5 - (math.cos((q.anim_time - 0) * 360 / 2) * 1) + 1", 0, 0],
						"2.625": ["-2.269 + (math.cos((q.anim_time - 0) * 360 ) * 1) - 1", -2.1539, 9.7676]
					},
					"position": {
						"2.125": [0, "0.18 + (math.cos((q.anim_time - 0) * 360 / 2) * 0.11)", "-0.6 + (math.cos((q.anim_time - 0) * 360 / 2) * 0.075)"],
						"2.625": [0.3438, "1.0938 + (math.cos((q.anim_time - 0) * 360 ) * 0.1) - 0.1", "(math.cos((q.anim_time - 0) * 360 ) * 0.03) + 0.03"]
					}
				},
				"knee_right": {
					"rotation": {
						"2.125": ["-14 + (math.cos((q.anim_time - 0) * 360 / 2) * 0.2) - 3", 0, 0],
						"2.625": ["-22.8628 - (math.cos((q.anim_time - 0) * 360 ) * 2) + 2", -1.2988, -7.3873]
					}
				},
				"ankle_right": {
					"rotation": {
						"2.125": ["(math.cos((q.anim_time - 0) * 360 / 2) * 1) + 1", 0, 0],
						"2.625": ["-3 + (math.cos((q.anim_time - 0) * 360 ) * 1) - 1", 0.9564, -2.3099]
					}
				},
				"back_paw_right": {
					"rotation": {
						"2.125": [2.5, 0, 0],
						"2.625": [27.62505, 0, 0]
					},
					"position": {
						"2.125": [0, 0, -0.03125],
						"2.625": [0, -0.5625, -0.15625]
					}
				},
				"back_toes_right": {
					"rotation": [0, 0, 0]
				},
				"back_toe1_right": {
					"rotation": {
						"2.125": [0, 0, 0],
						"2.625": [0, "2 - (math.cos((q.anim_time - 0) * 360 ) * 0.5) + 0.5", 0]
					}
				},
				"back_toe3_right": {
					"rotation": {
						"2.125": [0, 0, 0],
						"2.625": [0, "-2 + (math.cos((q.anim_time - 0) * 360 ) * 0.5) - 0.5", 0]
					}
				}
			}
		}
	}
}