{
	"format_version": "1.8.0",
	"animations": {
		"animation.masquerain.ground_idle": {
			"loop": true,
			"bones": {
				"antenna_left": {
					"rotation": [0, 0, "-45 - math.sin(q.anim_time*90*2-90)"]
				},
				"antenna_right": {
					"rotation": [0, 0, "45 + math.sin(q.anim_time*90*2-90)"]
				},
				"wing_left_front": {
					"rotation": [30, "10+ math.clamp(math.sin(q.anim_time*90*2*30)*12.5,-7.5,7.5)", 10]
				},
				"wing_left_back": {
					"rotation": [30, "-10 - math.clamp(math.sin(q.anim_time*90*2*30)*12.5,-7.5,7.5)", 10]
				},
				"wing_left_front2": {
					"rotation": [30, "-10 - math.clamp(math.sin(q.anim_time*90*2*30)*12.5,-7.5,7.5)", -10]
				},
				"wing_left_back2": {
					"rotation": [30, "10 + math.clamp(math.sin(q.anim_time*90*2*30)*12.5,-7.5,7.5)", -10]
				},
				"abdomen": {
					"rotation": ["-15 + math.sin(q.anim_time*90*2-90)*5", 0, 0]
				},
				"body": {
					"position": [0, "3+math.sin(q.anim_time*90*2)*0.8", 0]
				},
				"head": {
					"rotation": ["math.sin(q.anim_time*90*2-45)*2.5", 0, 0]
				}
			}
		},
		"animation.masquerain.ground_walk": {
			"loop": true,
			"bones": {
				"antenna_left": {
					"rotation": [0, -12.5, "-45 - math.sin(q.anim_time*90*4-90)"]
				},
				"antenna_right": {
					"rotation": [0, 12.5, "45 + math.sin(q.anim_time*90*4-90)"]
				},
				"wing_left_front": {
					"rotation": [30, "10+ math.clamp(math.sin(q.anim_time*90*2*30)*12.5,-7.5,7.5)", 10]
				},
				"wing_left_back": {
					"rotation": [30, "-10 - math.clamp(math.sin(q.anim_time*90*2*30)*12.5,-7.5,7.5)", 10]
				},
				"wing_left_front2": {
					"rotation": [30, "-10 - math.clamp(math.sin(q.anim_time*90*2*30)*12.5,-7.5,7.5)", -10]
				},
				"wing_left_back2": {
					"rotation": [30, "10 + math.clamp(math.sin(q.anim_time*90*2*30)*12.5,-7.5,7.5)", -10]
				},
				"abdomen": {
					"rotation": ["-5 + math.sin(q.anim_time*90*4-90-45)*7.5", 0, 0],
					"position": [0, 0, 1]
				},
				"body": {
					"position": ["math.sin(q.anim_time*90*4+90)*0.6", "3+math.sin(q.anim_time*90*4)*2.4", "-4 + math.sin(q.anim_time*90*4+90)*0.5"]
				},
				"head": {
					"rotation": ["math.sin(q.anim_time*90*4-90)*5", 0, 0]
				}
			}
		},
		"animation.masquerain.blink": {
			"animation_length": 0.20833,
			"bones": {
				"eyelid_left": {
					"position": {
						"0.0": [0, 0, -0.1],
						"0.1667": [0, 0, -0.1],
						"0.2083": [0, 0, 0]
					}
				},
				"eyelash_left": {
					"position": {
						"0.0": [0, 0, 0.1],
						"0.1667": [0, 0, 0.1],
						"0.2083": [0, 0, 0]
					}
				},
				"eyelid_right": {
					"position": {
						"0.0": [0, 0, -0.1],
						"0.1667": [0, 0, -0.1],
						"0.2083": [0, 0, 0]
					}
				},
				"eyelash_right": {
					"position": {
						"0.0": [0, 0, 0.1],
						"0.1667": [0, 0, 0.1],
						"0.2083": [0, 0, 0]
					}
				}
			}
		},
		"animation.masquerain.cry": {
			"animation_length": 1.54167,
			"bones": {
				"body": {
					"position": {
						"0.0": [0, 0, 0],
						"0.125": [0, -0.25, 0],
						"0.1667": [0, -0.25, 0],
						"0.25": [0, 0.1, 0],
						"0.3333": [0, 0.95, 0],
						"0.4167": [0, 1, 0],
						"0.5833": [0, 0, 0]
					}
				},
				"head": {
					"rotation": {
						"0.0": [0, 0, 0],
						"0.0417": [4.17, -3.5, 0],
						"0.125": [12.5, -5.5, 0],
						"0.1667": [12.5, -5, 0],
						"0.2083": [12, -3.75, 0],
						"0.25": [3.5, 5.98, 0],
						"0.3333": [-13.5, 10.44, 0],
						"0.375": [-20, 12.5, 0],
						"0.4167": [-21, 10.75, 0],
						"0.5833": [-25, 0, 0],
						"0.75": [-20, -12.5, 0],
						"0.8333": [-15, -11.62, 0],
						"0.9583": [-7.5, -7.81, 0],
						"1.0833": [0, 0, 0]
					},
					"position": {
						"0.375": [0, 0, 0],
						"0.4167": [0, 0.04, 0],
						"0.5417": [0, 0.55, 0],
						"0.5833": [0, 0.6, 0],
						"0.625": [0, 0.55, 0],
						"0.7083": [0, 0.04, 0],
						"0.75": [0, 0, 0]
					}
				},
				"abdomen": {
					"rotation": {
						"0.0": [0, 0, 0],
						"0.0833": [3.33, 0, 0],
						"0.1667": [2.92, 0, 0],
						"0.2917": [-5.42, 0, 0],
						"0.375": [-4.25, 0, 0],
						"0.5417": [3.75, 0, 0],
						"0.625": [4.38, 0, 0],
						"0.7917": [1.25, 0, 0],
						"0.9167": [0, 0, 0]
					},
					"position": {
						"0.375": [0, 0, 0],
						"0.5833": [0, 0.25, 0],
						"0.75": [0, 0, 0]
					}
				}
			}
		}
	},
	"geckolib_format_version": 2
}